{
    "idx": 704279,
    "fights": [
        {
            "enemy": 5,
            "fitness": 84.98443510891828,
            "player_life": 11.20000000000023,
            "enemy_life": 0,
            "time": 462
        },
        {
            "enemy": 6,
            "fitness": 66.47057091248858,
            "player_life": 0,
            "enemy_life": 20.0,
            "time": 252
        },
        {
            "enemy": 7,
            "fitness": 89.84814186652396,
            "player_life": 52.00000000000031,
            "enemy_life": 0,
            "time": 211
        },
        {
            "enemy": 8,
            "fitness": 88.81968822339262,
            "player_life": 45.4000000000003,
            "enemy_life": 0,
            "time": 305
        }
    ],
    "weights": [
        0.5054348666423016,
        0.8319547648657241,
        1.7500882280261254,
        -0.9304894057469748,
        -1.1754603951006612,
        0.04151489481189504,
        -1.6837276476047958,
        1.1180231717212605,
        -0.8196359739666695,
        1.1245039556773697,
        -0.12438130008474763,
        -0.4745688636217411,
        -1.50551606162435,
        -1.0122184027993781,
        -0.738826989207606,
        1.8786206607816691,
        2.3798718835774917,
        0.5316357500028406,
        1.0317159709189871,
        2.311370674621524,
        -1.1666677009751527,
        -0.019886140129959214,
        1.6627080897627393,
        1.3924324078282062,
        0.73963097756826,
        1.8578341079865646,
        -1.6669689690389005,
        0.06365725772504034,
        1.0961588007919139,
        0.3166892177591819,
        -0.1404003674649808,
        -0.6865216120674758,
        -0.7807081998168891,
        -1.1114336135961262,
        0.8949773969826319,
        0.45353545099014086,
        0.28468824581700064,
        -1.0007081277428918,
        -0.22581305479548974,
        0.19062922171003518,
        -0.3675471635978641,
        -0.6352305685614323,
        0.6189481889363698,
        1.2575326522590986,
        0.5784642976605489,
        -0.8138899197414342,
        1.653619846696441,
        -0.3870527324310208,
        0.5634259378927915,
        1.0939505819817097,
        -0.8242751152198667,
        1.6853511006080157,
        -1.308733325188078,
        -1.4267140344589044,
        -0.837928127809122,
        2.3562377300192994,
        0.6287405274154516,
        -0.2848844463650084,
        -1.9313649954710026,
        0.17515616406562018,
        1.21146903200965,
        -0.8762396237612545,
        -0.38836094722072806,
        0.4868862183987546,
        0.5918167000486589,
        0.8652236013079805,
        -0.8772781284416087,
        1.3338216812568322,
        -0.6315826094553396,
        0.29919624942101697,
        0.3557786845413424,
        -1.044606047830077,
        -0.07486502933503936,
        0.3603419383708111,
        0.022559670279406488,
        -0.9778682503900764,
        -0.050957207439726156,
        -0.10986753323739093,
        1.289555262961346,
        0.24998191157301997,
        1.302505986882093,
        0.13150627360366224,
        0.6234722923975159,
        2.254163278512108,
        -0.4036565813029791,
        -0.40859819720306745,
        -0.39261189053215556,
        1.1559104339005255,
        0.4803567236694479,
        -1.7126356919120422,
        -0.6183722229006117,
        -0.28327461608292126,
        -0.3266897423015039,
        -1.7073536069948831,
        1.1995655591413243,
        -0.9405127660670627,
        -1.4978245987066843,
        0.33559288136698656,
        2.0461939399358675,
        -0.6207479177641357,
        1.008077583168148,
        -2.1005577278609833,
        1.373896601732178,
        -0.3466893114203152,
        0.12674276428054018,
        0.245054954082013,
        -0.4453213744467686,
        -1.0709629646616832,
        0.5648809323398667,
        -0.8051576439784383,
        -0.7082494561933551,
        -0.3030662538098233,
        1.0111980647361043,
        0.06477457010218676,
        -0.8299654251569815,
        -0.5441919900626373,
        0.7747435094921454,
        -0.7483883810745886,
        -0.3547512271310045,
        0.6345625893707838,
        0.02486967954764773,
        0.04125075533873228,
        0.8524086661488798,
        -2.1576359225254715,
        1.5095858794195987,
        2.534115981559613,
        0.5690888187440671,
        -1.4199328550405301,
        -0.42003609248305135,
        0.42471548786334745,
        -0.8381591819021366,
        0.38387691418791337,
        -0.26346822046275287,
        0.4081632820796547,
        0.43561960703614433,
        0.9366280535802245,
        0.33701118854161277,
        2.4498341277760165,
        0.3676172520342307,
        -0.8044972993584083,
        1.1276834507896738,
        2.008613586655539,
        -1.0024280693889907,
        0.38167953816644423,
        -0.14657810230151874,
        -0.9693051167862374,
        1.5466083150722503,
        -0.951401683197807,
        1.4908592492049302,
        0.7995633848305822,
        -0.050449833511118605,
        1.6491477264998862,
        1.3331332049388718,
        0.25613186212975425,
        1.301883687379202,
        0.836193587129505,
        -0.053267245058179535,
        1.561459242936786,
        1.0377331908453427,
        -0.9547339905938267,
        -0.5143396311018033,
        -0.119791219837184,
        0.4260796368000617,
        -0.053991963180609656,
        0.26411237803452237,
        0.4434179781693359,
        0.16094927305658635,
        0.21789850566125063,
        0.4647395018275656,
        0.23713626216302133,
        -1.182033148295927,
        0.27659816019676,
        1.0938440293685676,
        0.048157176428248294,
        0.3597907649114335,
        -0.871363305671535,
        0.2453338432734842,
        -0.835174166709872,
        0.40274505278591366,
        -1.3401856698702879,
        -0.04365769814889808,
        0.500412657376753,
        -0.3992542140090982,
        0.6625968141169765,
        0.04584894516680374,
        0.7208637521172002,
        0.4126002911077141,
        -0.7225701304349926,
        -0.0886685775773455,
        0.8345426246093894,
        0.07032179345547233,
        -0.41374325339429957,
        0.08957996905934382,
        -0.38660218573382654,
        -0.17893108197627314,
        1.135369216707198,
        0.3892099671631077,
        -0.310055076860647,
        -0.40952087592723185,
        -1.9163189088765633,
        -0.7424057788273664,
        0.1253240219738202,
        -0.1614723432790047,
        2.344578469972271,
        -0.3772985320145662,
        -0.9884115275529443,
        -1.437924940175463,
        0.20359182923092656,
        0.957062476635521,
        -1.577254051039623,
        -0.03738003894260289,
        0.6078800844604686,
        0.7414232671074759,
        0.2823522794832535,
        1.4621753800837047,
        -0.9798816788366115,
        -1.1548021249111504,
        -0.042456187423178304,
        1.2908339727355682,
        -0.8638573292470269,
        1.4430460371511409,
        -0.9132920942357619,
        1.1485314916497382,
        0.2017621635866747,
        0.06237334081019802,
        -1.0307857532357119,
        0.7371639031886734,
        -0.8077746828566881,
        0.26924369734004494,
        1.4812940373764012,
        -0.9004640733735445,
        1.2856943629601172,
        1.4132589590699496,
        0.5889661071213513,
        0.5989891530619319,
        -0.7747842012628179,
        0.7353851310316858,
        1.9797995837111182,
        0.41923038128007417,
        -0.6809884919055198,
        1.0128084030752267,
        -0.4153990071924732,
        0.46788432494581816,
        0.4345419616048618,
        1.2110314053111044,
        0.21033073383505793,
        -0.7551052094914183,
        0.9509704461159753,
        1.0544462983399112,
        0.3443988206780762,
        0.6362397081353383,
        -0.6677009303079682,
