{
    "idx": 709394,
    "fights": [
        {
            "enemy": 5,
            "fitness": 89.4252886203982,
            "player_life": 50.20000000000031,
            "enemy_life": 0,
            "time": 269
        },
        {
            "enemy": 6,
            "fitness": 57.601837298482245,
            "player_life": 0,
            "enemy_life": 30.0,
            "time": 221
        },
        {
            "enemy": 7,
            "fitness": 88.52814186652395,
            "player_life": 38.80000000000028,
            "enemy_life": 0,
            "time": 211
        },
        {
            "enemy": 8,
            "fitness": 89.9666105112725,
            "player_life": 55.00000000000032,
            "enemy_life": 0,
            "time": 253
        }
    ],
    "weights": [
        0.4756917892937972,
        0.5279311855717509,
        1.2044558783109687,
        -0.2914890221549936,
        -1.277616123463838,
        1.8830950518512612,
        -1.3274743803196765,
        0.8650750753616518,
        -1.1855229026119172,
        0.7424249211348704,
        -0.18461606857505863,
        -0.5565974001510844,
        -0.5033789772014038,
        -0.26812363491595403,
        -1.2974860499145857,
        2.100207230089805,
        1.8757595293186216,
        0.3417812248592657,
        0.464211555205879,
        2.6475951459161586,
        -1.3620993874778833,
        -0.025947005139029068,
        1.5161693135494874,
        1.3536173839378909,
        1.7204984343104202,
        0.9110147534027331,
        -0.9943638622199308,
        -0.11120242980497716,
        1.2141757532557365,
        0.5974981443087954,
        -0.5133944684355178,
        -0.7409049495224653,
        -1.1861041712743718,
        -1.2854207691107953,
        1.1515885003967212,
        0.9179307749939475,
        0.4144318778469598,
        -0.8349663994523489,
        -0.2032537888438283,
        0.7299153505019461,
        -0.3690054584593894,
        0.6099846100612886,
        0.853165897620662,
        0.850956920115157,
        0.43876047667276885,
        -1.1444845021268832,
        1.9873021704090406,
        -0.2144749397021281,
        0.37716819120276723,
        0.5217208888824668,
        0.18639682747030467,
        1.6362566416133955,
        -1.1513554408201931,
        -0.9781962679632771,
        -1.0558723407683523,
        1.6179581778103926,
        0.5262999441458879,
        -0.6314959085349207,
        -1.6946781343036963,
        0.4298630550218805,
        1.4364019941934854,
        -0.8991141912361733,
        -0.9193959995756922,
        0.1970260863858937,
        0.14081032688147055,
        0.9659970944798377,
        -0.6457575153537864,
        1.5057824071860642,
        0.09550894409554431,
        -0.4184376908812033,
        0.5999879403840898,
        -1.0703487512503571,
        -0.8679896096785531,
        0.08805714723704618,
        -0.45429074509789014,
        -2.2464444232391747,
        -0.03236906758869132,
        -0.09302361022020803,
        1.5289460931724437,
        0.7052417573122008,
        -0.03249632999861536,
        0.004411712081823116,
        0.1833264581953036,
        2.631602859459091,
        -0.32392462577806364,
        -0.39323518279845804,
        -0.23326807887776876,
        0.8659657100167024,
        0.4921575572361489,
        -0.6094710260975762,
        -0.28050379254111024,
        -0.5309221494488983,
        -0.6181462685300699,
        -0.5504538327958401,
        1.1351533256504387,
        -0.9334598937500463,
        -0.24370004152429642,
        -0.7934325770601083,
        1.3217371726409257,
        0.12346152327242294,
        1.0012942872202966,
        -1.0096847883773306,
        -0.049800375470306676,
        0.2520725251646856,
        0.24981148677899345,
        0.5522175320478865,
        0.2686329864690806,
        -1.4595201159489866,
        0.6229769509117253,
        -1.1760371112264452,
        -1.309106826308218,
        -0.7458586324105468,
        0.9812212245727421,
        -0.2698165467412679,
        -1.1761812692636417,
        -0.5153853762222292,
        -1.0116087074789686,
        -1.088873476976173,
        0.07406044148742436,
        0.20011893392899235,
        0.3122266133820538,
        0.18372421670290137,
        -0.028613131278140226,
        -1.2671877994455076,
        0.6191902623937187,
        1.5060895640795393,
        1.3250047956165256,
        -1.6207254120201564,
        -0.47569603237088076,
        0.01674368147596354,
        -0.4300286005319006,
        0.8648847938916024,
        -0.06670799579816154,
        0.4786587807264392,
        0.6174192343391627,
        0.7425805199958444,
        0.016377325451493726,
        1.399720681875179,
        -0.3908282977420044,
        -0.31384326979681676,
        1.3929781539173207,
        1.997945556868654,
        -0.21187398730768342,
        -0.5567569142403128,
        -0.2361204520286723,
        -0.6693061332457992,
        1.792580001821058,
        -1.337668619872387,
        2.1209870532433146,
        -0.4562998305615469,
        0.379634891455109,
        1.311055457107886,
        1.193865602004011,
        0.11676190919976706,
        1.4128460669648657,
        0.8010376005839184,
        -0.31558189885066834,
        1.6073167111579654,
        0.5249015119336394,
        -0.10800762390520385,
        -0.8411808010264487,
        0.2357888806481062,
        0.17480842203450933,
        -0.2326028950294297,
        0.27800115145692333,
        0.2417909946485041,
        -0.08924955645223077,
        0.49203971449036094,
        0.9320609545446592,
        -0.09050314094157319,
        -0.22991340581717462,
        -0.21609505425831796,
        0.6486776065353264,
        0.9733671113309234,
        0.6732700390981192,
        -0.25010930453079194,
        -0.48340008379566646,
        -1.2887517281338965,
        0.31736463938548903,
        -0.39519783443779016,
        -0.5476920744195399,
        0.5909391663041375,
        -0.4899956042151296,
        0.2736545731587563,
        -0.03931926455668814,
        0.3660311144053794,
        0.721943665103761,
        -0.32879410017418453,
        -0.09978017178003631,
        0.31138498943867915,
        0.11642682460123385,
        -0.5516902027699748,
        0.2917560321202616,
        -0.46784726666827126,
        -0.671251275489988,
        1.4498857694334888,
        0.41669119239223285,
        0.294644037396097,
        -0.2162163756358433,
        -1.2310124391663426,
        -0.6537449899211624,
        -0.20305805714298486,
        -0.6582227592475579,
        1.1495406693765742,
        -1.0443079424799253,
        -1.5885309593884336,
        -1.7102053909099009,
        0.23230298985919717,
        0.8707812860437028,
        -1.4448834226477434,
        0.06007903126887589,
        0.15329310630902127,
        1.3446863143721708,
        -0.1886207298123497,
        1.2830967020051236,
        -0.9694932507324308,
        -0.9329582259202793,
        -0.04676105589986897,
        1.2946417214911041,
        0.32871852456649586,
        1.7224533235471284,
        -0.9657234825969748,
        1.7946050591812355,
        0.07022042520895636,
        -0.19895916943917075,
        -1.0046868432793419,
        0.25038102027653253,
        -0.9913752151935059,
        -0.07764547702979971,
        -0.06605525372993186,
        -1.567679683032755,
        1.3571316757025969,
        1.6605273848243238,
        -0.10367939458702612,
        -0.0349967564307847,
        -1.109661419580258,
        0.8457820940935937,
        1.0249499304179979,
        0.40639532846702486,
        0.22475679807097154,
        1.6523801030608647,
        0.024814971834021288,
        0.5424882294489031,
        0.5211837532714718,
        0.42290023401497123,
        0.13391655762760313,
        -0.8846898880290196,
        1.6122221647303652,
        1.0514539319631182,
        0.4454407621751838,
        0.11534261136130976,
