{
    "idx": 702343,
    "fights": [
        {
            "enemy": 5,
            "fitness": 89.10283177470681,
            "player_life": 46.0000000000003,
            "enemy_life": 0,
            "time": 244
        },
        {
            "enemy": 6,
            "fitness": 21.638707834290575,
            "player_life": 0,
            "enemy_life": 70.0,
            "time": 213
        },
        {
            "enemy": 7,
            "fitness": 90.09679627126205,
            "player_life": 53.80000000000032,
            "enemy_life": 0,
            "time": 197
        },
        {
            "enemy": 8,
            "fitness": 88.92322890233346,
            "player_life": 45.4000000000003,
            "enemy_life": 0,
            "time": 275
        }
    ],
    "weights": [
        0.44057272192873675,
        0.3251126785301047,
        0.9112066258071112,
        -0.4505446781474025,
        -0.9691149040423881,
        0.8263127244892843,
        -1.429891379104072,
        1.1639603928533655,
        -0.4201413006481023,
        0.7175688564812545,
        -0.8206229868484367,
        0.5760794451806401,
        -0.8344768559498967,
        -0.671320339885514,
        -0.6328853516114101,
        2.290228443372161,
        -0.262226238527563,
        1.2589971386195875,
        0.25076967430734515,
        0.19172305675781084,
        -0.6005011980980798,
        0.011264281166366373,
        1.6287952103544803,
        0.7479153773528673,
        0.8485614311027738,
        1.6722928183140022,
        -0.7221571348457,
        0.9088951337891271,
        0.42740816785658353,
        0.6732164493230292,
        -0.1689298905066512,
        0.021492648663484347,
        -1.3272252033731642,
        -0.1024899779299343,
        0.7139322600415701,
        -0.4084061243752499,
        0.35561427787509364,
        -0.7919629733395466,
        0.4954380641498273,
        0.5119280136296768,
        -0.3234347568411051,
        -1.074585161068839,
        1.3563724872234797,
        0.4221820241981642,
        -0.18228949880604756,
        -1.3962067808574674,
        0.7716317227039267,
        -0.2448211880876019,
        0.057468817242360755,
        0.8897847541112672,
        0.03692539437990336,
        1.3692742307673844,
        -1.239114312560187,
        -0.6100759457292182,
        -0.14971628808362972,
        1.6391484957344569,
        0.860939793267578,
        -0.09965032703100654,
        -1.5615357731709905,
        0.8735953226670008,
        0.6845062046276016,
        -1.2091145001216084,
        -1.2077255636082822,
        0.9077812519651796,
        0.17363328928675598,
        0.6573737286558744,
        -0.3233098435800296,
        1.1142529130590078,
        0.07604718766211013,
        -0.20722819395339684,
        0.8774503062728185,
        -0.5164168827637019,
        -0.5685698619151411,
        0.16355494131991527,
        -0.5563668639261704,
        -1.8668146078300512,
        0.035144481827114576,
        -0.9252648028287617,
        0.5798180864406378,
        0.5058242541071708,
        0.5092068823205905,
        -0.3642246545244183,
        0.41112871954170066,
        0.20667150204559423,
        -0.284480684104039,
        -0.7387414943734074,
        -0.5047049602755619,
        0.9457986541576306,
        -0.3615104395401474,
        0.04168387456230911,
        -0.7444253035989146,
        -0.5662271219767254,
        -0.05494532980267597,
        -0.6822172763148109,
        0.4928803768749405,
        -0.31459588245754844,
        -0.20351060707543658,
        -0.060843823757638575,
        1.7129159917198191,
        -0.5040896161841467,
        0.7724825867255575,
        -1.3661949409218674,
        -0.3499205867522018,
        -0.18935788010539564,
        0.40453755136263936,
        0.3004108178421117,
        0.5330946621755912,
        -1.5073044080053575,
        1.2224861320624822,
        -0.7849993720195076,
        -1.0006242944041261,
        -0.08637186545301642,
        0.6667483671029164,
        0.2713627394405559,
        -1.1905628715148462,
        -0.0427401961584874,
        -0.2934117949665376,
        -0.8345561818963746,
        -0.049921041627912145,
        0.6844324984939338,
        -0.11474078129474387,
        1.294361413562056,
        0.39726141028125117,
        -1.083584512749488,
        1.24770796904638,
        1.2916410963560985,
        -0.28210608929102154,
        -1.254102546802987,
        -0.4317411317950671,
        -0.6228305552955845,
        0.29773074514054093,
        -0.09419022361090457,
        -0.4683048591501348,
        -0.013604424166083401,
        -0.31235269343860594,
        0.6355621862838117,
        -0.5270499506890524,
        1.7142063713503957,
        0.4827436980085935,
        0.1693364542140241,
        1.1445962648947463,
        1.6209372258245058,
        -0.94946541632391,
        0.07191588324685569,
        0.5541367213630469,
        -0.8319329628434197,
        1.2036407586079045,
        -0.7509463141085027,
        0.6239204451385877,
        -0.46128031326215285,
        -0.30879448260162656,
        1.006516582786234,
        1.301321063405588,
        -0.28748280583945157,
        1.1902473203233281,
        0.35770786512927544,
        -0.005599225798825783,
        0.6558479916186604,
        0.7271010609745505,
        -0.40874007444305904,
        -0.6318877966814156,
        0.7941032464819096,
        0.15908125330242692,
        -0.5443256551959434,
        -0.20854864900225506,
        0.5202178910538432,
        0.29349989560459244,
        0.23475676678063934,
        0.7336295625441159,
        -0.03039660963958965,
        0.0616084103307135,
        0.1366938110671522,
        0.36976166227544305,
        0.612386377868509,
        0.7151330915262817,
        0.1243375557493927,
        -0.10344343336580816,
        -0.7524609496017085,
        0.5456052515533579,
        -0.0423758490726889,
        -0.9712607276944373,
        -0.28039615753451363,
        0.35409645352198343,
        1.0624733687995918,
        0.06755708544252796,
        0.6925959212927015,
        -0.08229707476554357,
        -0.5325544069119041,
        -0.0799733479289906,
        0.6387301400895107,
        0.14894814387221528,
        -0.2286423834452507,
        -0.21896021149625383,
        0.22635454896154447,
        0.06451240517113274,
        1.2757662748743095,
        0.4612303296471322,
        -0.18495882212180434,
        -0.8575490491602716,
        -1.3388281424897481,
        -0.8843955020801894,
        -0.8971500901167506,
        -0.4100585422019644,
        0.5147070234837797,
        0.357943628494102,
        -0.803114436287218,
        -0.6390733466486826,
        0.6411591238001386,
        0.48756888274851684,
        -1.5707345521337281,
        -0.16159304231013402,
        0.6025190309063195,
        0.4798394054138648,
        -0.757569011703134,
        0.7147928829771758,
        -0.38934765063435695,
        -1.1884949770641824,
        0.4487262880078021,
        1.1162358112525759,
        0.0142781804352008,
        1.2480015561437146,
        -0.35507938083150925,
        0.5904755719774787,
        0.23969338327165382,
        0.6153602929338047,
        -1.282512368658071,
        0.5613685285993606,
        0.2967185798520757,
        0.7181710287259526,
        0.7063114267526095,
        -1.2549168058670037,
        1.107173393509614,
        2.1821865812836183,
        -0.4431703215555937,
        0.5453177574648167,
        -0.3062693508304337,
        0.9704052934525116,
        0.42701119758425476,
        0.2766606023014311,
        0.16313564097176653,
        0.7136354366301759,
        -0.3602056096140045,
        0.9479433840742086,
        0.9977550591239438,
        0.7950584164876129,
        0.528677499951175,
        -1.0705735687205655,
        0.09799282017161641,
        0.2548481490179821,
        1.1926723912445307,
        1.1087915596893136,
