{
    "idx": 703823,
    "fights": [
        {
            "enemy": 5,
            "fitness": 90.50353644806852,
            "player_life": 59.80000000000033,
            "enemy_life": 0,
            "time": 239
        },
        {
            "enemy": 6,
            "fitness": 66.22855887686998,
            "player_life": 0,
            "enemy_life": 20.0,
            "time": 321
        },
        {
            "enemy": 7,
            "fitness": 88.89289246928256,
            "player_life": 42.40000000000029,
            "enemy_life": 0,
            "time": 210
        },
        {
            "enemy": 8,
            "fitness": 88.81968822339262,
            "player_life": 45.4000000000003,
            "enemy_life": 0,
            "time": 305
        }
    ],
    "weights": [
        0.3365948427224614,
        0.20559946649172528,
        0.6557364904478888,
        -0.20580898056564456,
        -0.809798186778958,
        0.2419625498101377,
        -1.27806326218405,
        0.9049616211286626,
        -0.5421796653534835,
        0.513589798885325,
        -0.8068362761976039,
        0.509569768753194,
        -0.8666627615635731,
        -0.6527686201790232,
        -0.2586645625351149,
        1.614709979861304,
        -0.505230898490849,
        1.3903901971836932,
        0.18911127047281606,
        0.6765350609461083,
        -0.6091059684169137,
        -0.3998311305097475,
        1.5168803612421866,
        0.5014236273199495,
        0.39605220651247275,
        1.2942835939853776,
        -0.773606250749953,
        0.12616072179982482,
        0.42766504197864513,
        0.32372164128402475,
        -0.3727359295566869,
        -0.1686729886183112,
        -1.4421666425429591,
        -0.04453984011597309,
        1.0150472336861465,
        -0.643498117205087,
        0.5882630504288375,
        -0.48057802198934746,
        0.44702019495486356,
        -0.05631629633815061,
        -0.42055915343968153,
        -0.6682680754385771,
        0.9109928897200416,
        0.3767550022610886,
        -0.046895071149929066,
        -0.6171876861173151,
        0.7988750177226986,
        -0.24108537041121175,
        0.34728223562876226,
        0.6001079496695302,
        -0.14561808383191727,
        1.4248207007434284,
        -1.124262643798213,
        -0.5266885599632273,
        -0.2969658308216352,
        1.560774028533752,
        0.6241587358878251,
        -0.1217227251391583,
        -1.1831592556441601,
        0.5366280445003166,
        0.8817854781607821,
        -1.0432723964819577,
        -1.4123446569265743,
        0.4326216397572922,
        0.4871465884961828,
        0.3842041766480237,
        -0.5583248508186794,
        1.0528564858250034,
        -0.14316374038210256,
        -0.3647731044832546,
        0.965580853309745,
        -0.33550965394449594,
        -0.7731706722468514,
        0.16051178840300828,
        -0.5109897077402126,
        -1.711041559480927,
        -0.06263405670859037,
        -0.8688403393494919,
        0.5085434501795829,
        0.5966944197814636,
        1.2011473464830495,
        0.2630701632098532,
        0.4094330333980142,
        0.825187350983722,
        -0.12011237415093041,
        -0.6816089215071218,
        -0.45583429135755493,
        1.097661776275724,
        0.12603491734555727,
        -0.2090005117702374,
        0.033220263564019616,
        -0.9725129770808913,
        -0.18566256703140013,
        -0.5028022852887212,
        0.5848986097426708,
        -0.6410882253881662,
        -0.3108349858636405,
        -0.10627206222522997,
        1.5763421970386284,
        -0.39025149700604755,
        1.3516098278264408,
        -1.4117864570833165,
        -0.1576494829488241,
        -0.24335108181706608,
        0.2967540447541722,
        0.5918538870362454,
        0.5000898805524043,
        -1.5451923603054238,
        1.228098389060505,
        -0.4361906911252731,
        -1.1127769259158902,
        0.05854760994282717,
        0.6042026505978222,
        -0.4752705961454702,
        -1.2128240330751188,
        -0.22820992302466742,
        -0.2896151829936986,
        -1.2758498387567596,
        -0.09003976422670247,
        0.7731344160962018,
        0.2482167344065842,
        1.216886104377921,
        0.29111179552385497,
        -0.8235645397317968,
        2.136719973511584,
        1.3440029048704492,
        -0.06185362206252371,
        -0.9895511753466084,
        -0.14087739023795243,
        -0.7939667078706955,
        0.31544855637501046,
        0.007244254196246025,
        -0.24935330097099484,
        0.21031630574500657,
        0.07826722769779018,
        0.7956390964781203,
        -0.6400039041667368,
        1.0739339989349046,
        0.39225141150716714,
        0.4541577732002706,
        1.0540650596764876,
        0.8983973845947437,
        -0.5384946055417139,
        0.41495731147706366,
        0.8136480777960042,
        -0.9493018246504257,
        0.9706994300942454,
        -0.672179048976589,
        1.0817580860013472,
        -0.2012590879570029,
        -0.6985084872638273,
        0.7414601439181879,
        1.0560916665083067,
        -0.3287022164601535,
        0.9278722395636735,
        0.5129511973030367,
        0.06599864463626337,
        0.46410516373201444,
        0.6752844949546947,
        -0.17033225869675828,
        -1.1544545072799983,
        0.436612316148931,
        0.7851158631627704,
        -0.7218036349115791,
        -0.6492458936914315,
        0.4628591166570847,
        0.41774065134113914,
        0.2388141196820794,
        0.614761440863374,
        0.1889194273100187,
        -0.18338204123304971,
        0.2752275503798487,
        0.2535276664385,
        -0.3769486259395774,
        1.1688335102903349,
        0.1243117246332619,
        0.0018785701861507142,
        -0.7646951781123541,
        0.24569055832825842,
        -0.46664734067675295,
        -0.7148286018309664,
        -0.522192752652319,
        0.031346207507812,
        0.3660513980259128,
        0.1786152080357607,
        0.6707170418120243,
        -0.011779783024885492,
        -0.5525176190527304,
        0.18890924112959825,
        1.0639293850041927,
        0.35049322542331884,
        -0.295377790716782,
        0.23830680035582538,
        -0.28559443975102516,
        -0.08109442838522038,
        0.5019574375865015,
        0.24245928188474558,
        -0.011120454698496061,
        -0.7778761040437879,
        -1.3484500884668043,
        -1.0530126855382353,
        -0.3387674725005806,
        -0.6745453927333106,
        0.6284873124015373,
        -0.021054693481015754,
        -0.7205063898956258,
        -0.8846743412724818,
        0.5610245131493934,
        0.6361917105132059,
        -1.4589093588028368,
        -0.40522959553142135,
        -0.1109776284897038,
        0.8983044785060001,
        -0.4494957583543787,
        0.8218379083659929,
        -0.7677458710666539,
        -1.324824341653634,
        0.560607029471118,
        0.8036841733558847,
        0.3125409296571612,
        1.5601764504430342,
        -0.9209418924941615,
        0.7373857795528218,
        0.1306823279469937,
        0.07185314135390057,
        -1.317872932110526,
        1.1727914181223802,
        -0.22384126050996558,
        0.41731058822954636,
        0.8972850917217264,
        -0.9948506177568762,
        0.6388223749793337,
        1.629995747803162,
        0.1158631478507004,
        0.07155339310047383,
        -1.0024998054103578,
        1.350287045915471,
        0.31618228290595807,
        0.2785357410044794,
        0.15001743211095026,
        0.7707504924010458,
        0.21071734257811775,
        0.5805963023280675,
        0.8678136745574987,
        0.10795270482065879,
        0.612339455665762,
        -1.1400044288478823,
        0.12116821082020887,
        0.11137708403105573,
        1.2501942828182606,
        0.7368780414403027,
