{
    "idx": 702809,
    "fights": [
        {
            "enemy": 5,
            "fitness": 89.04687189361195,
            "player_life": 46.6000000000003,
            "enemy_life": 0,
            "time": 274
        },
        {
            "enemy": 6,
            "fitness": 30.701682633451963,
            "player_life": 0,
            "enemy_life": 60.0,
            "time": 200
        },
        {
            "enemy": 7,
            "fitness": 89.90814186652396,
            "player_life": 52.600000000000314,
            "enemy_life": 0,
            "time": 211
        },
        {
            "enemy": 8,
            "fitness": 86.33574420258549,
            "player_life": 22.600000000000243,
            "enemy_life": 0,
            "time": 374
        }
    ],
    "weights": [
        0.6698404839947122,
        0.027917832342276183,
        0.8004197439690797,
        0.025599059974651076,
        -0.9378550343490377,
        1.4825413439962296,
        -1.4783056968455137,
        0.9384707294855746,
        -1.1030686435115293,
        0.4105913648828429,
        -0.5110286308065879,
        0.47025358825064156,
        -0.85810804801516,
        -0.21673328310395024,
        -1.0500368436605634,
        1.7484474210003074,
        -0.11798793407195847,
        1.6302428128797537,
        0.7922948547948229,
        0.5798245306280138,
        -1.4541008807817724,
        -0.18726863589912646,
        1.6003639769602558,
        0.3653734400772013,
        0.4623269666437361,
        1.4604332384740433,
        -1.0286010875647242,
        -0.18238344435507448,
        0.3430780558275871,
        0.6785277739766267,
        -0.3316488460739116,
        -0.22865889847374982,
        -1.2355706517662444,
        0.12682327451902892,
        0.6710666170301013,
        -0.5449035757181241,
        0.5108110414611688,
        -0.7937612148968123,
        0.38822237982414465,
        0.29118813492421786,
        -0.23638910662313473,
        -1.1113472025795728,
        1.1136775040282159,
        0.7153559541926622,
        -0.18109707803075487,
        -0.7980808919172799,
        1.1007502844242345,
        -0.07275159841516851,
        0.4139944711599137,
        1.2197239001770015,
        0.008661648839472041,
        1.5020908930849382,
        -1.1731306194032587,
        -0.5976905962302502,
        -0.0973620536412312,
        2.2203535261696428,
        -0.057847128399566725,
        0.3830538775934188,
        -1.485098982318899,
        1.110288894023111,
        0.9390756262234865,
        -1.0951300871509855,
        -1.5686017841269244,
        0.3355561810230673,
        0.8072200228421138,
        0.9400588602134635,
        -0.3646417991451635,
        0.8664339175470449,
        -0.2862279933965219,
        0.20571147876289497,
        1.1642685762113723,
        0.06330924215627484,
        -0.6351889388822511,
        0.8709880823730539,
        0.04675827915882977,
        -1.6483037147311184,
        0.19208118937757418,
        -1.0376122577988776,
        0.4995530626893592,
        0.44281349501879047,
        0.21048700238384016,
        0.052466620050973835,
        0.23291239788564033,
        0.33308657531784086,
        -0.2051120815082511,
        -0.9443846806118579,
        -0.24722016814883427,
        1.0028980570312354,
        -0.1015703106554101,
        -0.19828314732274568,
        -0.4859743054595166,
        -0.6394809213964021,
        -0.35698725413349097,
        -0.2650971138632437,
        1.0006161018920814,
        -0.49758470375739194,
        -0.931715838682612,
        -0.13460762222305744,
        2.086566728529864,
        -0.8432624061390965,
        1.0497281090920183,
        -1.4393873628288825,
        -0.024733280536184198,
        -0.5148438497102085,
        0.24637112438587827,
        0.46107158451503427,
        0.6384543489999592,
        -1.5603580345402077,
        1.1379519229055544,
        -0.6984160984945259,
        -1.327473317651074,
        -0.009302147366326544,
        0.7708020339352118,
        -0.5703422583540262,
        -1.6597006481963332,
        -0.3033705124926223,
        -0.11820209050188268,
        -0.9497795020940873,
        -0.1666102167865337,
        0.9154275402772155,
        0.5792673720731502,
        1.1975525602121184,
        0.38120253667384074,
        -0.4703650843651919,
        1.3835832246638486,
        1.2724689329671335,
        -0.430852974961568,
        -0.8288570192335909,
        -0.28970947119411156,
        -1.1590137665011644,
        0.21649823408486935,
        0.17745303137236237,
        0.04570885837396259,
        0.12642396201560585,
        0.31280253568825905,
        -0.1825068964691931,
        -0.4314885049350176,
        1.0127842099574493,
        0.6168538880689203,
        0.1038025855803538,
        1.142388172259113,
        1.3695582887221143,
        -0.7985595583106371,
        0.674962935247756,
        0.6464900811163571,
        -1.0582267046185154,
        0.9615449515654549,
        -0.8615587537678366,
        0.8331807549124088,
        -0.33311447770843,
        -0.41285000086310153,
        0.3092633026233271,
        0.9370837300540187,
        -0.4496759741657624,
        0.7739948170329516,
        0.21544954277911185,
        0.13107702831539889,
        0.5696245745529904,
        0.3898304120081142,
        -0.25811493719682266,
        -1.3442228947819725,
        0.09480502109122138,
        -0.18090586056160707,
        -0.791721056436998,
        -0.4917856458715988,
        0.350016605221721,
        0.22067615062794838,
        0.14629042248704882,
        0.7948333074656222,
        0.09607331795118575,
        0.4472488240040817,
        0.0009391490793922222,
        0.7921072350456533,
        0.10656082221877092,
        0.599550274641288,
        0.21802868383823454,
        -0.08770681434847452,
        -0.7759373799292553,
        0.2631170642311447,
        -0.06508269403430737,
        -0.8627772429100824,
        -0.7422006118481227,
        -0.12043381975297361,
        0.3441291240806086,
        0.19575558903904156,
        1.132683471472934,
        -0.35234344648311766,
        -0.8381722340059663,
        0.3471988000461791,
        0.2531597361415895,
        0.19633253225724148,
        -0.12284655171481425,
        -0.35925942009701173,
        -0.7059442614350206,
        0.07767235559805839,
        1.0765640598289845,
        -0.21023918869242963,
        -0.508008527416219,
        -0.8801841750600667,
        -0.9996994476398205,
        -1.2594450418572973,
        -0.787754445120626,
        -0.535352919963952,
        0.9731222116353503,
        -0.023833492539569234,
        -0.6521619788709424,
        -0.9694179750258305,
        0.45939198403035164,
        1.1711135804843433,
        -1.4109010885673552,
        -0.14899663004177566,
        0.1946217204634681,
        1.103682405175736,
        -0.16852576948118136,
        1.0798582567120503,
        -0.619853474847837,
        -1.2674709707014893,
        0.67510529114937,
        0.8703125008323225,
        -0.044855669736977,
        1.1239920316278846,
        -0.11563247495321373,
        0.8412566013440592,
        -0.10435719440818733,
        0.08532206024148556,
        -1.1290290158584735,
        0.5862714478558725,
        -0.7664274077303809,
        -0.05198927353822159,
        0.24971724628984,
        -1.3118534611569996,
        0.7200175044059616,
        1.4238989273041998,
        -0.05503651938634886,
        0.7248064960654144,
        -0.5698852702106681,
        0.8376852320983704,
        0.5135412056599608,
        0.2504065605671649,
        0.7181744438545438,
        0.7369552249361955,
        -0.36713866759543906,
        0.2545337225612957,
        0.9005576651461382,
        0.11292064486413335,
        0.41588537112830365,
        -1.2423171493723746,
        0.16338275881509706,
        0.2083205364695147,
        1.9444952495604781,
        1.0531316588798292,
