{
    "idx": 702831,
    "fights": [
        {
            "enemy": 5,
            "fitness": 86.72628484395722,
            "player_life": 27.400000000000254,
            "enemy_life": 0,
            "time": 409
        },
        {
            "enemy": 6,
            "fitness": 57.4165036912183,
            "player_life": 0,
            "enemy_life": 30.0,
            "time": 266
        },
        {
            "enemy": 7,
            "fitness": 90.87679627126205,
            "player_life": 61.600000000000335,
            "enemy_life": 0,
            "time": 197
        },
        {
            "enemy": 8,
            "fitness": 88.8796882233926,
            "player_life": 46.0000000000003,
            "enemy_life": 0,
            "time": 305
        }
    ],
    "weights": [
        0.43085718377812193,
        -0.5294156725219035,
        0.8696063548690753,
        -0.9393603355677465,
        -0.8688614555045607,
        0.6474762031989642,
        -1.1964019379367417,
        0.8990555332384937,
        -0.8246672500878567,
        0.7220673413982319,
        -0.6433640727090734,
        0.6873498961650555,
        -0.9690836182914607,
        -0.3264873840185137,
        -0.4979818347386546,
        1.5416549690589585,
        -0.10775325504770085,
        1.6951535985663424,
        0.3137981024997403,
        0.6955390612192428,
        -1.063235972453724,
        -0.45510263203799955,
        1.8131095704197921,
        0.37511904733388174,
        0.4753670224081411,
        1.2770220153447756,
        -1.2692276506061078,
        0.0021104230601012236,
        0.06882698616490912,
        0.6242438306763937,
        -0.6211016994501779,
        -0.25850092645758066,
        -0.8650202604862192,
        0.49911377915630917,
        0.7749775773762533,
        -0.6867406375285722,
        0.4632710972916203,
        -0.41128755022905633,
        0.14034596637578148,
        0.40290470322842453,
        -0.22909683161672728,
        -0.9185071523647393,
        1.3708177031423776,
        0.20865769222324496,
        -0.11111711148996975,
        -0.849785637155299,
        0.8506299193127739,
        -0.6493518457610036,
        0.06555169574590039,
        1.2142097199524606,
        0.08642743519047716,
        1.103473491323141,
        -1.3721118721131502,
        -0.5611790765579625,
        0.09796847499693878,
        1.7420753353298124,
        0.5812417056191996,
        0.24010244172909284,
        -1.4066705952889362,
        0.9601951076389608,
        0.6801942240154089,
        -1.190981636741827,
        -1.6559109788512854,
        0.2988476491337154,
        0.4956603535524868,
        0.7186653223942816,
        -0.3719454231071463,
        0.9427671673167565,
        -0.30823243751321977,
        -0.34462554458629313,
        1.1645634188719456,
        -0.3708374620798298,
        0.058527360872021164,
        0.7787998264119459,
        -0.3644473107133523,
        -1.5236958297695138,
        0.17636189668973598,
        -0.6790574898857997,
        0.6762702325204998,
        0.5218028272396777,
        0.4630273942715264,
        0.03437945136486838,
        0.7101453057004705,
        0.197019356274511,
        0.2367544559677923,
        -0.6700534679114303,
        -0.25215535600613986,
        1.1481003142118698,
        -0.20806181045502364,
        0.20429886050526455,
        -0.4560471768131753,
        -0.9537749290473279,
        0.17804106383654228,
        -0.14402767665696697,
        0.868761869643235,
        -0.2800515402509669,
        -0.6241478733704066,
        0.1272446096236276,
        1.6068236439983559,
        -0.8553921370371725,
        1.06059740588808,
        -1.6102405814926168,
        -0.5621541551290911,
        -0.5517575555490094,
        0.1988049434748631,
        0.4177001107216842,
        0.5221756195286384,
        -1.5723554695806918,
        1.5146208778216423,
        -0.758635694167434,
        -0.9902647223707965,
        -0.2375318468611813,
        1.1692385467073314,
        -0.5763480347875118,
        -1.7529146567214904,
        -0.3013419878642258,
        -0.11214463089770796,
        -1.2026337564326017,
        -0.20757120913981744,
        0.41139850391979643,
        0.4480369114026023,
        1.311298402002711,
        0.715254639254307,
        -0.6564957375963216,
        1.588848832906336,
        1.1177084789274239,
        0.02432280741775815,
        -0.118084132548108,
        -0.23850058000083932,
        -0.885991164652861,
        0.07810627615180449,
        0.5256118161584177,
        -0.12662712783500102,
        0.30637547244393437,
        0.20697641238199782,
        0.2969362919350699,
        -0.7630703417643542,
        1.140335761287954,
        0.21482696106300933,
        0.14371433953237783,
        1.144202266252355,
        0.9993191435397608,
        -0.8115162659170168,
        0.522553012029536,
        0.5749674101286715,
        -1.062695591217082,
        0.8881607361039805,
        -0.4229544201926841,
        0.49467536783464877,
        -0.19797451525883691,
        -0.546613391366053,
        1.1847703459333516,
        1.4908340653706276,
        -0.19921973221851774,
        0.8170638007705865,
        0.28252469900039495,
        0.2744014112559241,
        0.48998834080316517,
        0.8230054121594683,
        -0.3828200100580825,
        -1.3720731142239475,
        0.31889029432644045,
        -0.2074435801225485,
        0.12768433506836802,
        -0.5963857339256987,
        0.31696986860960347,
        0.2788702899742811,
        0.4546186747729147,
        0.6768543854847923,
        -0.14204305460524894,
        0.18647860193108862,
        0.2139081215651853,
        0.8314218246792252,
        0.03058309412303939,
        1.2301336796165416,
        0.17647428790835917,
        -0.06219505987290533,
        -1.1853004764048038,
        0.2450526162823353,
        0.05527147431474788,
        -0.8436984451681308,
        -0.8807631963648754,
        -0.5809807962493942,
        0.5845957685142774,
        0.06323774664348936,
        1.1087879678689272,
        -0.34868922432492755,
        -0.7471709889219497,
        -0.022328433392470336,
        0.5839885928118169,
        -0.3593550379149928,
        -0.14380812257861028,
        0.10374586397493478,
        -0.9732534498785328,
        -0.20416702195016737,
        0.9322636827692002,
        0.05760390073629069,
        -0.6837111626298028,
        -0.6990202159290438,
        -1.1443068628331448,
        -1.1663136597803607,
        -0.7166512184332222,
        -0.35521082662717207,
        0.495648374437169,
        -0.16270954919836284,
        -0.5180511964308938,
        -1.130421039116941,
        0.9981424247731897,
        1.2628473820770145,
        -1.3082533198556663,
        -0.15075550353943873,
        0.409186038476323,
        0.43989445065412836,
        -0.13960045103368696,
        0.8230905908366002,
        -0.912806892849452,
        -1.3209753547622418,
        0.5181331794681243,
        0.5899363895899782,
        0.4649531899004252,
        1.1879632491447463,
        -0.2761574452103547,
        0.9088635356883612,
        -0.2828111087589249,
        0.22959220435283242,
        -1.1845064791342108,
        0.55642418112071,
        0.28248886696677167,
        0.13196366531281356,
        0.1641448311962334,
        -1.2371512928015753,
        0.576404660400906,
        1.9989941525501824,
        0.1259580723455876,
        0.45102277044578776,
        -0.47582779484753035,
        0.9302249611742219,
        1.0101640862693217,
        0.42495492165992926,
        -0.03782544935263833,
        0.8015313380601732,
        -0.012525162972933948,
        0.17642945597522963,
        1.1930609395273037,
        0.22958375603505513,
        0.400218242062493,
        -1.4844902358380547,
        0.2716711529204865,
        0.510841708262559,
        1.2929968745117295,
        0.9152521323860656,
