{
    "idx": 711320,
    "fights": [
        {
            "enemy": 5,
            "fitness": 89.47419793370403,
            "player_life": 50.80000000000031,
            "enemy_life": 0,
            "time": 272
        },
        {
            "enemy": 6,
            "fitness": 39.71679627126201,
            "player_life": 0,
            "enemy_life": 50.0,
            "time": 197
        },
        {
            "enemy": 7,
            "fitness": 89.12389959779561,
            "player_life": 45.4000000000003,
            "enemy_life": 0,
            "time": 225
        },
        {
            "enemy": 8,
            "fitness": 87.61968822339261,
            "player_life": 33.40000000000027,
            "enemy_life": 0,
            "time": 305
        }
    ],
    "weights": [
        1.0543290959195242,
        0.41358505034512716,
        0.6212748375507255,
        0.0658965413585281,
        -1.8893761949138324,
        0.16809533701863216,
        -1.9688697315377763,
        0.7091230013048245,
        -0.05937313131453817,
        0.9316242578403876,
        -0.5175518725134154,
        -0.5528072681221183,
        -0.9957845784539661,
        -1.5021626533781365,
        1.3478592803068745,
        2.2268999469119803,
        2.105644285575817,
        0.9605568499297492,
        0.3662250722994442,
        1.9712635869702715,
        -0.9490630890976036,
        0.37287038527051575,
        2.032538381433795,
        1.8217105504859388,
        0.556118338932823,
        1.0296340519767888,
        -1.1432569831959514,
        -0.36783897815766475,
        1.1668463043159223,
        2.2372679948693097,
        -0.6901252422453661,
        -0.4538680769744342,
        -0.6081701361741477,
        -1.044615024751006,
        0.9647660408615624,
        0.32488420295545767,
        -0.22339225769654408,
        -1.2804554274271749,
        -0.7865576076845596,
        0.8077431075214401,
        -0.6274077353590634,
        -1.539781092982067,
        0.7335223832004389,
        0.9757638910836068,
        0.24411857491410704,
        -0.3471027610404524,
        1.490411782700398,
        -0.289431144403085,
        -0.1494714255447525,
        1.3891316725999,
        -0.7231334650493149,
        1.5110386711929138,
        -1.5927967208028402,
        -1.4146171056866008,
        -0.678550942056358,
        1.6383633063604202,
        0.681446174465194,
        -0.4908498216069488,
        -1.7892541519529472,
        -0.11138869826133156,
        0.7024196898634488,
        -1.7497556304820698,
        -0.7856598583744261,
        1.659793346238338,
        0.233825206443729,
        0.7130520771391742,
        -0.5871312669491514,
        1.6606816784221274,
        -1.0513631548027913,
        0.5388107937365781,
        1.556940793127947,
        -0.5815499301761423,
        -0.6275998006191461,
        -0.15858247965819844,
        -0.4109636051994579,
        -2.0015423435286466,
        -0.7365442369465112,
        -0.43517336176050453,
        0.17116029066615035,
        0.8066726330553291,
        1.061152436175866,
        0.06994109581204366,
        0.7336712688983724,
        3.7943346855366293,
        -0.33832622427370856,
        -0.3542956964890141,
        -0.996496367376639,
        1.277236211590418,
        1.4654789382865019,
        -2.017600052997496,
        -0.8875176030262062,
        -0.9404307394556728,
        -0.5152609026292123,
        -1.3264733379633489,
        0.9750512687856956,
        0.41705314445647046,
        -1.232477467890748,
        0.23752471208470496,
        1.9370753985369118,
        -0.41377700455860356,
        1.1071160877173216,
        -1.5844008033006842,
        0.443378249718564,
        -0.34190634828479327,
        0.047348792876965605,
        1.2803743899943474,
        -0.23264806574464744,
        -1.5777989204846725,
        1.1515992316615775,
        -0.4206062831752724,
        0.40000339034716437,
        -1.4352959074042149,
        0.5659633196206016,
        0.2611812969361494,
        -1.3765115087958266,
        0.0734177942244904,
        0.4273992661703568,
        -0.4200019313592933,
        0.14083710792414192,
        0.14505373066451577,
        -0.2818374759673514,
        0.28741763213386273,
        0.9207167987386119,
        0.07428522198316748,
        0.7574225290036813,
        2.3873414648178803,
        0.19245629242830609,
        -1.2075282100756755,
        -0.4953820684983625,
        0.3380853247857498,
        -1.0101466533718975,
        0.13717035804345332,
        0.27234853600650155,
        0.8652472895734183,
        -0.756207486171823,
        0.8050813292717207,
        0.20261426802085047,
        2.7073784455168095,
        0.019672598865681262,
        -0.5994987745271143,
        1.929656933877141,
        1.3065846806714607,
        -1.8922352346805473,
        -0.5061951435361758,
        0.41699144713591957,
        -0.3503604053830235,
        0.7102977263915491,
        -0.9056907865888333,
        0.98928868201107,
        0.9084472064831117,
        0.19734091201942933,
        2.0257334965344826,
        1.9443730227411211,
        0.7151488792828975,
        1.673696270210466,
        1.1087692661900888,
        -0.2202704627523134,
        1.2342623010145952,
        0.7155049534559589,
        0.06769946703698715,
        -1.265780820319127,
        0.8628461170718974,
        -0.34502627427705107,
        -0.28685258809662034,
        0.9895111053463731,
        0.10186851429043078,
        0.1738965679758259,
        2.4085298909704025,
        0.6362257623109816,
        0.13751284449468493,
        -1.3696052419040257,
        -0.13294571237611982,
        0.48603519015834573,
        0.6412235510163639,
        1.0384859301109257,
        -1.7129932246211075,
        -1.2999657886497615,
        -1.0872646930547114,
        1.0657951391133602,
        -1.3353598764781482,
        -0.783022637955664,
        -0.06716844895580215,
        0.21165294401564774,
        0.058452080447370075,
        -0.17140486720859535,
        0.8007402730338488,
        0.2953960178268178,
        -0.4925260965980048,
        -0.19366534577550623,
        1.360254520798262,
        0.666264727384285,
        0.13196753723969085,
        -0.03789502112537328,
        -0.06554189787636287,
        0.3924131474695035,
        0.8609872402194494,
        0.3523968219415187,
        -0.3347487446072842,
        -0.08835254474688246,
        -2.198497026166242,
        -0.750287742606517,
        0.024821435005306716,
        -0.7931302462419474,
        0.617787207550508,
        -0.9757687318071808,
        -0.49394694252709215,
        -1.4250467262820006,
        0.3691743814287799,
        1.1070100254843263,
        -2.0082362123966053,
        0.27146905566492086,
        0.5083922616043742,
        1.199733250749095,
        -0.4441118425141433,
        0.5504210330417568,
        -0.7946805684580354,
        -1.3154553960903825,
        0.10490023068092497,
        1.5222382699400618,
        -0.5524230855863659,
        1.0271202587210224,
        -1.2938937434038553,
        1.9378774395506295,
        0.8835586159161025,
        -0.0877939512141194,
        -1.0880920532131602,
        0.434565239414721,
        -1.1977495350907978,
        -0.4510155313819998,
        1.4977745539655705,
        -2.3319313974811116,
        1.0442868953451734,
        1.2922242306374192,
        -0.7237773504796823,
        0.7798299633314091,
        -1.105123506548409,
        0.4158952150247541,
        1.4474690394341991,
        0.37255990654458615,
        0.06064993062966419,
        1.2782305591355279,
        0.060403303748224384,
        0.810304021117023,
        0.5875996019104459,
        0.5971879352026539,
        0.07305675171151918,
        -0.7663816792495614,
        2.0075459097848234,
        0.46393583440907765,
        2.0543620062027586,
        0.6135140114908127,
        -0.9697965038612513,
