{
    "idx": 703988,
    "fights": [
        {
            "enemy": 5,
            "fitness": 91.28772932632856,
            "player_life": 67.6000000000003,
            "enemy_life": 0,
            "time": 238
        },
        {
            "enemy": 6,
            "fitness": 39.37237888630936,
            "player_life": 0,
            "enemy_life": 50.0,
            "time": 278
        },
        {
            "enemy": 7,
            "fitness": 90.63679627126204,
            "player_life": 59.20000000000033,
            "enemy_life": 0,
            "time": 197
        },
        {
            "enemy": 8,
            "fitness": 88.18885900702332,
            "player_life": 40.000000000000284,
            "enemy_life": 0,
            "time": 334
        }
    ],
    "weights": [
        0.14703083945410067,
        0.3323715291371205,
        0.873577023739653,
        -1.3281733524414958,
        -0.9035605980823095,
        0.03304070190610458,
        -0.5629062778674646,
        1.387711289852687,
        -0.5820807666438386,
        0.8292722505353805,
        -1.0400300054415252,
        0.7944281773448072,
        -1.1707053250309791,
        -0.7379385688004322,
        -0.552032274414185,
        1.8563274149455764,
        -0.22636319565047397,
        1.6518371032237134,
        0.4279252678838269,
        1.041764052250461,
        -1.194407276860113,
        -0.3540427344117908,
        1.358488677324209,
        0.7976771593032213,
        0.20316524786448814,
        1.5826921747282563,
        -1.0756817487029608,
        -0.19238358935369748,
        0.5370327614927345,
        0.9093999844525399,
        -0.168296228155605,
        -0.18115084625231143,
        -1.2101113487124215,
        -0.1550196657906759,
        0.8060157919807425,
        -0.5379686784962135,
        0.4160222333132357,
        -0.9150948567977644,
        0.23187431242079656,
        0.4780618696991487,
        -0.37466637671884223,
        -0.7700091568831028,
        0.6983323396221223,
        0.24288347980853342,
        -0.44409221854584424,
        -0.13415317921479616,
        0.7292124574898814,
        -0.1722932692016527,
        -0.1556377455071974,
        0.8583550575747975,
        -0.16404605178862158,
        1.4117025618120562,
        -1.085122494060763,
        -0.7928948991550839,
        -0.009981299596697628,
        1.4293117468563012,
        0.5487221620807078,
        0.22096377724004168,
        -1.446919633063951,
        0.14926834589753132,
        0.8894078058009584,
        -1.1806195748479382,
        -0.8229603594298698,
        0.45011533529444814,
        0.3162025247872887,
        0.37299210332671956,
        -0.6564267887030734,
        1.3558624584208716,
        -0.5311467706623971,
        -0.014475132265627548,
        1.1161054328665672,
        -0.45755925218750615,
        -0.8331900995489587,
        0.09336259176514346,
        -0.6671270384519441,
        -1.201725107485159,
        -0.039644639627215636,
        -1.042757155912229,
        1.109489243439599,
        0.5198642749494831,
        -0.2773416333388241,
        0.20405737484367692,
        0.48004907830662286,
        0.6305508404252186,
        0.46256308649984956,
        -0.9435978631974961,
        -0.1827787315988185,
        0.8683558171388721,
        0.34985342076501486,
        -0.21480641543214574,
        -0.277620279219219,
        -1.132527995052392,
        0.07126946932457562,
        -0.2483851494933321,
        0.6642564259757656,
        -0.32118432133211994,
        0.20283991594237352,
        -0.03881177216337919,
        2.37076074241807,
        -0.11388583181600734,
        0.7420304516741217,
        -1.406049845325148,
        -0.49590558002895174,
        -0.5115540386337089,
        -0.06393882610304492,
        0.44157276895062136,
        0.42520039065959636,
        -1.551194095365243,
        0.14841220829998583,
        -0.7729654715506916,
        -1.076592179882923,
        -0.41275056645926034,
        0.36869107473015644,
        -0.534658332394476,
        -1.2969092832435833,
        0.4936776850912249,
        -0.5640562978043943,
        -0.8274896975937549,
        0.0678303255364479,
        0.5488514525277582,
        0.21276392738540478,
        1.4509480959866436,
        1.015094794022418,
        -1.0337822510686134,
        1.3783039082615671,
        1.8422303908111801,
        0.15815769054904066,
        -0.732746539924154,
        -0.11655484585475923,
        -0.9363049354856658,
        0.3512328555099976,
        0.05303737832721038,
        0.16090195757194486,
        0.4539209522732826,
        0.23753172310804074,
        0.6052652331443428,
        -0.3507048144617638,
        1.006743204758138,
        -0.010070802166535064,
        0.47367551996112855,
        1.8210068039785903,
        0.614589947592656,
        -0.424703232981296,
        -0.03910072377604484,
        0.5089195633438328,
        -1.1233827310194762,
        1.2079348441683588,
        -0.8626491965260468,
        0.5468245921138177,
        -0.3809550702921817,
        -0.33693968908693694,
        0.9321599263473107,
        1.3325382312456706,
        -0.37760479862821816,
        1.3057114049693024,
        0.3117585365347888,
        0.018896475335453106,
        0.6581846143926005,
        0.6419714170731522,
        -0.4083317443917964,
        -0.708231465755563,
        -0.12628938676382315,
        0.4153482885860473,
        -0.45123456454268,
        0.3962628888383151,
        0.4894504893544327,
        -0.03760183180552734,
        0.700505553150424,
        0.2237276145066699,
        -0.011941940592663257,
        -0.18400151592598746,
        0.2725921223353759,
        -0.27049269363790185,
        0.07393557579785165,
        0.47964138352120883,
        -0.040863972000221585,
        -0.1457999685406821,
        -1.027986526259716,
        0.3064406448727289,
        0.17816851238528955,
        -0.8464984008337056,
        -0.8055190112868519,
        0.07403830910088385,
        0.47230712389587065,
        0.005945153051316876,
        0.5531169064782752,
        0.164572149867663,
        -0.800774169666119,
        0.14620754321521762,
        1.1159842222633787,
        0.4183089900161412,
        0.2343332193271657,
        0.5449543435522712,
        -0.3637581550057799,
        0.3535430640574698,
        1.148831887312018,
        -0.07137864277774306,
        -0.7602671064640584,
        -0.5766292927735663,
        -1.1440021020710687,
        -1.2823128478179797,
        -0.5097758161068268,
        -0.14375437343581265,
        1.1559217292853123,
        -0.16844091347879073,
        -0.8266746044564759,
        -0.6526287459877754,
        0.29509292127024567,
        0.4452880830649891,
        -1.7356163815629833,
        0.07284232005138336,
        0.7675226705653531,
        1.0144082331145001,
        -0.8251168013994854,
        0.8810008457871329,
        -0.04828593804536761,
        -1.4629499740479708,
        0.586555520829659,
        1.4726455788134525,
        0.25651434205714396,
        0.9803054971991527,
        -1.0450258708067417,
        1.0399945899038532,
        0.5707301759260408,
        0.31678172693160145,
        -1.1898021555949323,
        1.1914526547365756,
        -0.0032972774048487807,
        0.3115841772650283,
        0.6408205268891217,
        -1.1948054788364084,
        0.5499728293031231,
        1.9742799098097126,
        -0.44299962688412975,
        0.9027717439946442,
        -0.9466907620592293,
        2.2920570491293173,
        1.4795563831992526,
        0.7989803283641039,
        0.11636433661584306,
        0.9999568092873528,
        -0.7226255833007459,
        0.11027477290263231,
        1.2416857156655454,
        0.39169653125895854,
        0.19197729985022235,
        -1.005764093406143,
        -0.09866417880708495,
        0.3950149948300802,
        1.3885002972490255,
        0.8037217444044426,
