{
    "idx": 701636,
    "fights": [
        {
            "enemy": 5,
            "fitness": 90.88027017401382,
            "player_life": 64.60000000000034,
            "enemy_life": 0,
            "time": 265
        },
        {
            "enemy": 6,
            "fitness": 48.50693855665945,
            "player_life": 0,
            "enemy_life": 40.0,
            "time": 243
        },
        {
            "enemy": 7,
            "fitness": 91.11173296930549,
            "player_life": 64.00000000000034,
            "enemy_life": 0,
            "time": 198
        },
        {
            "enemy": 8,
            "fitness": 88.81968822339262,
            "player_life": 45.4000000000003,
            "enemy_life": 0,
            "time": 305
        }
    ],
    "weights": [
        0.5495570432925819,
        0.21837535198018204,
        0.5540135873996188,
        -0.36461733447425515,
        -0.7958136239249898,
        0.22910805284176103,
        -1.3368612203197774,
        0.6287095425029852,
        -0.6727844282800076,
        0.8539243953670701,
        -0.6213327245331481,
        0.13691669430900089,
        -0.8240447321662959,
        -0.8106049829278636,
        -0.6185221894957856,
        1.6303508638585709,
        -0.5685156186575225,
        1.154945042564143,
        0.5007090739145079,
        0.5612373950135423,
        -0.8349032154125271,
        -0.08687729057751542,
        1.8166067616423522,
        0.4477822073300877,
        0.4949553363717446,
        1.2049755795472081,
        -1.0513019453288792,
        0.07013272149392216,
        0.1679092715467425,
        1.0753266625206903,
        -0.44274449493384244,
        -0.07367930855443301,
        -1.224137159314043,
        0.2168842931738622,
        0.768807716932972,
        -0.2971146623285653,
        0.5980514506739399,
        -0.610569320350978,
        0.3550675479388032,
        0.004200298213667623,
        -0.3787236210884948,
        -0.9960421107109294,
        0.8181911669174096,
        0.519243037116463,
        -0.21250924983502842,
        -0.6325290642977469,
        0.4643963853117741,
        -0.18493102182616108,
        0.5063403015672981,
        1.1477368981679819,
        -0.4183795977258115,
        1.3740848963075358,
        -1.3214071944071826,
        -0.6570776790853665,
        0.2905289440930977,
        1.974459648132922,
        0.08495042491134328,
        -0.017795514976374882,
        -1.3593260497268966,
        0.9964280600045314,
        0.6745464513187813,
        -0.8976072766036806,
        -1.0647448372954622,
        0.14791033630473568,
        0.656725843210094,
        0.2344197171935689,
        -0.5311412107250002,
        1.2265764903785736,
        -0.18120846498223164,
        -0.4691371408010738,
        1.3194897817568918,
        -0.24364766752309533,
        -1.2923315052550708,
        0.3471401180938213,
        -0.5435613884605358,
        -1.8455574482031742,
        -0.25296961227917164,
        -0.8050674852302612,
        0.8583247932660857,
        0.63623464282972,
        0.6554780783344551,
        -0.15308334232398224,
        0.5287639722680495,
        0.46824556077397517,
        0.12161377506129303,
        -0.6212332709249638,
        -0.22494597711761793,
        1.1874383211106092,
        -0.09897899239521304,
        -0.23104398126563203,
        -0.571465609824744,
        -0.28599398797733794,
        -0.7080913551728104,
        -0.10863169270321572,
        0.7825404877591946,
        -0.6256443815865212,
        -0.3961633522896965,
        0.012566819545161131,
        1.7437029331811211,
        -0.6107335712602877,
        0.7170047245600628,
        -1.3123013840916415,
        -0.2828182483572232,
        -0.8190723913148737,
        0.28001301441542115,
        0.618605918407246,
        0.3596838588129848,
        -1.4282242437668295,
        0.9916661329747746,
        -0.5678488596963068,
        -1.1591259494738098,
        -0.19614305401877177,
        0.843697721201742,
        -0.5164293602973178,
        -1.1427499005258197,
        0.2035270733614809,
        0.6253141095412658,
        -0.7687554786156062,
        0.16722605906025084,
        0.5254187089807414,
        0.09698863727035584,
        1.1738291063749193,
        0.38780860967356373,
        -0.9029781115725921,
        1.9101899143529386,
        1.1164647732914952,
        -0.43978983257634785,
        -0.9839787947487858,
        -0.2098176779294125,
        -0.758975196237098,
        8.487417030497713e-05,
        -0.16352002912381888,
        -0.42229300364177264,
        0.08905536781539486,
        -0.036012589639565454,
        0.5783268125485466,
        -0.4050048498474671,
        1.2569848565112234,
        -0.06276396654656097,
        0.14537631807343412,
        1.1227903185896937,
        0.8484801486297717,
        -0.5559857397958132,
        0.7915725672237458,
        0.6375143989065475,
        -1.0457772382756956,
        1.0131534444849328,
        -0.634447191922521,
        0.9797577493717811,
        -0.39996291923978244,
        -0.6383363408803332,
        1.1835048627216824,
        1.5788888578335762,
        -0.004150425229729219,
        0.9846407313223042,
        0.38319838335699935,
        0.17890055308947464,
        0.32304793831604506,
        0.7210788530760242,
        -0.6632177341529275,
        -0.8374130537295555,
        0.166421446771837,
        0.09549670996616326,
        -0.7109660608554264,
        -0.358552299889185,
        0.47517787856996035,
        0.12124231933311999,
        -0.09039317663474379,
        0.5516661406554795,
        -0.06622218438178393,
        0.23769695772684665,
        0.15805283085598135,
        0.1973993423774597,
        -0.026690705385665238,
        0.34458798203552155,
        0.06861316970694387,
        -0.08675290466579733,
        -0.35641265354703067,
        0.17783008485324278,
        -0.38880839887219765,
        -0.5138475746845483,
        -0.19742299433092794,
        -0.028912873100552156,
        0.9586956742794905,
        0.19050489469010815,
        0.664052466243177,
        0.18255763993219715,
        -0.5533953401425902,
        0.36680778265367264,
        0.6130166265855128,
        0.4196840924396954,
        -0.13963400030229825,
        -0.19979791047270093,
        -0.10148431910483599,
        0.33440005248762095,
        0.5187440657850009,
        0.15638284650919748,
        -0.5723737479956676,
        -0.42635782861622296,
        -1.0031076865994868,
        -0.7574636774708551,
        -0.6412159306550019,
        -0.620405192596547,
        0.3413616841326205,
        0.7387407465526056,
        -0.7079233499838806,
        -1.1765989934995407,
        1.0280428969286939,
        0.8555306915215949,
        -1.0693227000726757,
        -0.32254092441169535,
        0.7518356757424972,
        0.9349007263925916,
        -0.461387724431235,
        0.9765518838307942,
        -0.6943915433254755,
        -1.1856952596031782,
        0.34908556588277245,
        0.8412160258499809,
        0.08579393646786795,
        0.9786092725962969,
        -0.49346985752546096,
        0.9069379424916801,
        0.0003485423109260283,
        0.017775498318033024,
        -1.1988666747103052,
        1.0447202199711303,
        0.4929486424062938,
        -0.19117629044249712,
        0.5009594925326366,
        -1.0906701382624906,
        0.4080551666831356,
        1.8017833016084066,
        -0.16179540746365953,
        0.009206601140272367,
        -0.634977665612123,
        1.230850013587181,
        0.4107325030350683,
        0.7319848672884559,
        0.10923583588651942,
        1.0692369322117639,
        -0.3782957360303873,
        0.16063379570527284,
        0.7785828277969086,
        0.4987424652330627,
        0.5430575043473861,
        -0.9382158270018466,
        0.09785129322680905,
        0.3589586785044657,
        0.8887413721285407,
