{
    "idx": 710908,
    "fights": [
        {
            "enemy": 5,
            "fitness": 90.46027017401381,
            "player_life": 60.40000000000033,
            "enemy_life": 0,
            "time": 265
        },
        {
            "enemy": 6,
            "fitness": 39.86420156294974,
            "player_life": 0,
            "enemy_life": 50.0,
            "time": 170
        },
        {
            "enemy": 7,
            "fitness": 89.54389959779562,
            "player_life": 49.60000000000031,
            "enemy_life": 0,
            "time": 225
        },
        {
            "enemy": 8,
            "fitness": 86.33574420258549,
            "player_life": 22.600000000000243,
            "enemy_life": 0,
            "time": 374
        }
    ],
    "weights": [
        1.453113001535301,
        1.4743735815216363,
        1.3263529641319185,
        -0.14183833575317448,
        -1.2421005304904438,
        -0.06273242687617038,
        -1.2351774301643443,
        1.3393982424419846,
        -0.407085240026515,
        0.6825335662704716,
        -0.5179997272935836,
        0.1008462492391527,
        -1.3348647813831889,
        -1.1256562547969635,
        -0.0013598058550656905,
        2.3089232853971757,
        2.263806470117219,
        1.0087303190764112,
        1.5270336545847167,
        2.0349660351735332,
        -1.2661334950950003,
        0.002350651759394966,
        1.7133822916824688,
        1.693410255377012,
        0.8095879730200082,
        2.0928476504585802,
        -1.0646004932558149,
        -0.2901696966216359,
        0.8724539139235472,
        0.682299988647556,
        -0.5139885934191003,
        0.3567804053995849,
        -0.16213127377024736,
        -0.9809050461380557,
        0.8105601288861465,
        -0.22938590495678846,
        -0.01939613801684309,
        -1.6999456074387895,
        -0.6675366301341912,
        0.7384145381209309,
        -0.581697514232761,
        -1.2637230995711883,
        0.8636153229015157,
        2.0471705816905903,
        -0.01692122748134761,
        -0.8667602916980444,
        1.3129429806063468,
        -0.0850262693927917,
        0.3171812279642727,
        1.0603867064694659,
        -0.1636422928495708,
        1.7162665776056332,
        -1.7349023054410269,
        -1.0055375200042997,
        -0.6364369310039769,
        1.826167186880812,
        0.6176026482424899,
        -0.6705462696401465,
        -2.237826889040208,
        -0.1257379474886967,
        1.124091550096984,
        -1.496311124799167,
        -0.9878668425207021,
        0.6287194685693048,
        -0.11215474724594139,
        0.38382623113216646,
        -1.3863314657757329,
        2.0591050358799246,
        -0.8457171249033626,
        0.5797555691725543,
        0.916058914682342,
        -1.4053963764458568,
        0.33334116508792627,
        -0.007463295780979012,
        0.012358290661513081,
        -1.0751965625096753,
        -0.41771917159871247,
        -0.45075534574027704,
        1.2883541254879052,
        0.4972182298681037,
        0.829728186948804,
        0.598900727895409,
        0.5626924337643817,
        2.7360077146489483,
        -0.6092198791371528,
        -0.9800237781869396,
        -0.4639827752336276,
        1.4264822940574335,
        1.64126959716327,
        -1.730923773479275,
        -0.3846135476957533,
        -1.0041809391026177,
        -0.6106834857398161,
        -1.2039569594276565,
        1.055294207515757,
        0.2585124395204095,
        -1.2331367498783523,
        0.15422948422031346,
        1.3847372821129371,
        -0.3968868547830235,
        1.0550056747371732,
        -1.8485055313951297,
        0.05099055906123438,
        -0.5292480620418963,
        0.09288444794626596,
        0.580417036897548,
        0.1600351688475704,
        -1.3264068795710788,
        1.1162986326528443,
        -0.7678172493924668,
        0.2966845049278987,
        -1.4346488294923287,
        0.4717015464335869,
        0.728658314950776,
        -1.1239756459289916,
        0.26089776310265567,
        0.4441655819962915,
        -0.6891247544388892,
        -0.1802665085161949,
        0.3339660903009597,
        -0.1650852645417704,
        -0.35412582686832883,
        0.7101186800586357,
        -0.13789091388235958,
        0.6767875950976813,
        2.5947425938913837,
        0.4597450454358417,
        -1.1660575780985976,
        0.23020834345787583,
        0.6961070339965638,
        -0.8743391844173947,
        0.2761274676155584,
        0.2858089073931383,
        0.8815234284722463,
        0.2824740756506469,
        1.0548373451039983,
        0.16789058843073462,
        1.824181679685676,
        0.280252645172719,
        -0.4684640350129692,
        1.7817974688818,
        1.707006655052821,
        -1.4737796818124274,
        -0.2945283728105951,
        0.49495883991394946,
        -0.6715692543786419,
        0.9974335965458377,
        -2.023911710078723,
        1.493032841411829,
        1.0957772226977918,
        0.4611057970593808,
        1.8355447631496318,
        1.4232486932042174,
        1.7993873626586177,
        1.6563158922364032,
        1.3827902501389913,
        -0.537241359305859,
        1.7250635208999419,
        0.08089216611008576,
        -0.5958154252768645,
        -1.0418744925747665,
        0.948013654786151,
        -0.07100632806399218,
        -0.48852170644926035,
        0.7009585821168853,
        0.19766906383505212,
        0.29285479956135946,
        2.2567988577161886,
        1.017400609618755,
        0.5694310082477524,
        -1.5362344200468865,
        0.13225823960537386,
        0.6673764437304807,
        0.6720408958767076,
        0.401305241354013,
        -0.7168288272937479,
        -1.1673613072317175,
        -0.9772238852093718,
        0.4841227261539609,
        -1.4170719197704589,
        -0.7021727205918114,
        -0.34293432081241904,
        0.4857969904768201,
        0.19807125939485373,
        0.07126486934882176,
        0.36897393411140234,
        0.4142998291399195,
        -0.3136357830294275,
        0.14719660055904119,
        1.0987305090350765,
        -0.6145462266721929,
        -0.5870192845962761,
        0.07770481000079801,
        -0.16791385377762522,
        -0.05391438749893018,
        1.0547774471139002,
        0.41486033985823056,
        -0.007333842755019464,
        0.041209729003725826,
        -2.245053269109199,
        -0.29609440359385625,
        0.056856016774917834,
        -1.393569963482253,
        0.08056532224936228,
        -1.0015145188067738,
        -1.5276465334374194,
        -1.6066450120920834,
        0.30265337014869204,
        0.9385390487401609,
        -1.9846572033609462,
        0.107493788959285,
        0.5532294387571048,
        1.8821414095379716,
        0.0076491171312098385,
        1.1162589095675508,
        -0.9986450539948101,
        -1.2511539539446472,
        0.30052119514790304,
        1.2390933614430808,
        -0.6822975157732013,
        1.1710423700124277,
        -2.134631131787381,
        1.3921962572787918,
        1.1527099225824224,
        -0.21702821620298463,
        -0.7692493091142972,
        0.4270665014907763,
        -1.3425488556467717,
        -0.25566859387810903,
        1.7255539508578945,
        -0.73943903936706,
        1.0617989005491182,
        1.0741247570272985,
        -0.4344327206387536,
        0.9804598904666919,
        -0.9537206674010611,
        0.20607154272910033,
        1.0628210373250975,
        0.8903354816469604,
        0.023758486892625802,
        1.106921377037255,
        0.4733869300594812,
        0.7237189464092508,
        0.45785861310495485,
        0.6429202854018625,
        -0.17008347224153442,
        -0.5185565072710961,
        1.3961285730561452,
        1.1905276580388118,
        1.5806578960805577,
        0.599685027875628,
        -0.9774552237531792,
