{
    "idx": 707803,
    "fights": [
        {
            "enemy": 5,
            "fitness": 87.6252886203982,
            "player_life": 32.200000000000266,
            "enemy_life": 0,
            "time": 269
        },
        {
            "enemy": 6,
            "fitness": 66.29621752534379,
            "player_life": 0,
            "enemy_life": 20.0,
            "time": 300
        },
        {
            "enemy": 7,
            "fitness": 90.57289246928256,
            "player_life": 59.20000000000033,
            "enemy_life": 0,
            "time": 210
        },
        {
            "enemy": 8,
            "fitness": 87.53788162462297,
            "player_life": 33.40000000000027,
            "enemy_life": 0,
            "time": 331
        }
    ],
    "weights": [
        1.4785630238853718,
        0.35495643549037326,
        0.8907977968885991,
        -1.061643378836331,
        -1.8852078301479125,
        0.9430544396864495,
        -1.451790639201808,
        2.025357649865522,
        -0.11857887985079485,
        0.7806344572300362,
        0.13907819364011245,
        -0.8078422871003272,
        -0.9926057309501232,
        -0.5261511434447522,
        -0.36850100510887335,
        2.5546321415824296,
        1.1465456488798154,
        0.9940371833671131,
        -0.24878998618997597,
        2.077131098237057,
        -1.227722215935365,
        -0.1537220345121231,
        1.6944556493387717,
        1.4841687033579625,
        0.6587989151855475,
        2.130752116850538,
        -1.3167337698813577,
        0.089282829113845,
        -0.3521816037372749,
        -0.004281378881543604,
        0.43531502116955795,
        -0.9308798381843296,
        -0.8194115486520703,
        -0.6154621374335834,
        0.6890526765662326,
        0.3101762850593907,
        0.5531505763715677,
        -0.776591883517083,
        0.6022170641030606,
        0.6392484213518377,
        -0.4054613080859629,
        -0.6808034758883544,
        0.6378114623488719,
        1.861561046699981,
        1.2573502071133602,
        -1.1612133150433102,
        1.9506912039909277,
        -0.10318682775858026,
        1.3042911064547158,
        0.985411180479822,
        -0.2856204147178244,
        1.0594951498755476,
        -1.5954320023934412,
        -1.1033752807400288,
        -1.0345444385126827,
        1.7383249269754804,
        0.5301304846430132,
        0.03786343241484599,
        -2.4327471188834595,
        0.2942633647277216,
        0.38195803522993965,
        -1.2741849450793845,
        -0.7684122484979264,
        0.09248248114858998,
        1.1501869452565772,
        -0.06391102850662006,
        -1.3422744096467147,
        1.8959965971282813,
        1.107697153161023,
        0.25553586153736974,
        0.973944907973193,
        -0.40669573112259494,
        0.15680779288062965,
        0.1918682359692439,
        -0.6990589348749328,
        -1.60357399412244,
        -1.07123873573732,
        -0.4855936968228142,
        0.6318600664029453,
        0.4395383255048282,
        -0.13848219952240395,
        -0.2699037857276436,
        -0.4493178382663107,
        2.62465558309028,
        0.3703062851823614,
        -1.0051444429276812,
        -1.1685946168174344,
        1.6765439953683339,
        0.011227793485881453,
        -0.33554940851372805,
        -0.4119778231143114,
        -0.5951584231132554,
        0.012059838884945717,
        -0.27890223386105323,
        0.976128226644038,
        -0.9742138527670983,
        0.10378000185118497,
        -0.5045259399646926,
        1.4143878643983876,
        -1.1238324793681074,
        1.1235911008320778,
        -2.1528559758017085,
        0.4624971106057316,
        -0.759639930000173,
        0.30791766476595317,
        0.08290387768448984,
        0.5073417322873932,
        -1.618462809277556,
        0.9081357605516843,
        0.017393631158704043,
        -1.4744744165132908,
        -0.04904471762560497,
        1.7546521004629352,
        0.033725799859908964,
        -0.9701997213169452,
        -0.9823208747698872,
        0.12261201848206014,
        -0.03553667551591663,
        0.7466290642728327,
        0.8363461612108687,
        0.0028226800402691155,
        -0.3618596696974645,
        0.29954690243284393,
        -1.8858863947874296,
        2.3461534471911594,
        1.786369101883124,
        1.059703479083033,
        -0.0452208743432805,
        -0.6020069224404965,
        0.6494754489601221,
        -0.2393769981370529,
        -0.03206745465254504,
        -0.31387535933760713,
        0.6966958225415251,
        0.4159356413392473,
        1.4027433841075427,
        0.09482015664193345,
        1.6815740352215691,
        0.945437643381191,
        -0.752115653148736,
        1.1089666362546682,
        1.4838616246046044,
        -0.8069733098097229,
        0.09843934327773035,
        0.02780918604327809,
        -1.0544274525810227,
        0.9333524485505875,
        -0.501342392613447,
        2.0073831742616846,
        -0.3145976558494518,
        0.3008494092651984,
        1.1934168604117281,
        1.5542322193579183,
        0.9469135245604376,
        1.7539058593949768,
        0.28799131230845143,
        1.0695247332677311,
        2.031358532471348,
        1.092533585437413,
        -0.7819817765611328,
        -0.8501512732422132,
        -0.5320390651241189,
        0.6867926419092925,
        -0.8256558267712206,
        -0.019771828813284275,
        0.4233354650047,
        0.03255039671799774,
        1.743502325563085,
        0.2957777021537175,
        0.6001761513609108,
        -0.6506643582549008,
        0.26277248546344767,
        0.3732510838194104,
        -0.35239895941210087,
        0.31057975621124906,
        -0.5115565539972761,
        -1.4794888342238481,
        -0.514488269877315,
        0.6877376657777838,
        0.2956137577935092,
        -0.7306091780184706,
        -0.06095420223155229,
        -0.8597785001752541,
        0.4518985319611971,
        -0.2761602794669781,
        2.1461355676492553,
        0.2620626783338368,
        -0.4967381226688564,
        -0.24418391290282374,
        1.1797254433622855,
        -0.07985997402408306,
        0.05330160126246436,
        0.3801247855134785,
        0.3442049409969169,
        -0.6289136919660823,
        0.7987880628308176,
        0.3614254289545331,
        -0.06531719222167709,
        -0.38856845627510345,
        -2.235079661423967,
        -0.9728483869046335,
        0.123667790255552,
        -1.3730834326296828,
        0.26171938039468884,
        0.007945131402845751,
        -1.7644383263823682,
        -1.6290496491459596,
        1.2755756632643838,
        0.5157071613637606,
        -2.0325432819498306,
        -0.7805155467720705,
        0.7399093117501334,
        0.3587355889545596,
        -0.7034693791745329,
        2.1982217872535537,
        -0.6742630644526585,
        -2.190757594754564,
        0.9611450135451092,
        1.8583774258169297,
        0.3690204061311812,
        1.2661351877366076,
        -2.0612457679969665,
        1.2808534723655796,
        0.7079269567571765,
        -0.20106579091795196,
        -1.5932459792604599,
        -0.1470789651727226,
        0.05779513723767547,
        0.005314010146197395,
        1.4152363671019355,
        -1.0089710052614558,
        1.6857609445538104,
        1.8423968426502628,
        -0.21429784816799785,
        1.0183580607610314,
        -1.124798673500008,
        1.4536423337739959,
        1.6823006301318735,
        0.27463121087813713,
        0.034598490956017025,
        1.189868545224387,
        -0.46483050307421603,
        -0.29648453647994394,
        -0.04520732652355933,
        0.7998063789652541,
        0.6820055715211563,
        -0.7681889297983343,
        1.0484742100438529,
        1.4315518166968952,
        0.3525422319819906,
        0.8082630081273535,
        -1.3694752940238448,
