{
    "idx": 710055,
    "fights": [
        {
            "enemy": 5,
            "fitness": 84.51777673454485,
            "player_life": 7.600000000000232,
            "enemy_life": 0,
            "time": 514
        },
        {
            "enemy": 6,
            "fitness": 48.5750499825186,
            "player_life": 0,
            "enemy_life": 40.0,
            "time": 227
        },
        {
            "enemy": 7,
            "fitness": 89.53946500072774,
            "player_life": 49.60000000000031,
            "enemy_life": 0,
            "time": 226
        },
        {
            "enemy": 8,
            "fitness": 86.33574420258549,
            "player_life": 22.600000000000243,
            "enemy_life": 0,
            "time": 374
        }
    ],
    "weights": [
        0.5748424397480035,
        0.05284484873281481,
        1.6055114035918012,
        -1.0781968902521724,
        -1.5928087348157696,
        0.2693717073440622,
        -1.512533562401129,
        0.992852549235684,
        -0.5844772840470832,
        1.054154110709159,
        0.2680217867147095,
        -0.4717552651721895,
        -1.4266973826246678,
        -0.8634670332935462,
        -0.8349477631725226,
        2.1813593484660774,
        1.0270222409986842,
        0.8947912190420176,
        -0.0734833492058444,
        2.3066756659341663,
        -0.9929616598989878,
        -0.006522331096821918,
        1.5229652911754856,
        1.9603597982966439,
        0.19924317681067183,
        1.6165907015491785,
        -1.6800489110523027,
        0.12160739656117853,
        1.2237327130113282,
        0.21904984745675982,
        -0.7187799373207473,
        -0.8288205831374532,
        -1.1719641505573406,
        -0.5550164576175738,
        0.6942410364479688,
        0.10022529307963038,
        0.40792278455353415,
        -1.1310957016885734,
        -0.19456613169641698,
        -0.10643665572327737,
        -0.3911114774781278,
        -0.5210275255823746,
        0.42067072948240974,
        1.3520774437286809,
        0.22417751857484336,
        -0.9869518321848625,
        1.791337302504236,
        -0.3382293021454308,
        0.26742981587864745,
        0.9229948955587858,
        -1.1371579192949355,
        1.6372731703850443,
        -1.6040872242794442,
        -1.1826687791059216,
        -0.6739163528316513,
        1.7573204552888553,
        0.47066314120312086,
        -0.34960458257374755,
        -1.4914023056595134,
        0.8378470596676469,
        1.0189201310404765,
        -1.1092722302266929,
        -0.3512759015976255,
        0.6555870683487216,
        0.6265805007939433,
        0.21879820314620474,
        -0.8423245171939544,
        1.6353915371901646,
        -0.7056160740676889,
        0.23597315507805336,
        0.5890986022560987,
        -1.0253351349970246,
        -0.2447675691117302,
        0.19195404371651542,
        -0.16895213264284237,
        -1.2973730752376513,
        -0.4345310684808552,
        -0.46371395889000316,
        0.9389681426046914,
        0.3342204023866344,
        1.0589918639269338,
        0.47288292069902294,
        0.5974398074813334,
        2.63895442623532,
        -0.432881412245108,
        -1.152926473684652,
        -0.39006265796408307,
        0.8984053079778032,
        0.78798293276313,
        -2.0512510156039117,
        -0.6961897717722116,
        -0.2698060319257449,
        -0.003707999471738971,
        -1.915762983937785,
        1.0180964932615912,
        -0.1876574094544289,
        -0.9892681211889931,
        0.22216504140547952,
        2.508739518695159,
        -1.1360527174320527,
        1.009521173250209,
        -1.7017044328557809,
        1.422899663794353,
        -0.5175992734821748,
        -0.08056609371307516,
        1.1628591123410479,
        -0.005452407596740141,
        -1.2291631479001464,
        0.8217678744854272,
        -1.0403676329779925,
        0.15143784731253873,
        -1.3159763910280036,
        0.7983104299606661,
        1.1314863430479665,
        -0.9874955044584539,
        -0.7065829788495155,
        0.2926822805319509,
        -0.998969426526632,
        0.11123928309930606,
        0.4835098903632455,
        0.10899201198225554,
        -0.07227863398591565,
        0.5147573519752551,
        -1.0551577395073874,
        1.4635767371351378,
        2.875645824818755,
        0.5703657111867353,
        -1.2786955730964191,
        -0.3691180646862428,
        -0.24227709918705212,
        -0.8578669776404385,
        0.5352184344666822,
        0.4992626066794903,
        0.6936251284851032,
        0.3598225296669494,
        1.363440307110243,
        0.4593649650343988,
        1.8613938972692696,
        0.4671679338717732,
        -0.6295543338303029,
        1.1274442041408559,
        1.4638258268295123,
        -1.4699062569869343,
        -0.05183446005604792,
        0.2032054428943482,
        -0.8068298455459626,
        1.9734421049111956,
        -2.4888967660622794,
        0.7161661424739062,
        1.0461885702173375,
        0.22052567438491977,
        1.8044350378111078,
        1.6467532638903322,
        0.4455203126195833,
        1.3847378234468464,
        1.2571955393323964,
        0.11230106199555995,
        1.9980005540392816,
        1.1237427932873894,
        -0.8777452142793427,
        -1.1035592162052053,
        0.252083568224847,
        0.8621489660236571,
        -0.42296746158752885,
        0.5747224768414849,
        0.4076295851676569,
        -0.0953266797434078,
        0.9444355472661788,
        0.5345195253688049,
        0.3562488747317029,
        0.2443759978609162,
        0.5835852317528809,
        0.6008990370664882,
        0.5877588233588111,
        0.1343051150300078,
        -0.9453576929974439,
        -1.2525230883825433,
        -0.9457012772554265,
        0.6089874411630736,
        -1.3654526497731427,
        -0.26107284447837464,
        -0.4468360542376534,
        -0.5708347493152822,
        0.19923087123979472,
        0.025865277903675946,
        0.4746361474643285,
        0.5584111995404567,
        -0.5212367449198697,
        0.18736458758377006,
        1.3473940078959605,
        -0.3013973364373749,
        0.30038672997300464,
        -0.5183713721348073,
        0.059192215113179916,
        -0.5783472885512935,
        1.3211595830457925,
        0.21008565838599275,
        -0.15416881409907449,
        -0.572160472939111,
        -2.172257863048517,
        -0.723485787601126,
        0.5808389146263687,
        -1.0053739042174952,
        0.2626508038960891,
        -0.8523396263094796,
        -1.3222834417886216,
        -1.4706923601818165,
        0.2074072048529465,
        0.9412829884883894,
        -1.8474823210628792,
        -0.15999644044443143,
        0.3240015614170007,
        0.8714076626479376,
        0.41800272395597815,
        1.0618605053648993,
        -0.6141558783977035,
        -1.5537296970891845,
        -0.094008798036901,
        1.2651704373388006,
        -0.5804282506394535,
        1.4519060433305429,
        -1.4819327993972484,
        1.306146008820789,
        0.8960041174890682,
        0.28305306737919267,
        -1.5657200362401469,
        0.6400926807217108,
        -1.2462450144676418,
        -0.01887247666567496,
        1.5923828055043245,
        -0.5307420118969111,
        1.7608880090909858,
        0.945857776485121,
        -0.09187432365404351,
        0.5127117840749559,
        -0.6671476344834508,
        0.9211382524915193,
        1.7319956970315216,
        0.39478328865083245,
        -0.5252659211766768,
        0.5343830254326073,
        -0.568899702923243,
        0.669969459753368,
        0.6093959744892372,
        0.9604870604320033,
        0.9659395002620594,
        -1.1969351718948218,
        0.9594872555269776,
        0.8507292073358684,
        2.095842916955874,
        0.5149853759545062,
        -0.713404284156821,
