{
    "idx": 703290,
    "fights": [
        {
            "enemy": 5,
            "fitness": 89.03237888630939,
            "player_life": 46.6000000000003,
            "enemy_life": 0,
            "time": 278
        },
        {
            "enemy": 6,
            "fitness": 57.46266573298146,
            "player_life": 0,
            "enemy_life": 30.0,
            "time": 254
        },
        {
            "enemy": 7,
            "fitness": 89.29946500072774,
            "player_life": 47.2000000000003,
            "enemy_life": 0,
            "time": 226
        },
        {
            "enemy": 8,
            "fitness": 86.33574420258549,
            "player_life": 22.600000000000243,
            "enemy_life": 0,
            "time": 374
        }
    ],
    "weights": [
        0.3942738195954425,
        1.5083215969663877,
        1.2241133011736458,
        -1.065807538874463,
        -1.2458219249141445,
        0.17118748266768055,
        -1.4070438506302854,
        1.345508733259039,
        -1.0639342977926465,
        1.3252228647421296,
        0.36242478025804564,
        0.36025954373550756,
        -1.337538199694613,
        0.15141473592765953,
        -1.3988321217928992,
        2.4160647487319844,
        1.2602758860966075,
        1.0862076163741634,
        0.47843058398437516,
        2.152548604354572,
        -1.9882022209238863,
        0.42609593671966534,
        1.4836919808990268,
        1.6318200869587136,
        0.42587163272174416,
        1.6686988732179913,
        -1.4724701717602038,
        0.22435124856156455,
        1.1337022425427352,
        1.3988850779748754,
        -0.5856616185070723,
        -0.631785882451589,
        -0.7451987277445997,
        -0.5309385597836507,
        0.7933776889295935,
        0.1563323583336581,
        0.323436740616752,
        -0.5110253455476914,
        -0.10969632478682381,
        0.8434882771382542,
        -0.26188141747800014,
        -0.7845105055316541,
        1.0161738537341147,
        0.6450929578430344,
        0.24707377214369075,
        -0.5451733952709744,
        1.3561373558213388,
        -0.06191188114720936,
        1.2361695819693987,
        1.0307617686709543,
        -0.9178760394189356,
        1.448196370925172,
        -1.19828583813021,
        -1.127719777187242,
        -0.6260586004102937,
        0.9746740669852576,
        0.6467123657723971,
        -0.4641258991583598,
        -1.9710444302617747,
        0.4196674280847831,
        1.0111329670619673,
        -0.3490744929514972,
        -0.20177752323846604,
        0.3212592680855005,
        0.6965802600288038,
        0.37719308301379006,
        -0.8954410155417789,
        1.2783260975780537,
        -0.30655800526085475,
        -0.48466483311027814,
        0.5087068038058572,
        -0.46752887137444255,
        0.30343103078340383,
        0.1434322136171487,
        -0.5594276190738768,
        -1.1845762638238488,
        -0.49146460713357043,
        0.22762346951550394,
        0.5496918110635733,
        -0.3134443635799845,
        0.3361878380367233,
        0.36673360142193945,
        0.31121993879283877,
        2.4008425229420025,
        -0.17568606952923888,
        -0.8035563864221733,
        0.3579700516217626,
        1.299141245519111,
        0.1783268779925927,
        -1.0185363948974295,
        -0.6871486318497738,
        -0.23136554033907725,
        -0.11520539013100035,
        -1.0770556933965771,
        0.8274962050271768,
        -0.8384416638362013,
        -1.1883929059500364,
        -0.4648379215697065,
        1.5403030118845036,
        -0.6958128341145702,
        0.9094148610918734,
        -1.7057397265167211,
        0.5859109698678072,
        -0.7600662534774919,
        -0.2179475279381693,
        1.71645734084643,
        0.025323477481492183,
        -0.8586730126244891,
        1.3661822342192185,
        -0.19250698309518816,
        -0.6188251981359519,
        -0.8182528480350048,
        0.6231187793937636,
        0.13803414049785237,
        -1.716188802057771,
        -0.09938099606329122,
        0.4509571960346396,
        -0.4784489795597835,
        -0.10420141555808599,
        0.678719811411584,
        0.28883569597203385,
        0.10071837144624793,
        0.6936685408980257,
        -0.5189568984779921,
        1.2738261820514434,
        1.934078268542286,
        0.6327536388474924,
        -1.03395214037649,
        0.18899440506308562,
        0.3770639996860811,
        -0.49241120081006445,
        0.32600849460379955,
        -0.1141025772489843,
        0.4070941339654946,
        0.39593242886474794,
        0.7533918558998943,
        -0.17073526001142905,
        1.7779963114627155,
        0.24841802855277817,
        -0.8883122365293024,
        1.6306767390881742,
        2.114964051201708,
        -1.0048460693527255,
        -0.7054253689362965,
        0.6389295076711319,
        -0.9572102698791449,
        1.9834708233170053,
        -1.7595197426302158,
        0.9636544561168678,
        0.32128618078704646,
        -0.11414117415280217,
        1.9935799764287885,
        1.5639484577044875,
        0.5010601281795849,
        0.8992748648071558,
        1.4584699804140495,
        0.18870099205377652,
        0.38270352892632475,
        0.5233046803801906,
        -0.2841898674318019,
        -1.1222934266796805,
        -0.6829634584696399,
        -0.00894483044113999,
        -0.5333601712691975,
        0.8808616268162124,
        0.2622222838193411,
        0.16789631584352407,
        1.393283123036805,
        0.2811269706557905,
        0.9118446945555576,
        -0.30256111118556595,
        -0.04237326877041726,
        0.49211549879709027,
        0.9137288085992205,
        0.4183429049011636,
        -0.8595565939706156,
        -0.605847937893008,
        -1.1060095323450294,
        0.5690655470338526,
        -1.260696146377743,
        -0.10446179498129549,
        0.33627898028507347,
        -0.8603598734809439,
        0.22366519550468264,
        0.45420888221977695,
        0.888758333778155,
        0.7937719685941425,
        -0.675040587879355,
        -0.07571033440707617,
        1.0985454563017683,
        0.16141918087482604,
        -0.13879895183931898,
        -0.06106368081305587,
        -0.025462030549671832,
        -0.179704290526628,
        0.9885436551556502,
        0.26818296221785903,
        0.05856809582116545,
        -0.34248778982915773,
        -1.6132127581692162,
        -0.7412617949984694,
        -0.26221622644982207,
        0.03921064731610048,
        1.7154751527610412,
        -0.6298393796598892,
        -1.0820861531497037,
        -1.2099139501521787,
        0.3978139615514328,
        0.9417674251607059,
        -1.6606356231203245,
        -0.6224577411697091,
        0.6701530743548234,
        0.8150504432420375,
        0.2842787899050656,
        1.2190983039258378,
        -0.9823243056812048,
        -0.9415406635617497,
        0.03116767996665718,
        0.9178552448243332,
        -0.21667731215259495,
        1.1075916287575631,
        -1.0203228113441727,
        1.1147031809972634,
        0.6910432311842497,
        0.2675848602126621,
        -1.3679740452807818,
        0.6974358838610704,
        -0.8004930425110797,
        -0.046061178597646024,
        1.2146406117048598,
        -1.3539671326644551,
        1.3803370290810293,
        1.3201410990921212,
        0.31793782055959713,
        0.15578567849977298,
        -0.25227791383362785,
        1.0969447412933038,
        1.6572045301997966,
        0.7246201853678845,
        -0.6432356266940522,
        0.6482040703613804,
        -0.21076512221859395,
        0.965165993660214,
        1.1362873010354597,
        1.0008860552342604,
        0.6332729068019592,
        -0.5327116469021631,
        0.7608853177309165,
        1.2669353598475994,
        0.5449579265822614,
        0.5327175514505539,
        -1.340956872480689,
