{
    "idx": 703275,
    "fights": [
        {
            "enemy": 5,
            "fitness": 89.96353644806851,
            "player_life": 54.40000000000032,
            "enemy_life": 0,
            "time": 239
        },
        {
            "enemy": 6,
            "fitness": 85.23282822853992,
            "player_life": 6.400000000000233,
            "enemy_life": 0,
            "time": 223
        },
        {
            "enemy": 7,
            "fitness": 90.44814186652397,
            "player_life": 58.00000000000033,
            "enemy_life": 0,
            "time": 211
        },
        {
            "enemy": 8,
            "fitness": 89.30661051127251,
            "player_life": 48.400000000000304,
            "enemy_life": 0,
            "time": 253
        }
    ],
    "weights": [
        0.5168610045194689,
        1.1580937134840792,
        1.19422783457923,
        -1.0075228793505022,
        -1.2587393110850718,
        0.32523458073070083,
        -1.4152922597577855,
        1.2502538840121642,
        -0.49088075918455504,
        1.2985215158980827,
        -0.17311616057013848,
        -0.4825568579744813,
        -1.1620237329569951,
        0.03815210122891409,
        -0.8461410108143754,
        2.3350486742457663,
        1.1928428765636523,
        0.9890334628775155,
        0.43894075084153267,
        2.663303625634145,
        -1.33840689254283,
        0.13966868298174998,
        1.5722439345378934,
        1.392244924173229,
        0.7884451724481377,
        1.90130622896355,
        -1.2830125121682971,
        0.28253582988628007,
        0.8793414970937206,
        0.7287841059555205,
        -0.6814369120834188,
        -0.697430661894569,
        -0.7267487264994537,
        -0.9587216864798116,
        0.7513775496400922,
        -0.22512258142448777,
        0.5124013850943832,
        -0.33944540616080626,
        0.04201873129484154,
        0.35665888253533584,
        -0.04736958566590523,
        -0.32186747284923967,
        0.5655194357250101,
        0.8255915872510078,
        0.45521198021663234,
        -0.817723886191692,
        1.0765430428222105,
        -0.23046837217630634,
        0.2492521046696263,
        1.3282750364575235,
        -0.9285698856667524,
        1.8343534554970102,
        -1.5707350531354916,
        -1.2486224034427504,
        -0.3501956512186214,
        1.195891730844984,
        0.2950413531514117,
        -0.42611009237778064,
        -1.9906952769405457,
        0.6991181065530436,
        0.954818162272883,
        -0.5954821106118915,
        -0.460986044135565,
        0.813947346205599,
        0.6927553057626236,
        1.2116691879016408,
        -0.8710399527547639,
        1.2770511599615064,
        -0.6771075698974708,
        -0.7618817181029031,
        0.7115078008864079,
        -0.8798629616107769,
        -0.4248468670886135,
        1.0238276841796827,
        -0.5447302477644838,
        -1.4333321953363605,
        -0.2950643034647528,
        0.14727938473281907,
        0.8244264141030436,
        0.0767823458956162,
        0.3756495717644909,
        0.13720337740706154,
        0.6337906861432014,
        2.3572193700901045,
        -0.25724661764718115,
        -0.6854127482670963,
        -0.21652274070562974,
        1.3010069277360938,
        0.3947192272599997,
        -1.5489751860424021,
        -0.5700170858856278,
        -0.3556875873648485,
        -0.2758126957819911,
        -1.5845078080531612,
        0.8180838956853824,
        -0.506352154170306,
        -1.134739065840624,
        0.015002699796392936,
        1.9422654486530166,
        -0.8793145229053917,
        0.8306765001757459,
        -2.1729557652209786,
        0.7776876481050422,
        -0.6883212008054176,
        -0.11150141379740504,
        1.6101889304181725,
        -0.11263802918729926,
        -0.9699910222919215,
        0.873162547011239,
        -0.8604180775744554,
        -0.007285699366926926,
        -1.0612715824620018,
        0.5023691997007318,
        0.32883465238413007,
        -1.231552377271105,
        -0.07477747895036098,
        -0.05036158288320641,
        -0.2491546808033993,
        -0.21154042205503248,
        0.43039828657252194,
        0.38137700245384604,
        0.26456302114063135,
        0.3348001272926745,
        -1.7721070548885245,
        1.4593340569400635,
        1.8779863481996326,
        0.6316887145143979,
        -1.4420574113360334,
        -0.05569799478921211,
        -0.2048656059966067,
        -0.8278795565313867,
        0.582673510605733,
        0.23702336980790445,
        0.24237471978219724,
        0.47358395853146595,
        0.5744237861316289,
        -0.07671484620451666,
        2.2114059750266386,
        0.444450480493768,
        -0.8433191398655449,
        1.3185729919527225,
        0.9419749727666336,
        -1.0596606960003632,
        0.11972637333720257,
        0.04530020412649405,
        -0.8887953520427824,
        1.0769317835684267,
        -1.623299904943012,
        1.3872675461958017,
        0.40629500177853906,
        -0.13902165543783745,
        1.6095413497300919,
        1.5818640258261099,
        0.4714428533716714,
        1.220206503041732,
        1.2393153700320543,
        0.04445379142716035,
        1.4604847752967773,
        1.0982002839584164,
        -0.6134632684767359,
        -0.9624762988208622,
        0.930304151264733,
        0.07572320222391395,
        -0.3745638066517831,
        0.9309312722662858,
        -0.5113209559349583,
        0.19680301317085325,
        1.0566367916244366,
        0.8726912396795032,
        0.6396894910118305,
        -1.438314945565168,
        0.339820050851822,
        0.7119239481154322,
        0.9041569269726409,
        0.22454694911245998,
        -0.7325982110668106,
        -0.8310043790296837,
        -0.6610882363045767,
        0.16737186577267096,
        -1.3545812747161872,
        -0.03750027700754459,
        0.31101991844513666,
        -0.31490728025312187,
        0.5187915005555661,
        -0.05344256419275767,
        1.02812480418938,
        0.1330798382786288,
        -0.7253950065367044,
        0.18333012815145103,
        0.45655587669871495,
        0.2583215537886532,
        0.23459484848247203,
        -0.36901775088526134,
        -0.31771689204801407,
        -0.27430675983759006,
        0.8459511914649926,
        0.22741336258748307,
        -0.036246972734789856,
        -0.651013635329476,
        -1.7626858618885823,
        -0.397773985143397,
        0.12318934083796577,
        0.02311393114869642,
        2.172395385489363,
        -0.3668077603837373,
        -1.538491560477474,
        -1.3187107972901648,
        0.6481892867722933,
        0.7668866804454003,
        -1.6968868457526367,
        -0.18213213534767098,
        0.7704373717285806,
        0.8929501935897955,
        0.0008056030053803093,
        1.0759931822106954,
        -0.834710758423246,
        -1.499007814312866,
        -0.15980744003085642,
        1.171925610929439,
        -0.5441321096101959,
        1.2868272521068698,
        -1.094792254336235,
        0.9865009132144174,
        1.096434906190645,
        0.24777697430444018,
        -1.4431184544129099,
        0.6795040974385883,
        -1.3303937042313045,
        0.12019254941988286,
        1.3487813151604284,
        -0.8286650201474691,
        1.3537823572622047,
        1.289537983418322,
        0.10895293624281442,
        0.1865478176883521,
        -0.5087219078711643,
        0.6884392689589376,
        1.1380170107057483,
        0.6769434806158122,
        -0.8582781141376105,
        0.6042560114963538,
        0.13910147733719352,
        0.4984273741789551,
        0.7458323411188151,
        1.1556090070098046,
        1.2690220997470372,
        -0.9047999786663585,
        0.7436387773833723,
        1.3071652360870878,
        0.39364304368132147,
        0.6105382110429347,
