{
    "idx": 707023,
    "fights": [
        {
            "enemy": 5,
            "fitness": 86.6693574474123,
            "player_life": 26.20000000000025,
            "enemy_life": 0,
            "time": 384
        },
        {
            "enemy": 6,
            "fitness": 39.368788218178636,
            "player_life": 0,
            "enemy_life": 50.0,
            "time": 279
        },
        {
            "enemy": 7,
            "fitness": 89.77669509194095,
            "player_life": 50.80000000000031,
            "enemy_life": 0,
            "time": 201
        },
        {
            "enemy": 8,
            "fitness": 88.92324619773174,
            "player_life": 46.0000000000003,
            "enemy_life": 0,
            "time": 292
        }
    ],
    "weights": [
        0.891943365280068,
        0.2855938826129306,
        1.067172903252276,
        -0.8806896360391565,
        -0.6919452106230041,
        0.6120845473453493,
        -1.4887922991523632,
        0.9614964219891687,
        -0.38592273425754375,
        0.9548776489852837,
        -0.7401013991224895,
        -0.550874265686444,
        -0.9131588003888166,
        -0.7033144196170424,
        -0.9018188945516843,
        2.341245231262509,
        1.9220183270223514,
        1.345747881369059,
        0.701483767218454,
        2.168385790458382,
        -1.1119417710536004,
        0.44855066812037236,
        1.6952896522747165,
        1.4436775428023245,
        0.7631827956173409,
        2.2478245767415808,
        -1.5458249861861106,
        -0.128568459571467,
        0.5639929148076137,
        0.45259145518663424,
        -0.3976551493798232,
        -0.5771767630380085,
        -0.18536179536219355,
        -1.2462157028937713,
        0.7599181281269377,
        0.1728117499000258,
        0.08161160885996291,
        -0.5402178899598785,
        -0.39722452881553816,
        0.48350456118887203,
        -0.3521445609473543,
        -1.5076305032365678,
        0.4292822239949649,
        0.9247870337939816,
        -0.34912169117719577,
        0.031556081916330296,
        1.6118993052957769,
        0.06230242770797604,
        0.5501920405380623,
        1.1529421307616101,
        -0.9820328112009185,
        1.640306009326988,
        -1.6916682191898824,
        -1.0876278076017742,
        -0.9201570863987425,
        1.6062902007080293,
        0.6037983488681825,
        -0.47029181000542497,
        -2.217267825578315,
        0.18444850202239266,
        1.1238968016530073,
        -1.0216322245449887,
        -0.9068893682657915,
        0.4649833778619507,
        0.24002429533835087,
        0.2225229113358185,
        -0.9299075048007,
        1.790242330438823,
        -0.08217412623797331,
        -0.42267854790978154,
        0.3805293981934523,
        -0.8435245174760403,
        -0.2887750436896519,
        -0.07040063182741757,
        -0.4786862971305444,
        -1.5599816518297083,
        -0.4439546813301581,
        -0.4246674009474267,
        1.3372525262831756,
        0.15889286316356377,
        1.032442498661471,
        -0.09246931533793876,
        0.4210148952920338,
        3.4059330956699445,
        -0.44247466413869874,
        -0.8932725433491054,
        -0.4128642117495812,
        0.6990547740915685,
        -0.21416562279510162,
        -0.9694691512200122,
        -0.4549191630032901,
        -0.1854908991816036,
        -0.14860276363455943,
        -1.672027804815135,
        1.1478622431139196,
        -1.0098331650552241,
        -1.3885985735795512,
        0.26225943810084146,
        2.1604291440980594,
        -0.7568710169720431,
        1.3820556978820149,
        -1.9506477466503593,
        0.2776383627595561,
        -0.06653858754858379,
        0.06390973475117867,
        0.5642993679216306,
        -0.31750919371063324,
        -1.6386199705916378,
        1.0055232233885503,
        0.02729736087233897,
        -0.2172892153264222,
        -0.9362934774593854,
        1.0125768449135422,
        0.06219052895943909,
        -1.2189927440692505,
        -0.8394486117462502,
        0.3571071846837888,
        -0.40909105579239585,
        -0.24124396527970415,
        0.3596211080644065,
        0.05713007106400722,
        0.15434808581408138,
        0.48869608929815966,
        -1.9325121468086368,
        1.2221953406665331,
        2.669136764499882,
        0.5390082903409555,
        -1.6622651809040505,
        -0.18922210870465242,
        0.46773797480939444,
        -0.3596104471844056,
        0.0222217217263014,
        0.05339999428594365,
        0.5738447429714887,
        0.3160753831018483,
        0.9036376919655627,
        0.5689798900144322,
        1.35244420933809,
        0.033379009436516394,
        -0.8503263793127599,
        1.2343137371311332,
        2.0156902551717266,
        -1.4957498967665859,
        0.36477239303643827,
        0.055236376260910144,
        -0.8354512097403664,
        0.9756180567366366,
        -2.116231260557241,
        1.3265554462676041,
        0.1202371558830296,
        -0.2675023773497007,
        1.7622748831473576,
        1.3018114072463265,
        0.4320628078392472,
        1.4866048865190589,
        0.6119959708140783,
        0.11293973283621678,
        0.21704594820482467,
        0.9687702402300344,
        -0.6104837020045106,
        -0.8568751518005543,
        -0.11786202474316756,
        0.41107642649782,
        -0.18927935727324643,
        -0.46691410703040503,
        0.5238403993520893,
        0.2705172067984913,
        0.7490464643245178,
        0.5900549479589778,
        0.8354338157444151,
        -0.19398216973873394,
        0.2580163340890479,
        0.6108289905567352,
        2.0810425621885598,
        0.35857589781756244,
        -0.736337718344327,
        -0.03113673684340706,
        -0.6466055859930041,
        0.3341228975011606,
        -1.6587910582307503,
        -0.8960760361946604,
        -0.3652297107268455,
        -0.36668581192921185,
        0.4636651706824137,
        0.1829809535457644,
        0.6309924956118385,
        0.3200301848712363,
        -0.45468131921678806,
        0.013925015716294162,
        0.7748950062774076,
        0.1753426659216893,
        0.027158090197332792,
        0.4120874498875186,
        -0.08244436376283287,
        0.1369414887700094,
        1.7951521792581844,
        0.32899624034376135,
        -0.06508063538798334,
        -0.5859007580811675,
        -1.2683690127992053,
        -0.23560142622917807,
        0.03937826627730946,
        -1.0273178803078185,
        0.3044520744037038,
        -0.08050721136188263,
        -1.5683492149200908,
        -1.6537526218074154,
        0.030207239844043034,
        1.0235606417299057,
        -1.7673490516679875,
        -0.32202273043372376,
        0.7307429765388417,
        0.7020168673038043,
        0.15790424880833853,
        0.7391632545419579,
        -0.8647674249808803,
        -1.2850318315156448,
        0.5686547465870089,
        1.1645184502658759,
        -0.7400307349740516,
        1.3078986811287179,
        -1.1378398940894987,
        1.0987567351773178,
        0.6168687612887898,
        0.18579472212300518,
        -1.6978136715131553,
        0.817522406769681,
        -0.6642403439711234,
        -0.003968067504046394,
        1.7341234118660167,
        -1.1987890339273275,
        1.226031866363461,
        2.2288929829884014,
        -0.067626035508348,
        0.4032649962280361,
        -0.22325316019060867,
        1.1019700940047525,
        0.9766971439145387,
        0.18467102392902798,
        0.3729009901462453,
        1.098556853022602,
        0.2630719819475004,
        0.4032837333727447,
        0.5708521405099914,
        0.9968922813276709,
        1.3805003569291456,
        -1.1864686253073966,
        0.8963262885181743,
        0.992350684826575,
        0.43651394494273427,
        0.6902663415881899,
        -0.5395755482458325,
