{
    "idx": 707029,
    "fights": [
        {
            "enemy": 5,
            "fitness": 91.78027017401381,
            "player_life": 73.60000000000025,
            "enemy_life": 0,
            "time": 265
        },
        {
            "enemy": 6,
            "fitness": 39.544678884642295,
            "player_life": 0,
            "enemy_life": 50.0,
            "time": 234
        },
        {
            "enemy": 7,
            "fitness": 87.08389959779561,
            "player_life": 25.00000000000025,
            "enemy_life": 0,
            "time": 225
        },
        {
            "enemy": 8,
            "fitness": 89.97282822853992,
            "player_life": 53.80000000000032,
            "enemy_life": 0,
            "time": 223
        }
    ],
    "weights": [
        0.4442718423895995,
        0.8849127856624376,
        1.1288310820148453,
        -0.8450989022792365,
        -1.3236189020691527,
        0.14591207491696417,
        -1.455260537085013,
        1.799693291298249,
        -1.1316521658432026,
        0.9158933976164568,
        -0.16554092802483755,
        -0.6511827743278349,
        -1.2640024281634428,
        -0.6912505886989898,
        -0.5428602337149768,
        2.379586920490876,
        0.8379458821182544,
        1.508626002156601,
        0.21076111966956443,
        2.8945399114386254,
        -0.9072789184670124,
        0.500888644393034,
        1.4221118778493114,
        2.169291857771518,
        0.7221834753539559,
        2.0756381053577977,
        -1.6505339568988464,
        -0.009495911846696407,
        0.9661944075014193,
        0.2872560092947324,
        -0.049233181757052435,
        -0.5838184469453533,
        -0.020430594126529283,
        -0.7991076144857177,
        1.103412595465841,
        0.18686770209524528,
        0.19495307759363678,
        -0.8802592220179771,
        -0.2930060371933128,
        0.4381903127814408,
        -0.4775975017633552,
        -0.5987526142094437,
        0.13751855429860976,
        0.8596909783931908,
        -0.2819426116762641,
        -0.14554545140058497,
        2.5282800207592917,
        0.022031797499269833,
        0.3663597309414527,
        0.7539227339994252,
        -0.32905614181334214,
        1.4761006702238633,
        -1.3873615336397298,
        -1.0742822271263135,
        -0.6910461738865277,
        1.536661169135801,
        0.0037475585479558593,
        -0.08834852777726732,
        -1.7594326732479755,
        -0.12720430735031316,
        0.9305811802453094,
        -1.1037909737155382,
        -0.475571339301247,
        0.3715539206847562,
        0.39958913434504373,
        0.45838189704748333,
        -0.585787762690976,
        2.6257287935319678,
        -0.9640893163756741,
        -0.1246754644313107,
        0.4718793652038841,
        -0.7271837676411161,
        -0.038718038805630434,
        0.8448677410798535,
        -0.7395144390776455,
        -1.8532385203117518,
        -0.37970181927470126,
        -0.3162999585439972,
        0.528357748303032,
        -0.08333484888714307,
        -0.2114764731174925,
        -0.3248748426109286,
        0.55548452880152,
        2.3521680654394004,
        0.17024111702804381,
        -0.016953130723031465,
        -0.6467833439034372,
        1.154240314290505,
        -0.09129973732886294,
        -0.7810305071459149,
        -0.5922959611741372,
        -0.7775862387199861,
        0.1263583110571393,
        -1.6584488617644626,
        1.1169293852055886,
        -1.0041194988201494,
        -1.4691949982882184,
        -0.0943590289011064,
        1.406613295037729,
        -0.5309009930020231,
        1.3181614111579742,
        -1.431011774876357,
        0.47409136775585575,
        -0.5011608598468091,
        0.038825061533027824,
        0.13233557526668357,
        -0.07915433929808376,
        -1.389106402837607,
        1.1494097444230065,
        -0.42186542476580025,
        -0.23537498407674107,
        -0.5188392798150819,
        0.960776973697955,
        0.0023336811290816106,
        -1.0364261109447883,
        -0.7678667237218653,
        0.4230192840250553,
        -0.21731044964136637,
        -0.20892963572909007,
        0.5005018862160076,
        0.5063371545966696,
        0.19102696462447005,
        0.8810562869221026,
        -0.13932646342455662,
        1.2046739076213995,
        1.3889567330409553,
        0.619637130413926,
        -1.6426267911026189,
        -0.6290263624332245,
        0.5246400254423539,
        0.11654800252822863,
        0.40610368404830927,
        -0.24412588440146593,
        0.3781383470694039,
        0.8394322274784186,
        0.9677982066023153,
        0.09593259288115827,
        1.7921829009049075,
        0.7359202668679787,
        -0.6042302549530527,
        1.2606360039362337,
        1.8967807859778234,
        -1.5771058331102001,
        -0.17442716337200792,
        0.136599528247543,
        -0.3981182445924283,
        1.2035836442070247,
        -0.9825144742039869,
        1.270649588787822,
        0.11218626285235557,
        0.007391686169455493,
        1.3906278474994889,
        1.6227336759401372,
        0.3397485735515567,
        1.1769345814265633,
        1.367734221411776,
        -0.18304822885008457,
        0.2208332030517719,
        0.7212529917397805,
        -0.561577610059813,
        -0.3439466245852766,
        -0.14364140090266997,
        -0.07437817562725128,
        -0.6399274149305232,
        0.7941830786337274,
        0.3868794661230307,
        1.0138763681026957,
        0.42906271577103194,
        0.6475536436542958,
        0.8952682916003618,
        -1.2038546191525565,
        0.4086630158843477,
        0.6299530146704713,
        2.0913960395479734,
        0.2689245303108596,
        -0.7892349969879878,
        -0.021245270509712713,
        -1.1993163960767481,
        0.46127615668340144,
        -1.5701783044736035,
        -0.991611355210611,
        0.365696982579807,
        -0.4572925827689453,
        0.11637687254615448,
        0.325351712258691,
        1.1862495285573713,
        0.8712101849881668,
        -0.34113020001073335,
        -0.26626860814166486,
        0.7928793099398548,
        -0.1455534000307365,
        0.397849426931342,
        0.2724429045257894,
        0.07856004750965358,
        0.4136815808787957,
        1.2467915301298893,
        0.46621470494731543,
        -0.1528229954667407,
        -0.7960093564810546,
        -1.9901555292400892,
        -0.6029789012277194,
        0.48929149642391595,
        -1.0140706199980254,
        0.4612140496403312,
        -0.1703344814788524,
        -1.6911635077417004,
        -0.6342850103524266,
        1.337777553941395,
        0.8205370512787498,
        -1.8015206175204672,
        -0.6956402783775731,
        0.7341493852057751,
        0.9759096610754261,
        -0.7700796632003195,
        0.8107141448326562,
        -0.6567106703726562,
        -1.5965827935901429,
        0.19070043172747833,
        1.2303018535186636,
        0.1497113820435258,
        1.170440531684576,
        -1.0001173313843674,
        1.276335580880646,
        0.32635590654036795,
        0.1303823115295114,
        -0.8766070007901323,
        1.0052519720978894,
        -0.6783035714740234,
        -0.04475306306863727,
        0.7981519202995341,
        -1.135592872693101,
        1.257001010743853,
        1.7467611792788027,
        -0.01610172443453229,
        0.6216637861326623,
        -0.24970455900961333,
        0.33379174221176383,
        1.7423687939254595,
        0.6900205745401226,
        0.5935213585569848,
        0.45270348526254217,
        0.1499432510089103,
        -0.1307837112917495,
        0.49521143875740536,
        1.1358327299898567,
        1.3171136083900221,
        -1.0318646338157158,
        1.1831989663801867,
        0.8915054917053762,
        0.5005922245303351,
        0.83262329621578,
