{
    "idx": 714562,
    "fights": [
        {
            "enemy": 5,
            "fitness": 90.15650369121833,
            "player_life": 57.400000000000325,
            "enemy_life": 0,
            "time": 266
        },
        {
            "enemy": 6,
            "fitness": 75.29621752534379,
            "player_life": 0,
            "enemy_life": 10.0,
            "time": 300
        },
        {
            "enemy": 7,
            "fitness": 89.82192069107684,
            "player_life": 52.600000000000314,
            "enemy_life": 0,
            "time": 230
        },
        {
            "enemy": 8,
            "fitness": 86.33574420258549,
            "player_life": 22.600000000000243,
            "enemy_life": 0,
            "time": 374
        }
    ],
    "weights": [
        1.4069102105316247,
        0.8788577531527679,
        1.2753160285997036,
        -1.3555298567208371,
        -1.0349385635023307,
        0.7831629100054183,
        -1.732641205337563,
        1.0012762132733586,
        -0.4477405621667952,
        0.872856840853853,
        -0.19187578791689175,
        -1.113272198437715,
        -0.8138970310552718,
        -0.4821620984085627,
        -0.4402669074460095,
        2.8187542323486565,
        2.269062180317822,
        2.141235851561825,
        0.5630441639206787,
        2.1315774507061396,
        -1.082767478206236,
        0.5610223678295936,
        1.0543202847758597,
        2.494641605032638,
        0.6050516656607846,
        2.263337891485908,
        -2.11621062796212,
        0.13938277143621805,
        3.1492682951219426,
        0.26381957386310456,
        -0.534107854709843,
        -0.8507196650445801,
        -0.2677286885059349,
        -1.527911188210965,
        1.0549474016015374,
        -0.4222569485090336,
        0.7215638205865516,
        -1.6748966690300413,
        -0.505736143134585,
        0.43131560245871026,
        -0.47439599359821943,
        -0.45129446622500274,
        0.4636228261823191,
        0.8558503329262266,
        -0.11113318420763074,
        -0.80407386321847,
        1.0289467781991597,
        -0.1054268153354238,
        0.0977364360848015,
        1.3917661259812857,
        -0.39962243063496866,
        1.7296412321527788,
        -1.171348156027503,
        -1.0356682848060796,
        -0.7862224466018553,
        1.9072697641132745,
        0.4449906746284273,
        -0.4470361763322442,
        -2.0048380833253825,
        0.9471146345314452,
        1.2863912173980472,
        -0.8189511789902758,
        -1.4681730884304587,
        0.5314118551648815,
        0.11379598014548686,
        0.18414436781912327,
        -1.8367834448331262,
        0.9385276159588364,
        0.5608063627885821,
        -0.44333685446217935,
        0.5161596984135559,
        -1.3427445002139626,
        -0.695468870712563,
        0.32395090626774825,
        0.5501314928423224,
        -1.0742086948952636,
        -0.573604724179783,
        0.16481468315699985,
        1.3371096322293254,
        1.7374459235725634,
        0.7124650522991042,
        -0.2504700005528917,
        0.18700830417567804,
        2.7569270242667763,
        -0.09158175965214442,
        0.3179620957308946,
        0.3131178005685555,
        0.3823699609822603,
        0.8789188827332638,
        0.18802332013032516,
        -0.31244358991950894,
        -1.7345529661457917,
        0.42061141850464756,
        -1.2475018637558817,
        0.7876609955184105,
        -1.0401668791120386,
        -1.003174129417115,
        0.9764035572666474,
        1.779409901596292,
        -0.5897541383527618,
        1.04671157085778,
        -2.3012791010588223,
        0.16771254253509846,
        -0.4734778645778572,
        0.30110023660276025,
        0.8127273594126848,
        1.818033942095373,
        -0.870787845797137,
        0.8559804144617565,
        -0.3749881272979479,
        -0.3483274274390878,
        -1.2909363872062485,
        1.2009905602226303,
        0.028892887602078324,
        -0.9379930674066734,
        -1.1226643244919392,
        -0.3764480876986799,
        -0.3874279564058753,
        0.21013631090818033,
        -0.0026410818252897636,
        -0.07890823923620857,
        0.4894057068560433,
        0.8630189854825974,
        0.12760405736052063,
        1.3134881210698621,
        3.413569517829446,
        0.7284156560238652,
        -0.66097229989596,
        0.28461037342946766,
        -0.3800267667571389,
        -0.04911442334709418,
        0.8791682416845863,
        -0.10489676316931787,
        0.07928119629366547,
        0.0026208082513337894,
        0.6382379926753134,
        0.5495068938834594,
        1.9744808319184153,
        -1.4237493404340862,
        -0.6587422381769182,
        0.9818047967911893,
        2.5565689628333317,
        -0.8969845257778073,
        0.45380213421752774,
        -0.3386163636217636,
        -1.5915569463019918,
        1.1360619152481768,
        -1.26319461461582,
        1.2893915143419703,
        0.6190464606421762,
        0.21405115607796116,
        1.2526031255430834,
        1.5652036790683246,
        0.2807350235973052,
        1.3916190813791416,
        0.7145048467758647,
        -0.20527976713735122,
        1.5036096573964834,
        1.7489482347548302,
        -0.14802627056300588,
        -0.7840521822445066,
        2.4170770564531447,
        -0.038094128323152066,
        -0.42732964973606147,
        -0.19043740714106455,
        -0.6331453693288305,
        0.49208335391669195,
        0.4911313404342229,
        0.0175167138838771,
        1.2445621874780777,
        -0.4758977563313333,
        -0.061602543934618795,
        1.0519848774122458,
        -0.3723387859701933,
        0.30261453304440233,
        -1.019997295559414,
        -1.4560621255109198,
        -0.9987434772233036,
        -0.09037377297787348,
        -1.215271234809248,
        0.3981383605263921,
        0.910017243188864,
        0.9048545266677293,
        0.5568725431675927,
        0.5334301186829362,
        0.9591518393644201,
        1.349681594785745,
        -0.1274317065210755,
        0.885942071662336,
        1.0309557774711013,
        -0.4744238154869833,
        -0.009808063718746249,
        -0.8724044135457008,
        -0.7908969432759126,
        -0.24851171328312993,
        1.47154036135752,
        0.7555172492875677,
        -0.4555255939459557,
        -0.7814041745432728,
        -1.994536853724767,
        -0.6041639234911333,
        -0.09800117882942769,
        -0.8228389234147414,
        1.01558147340536,
        -0.5488001123580785,
        -0.7655380670949564,
        -1.243919690832661,
        -0.5222083294301172,
        0.5755550629550307,
        -1.416842758093905,
        -0.0867516247842313,
        0.9945681359037989,
        0.7974723837106286,
        0.93201049820943,
        0.8785675453843628,
        -1.1904600890704873,
        -1.3181472151742626,
        -0.06734679674843885,
        0.5733812987069623,
        -1.0047959055382454,
        1.0710308592200954,
        -1.2901656833633954,
        1.8375041943153232,
        1.8033065945082962,
        0.5920388949336612,
        -1.7826125391150442,
        0.6971613926357273,
        -1.5678807503287167,
        -0.8915588439530255,
        1.2690361659475184,
        -1.5427766845828075,
        1.9429736836300737,
        1.0888968313112724,
        0.261149073118976,
        0.2725167477275725,
        -0.27082564027314393,
        0.6453332025258797,
        1.1713715662601345,
        0.5744825911028817,
        -0.6122583948707502,
        0.6747058022111394,
        -0.02880463075295328,
        0.7698183609678061,
        0.6201613876012225,
        0.6971361012197492,
        1.1485254007689463,
        -1.2602551540502267,
        0.505377535262552,
        1.6574261167011235,
        1.3668513913801121,
        1.0501231674573466,
        -0.38758333679867457,
