{
    "idx": 702783,
    "fights": [
        {
            "enemy": 5,
            "fitness": 84.60140592179684,
            "player_life": 9.400000000000231,
            "enemy_life": 0,
            "time": 566
        },
        {
            "enemy": 6,
            "fitness": 21.40528862039816,
            "player_life": 0,
            "enemy_life": 70.0,
            "time": 269
        },
        {
            "enemy": 7,
            "fitness": 89.05173230259882,
            "player_life": 43.60000000000029,
            "enemy_life": 0,
            "time": 202
        },
        {
            "enemy": 8,
            "fitness": 86.99788162462296,
            "player_life": 28.000000000000256,
            "enemy_life": 0,
            "time": 331
        }
    ],
    "weights": [
        0.6961793741218404,
        -0.014599093199207644,
        1.5848935767124004,
        -0.36666578149918416,
        -0.4168492169882544,
        0.6123007226545224,
        -1.2763990805821435,
        0.9722918041045726,
        -0.8368234944623345,
        0.8690759500194482,
        -0.5551376869995837,
        0.8811222078214224,
        -0.9864129760912828,
        -0.9614464075178644,
        -0.870773634938608,
        1.736443450699848,
        -0.2709996628650786,
        1.4344540771548941,
        0.34154211425386505,
        0.4772508598500783,
        -0.8118591036732623,
        -0.45455387492509813,
        1.7017593204998351,
        0.5063270825979398,
        0.3002569584701972,
        2.0761777224624223,
        -1.4192713260777339,
        0.15193577083665613,
        0.3003930179353922,
        0.7016833939938442,
        -0.4174948639548259,
        -0.19761139591747234,
        -1.0951608788371907,
        0.08986150357079858,
        1.2176108598858866,
        -0.6434701225145507,
        0.957552966471938,
        -0.8429111417462725,
        -0.1801150931280937,
        0.12839207802192393,
        -0.2559914438359591,
        -1.2683469346908813,
        0.9529115569231781,
        -0.06862590930555806,
        -0.371780156572172,
        -1.0957940891213538,
        1.1872904408308889,
        -0.35188226441507175,
        0.13402957306929425,
        1.0640218782095707,
        0.36716478107573547,
        1.6978656881187977,
        -1.0452129205426142,
        -0.7407130440267918,
        0.2585231574839963,
        1.57838806728999,
        0.6326058795734286,
        -0.17066480105693996,
        -1.5335900262077753,
        0.24541292208990872,
        0.6102443071777753,
        -1.0994437401512929,
        -1.236023701072431,
        0.21549255612895257,
        -0.05725624829427513,
        0.9162005095726174,
        -0.6601840178088173,
        0.9532645689542166,
        -0.46419451958139435,
        -0.26666536342761776,
        1.0413116185455116,
        -0.3209923711346464,
        -0.3770942365929457,
        0.32229933031460617,
        -0.42122622139247823,
        -1.4303184679452454,
        0.08971495940326353,
        -0.5448856882728214,
        0.6917304044539822,
        0.4689293508374992,
        0.5288272957249703,
        -0.11208364263152783,
        0.5019192023352158,
        0.388687111789192,
        -0.18794012998766252,
        -0.6507777533836981,
        -0.12745566571346512,
        0.7677773167283428,
        0.01081510133210942,
        -0.08686132367930222,
        -0.3836331770289575,
        -0.45781547017935753,
        -0.08519065308502238,
        -0.2617717883217322,
        0.7876615317569032,
        -0.44031832074139554,
        -0.5760346888404702,
        -0.3723206400019554,
        1.7317258382465832,
        -0.21039531636533326,
        0.8299102905412573,
        -1.475256906112815,
        -0.19114563049625258,
        -0.2300490342570733,
        0.2735542068839505,
        0.496956115827196,
        0.5796022135982221,
        -1.2793469121476597,
        1.4936311821201382,
        -1.0094924332275657,
        -1.199697372174899,
        0.024326646944318395,
        1.7383121379651427,
        -0.6223088149777094,
        -1.3478333125993862,
        -0.13982625397200144,
        -0.49963219392190117,
        -1.3427118839046026,
        -0.13398982112457059,
        0.36132311257998556,
        0.17327101119019214,
        1.513116228812713,
        0.7243544083415256,
        -0.8003650014482911,
        1.4513457311278686,
        1.3266392184197093,
        -0.2902895625171407,
        -0.8760057240078484,
        0.021446071459797808,
        -0.8040951700709028,
        0.25470202548821,
        0.33250277984704396,
        -0.03709111260639005,
        0.2143057723028099,
        -0.0839090988807098,
        -0.10657551809304083,
        -0.8989971544048806,
        1.3142902361036461,
        0.39342293693584673,
        -0.11403694894031112,
        1.4715451078798836,
        0.8577210631420873,
        -0.2491424827468791,
        0.64521495117927,
        0.35530684612995644,
        -0.7332565288174302,
        0.9971607345319644,
        -0.9556920536707161,
        1.1580253632358042,
        -0.5944887704959827,
        -0.5593728150149271,
        1.1347058527966212,
        1.8403337382927498,
        -0.10824565047851312,
        1.218399807884384,
        0.3106892130591422,
        -0.17324599287518583,
        0.7479279457990309,
        0.7191051565463437,
        -0.007863054853984044,
        -1.5528253692360148,
        0.45047846658457846,
        -0.13563511698929517,
        -0.5173241488646897,
        -0.6781546124850045,
        0.4168183567257052,
        0.17845176066987217,
        -0.11782298096356071,
        0.5824605912300038,
        -0.2707581618184247,
        0.3203414981306402,
        0.31311129202022703,
        -0.04357912745293041,
        0.03494069142427731,
        0.5471781764465845,
        0.20752148139163668,
        0.10125680399318998,
        -0.22975466367285433,
        0.04322573487814996,
        -0.19107148019291792,
        -0.6424306913510988,
        -0.6706418221783735,
        0.037679152647774786,
        0.4570804853014546,
        0.5111611727714003,
        1.0701714666506141,
        0.19817855409220056,
        -0.3061930726207654,
        0.6110751089118421,
        0.3148614348922517,
        0.186326348366758,
        -0.5240048563513174,
        0.04106378289494503,
        -0.4112408935744746,
        -0.08234014980806101,
        0.9793001966070339,
        -0.2855252519276593,
        -0.6922698429621936,
        -0.8750975759316388,
        -0.9971615102578152,
        -1.0116031143902522,
        -0.7234551822089609,
        -0.751172979507306,
        0.6432847962069539,
        0.08615182203001392,
        -0.11393712922054428,
        -0.7006037151409399,
        0.9665727698687472,
        0.9930648330834079,
        -1.2564914456271403,
        0.06949046535752817,
        0.40988560873859725,
        0.9349325145264588,
        -0.3336912402078183,
        0.7852604780737417,
        -0.20147313428563826,
        -1.051328035667067,
        0.43571705581622605,
        0.8438563202432793,
        0.5748400165961102,
        1.0500969681452401,
        -0.2554052385691355,
        1.2148502359554638,
        -0.16000599887401395,
        -0.12035853344531361,
        -1.2493538473288774,
        1.2964364290350276,
        -1.1269131802614543,
        0.21168209372925584,
        0.6171164635967501,
        -1.3240431030714022,
        0.8194296170551525,
        1.7471684696334113,
        -0.08171319562155971,
        0.4721642563472547,
        -0.9680566507049636,
        1.3059947592203132,
        0.9801826589851155,
        0.4215668384985408,
        0.04611292632373625,
        0.7358752320973632,
        -0.12727053148302228,
        0.2688599504108566,
        1.1020566051586176,
        0.27801146234834123,
        0.48814816455655835,
        -1.3868713681600149,
        0.072540947973149,
        0.1376568767413291,
        1.299820131729422,
        0.608616464176012,
