{
    "idx": 714386,
    "fights": [
        {
            "enemy": 5,
            "fitness": 90.43936107665805,
            "player_life": 59.20000000000033,
            "enemy_life": 0,
            "time": 240
        },
        {
            "enemy": 6,
            "fitness": 57.4165036912183,
            "player_life": 0,
            "enemy_life": 30.0,
            "time": 266
        },
        {
            "enemy": 7,
            "fitness": 89.72389959779561,
            "player_life": 51.40000000000031,
            "enemy_life": 0,
            "time": 225
        },
        {
            "enemy": 8,
            "fitness": 86.33574420258549,
            "player_life": 22.600000000000243,
            "enemy_life": 0,
            "time": 374
        }
    ],
    "weights": [
        0.6499655992948281,
        1.3276775835109178,
        1.2309068095764237,
        -0.9560988951308325,
        -1.4835112656856162,
        0.35044251007171645,
        -1.1951511327869384,
        1.4227962446613414,
        -0.735081056624676,
        1.0681298142607873,
        -0.06441894312883616,
        -0.6469862000374503,
        -0.7437937204564996,
        -0.6830174666445521,
        0.41550450884138423,
        2.775538076226871,
        2.0016804569698,
        2.4809765850491625,
        0.70269892815744,
        2.2607885394370677,
        -1.1314872117362382,
        0.1366578589497076,
        1.0188439808028138,
        2.5662750752372805,
        0.9229762352724424,
        2.3787440639346804,
        -1.8211355221839907,
        0.14132143443457923,
        3.1330427046432883,
        0.2991244134854193,
        -0.010837762001117374,
        -0.7764033293643008,
        0.20616686688541747,
        -1.621064096166108,
        0.7371502737075031,
        0.12111735907030102,
        0.5651054378908735,
        -1.5980316951929927,
        -0.06891658650326599,
        0.7231369072263301,
        -0.24244394518311857,
        -0.8121075110564356,
        -0.13479020072446274,
        0.8719453041714683,
        -0.07752347557156239,
        -0.8142497813076581,
        1.0226358430294862,
        0.07982363773328052,
        0.234428879816653,
        0.5995359753959261,
        -0.5227218894236485,
        2.047531116941727,
        -0.9187508972754267,
        -0.8410363188105358,
        -0.891932035629361,
        1.7578860264754061,
        0.511054731395579,
        0.4668350225521817,
        -2.0077899806106903,
        0.8028315270726408,
        1.2886666377095928,
        -0.4424032038326063,
        -0.9894130578389896,
        0.6397859617577688,
        0.1845053197825447,
        0.6963973811708475,
        -1.5253217739934237,
        0.8847161048594084,
        -0.40008790567362557,
        -0.6556196860581525,
        0.3252911119744729,
        -1.3031801854163607,
        -0.4622483476837386,
        0.47022189771950224,
        0.3585796905589025,
        -1.378890417126381,
        -0.3466195862307773,
        0.06487926158575436,
        0.6995690720162688,
        0.542079112374444,
        1.0299223051949746,
        -0.055691188275447584,
        0.015572807140637163,
        2.854587561075487,
        0.2159343889081714,
        -0.3532133858193545,
        0.1381718834553091,
        0.28895869938651775,
        0.7207251710414706,
        -1.5511023376646087,
        -0.4678765184078507,
        -0.34991388449795285,
        0.18832097921202084,
        -1.002056771270177,
        1.086627027191886,
        -0.8259607104548023,
        -1.408613749732661,
        0.46915073730999124,
        2.030502469431209,
        -0.596021386789705,
        1.1389142720164585,
        -0.48608785307493463,
        -0.09715806078244389,
        -0.4112280148845871,
        0.5663571562238845,
        1.074810003852385,
        0.655141945074932,
        -1.0089649576637592,
        0.8527927555023155,
        -0.5658774074384618,
        -0.7950697194948732,
        0.08778881875572278,
        1.2190539873438895,
        0.013911905537241379,
        -1.3574914771726079,
        -0.6184905403032861,
        -0.4629435855804075,
        -0.2516092496132254,
        0.07798484055741856,
        0.0966878386917843,
        0.10454846941996031,
        0.771604887355076,
        1.1440052189891359,
        0.06046260104710502,
        1.2047229996748994,
        3.69540844641012,
        0.7014292880894927,
        -0.5959477897780218,
        -0.4806152452989586,
        -0.6881493902466121,
        -0.16942291668080536,
        1.3667611471289107,
        -0.12533595155263128,
        0.12398763442202641,
        0.26829417555236007,
        0.9814712610324446,
        0.5004631468008406,
        2.297475367924511,
        0.4812404457050304,
        -1.1962195745128155,
        0.8483158706740559,
        1.699237715199143,
        -0.7170032594791289,
        0.9050608479552635,
        -0.058211885633766336,
        -0.9510853242465147,
        1.1267690367848509,
        -1.7885773990117593,
        1.1698141694025523,
        0.4372885659537273,
        -0.17785715051722636,
        1.764606769881623,
        1.057749640268256,
        0.23224161992610537,
        1.3655499805909292,
        0.8406840901280191,
        -0.162023594790638,
        1.400271759152218,
        1.5360352664238772,
        -0.7609320845329941,
        -0.8874049801885895,
        2.0253488768190855,
        0.45713652738630306,
        -0.38705746670407865,
        -0.04022399247746264,
        -1.1220954156786327,
        0.5253464868580321,
        0.6494691650109171,
        0.38082309339324716,
        0.8957564514580206,
        -0.11384302206235003,
        0.05809073109732053,
        0.6760684320346286,
        -0.034856967503592476,
        -0.28087407253702074,
        -1.191721451836007,
        -1.0545700397698097,
        -0.7098380757104306,
        0.10832354393826601,
        -1.400774228399602,
        0.1272490375281753,
        0.9507101680309825,
        -0.24983222747078082,
        0.5710062730181608,
        0.5635541059231605,
        0.4992479128790548,
        0.5909889899672082,
        -0.35188882517424575,
        0.13429243881895397,
        1.0773816306532067,
        -0.8192306814191941,
        -0.08550867120694826,
        -0.4459153775842489,
        -0.9125453265159049,
        -0.23356023223375383,
        1.3094833676494062,
        0.5307537213154984,
        -0.2956303546576187,
        -0.7520969069666068,
        -1.9198950419996341,
        -0.53070168150347,
        0.440601526798969,
        -0.9720454155094322,
        1.0564820158279484,
        -1.2505728454383402,
        -1.0239328915082582,
        -1.1854755004605055,
        -0.23730537350014408,
        0.7398213761088895,
        -1.1837121116241127,
        -0.1837995808301946,
        0.8352176350048075,
        0.5728954513514388,
        -0.18342630012782116,
        0.7666688152296826,
        -0.9061980166003848,
        -1.4579267784162617,
        -0.4188706693387346,
        1.479905283675755,
        -1.358393182691503,
        0.6757124764677979,
        -1.3776115585888893,
        1.4024292736544246,
        2.186506662510988,
        0.2849589859125331,
        -2.162134222938566,
        -0.1893982710532169,
        -1.4198707165691808,
        -0.42486812418975856,
        1.1331806521848005,
        -1.3730749175407178,
        1.4766147507203176,
        1.66294225130067,
        -0.21638961778292162,
        0.6066840227259633,
        -0.25071461102346193,
        0.6525346488940619,
        0.90608731477115,
        0.28535486742092797,
        -0.7253998040863816,
        0.9029282815205619,
        -0.2730670365141359,
        0.8196472693219997,
        0.4728896429040371,
        1.6438487569920115,
        1.1531518386902018,
        -1.1443725751622278,
        0.5595873450511749,
        1.9063899873470804,
        1.4404725373783216,
        0.6665056221329858,
        -0.5808924992409831,
