{
    "idx": 710100,
    "fights": [
        {
            "enemy": 5,
            "fitness": 88.8587417894553,
            "player_life": 43.60000000000029,
            "enemy_life": 0,
            "time": 245
        },
        {
            "enemy": 6,
            "fitness": 66.42027017401378,
            "player_life": 0,
            "enemy_life": 20.0,
            "time": 265
        },
        {
            "enemy": 7,
            "fitness": 89.59946500072775,
            "player_life": 50.20000000000031,
            "enemy_life": 0,
            "time": 226
        },
        {
            "enemy": 8,
            "fitness": 86.33574420258549,
            "player_life": 22.600000000000243,
            "enemy_life": 0,
            "time": 374
        }
    ],
    "weights": [
        0.9010355496478567,
        1.3692612677838687,
        1.5103867186454039,
        -0.9291855730247357,
        -1.4539994062489578,
        0.09710755267299678,
        -1.499006717760975,
        1.080665321677395,
        -0.42536456756087215,
        0.7301249711303827,
        0.05535820621759383,
        -0.8362653495049288,
        -1.3600592307642438,
        -0.9439720100723117,
        -0.8460506402820638,
        2.1064973411774397,
        1.5998855731461308,
        0.5340885543765879,
        0.5301843779099448,
        1.9944092116260383,
        -1.0816769192855549,
        -0.07517571211701056,
        1.40949440817858,
        1.6580471559366907,
        0.4661505098449401,
        1.9085225908042776,
        -2.0071555741242775,
        0.11715592444804768,
        1.1139519570127614,
        0.29424378238284193,
        -0.7132905412267014,
        -0.6785158459419784,
        -0.9037510342700749,
        -0.4854683266340976,
        0.7540321042197228,
        -0.07887412495933471,
        0.2769913443368317,
        -1.1667906143384366,
        -0.09504410040905681,
        0.15004784341904776,
        -0.24526012617278747,
        -0.6984402770178939,
        0.3543471019594533,
        1.2196839886189095,
        0.40268513736329575,
        -0.30304436938804213,
        1.8380979159729833,
        -0.4333348505734891,
        0.6070997720567063,
        0.800773578911246,
        -0.7300757107822572,
        1.526695852090397,
        -1.2257365542038967,
        -1.5629594897276786,
        -0.8541310289316555,
        1.7564601002048992,
        0.42048435749111723,
        -0.24666172686630922,
        -2.1618866269149235,
        0.13008618989130322,
        0.9223012442923282,
        -0.69498673991039,
        -0.3122254488965299,
        0.6147398218180755,
        0.5415485012815368,
        0.7613045407921278,
        -0.9805552152473784,
        1.6598469509897469,
        -0.9003583042691625,
        0.31317646340422356,
        1.2163826673902225,
        -0.8876260219312201,
        -0.3003584074741422,
        0.3488403148190857,
        -0.024408562221454336,
        -1.4550190420776894,
        -0.5625094910240445,
        -0.5072299043277573,
        0.8352049676290834,
        0.3509525734676401,
        1.155470609808928,
        0.21070688600149698,
        0.6358264033327508,
        2.274357138242076,
        -0.24848509918200462,
        0.14012202675968816,
        -0.6428693645699611,
        0.6910659800342858,
        0.6259743635233236,
        -1.8740504049625624,
        -0.8632538320824493,
        -0.6699403375912883,
        -0.17977673319759413,
        -1.899506573773383,
        1.2468912907248193,
        0.30105558186909487,
        -1.4489476636934517,
        -0.21273090173590475,
        1.6527907673246303,
        -0.8224194635971863,
        0.9417444892292697,
        -1.7343597200162513,
        0.2860117014798288,
        -0.6271305944742258,
        0.09418645941967341,
        1.0273214916049265,
        -0.09689830628150728,
        -1.1124480014334797,
        0.6486644048588505,
        -0.7759570116772015,
        0.27637399795478207,
        -0.6213263688761987,
        0.9710180616171935,
        0.3564488271632616,
        -0.9544111841654205,
        -0.5167646855860971,
        0.6084217837043843,
        -0.32434051583249573,
        -0.2383515651937424,
        0.30452065256781113,
        0.26827925342097336,
        0.16407480877863642,
        0.6604598375609639,
        -0.9734236506042419,
        1.3178947267772096,
        1.3273948807102027,
        0.2732043654071718,
        -1.4931194246951975,
        -0.35215604652451715,
        -0.2509913431715324,
        -0.9649826488532768,
        0.10029474033341589,
        0.2430931060736404,
        0.6055690143852551,
        0.2281932178810834,
        1.2051029115165977,
        0.1429359993082657,
        2.4639414297104567,
        0.24701646802788357,
        -0.6727977248526009,
        1.3164168936742948,
        1.7162908021207146,
        -1.1351896523439526,
        0.08970722574380247,
        0.42120947204845105,
        -0.7824920259958417,
        1.6202872427421426,
        -1.8526629850729515,
        1.2586684279744516,
        1.001300942389066,
        -0.023604113268769114,
        1.5523530024696026,
        2.016883623545192,
        0.517769177018636,
        1.3074297389462606,
        1.5766766750357968,
        0.15848235052780074,
        1.7578557018534422,
        0.8527722105672987,
        -0.7676588979783227,
        -0.9574864137502642,
        0.7380030008064816,
        0.35423322119050427,
        -0.5298804477900498,
        0.1645268165662002,
        0.527238231370109,
        0.36749813517831054,
        0.6555676522647005,
        0.26334713731652054,
        0.8620789320682521,
        -1.4216891049927376,
        0.23232590453713683,
        0.5529302141160127,
        0.3974293160186192,
        0.08851832978192374,
        -0.8586348028258977,
        -0.8298719983237086,
        -0.6218291503602392,
        0.11968981341807344,
        -1.4999671698708348,
        -0.20725994645431306,
        -0.6233377405382599,
        -0.501877050760669,
        0.34494135159086403,
        0.21239846105977245,
        0.33569620396695066,
        0.7213449003428033,
        -0.5864885510182727,
        -0.21637214661461804,
        0.7933649930408924,
        -0.2433712062148879,
        0.2878632409197294,
        0.3548461369456017,
        -0.05474602852562832,
        0.14261550025600062,
        1.50811402757622,
        0.0585609623835191,
        -0.1400419521628114,
        -0.8369804602576822,
        -2.0651161910320086,
        -0.7100464262700812,
        0.07510458825523514,
        -1.3158482013488437,
        2.3350283250313586,
        -0.9149734023119138,
        -1.0415142196169953,
        -1.791760684469225,
        0.07481989063065375,
        0.8949914419876549,
        -1.8125774104999532,
        -0.48421404062829676,
        0.46271972931698824,
        1.2142362366141553,
        -0.1413378871005217,
        1.0050909395494083,
        -1.1298147850726792,
        -1.216344927467363,
        0.028630580047341293,
        1.0276075000066907,
        -0.7796141675267537,
        1.5238652659875254,
        -0.7351060409112893,
        1.2075276738380616,
        0.4211233076440079,
        0.15496540789607757,
        -1.2470352432997784,
        0.36336120541402167,
        -1.0710977498766785,
        -0.07268670122334026,
        1.7372970986346703,
        -0.5887064835863056,
        1.3969981590166693,
        1.4795642743994155,
        -0.2791127648922941,
        0.15082275058784372,
        -0.07452887738441921,
        0.24099137482426117,
        1.712451043913993,
        0.6024721373059765,
        -0.5295331498088753,
        1.0155641627255205,
        -0.3989543637058781,
        1.0187414126522514,
        0.9962991258561809,
        0.9930779249671766,
        0.2329617628796282,
        -0.6341763353842753,
        0.0796477000861372,
        0.952996932475674,
        0.9826776441515159,
        0.7014395071389972,
        -0.712713771164886,
