{
    "idx": 704912,
    "fights": [
        {
            "enemy": 5,
            "fitness": 89.42901301948918,
            "player_life": 50.20000000000031,
            "enemy_life": 0,
            "time": 268
        },
        {
            "enemy": 6,
            "fitness": 85.13598249381268,
            "player_life": 7.600000000000232,
            "enemy_life": 0,
            "time": 277
        },
        {
            "enemy": 7,
            "fitness": 88.69504998251863,
            "player_life": 41.20000000000029,
            "enemy_life": 0,
            "time": 227
        },
        {
            "enemy": 8,
            "fitness": 88.21968822339261,
            "player_life": 39.40000000000028,
            "enemy_life": 0,
            "time": 305
        }
    ],
    "weights": [
        0.8505976832536921,
        1.0984809766042842,
        1.2724148729928073,
        -0.6913365958903335,
        -1.1249910690203277,
        0.16946263583234758,
        -1.1739527456859822,
        1.2344733367203564,
        -0.17968996654785246,
        1.3648504374068415,
        -0.2871640143427425,
        -0.7535832037607622,
        -1.284324243497221,
        -1.3281964272480362,
        -1.0308099617055526,
        1.2463828578694434,
        1.600990208775353,
        0.4510543879292038,
        0.7176119560573174,
        2.3108440636753325,
        -0.8436267695038215,
        0.08379847580531077,
        1.1102952896417053,
        2.1760782121184534,
        0.9375762863029603,
        1.9145714162608987,
        -1.8241780541388446,
        0.4189186197031377,
        1.4583689528245674,
        0.14501481332335975,
        -0.2047175521454252,
        -0.6336920445281422,
        -1.2228926017472934,
        -0.9314990879896603,
        1.0237061671821401,
        -0.30972141033609396,
        0.3601847474793053,
        -0.8040714921794367,
        -0.011686911804625204,
        0.00630133249236807,
        -0.6270077738017663,
        -0.4374206844799832,
        0.2739145607752985,
        1.264196185712319,
        0.17564083281754744,
        -0.8303566136275465,
        -0.28094349624871484,
        -0.2226407394425446,
        0.1694918632581782,
        1.2567850122021311,
        -0.8285353641465966,
        1.732105768331914,
        -1.4956102210009214,
        -1.4054372977338392,
        -0.484971332721141,
        1.8209533003725251,
        0.3994205625830971,
        -0.1479948609950178,
        -2.372542373599427,
        0.3083627167885683,
        0.775578672093505,
        -0.6503892206640659,
        -0.9706459398701436,
        0.510395270399813,
        0.5401657987321998,
        0.614411445568505,
        -1.3365570052407512,
        1.8150699534555428,
        -0.017208456495096364,
        0.3226289268372167,
        0.5627743949234192,
        -0.9968709341989327,
        0.07394736931809726,
        1.0340970001815089,
        -0.6619507295010494,
        -1.3847845083125012,
        -0.4357002161588421,
        -0.2441335159128274,
        0.3250885354286801,
        -0.18183335987729085,
        -0.2477380299095205,
        0.09142018145347675,
        0.26204667806032705,
        2.2917528194128054,
        -0.46252308623023086,
        -0.2962694523023042,
        0.23464582046138632,
        1.433802085082447,
        0.8845194858282807,
        -1.7608015443673661,
        -1.0164319960766686,
        -0.8835288990731176,
        -0.35087884892244114,
        -1.6948560750249935,
        1.4693604059622165,
        -0.5084366704182247,
        -1.122260022247413,
        0.6577539443715359,
        2.2859177020907215,
        -0.8193080955175202,
        1.123154869167141,
        -1.4590404254516118,
        1.1578973993386905,
        -0.6290756648645398,
        -0.04221010832962688,
        0.693034729571111,
        -0.5360888245264898,
        -1.831081179636402,
        0.36404019601097937,
        -1.0659711656556548,
        -1.0399199917755262,
        -1.1658583091323047,
        1.0620198425412701,
        0.29197024798290927,
        -0.7588597481465109,
        -0.5916879325833501,
        0.26226073165380837,
        -0.9556647012976579,
        0.09356409815536462,
        0.2536750078967799,
        0.5531490946547114,
        0.1651777974341643,
        0.4193357415970624,
        -1.3416851635676668,
        1.5356898787130744,
        2.9361704265071658,
        0.8485645586925303,
        -1.2049475949773083,
        -0.17441606134796267,
        0.23693197807553623,
        -1.0371975181420798,
        0.43312863987001093,
        0.359077356338129,
        0.37913927235708517,
        0.09061576061349474,
        1.071621264227931,
        0.4160037810593449,
        2.091176507171042,
        0.41505363465185047,
        -0.955049872458854,
        1.4016584521921698,
        1.488888618426655,
        -1.6060626995059357,
        0.1314623955633819,
        0.08369688950883994,
        -0.772056159198246,
        1.6055208488022494,
        -1.2397861126451877,
        1.0620820659798982,
        0.7379120556799622,
        0.10082291008372656,
        1.6412490027760174,
        1.7072399058742123,
        0.252646590189575,
        1.281264479508049,
        0.9982637893754577,
        -0.7115761892514316,
        1.4350578484433736,
        0.666362497623153,
        -0.13334978125012525,
        -0.875423905280209,
        -0.3988152736988181,
        -0.07617773090072165,
        -0.28657020532456934,
        0.857604888857964,
        0.5072265012345911,
        -0.10207034685186644,
        0.8608501208666666,
        0.2700364545411711,
        0.3410230572267131,
        -1.637843588066584,
        0.002635827340068911,
        1.0308297968983353,
        0.18156924578178457,
        0.18080134826158173,
        -0.6389780044875492,
        -0.25711973899543766,
        -0.8088570465720198,
        0.6310787271750158,
        -1.63615679201034,
        -0.3917239404177432,
        -0.494355227083381,
        -0.21206431095988557,
        0.922609905528366,
        0.3331253000241355,
        0.8337051104143289,
        0.9138345901231246,
        -0.6607491992558859,
        -0.0990063639158244,
        0.9094902036641412,
        0.1946724447307764,
        -0.2103386175640665,
        0.31611789169340554,
        0.14582747489300485,
        -0.4669153811312876,
        0.9864396489644667,
        0.6301888693652822,
        -0.7403982958679658,
        -0.8011236019703667,
        -1.7476947174814534,
        -0.6423547612349262,
        1.3472714558036345,
        -0.8973757579496853,
        1.875605007067195,
        -0.5941689396000139,
        -1.1510115082677974,
        -1.14575148428894,
        0.9470197485706174,
        0.7183017812800231,
        -1.7853550187886285,
        -0.7386186756593571,
        0.5028145551367749,
        0.7176588871950449,
        -0.20598649029096033,
        1.3138703465702237,
        -0.7084411965499204,
        -1.1957713752996608,
        -0.28825161642737807,
        1.387876761254302,
        0.20326698136813173,
        1.0914315944637536,
        -1.090924782869527,
        1.5806152830131353,
        0.2280082272961963,
        0.14664535667712375,
        -1.3299974205057883,
        0.428947248278408,
        -0.9583436928960385,
        -0.015320705214688646,
        1.5013680296580576,
        -0.7500284901732333,
        1.157342983250247,
        1.4328930289240236,
        -0.3880116334694595,
        0.6214552242100904,
        -0.427008616305037,
        0.6006471115377666,
        1.159352370426372,
        0.7697524851855166,
        -0.020733542023088018,
        1.0407931062388271,
        0.34600429893962176,
        0.5906992760972374,
        0.47376092645240864,
        1.2261598276425731,
        0.29840046837303164,
        -1.0300808764498544,
        1.0952729393940663,
        1.0424296206022814,
        2.098513855940013,
        0.8140696609534058,
        -0.7551412844505483,
