{
    "idx": 713560,
    "fights": [
        {
            "enemy": 5,
            "fitness": 90.98772932632856,
            "player_life": 64.60000000000034,
            "enemy_life": 0,
            "time": 238
        },
        {
            "enemy": 6,
            "fitness": 66.29288973525112,
            "player_life": 0,
            "enemy_life": 20.0,
            "time": 301
        },
        {
            "enemy": 7,
            "fitness": 90.22637245364767,
            "player_life": 56.20000000000032,
            "enemy_life": 0,
            "time": 220
        },
        {
            "enemy": 8,
            "fitness": 84.20140678550379,
            "player_life": 2.200000000000234,
            "enemy_life": 0,
            "time": 411
        }
    ],
    "weights": [
        1.1454831071594265,
        0.36169769144150454,
        1.366898778421975,
        -1.1139494779210746,
        -1.5010840427885004,
        0.6182441896032143,
        -1.4942340446848537,
        0.9466153635984758,
        -0.5102451312305979,
        0.9495855108720932,
        -0.29086044979370745,
        -0.573129013691892,
        -0.9634151349487794,
        0.12140708518046714,
        -0.8284114634251858,
        2.3122062588515777,
        1.8935967416033073,
        2.0052474140880543,
        0.49212918874539835,
        2.6542249141348737,
        -1.1471288176045313,
        0.4147729071579421,
        1.7767100638520248,
        0.9633763027363219,
        1.0217012877914105,
        1.7202938685576934,
        -1.3092764220942896,
        0.12415789666695629,
        1.1051222022250706,
        0.3466083451296913,
        -0.22882966102419125,
        -0.40634278256271966,
        -0.11884443471952622,
        -1.4669556589809654,
        1.085927652688905,
        -0.2799736243593126,
        0.4507544078763161,
        -0.8683903342834074,
        -0.06657252518031305,
        0.7067666596303901,
        -0.44154952063417635,
        -0.4032034396643774,
        0.1680366325148978,
        1.1112691198215252,
        0.07442105339271665,
        0.04343874385957272,
        0.9078685206898597,
        -0.4117918568415921,
        0.5604413237891043,
        1.1325827280313643,
        -0.3300654183469085,
        1.365564619561758,
        -1.3170198192233873,
        -0.33639079662878785,
        -0.6642156663701696,
        1.648639571029498,
        0.4032639162143644,
        -0.2054997883266725,
        -2.425621169552163,
        1.0214892240893816,
        1.0222647332954942,
        -0.8725898447168301,
        -0.8770383635222359,
        0.5243553402658652,
        -0.09054669570805657,
        0.4443377844888582,
        -1.3866947861255532,
        1.1169361043761812,
        0.028537102366577027,
        0.653597959416481,
        0.5006508384060103,
        -0.84177700375825,
        -0.7844992269769994,
        0.2720638031957083,
        -0.052320109762081526,
        -1.3271854477150697,
        -0.17460573553779485,
        -0.05962709947531343,
        1.168795354967416,
        0.13599039219699446,
        0.00555865959316279,
        0.16287503688295527,
        0.4115391823577564,
        2.9456457567574468,
        -0.03803395119094754,
        -0.349602330036289,
        -0.4560126369338947,
        0.8457408900209178,
        0.9778276492904812,
        -1.4058901822674712,
        -0.3384541834651541,
        -0.6539749934207376,
        -0.30524523626403793,
        -1.1943686452945692,
        0.5854845776020127,
        -0.6970675969183389,
        -1.0993389285508202,
        0.49909481163313485,
        2.024717917978044,
        -0.5986284000448515,
        1.3468279642198537,
        -2.14781516533808,
        0.46296187794079297,
        -0.3580086189654735,
        0.8025975843361974,
        0.9955020672072966,
        0.035727010819742104,
        -0.997834666140788,
        0.8412004523277951,
        0.32413341914611915,
        -0.9779598893480117,
        -0.3324014657552086,
        1.6499070312256843,
        -0.023834395959258327,
        -0.9819601359607929,
        -0.6061509930383066,
        -0.3874105039031356,
        -0.28048665088641545,
        -0.12695214523199233,
        0.23471320490743525,
        0.25321652251891996,
        0.3876782927113295,
        0.9043422105322197,
        -0.43568241260904395,
        1.512828291480276,
        3.4553884313117513,
        0.7581035845342222,
        -0.9852309057566435,
        -0.1629414173250075,
        0.1704142043290381,
        -1.2051004280011954,
        0.39424547023872747,
        -0.3090862600497896,
        -0.09150870296051239,
        0.4037628415944823,
        0.982932957251285,
        0.25892636621173126,
        1.4554646328250889,
        -0.07473428422685856,
        -1.059977773714279,
        1.4036293142926226,
        1.9833323374610794,
        -0.9148949752551526,
        0.009665686505406314,
        0.10469872003580169,
        -1.16033755132615,
        1.5051852640805192,
        -1.3873157836156738,
        0.8788281756123508,
        0.2279336561767281,
        0.037029391657219975,
        1.198791662815904,
        1.9479903600110922,
        0.4308515646194129,
        1.7693879152977465,
        0.9578682540045766,
        -0.47425639170178957,
        1.5825210140996753,
        2.1845455590627605,
        -0.3052735798497346,
        -0.8025634025117306,
        0.02930637084648189,
        0.7237596984101748,
        -0.22557514088591502,
        -0.1479477685022999,
        0.0817061156385038,
        0.0911568277007466,
        0.8083296944280287,
        0.3801057909770711,
        0.5299239892127431,
        -1.269617809949153,
        0.13074547459999747,
        0.6267364190971344,
        -0.2997139925726922,
        0.08542648914363916,
        -0.7949468672096812,
        -0.9260651228120763,
        -1.0712371786621033,
        0.31666882027564086,
        -1.5148692884491635,
        0.020525165019664827,
        0.3711929584856542,
        -0.22960587377987707,
        0.7616142686904016,
        0.2949819123708574,
        0.5132260739584216,
        0.897981118589765,
        -1.38458051114978,
        0.05851895216969519,
        0.8989158579806122,
        0.6601920337289126,
        0.08758227173707858,
        -0.10273475758061551,
        -0.4925822296335636,
        -0.844954810725601,
        1.2302640711116133,
        0.5489290088668923,
        -0.4133646716374987,
        -0.6260960282569984,
        -1.7216996347363445,
        -0.49334103564472925,
        0.14342339896029746,
        -0.570102063310069,
        1.1286308598343575,
        -0.5860513855463482,
        -1.3043074426906878,
        -1.7102010161966057,
        0.3335844900378369,
        0.8374689358033898,
        -1.996432467977064,
        -0.3625989790348466,
        0.5250243555026965,
        0.6715496497085681,
        0.03714348449944713,
        0.7799669372011089,
        -0.8766018540041322,
        -1.4514606277736914,
        -0.11216563794637616,
        1.1434152484769717,
        -0.8236221919428315,
        0.9737707964265766,
        -1.5648874970258115,
        1.2441081205439444,
        0.03878430498207942,
        0.4381093996327863,
        -1.8197464054323247,
        0.42853052144370557,
        0.6656451391670729,
        -0.34297595289559474,
        1.1310103133463487,
        -0.870498301257838,
        1.6052973395044003,
        1.6615358623030152,
        -0.09264583156585103,
        0.28118110316364453,
        -0.03913508565133786,
        0.7334362901446069,
        1.2004042584059902,
        0.3086244931528709,
        -0.7563526820678864,
        0.7030409553172285,
        0.2425142568926948,
        0.7436235258682405,
        0.1834887826466326,
        1.0876071734633268,
        1.2358816937561585,
        -0.996758535491496,
        0.6557636793923839,
        1.8600457944542996,
        1.9974933180425065,
        0.7629444282245775,
        -0.7317164244570346,
