run_number,method,gain_rank_avg,fitness_avg
1,1,-3.199999999999932,71.4694756472255
