{
    "idx": 702530,
    "fights": [
        {
            "enemy": 5,
            "fitness": 87.21105438238982,
            "player_life": 30.40000000000026,
            "enemy_life": 0,
            "time": 340
        },
        {
            "enemy": 6,
            "fitness": 84.4901190770195,
            "player_life": 1.6000000000002341,
            "enemy_life": 0,
            "time": 290
        },
        {
            "enemy": 7,
            "fitness": 30.65766574803519,
            "player_life": 0,
            "enemy_life": 60.0,
            "time": 209
        },
        {
            "enemy": 8,
            "fitness": 88.48878821817867,
            "player_life": 41.20000000000029,
            "enemy_life": 0,
            "time": 279
        }
    ],
    "weights": [
        0.7552372346480692,
        0.46390411351223304,
        1.5047182902130225,
        -1.1065299099750896,
        -0.9281460472656802,
        0.8245289619328352,
        -0.3173225719370573,
        0.20546077772778176,
        -0.6510392740448278,
        0.9254240271281482,
        -0.2411341089879212,
        0.7197598064130166,
        -0.805774216473808,
        -1.2787043422790285,
        -1.3470990894055717,
        1.5744339682048523,
        0.14232444615448134,
        1.2294071662972599,
        0.594770005643708,
        0.8411584938834641,
        0.25482016278509256,
        -0.4030673524063608,
        1.5404203548086701,
        2.6478594959040676,
        1.059149675169494,
        1.4645639815566036,
        -1.3062832702030456,
        0.9570810618625029,
        0.9423659857694963,
        1.3025518907053073,
        -0.15896526789121113,
        -0.18789583433774415,
        -1.1082677945788788,
        0.27807114637925445,
        1.0189055417848123,
        -0.5014102840701112,
        0.8984176310841955,
        -0.49031997612641887,
        0.48402343351450783,
        0.7205500084817795,
        -0.828424165903294,
        -1.4507717205334563,
        1.1131695045470695,
        0.27786363591808894,
        -0.25334621876657093,
        -0.9184833584523674,
        0.6948777426103637,
        -0.13941998079844958,
        -0.2830202554661421,
        0.29427423329022173,
        0.10952601782090385,
        1.0578657002081828,
        -1.1246767074131379,
        -1.0586871563025693,
        -0.4916703655665564,
        1.0777518784633604,
        0.5976196020226473,
        0.2560499311383281,
        -1.4735870362783092,
        1.4683203285637731,
        0.6360455233921039,
        -1.2122144577493443,
        -1.6164973280859678,
        0.7173407502358563,
        0.275601416350043,
        0.0016831784680211431,
        -0.29266145499881435,
        1.360730892772533,
        0.5130576155631947,
        1.089428926166335,
        0.4800745078509858,
        -0.6342423682153341,
        -0.5291083099081164,
        0.05040457331019698,
        -0.3282246651586166,
        -1.5959555050743384,
        0.040852689621193414,
        -1.2819172750369505,
        0.3779842435862486,
        0.12826561251132532,
        0.5583284156033543,
        -0.7095665725198089,
        0.7542822470835737,
        1.6707739046627934,
        0.013393693207445947,
        -0.42730526262400825,
        -0.19638925385203637,
        0.9263788476463415,
        -0.3371445607657194,
        -0.22727773294007092,
        -1.1767368695042042,
        -0.9974582592065122,
        -0.6403549146539521,
        -0.8894528486667104,
        0.7178962039961826,
        -1.6278320619172897,
        -0.5391067359481355,
        -0.6275560518168769,
        1.538531009680576,
        -1.1700688050776906,
        0.870648016921113,
        -1.388722652192782,
        -0.09539135184765751,
        -0.31513865291981663,
        0.58399077214215,
        0.708308590802112,
        0.5371237419990935,
        -1.6186159838378633,
        0.7999110564761738,
        -0.8843320135708413,
        -1.5243621449357745,
        -0.3404783732626313,
        1.160263176443478,
        0.17278035024806565,
        -1.4875521225416783,
        -0.056557727444323865,
        -0.41246274520284243,
        -0.9279335938561071,
        0.18589640642584554,
        1.5092979223638154,
        0.19391390664504615,
        -0.3185445839720058,
        0.7238492930765847,
        -0.6217643721552558,
        1.0949554427712178,
        1.908167043744327,
        -0.4207280716404299,
        -1.2787691141093114,
        0.16597630537120267,
        -1.02031894821961,
        0.2341063767165631,
        -0.042877575732521794,
        -0.4654725294464629,
        0.7878171692702137,
        -0.3348314959289581,
        1.5760994821040504,
        0.03570552900111472,
        1.9617743857629275,
        0.08820496525477253,
        0.5964245099681775,
        0.7844516404431351,
        0.6030022392100339,
        -1.4736849664701244,
        0.34509546631865734,
        0.624015675236212,
        -0.6855248889921739,
        0.8711669953799284,
        -0.8623323732428952,
        -0.07477180136366024,
        -0.24011275625245954,
        -0.4472103504834487,
        0.6906693714368186,
        1.8624118048006897,
        -0.7891692307473196,
        1.0579767048957673,
        0.5532628899417643,
        0.2898776266834006,
        0.381726785777629,
        0.43462272506998545,
        -0.11113723819301186,
        -1.6742407688908947,
        0.6645652144543782,
        -0.35143071375713,
        0.028386030086350246,
        0.08448410426752925,
        -0.051413361234200906,
        0.20133987546450224,
        0.23069181926748314,
        0.4149908714849945,
        0.40644943970099917,
        0.13847177105784444,
        0.12266846485196509,
        0.219003627262438,
        0.4865942331429958,
        0.3026158473992518,
        0.7836828473989984,
        0.02002121944894828,
        -2.269409878127865,
        0.33287688606003074,
        -0.38453129965122324,
        -0.7995444366796743,
        -0.13548372036790182,
        0.43100651366251963,
        0.7990409800581044,
        0.4479275133576995,
        0.8747865872479096,
        -0.19450774081545963,
        -0.8889156917356549,
        0.1223611965789681,
        0.880010106595807,
        0.535254911981158,
        -0.2617360229179005,
        0.40105003632671204,
        -0.15008083675832753,
        0.17174537145002539,
        1.1005217337500315,
        0.5961324967649484,
        -0.5983709114585462,
        -0.5215926140499585,
        -1.1069812123979192,
        -0.9466653115925427,
        -0.45433395098620005,
        -0.7623291766915232,
        0.6482949755604795,
        0.5257395738940127,
        -1.3007720939353054,
        -0.36706732903940664,
        0.9437200869622974,
        0.5346787754786515,
        -2.073778010540441,
        -0.18582573511919875,
        0.7085942454613535,
        0.8916048797342613,
        0.01757572978365482,
        1.1148230900504852,
        -0.5261416459846935,
        -0.9092165013093894,
        0.4215688947075466,
        0.2702276298447849,
        -0.19116313014643738,
        1.614779760536818,
        -0.5278054939360487,
        1.086638962537627,
        -0.21016526898625065,
        -0.22093140588023358,
        -1.3727119187438732,
        0.6198614103127128,
        0.2964421444017492,
        0.5777204827441585,
        0.8139731280080895,
        -1.058269465170864,
        0.9739952405163357,
        1.843158098492967,
        -0.5144153571640251,
        0.23057627919678264,
        -0.701020573738625,
        1.2899637211016566,
        1.0514562847680695,
        0.31357962488793006,
        -0.07205541069624175,
        1.3952704252492376,
        -0.3786798709556882,
        0.8968380207751845,
        1.1747527202130612,
        0.32053734842323606,
        0.3858486050367777,
        -0.9087115758631175,
        0.9231222652658958,
        -0.0031964516115748076,
        0.9137277129023118,
        0.8686378083855097,
