{
    "idx": 714097,
    "fights": [
        {
            "enemy": 5,
            "fitness": 89.37275134159978,
            "player_life": 49.60000000000031,
            "enemy_life": 0,
            "time": 267
        },
        {
            "enemy": 6,
            "fitness": 39.768891383145416,
            "player_life": 0,
            "enemy_life": 50.0,
            "time": 187
        },
        {
            "enemy": 7,
            "fitness": 90.33289246928257,
            "player_life": 56.800000000000324,
            "enemy_life": 0,
            "time": 210
        },
        {
            "enemy": 8,
            "fitness": 86.8757442025855,
            "player_life": 28.000000000000256,
            "enemy_life": 0,
            "time": 374
        }
    ],
    "weights": [
        1.219122871242597,
        0.5836471500692693,
        1.1814953623116282,
        -0.7007681080423934,
        -1.4078037585902057,
        0.5812124383953328,
        -1.1443835279548367,
        1.3894790239366457,
        -0.9029177379429685,
        1.2731275872126526,
        -0.29693691865401756,
        -0.826193002366149,
        -0.8737719314959369,
        -0.7384022122775395,
        0.4936642542237014,
        2.5736040872766237,
        2.0311338009529813,
        1.9401501105254477,
        0.8075998509590284,
        2.2244575385836813,
        -1.071234103282066,
        -0.048064328693571114,
        1.7191503854642527,
        2.3228137130838875,
        0.6547533433811565,
        1.9701831293216052,
        -1.9427453758720525,
        0.053443053304701726,
        0.5451737982406579,
        0.14915747212972935,
        0.018011053211324186,
        -0.5054188457278819,
        -0.3540210848662428,
        -1.7330696098293665,
        0.7666452936460131,
        -0.6470049265086532,
        0.6334613181475418,
        -0.6957505025756043,
        -0.002828073210026219,
        0.3478492942693506,
        -0.6197926701195543,
        -0.49624551072014345,
        0.03398063393548798,
        1.102056557449636,
        0.14960445232027955,
        -0.6210553414284863,
        0.8768445145554452,
        -0.1286934710382613,
        0.16560143206801833,
        1.0117946759558554,
        -0.5298267266999123,
        2.1610313697161714,
        -1.7093330958236683,
        -1.0060157799990899,
        -0.7235120027601969,
        1.8438881163568497,
        0.3976189416384803,
        -0.16568292913318383,
        -1.9336283662356921,
        1.3930694031470847,
        1.5597004030052724,
        -0.5670830821014378,
        -0.7303440712934617,
        0.4994662663035516,
        -0.09838059001558275,
        0.37801897813587276,
        -1.5386245416383915,
        0.7744754612488385,
        0.15408060034996435,
        -0.5219952693139207,
        0.5924845803281881,
        -1.1508793920611269,
        -0.859618518396961,
        0.4747979203196348,
        0.05819103898013644,
        -1.0917243003109964,
        -0.2479571162015225,
        0.11575517674561123,
        0.9452845626382881,
        1.3299622157489703,
        0.7312406838272091,
        -0.08320480040022607,
        0.12948493432415079,
        2.883730982082405,
        0.14011776593354425,
        -0.4523148727258454,
        -0.2787634588583616,
        0.5734547964398856,
        0.7644586489105538,
        -1.5596848277181197,
        -0.05678540002195703,
        -0.13914038632427353,
        -0.04949680421660583,
        -1.610630935660581,
        0.15555090437488034,
        -0.5622808182034097,
        -1.124807687772707,
        0.6733032668089878,
        1.9762164144977388,
        -0.264213213861371,
        0.9766078509699536,
        -1.2777878389359554,
        0.14310847071400368,
        -0.2812890990476896,
        0.9261382615428017,
        0.9432923725830183,
        0.3797885190574797,
        -1.1684367221139176,
        0.7970102778204227,
        -0.7145012207500652,
        -1.7378693360875554,
        -1.336184204465393,
        1.330499363775979,
        -0.08652460117151453,
        -0.9416453053225602,
        -0.26248851172270526,
        -0.28042487236493663,
        -0.5796030600457511,
        -0.09089435766039293,
        0.0051063099230378994,
        0.7195408205555105,
        0.15739652058528655,
        0.8329436837577591,
        0.16128178129140858,
        1.4463773777307432,
        3.575972104134496,
        0.3400082043367535,
        -1.0947781215500374,
        0.1799203580967597,
        -0.2891763049579658,
        -0.6058064247110618,
        1.080298426000814,
        -0.3358770729574137,
        -0.09960372091166328,
        0.42393249520046733,
        0.7013175488302139,
        0.45969625824029214,
        2.42140442411404,
        0.11340794688241279,
        -1.2668738638497765,
        0.9706289875068842,
        1.2847573164804196,
        -0.6933708040745695,
        0.8666588989675049,
        -0.038007910308879754,
        -0.9385654617963284,
        1.3248536271149327,
        -1.3708203688523337,
        1.5036986015673552,
        0.7498596793221803,
        0.13395729488141073,
        1.3683068346691032,
        1.391084995689876,
        0.22483438436769673,
        1.7180577424623695,
        0.6228928868365893,
        -0.3582891717860479,
        1.695089165106693,
        1.8724889729238205,
        -0.4652731159448859,
        -1.0818888834876002,
        0.5488776122910011,
        1.2733825396133185,
        -0.05065494105573272,
        -0.028659827460751332,
        -0.8227072996190714,
        0.5114935186801723,
        0.41990119701290474,
        0.27852353335535784,
        0.5073365550090545,
        -1.2991174924840332,
        0.4389084669195168,
        0.7280701682545595,
        -0.19784755138461357,
        0.28170819248505835,
        -0.9409818489830517,
        -1.0053341106173352,
        -0.6294767581131093,
        0.16348997894097417,
        -1.2177852057904646,
        -0.20689013673219614,
        0.46453519251903774,
        0.8662537042564588,
        0.931764642250502,
        0.17154575214715195,
        0.8772062306679689,
        0.9273181129309904,
        -0.34729407078405977,
        0.28314194185383856,
        0.8439717344348096,
        -0.7556462705096968,
        -0.2078669315957776,
        -0.35342302814635695,
        -0.8249568640562287,
        -0.641836858837513,
        1.1175181241620522,
        0.507134900364751,
        -0.5534634043118719,
        -0.6849643411101033,
        -1.739795753015934,
        -0.5001417335889511,
        0.003918026768023171,
        -1.0168094462620887,
        1.0105663406831324,
        -0.6948357019239554,
        -1.5776747311642827,
        -1.0973808415499218,
        0.20662564416874987,
        0.7636390856628577,
        -1.3558387599256854,
        -0.5180254632532069,
        0.8865815367040039,
        0.7067598353853233,
        -0.19787284020885618,
        0.7496960856768937,
        -1.122151895385507,
        -1.2560372898638295,
        -0.2976481896635698,
        0.5861551885565368,
        -0.8039092626845861,
        1.158073800256394,
        -1.4188982504983176,
        1.3526964420992835,
        1.3436694095010118,
        0.34756244539885234,
        -2.0576965401485428,
        0.05815315779311181,
        -1.2226844744963008,
        -0.3892393033615875,
        0.9910069709689245,
        -0.6426354993633344,
        1.735480805858625,
        1.1043954586595865,
        0.26204489087681737,
        0.5828076303084062,
        -0.4810699013777313,
        0.6084713895033542,
        1.4110200548743468,
        -0.047796823445614645,
        -0.8437987178552937,
        1.2790149097496506,
        -0.01728235878080163,
        0.4666448965414707,
        0.3436226315719733,
        1.3348555226798295,
        1.3368404439939914,
        -1.3076499355296445,
        0.8720343682654904,
        1.2666695867677955,
        1.818467418002161,
        0.8168438076077303,
