{
    "idx": 713110,
    "fights": [
        {
            "enemy": 5,
            "fitness": 86.96384284030168,
            "player_life": 29.80000000000026,
            "enemy_life": 0,
            "time": 410
        },
        {
            "enemy": 6,
            "fitness": 39.36521039683075,
            "player_life": 0,
            "enemy_life": 50.0,
            "time": 280
        },
        {
            "enemy": 7,
            "fitness": 90.381682633452,
            "player_life": 56.800000000000324,
            "enemy_life": 0,
            "time": 200
        },
        {
            "enemy": 8,
            "fitness": 85.8424637949176,
            "player_life": 17.80000000000023,
            "enemy_life": 0,
            "time": 379
        }
    ],
    "weights": [
        0.7744831489580023,
        0.7376940024314286,
        1.3327532788016345,
        -0.95404787114901,
        -1.372148226427185,
        0.07697314411986445,
        -1.4242052257470643,
        0.723264121859803,
        -0.953894445199914,
        0.8828578549704169,
        -0.11565925210990333,
        -0.8482938533376917,
        -0.9659923465496295,
        -0.7061558469206862,
        -0.7941813559410812,
        2.2134774591837307,
        1.8203271921885822,
        1.5287358282552443,
        0.7485834253603991,
        2.2354373084680006,
        -1.2470384936593892,
        0.09886486408064674,
        1.2091931263204654,
        0.9102891992430351,
        0.7447419217069041,
        1.9607905279060187,
        -1.6233943387222594,
        0.13906851210436855,
        1.0600084645848058,
        0.15706550260976518,
        -0.3901087251120204,
        -0.6179279115803263,
        -0.8642420052049966,
        -1.1831441166709793,
        0.7856481656156296,
        -0.2824930036852307,
        0.5023346735074424,
        -1.1494893043735828,
        -0.3246768371387434,
        0.7457310822241877,
        -0.2370621176572686,
        -0.808699820806956,
        0.644908045032389,
        1.126077347057554,
        0.6621765944267751,
        0.009500547220103836,
        1.6837219300680688,
        -0.11162249352276418,
        0.17742842125284383,
        0.8786472994625742,
        -0.5019828249510973,
        1.6473479585878532,
        -1.79537585210127,
        -0.7553322674219468,
        -0.4519904661069134,
        2.158271252492106,
        0.6754806676246644,
        -0.3957962753703744,
        -2.177844316817776,
        0.6266229142789678,
        1.062958431159372,
        -0.7669395112033996,
        -1.051138139112664,
        0.41721063421559734,
        -0.014566792322550766,
        0.5534839912641357,
        -1.0405268893697217,
        0.9651375839188159,
        -0.016975187669242026,
        0.4970237438205465,
        1.115857630205483,
        -0.18572742537402065,
        -0.09990416158956078,
        0.6439360251549551,
        -0.2854817856433727,
        -1.3292186611952654,
        -0.36722133022195425,
        -0.17234285016805917,
        1.126662201141117,
        0.282815590845133,
        -0.3832783633277294,
        0.2248419514260202,
        0.9978290055959964,
        3.0120541723858416,
        -0.06061929722810306,
        -0.629352527104432,
        -0.453501063422406,
        0.8059751009272397,
        0.4502476379148325,
        -0.3987649787547335,
        -0.7872074182741629,
        -0.3184464930795551,
        -0.13389873289268892,
        -1.6173036617271306,
        1.3122943725853249,
        -0.9651899396515786,
        -0.9771281337289967,
        0.1447919856812498,
        2.054892310997765,
        -0.689283272841906,
        1.1949221759007695,
        -2.124766853692943,
        0.45956208021358225,
        -0.28988049944366345,
        0.49336341017191965,
        0.4627062096656167,
        -0.07334208548911013,
        -1.3736245947424324,
        0.5520251481237968,
        -0.1694240482933459,
        -1.1025361163776177,
        -0.32284529237243453,
        1.1082035004863207,
        -0.5364053576638039,
        -1.1791118706192958,
        -0.6139009250976416,
        0.13382783377939866,
        -0.5023192856330958,
        -0.130442946136272,
        0.7229846275408502,
        0.19479194464320732,
        -0.10296878910143217,
        0.6934557177523047,
        -0.9697871239569924,
        1.6684345363157629,
        3.2728860862752063,
        0.6895825095938911,
        -1.0377731954723293,
        -1.1592587593697319,
        0.4907260067528505,
        -0.24614805083836824,
        0.30329785085994865,
        -0.13270785344477662,
        0.3725161983424479,
        0.5201928081713004,
        0.7751675998822475,
        0.6695832893485769,
        1.4434230689293783,
        0.183697603757894,
        -0.5701134621709584,
        1.479799908186777,
        1.7699471117645393,
        -0.7122573460867428,
        0.2309610078672231,
        -0.08161982674540616,
        -1.2508625460053422,
        1.4725965692717327,
        -1.990858817183054,
        1.6232217279312215,
        0.5621047664009636,
        0.06886047096010384,
        1.415641850323772,
        1.2634093234088,
        0.5065898745288563,
        1.519035926252443,
        1.0569087803655663,
        0.03396666352201443,
        1.9814913202176114,
        1.2314521164816328,
        -0.5558090939031238,
        -0.9306680429905656,
        0.24782679822510564,
        0.1359326890226052,
        -0.6850197096583257,
        -0.24378145236377474,
        -0.06493873295232877,
        0.36678113192615514,
        0.7481540725668302,
        0.8216490719483048,
        0.8118519239604378,
        -1.491221423317291,
        0.3167541871368422,
        0.7783084576089585,
        0.8862286375762228,
        0.1307934351760268,
        -0.8157523157828053,
        -0.05388416247729462,
        -0.8474835371484696,
        0.4690030983069153,
        -1.621631781991221,
        0.0305689666378674,
        -0.5000374519157047,
        0.2209131854223093,
        0.5801223364307393,
        0.03477376526423796,
        0.6905649770297315,
        0.6425839988324847,
        -0.04024529780932812,
        -0.10699852746370056,
        0.8151501600472459,
        0.33781349264813354,
        0.10379070249827366,
        0.1533730391680741,
        -0.6048075742166956,
        0.3897155678331348,
        0.34098561809237055,
        0.2767609992887505,
        -0.5744504531107866,
        -0.5187433890123437,
        -1.7422432423645768,
        -0.39365690947877596,
        0.1291417378530939,
        -0.4899640588335891,
        2.285040341980471,
        -0.7638719160292242,
        -0.8973615746531101,
        -1.462730716933543,
        0.6755779155568595,
        0.5616478450369857,
        -1.5072788576019214,
        -0.32572319198598765,
        0.49825100262678884,
        0.5860202170944236,
        0.30029192422451434,
        0.8184523006222572,
        -0.18406315735983664,
        -1.0673407041773877,
        -0.27418847799070084,
        0.7888306527699998,
        -0.6182236737945033,
        1.072484045565269,
        -0.819282866262226,
        1.3896406023239571,
        0.05385566010505209,
        0.2861614563442926,
        -1.4469859377798464,
        1.1922497331602342,
        -0.9493579802935145,
        0.04530432245858264,
        0.9180360590071087,
        -0.9915871253128894,
        0.9446731082375682,
        1.222965589804664,
        0.011467507344303657,
        0.6232983168259371,
        0.09895045193645238,
        0.7092327164890315,
        1.1152821648207332,
        0.48278608170958115,
        -0.8437379772672873,
        0.6346671100503257,
        0.24808348225943427,
        0.47650266682969317,
        0.641257383079137,
        1.1553758972221502,
        1.1686665811221375,
        -0.9855544842703025,
        0.1649011197245518,
        1.1622628579050442,
        1.8104200132321944,
        0.7986128239635327,
        -0.5296404801399106,
