{
    "idx": 708074,
    "fights": [
        {
            "enemy": 5,
            "fitness": 88.58855887687001,
            "player_life": 43.60000000000029,
            "enemy_life": 0,
            "time": 321
        },
        {
            "enemy": 6,
            "fitness": 66.12226421822037,
            "player_life": 0,
            "enemy_life": 20.0,
            "time": 357
        },
        {
            "enemy": 7,
            "fitness": 89.1838995977956,
            "player_life": 46.0000000000003,
            "enemy_life": 0,
            "time": 225
        },
        {
            "enemy": 8,
            "fitness": 84.95574420258549,
            "player_life": 8.800000000000232,
            "enemy_life": 0,
            "time": 374
        }
    ],
    "weights": [
        1.7009095282198483,
        0.6796463233467024,
        1.3767756432781106,
        -0.802133891232363,
        -1.7180202310831643,
        1.0897440424852118,
        -1.341425317412776,
        2.574566470376386,
        -0.39345638738210853,
        0.2770055384253106,
        0.026058094266101284,
        -0.8489822653572442,
        -1.0184430580959465,
        -0.45477776446674223,
        -1.0323375603201372,
        2.5003334019262677,
        1.4541659679443368,
        0.8575175406973579,
        -0.056418119765355317,
        2.0207648435630237,
        -1.3984928983644793,
        0.07140265363553595,
        1.675260855814511,
        1.3251658425388912,
        0.06484377809395833,
        1.6885926489473775,
        -1.7451628188116115,
        -0.30648371196312907,
        -0.2967092032404493,
        0.2958370486866674,
        -0.3153403099332184,
        -0.555006473120695,
        -0.3410272451718608,
        -0.7024962065458665,
        1.1894299663680263,
        0.4870977535677846,
        0.02355382247639606,
        -0.7502965985409739,
        0.3412907359342861,
        0.3798140108927726,
        -0.6607399815029898,
        -1.0364041740887064,
        0.6714640676925143,
        1.8814869178095015,
        0.5495092364459256,
        -1.0293595398704838,
        1.1562132898999486,
        -0.016292127968674304,
        0.6200819063772263,
        1.218737799512945,
        -0.2927665551214142,
        3.3725212312564,
        -1.4714054265218284,
        -1.411856124425279,
        -0.22006465670238584,
        1.9166272028346663,
        0.6259233142922728,
        0.103832959372263,
        -2.560282940638393,
        0.19215435031371572,
        0.6657428230363265,
        -1.4614964160815314,
        -1.051172244042733,
        0.6044986861594726,
        0.7275380240374992,
        -0.09779128141815549,
        -0.775308669023275,
        2.1248081371199112,
        0.8654814205580605,
        0.11465160077322017,
        0.8130472519582511,
        -0.8884769414390943,
        -0.2394513830088339,
        0.1576749829232713,
        -0.24263176045666504,
        -1.6319179309537422,
        -0.7020476107348463,
        -0.30234353645001644,
        0.6324538277678364,
        0.28363762248220625,
        -0.34537339085696045,
        -0.20220083452859985,
        0.32795215483734075,
        2.2748106257335694,
        0.2375459561773053,
        -1.033226075827211,
        -0.7022886932643988,
        1.8459677844681017,
        -0.20629878595577722,
        -0.73206838340368,
        -0.5283891352141064,
        -0.9118867423784542,
        -0.1822271283647135,
        -0.5415235545796248,
        0.8054842959545979,
        -1.0523317701266646,
        0.2908483070902453,
        -0.306657934371407,
        1.563297848078157,
        -1.1690931611462494,
        0.3498043294476002,
        -2.0021132732312497,
        0.411129811388544,
        -0.9140897649254602,
        0.5143434701609999,
        -0.6949271319155581,
        1.4225148917818264,
        -1.5189417897704605,
        0.8224374721066805,
        -0.6540775342289593,
        -1.4865350956222896,
        1.8658330347434426,
        1.769862610878425,
        0.5602178680339966,
        -1.0439107051839587,
        -0.6969140664276554,
        -0.15818739369783297,
        -0.18258572318347055,
        0.7478646623387176,
        0.20617089399393523,
        0.22744640607572528,
        0.10802398980757019,
        0.22584614089568084,
        -0.7604755670324672,
        1.0701609195231512,
        1.6400165911816116,
        0.40178410409122567,
        -1.266695284688426,
        0.5745200729839846,
        0.2462964101597543,
        0.054939958814885365,
        -0.36918005449326347,
        -0.2499107978440112,
        0.7424419835349071,
        0.28407531825561166,
        1.0354129110257109,
        0.08975830725067864,
        2.0358695655659838,
        -0.3617621900488831,
        -0.1699284026927418,
        1.0332804962027353,
        1.7438787617076155,
        -0.7933454226626933,
        -0.10876721513059968,
        -0.41786337987035604,
        -0.7654128205683259,
        1.4384829329357884,
        -0.5897656195122394,
        2.0491916965046952,
        -0.42447358375701394,
        0.3149257496493607,
        1.5652439947101526,
        1.5785626751425934,
        0.8011085166270929,
        1.6292485988718037,
        0.5347577906699595,
        0.20461829980812585,
        1.979758738985172,
        1.6951072962064102,
        -0.8321953649246026,
        -0.6523252887547724,
        -0.17231089270334365,
        0.5797899010349327,
        -1.175354363219477,
        0.4529041371886764,
        0.7049482760723872,
        -0.1815825909716949,
        0.6518336394060926,
        0.024280030824886167,
        0.7344207463561885,
        -0.2554109049553498,
        0.5293764774946301,
        0.7484650837173258,
        0.4465598791442388,
        0.23378004923813758,
        -0.4330959275417666,
        -1.0946636159544698,
        -0.4851326302011858,
        0.3035875687697441,
        -0.38433146928749923,
        -0.7118307304099986,
        0.20982566112178747,
        0.19986761001324782,
        0.6846664970211715,
        0.3736633722386991,
        0.9552822102760178,
        0.6007897324295883,
        -1.0156342108575807,
        -0.04034562953691177,
        0.6212479439014224,
        -0.1114886277330902,
        0.36501236959375594,
        0.757123112569811,
        0.3415201942577236,
        1.5890589631134575,
        -0.03361247280633119,
        0.16725798575102296,
        -0.08329462987656522,
        -0.45719528587718994,
        -1.842795882920134,
        -1.0087393594984009,
        0.1977153894946538,
        -1.4036018054821935,
        0.3540969061275603,
        -0.2217123186216483,
        -1.2670967254897483,
        -1.5088117658736409,
        1.0563052361891785,
        0.44083848493700145,
        -1.7533193141348165,
        -0.8524873660361443,
        0.23867999557460637,
        0.753597095136594,
        -0.48716497813952336,
        1.6960713593762302,
        -0.9818782816043027,
        -2.0756803552652356,
        0.47141484475927053,
        0.49324859355685513,
        0.31714698585234186,
        2.020404515882647,
        -1.3031629309950772,
        1.1567679575286935,
        0.45446331731798534,
        0.086763855478218,
        -1.518409977888161,
        0.18644704156917044,
        -0.6918167109959192,
        1.0516167595383243,
        0.891495704100791,
        -1.3289169797225198,
        1.7009634448573827,
        2.2156003459488303,
        0.19625172890244014,
        1.1533019207408928,
        -0.9920885834503176,
        1.085799809823669,
        1.0168344991148366,
        0.6299842538094713,
        0.1483602346295308,
        0.3600544096920027,
        -0.3995550095302643,
        -0.016652436981612256,
        0.7263505310453969,
        3.8967925506887586,
        1.6254423596812078,
        -1.143329088390835,
        0.8640243151589638,
        2.000563763312759,
        0.5159101724217943,
        0.6865604139183157,
        -0.9224558362884966,
