{
    "idx": 700198,
    "fights": [
        {
            "enemy": 5,
            "fitness": 88.83275134159977,
            "player_life": 44.200000000000294,
            "enemy_life": 0,
            "time": 267
        },
        {
            "enemy": 6,
            "fitness": 66.45092391510478,
            "player_life": 0,
            "enemy_life": 20.0,
            "time": 257
        },
        {
            "enemy": 7,
            "fitness": 89.96341372532802,
            "player_life": 53.200000000000315,
            "enemy_life": 0,
            "time": 212
        },
        {
            "enemy": 8,
            "fitness": 88.81968822339262,
            "player_life": 45.4000000000003,
            "enemy_life": 0,
            "time": 305
        }
    ],
    "weights": [
        0.42016261280230016,
        -0.030231866379986122,
        1.532465935639081,
        -0.6641065650378086,
        -0.836567565496733,
        0.44878904807257847,
        -0.9652374909841325,
        0.7909869257743899,
        -0.6343031063913105,
        0.5341845985219423,
        -1.1461398099501074,
        0.1483711821993835,
        -1.1640467206070564,
        -0.9260796024352362,
        -0.9774830646339828,
        1.7496917182220222,
        0.44494825768900903,
        1.4246034128238847,
        0.5898668251588238,
        0.887097456938241,
        -0.6499773369856512,
        -0.7782768939101075,
        1.730012758235423,
        1.2692201570312456,
        0.5976579176971277,
        2.580494977888689,
        -0.004019718196645539,
        0.0437451968672778,
        0.6750488421635712,
        0.17939444702568652,
        0.41778221777585245,
        -0.37587628909807286,
        -1.0983189943275573,
        -0.023988597685161952,
        0.5803853917903822,
        -0.6105288886107876,
        0.4255046737845873,
        -0.8940280644295382,
        0.3854462070763862,
        -0.06572051312599411,
        -0.12652112450549846,
        -1.0825984553428691,
        1.3534137155959152,
        0.5962137602714832,
        -0.3191417254165249,
        -0.9382769302161379,
        0.5249211846589125,
        0.8293356454201277,
        0.0007275344331868008,
        1.080169373731752,
        -0.060476887269042795,
        1.5702115338352678,
        -1.3389708726736331,
        -0.5316183393350762,
        -0.9490793879051547,
        1.8309549061159724,
        0.004966536080154425,
        0.6632980694095286,
        -0.9729003123438279,
        0.7359726773027531,
        0.6299789295789471,
        -0.9789222866882707,
        -1.3041076267225253,
        0.23612959307921882,
        0.5839101626856835,
        0.058396163968051834,
        -1.021535185649095,
        0.9602906456848006,
        -0.8371620251811476,
        -0.23366606429122871,
        0.939309075779265,
        0.07879323830267503,
        -0.5323928780795183,
        0.2546801689477288,
        -0.5437285134432761,
        -1.9176520842318763,
        0.9239239923715432,
        -1.0054505190712593,
        1.0488677398803627,
        0.4690278354233251,
        0.3428959057207066,
        -0.25095890180294655,
        0.555182760358763,
        0.017711811255565837,
        0.020002022699642352,
        -0.6412480088342088,
        0.03098607392994794,
        1.1716167509136257,
        -0.03683210772172243,
        -0.211609633864302,
        -0.27461545961952444,
        -0.40784220146747757,
        0.1557584687059437,
        -0.7656051527104326,
        0.45773476067442725,
        0.2074576552223359,
        -1.0955125096159815,
        -0.277186184512105,
        0.6897361489768006,
        -0.5765580981688646,
        0.7773028006922014,
        -1.2190175476581908,
        -0.6557115453340965,
        0.3128434436088594,
        0.3636038632196512,
        0.4245876038569216,
        0.1493890824420927,
        -1.3067425175578318,
        1.0824831898625449,
        -1.5007323144417013,
        -1.421615534997519,
        -0.5868031039250998,
        1.0207105601805069,
        -0.6116241966250199,
        -1.4745007510713686,
        -0.6513240964260056,
        0.29248397070058807,
        -1.1261849580968426,
        -0.3101199532608365,
        0.7665364091307607,
        0.15862744771139653,
        0.19352170675421176,
        0.07701772658822954,
        -0.6917241180547448,
        1.8563399980321464,
        1.7783175356745737,
        -0.17655380717003002,
        -0.6597870188929291,
        -0.4700768373900341,
        -0.6398252375114389,
        -0.017440023255838655,
        0.11174334695872257,
        -0.5148797279811104,
        0.21451949599429154,
        -0.25905398811148245,
        1.195755223071998,
        -0.022772132204999004,
        0.8431891456339434,
        -0.18638875353445525,
        0.7590515566056013,
        1.2215763735243752,
        0.9678801151510906,
        -0.4310025705671083,
        0.3534501856273362,
        0.22574564937120642,
        -0.53843863676032,
        1.082625208821587,
        -0.862860493584263,
        1.6514229802149307,
        0.10234351158019614,
        -0.3597932998526574,
        1.2552735856882875,
        1.4283745876155125,
        -0.659475693387653,
        0.8919932692156657,
        0.8231288075491894,
        0.1455712919280161,
        0.27193813215062806,
        0.23139365297598613,
        -0.24060813116021493,
        -0.9912963335503411,
        0.6206075557614847,
        -0.42352667857116766,
        -0.33655477530636335,
        -0.5363069583707186,
        1.5908938200987803,
        -0.28003217353406024,
        0.2591112539937596,
        0.9630176223591537,
        -0.6418996826307872,
        0.6285499445863596,
        0.5946029580125747,
        0.3957524204996772,
        -0.2937436843323771,
        0.948271662105284,
        0.12289283533146583,
        -0.03372567413260388,
        -1.3666830614135366,
        0.3084231052962428,
        0.20486750537127896,
        -0.6480212096445993,
        -0.8163741654385184,
        0.5772030251101941,
        0.42828055864260517,
        0.545698890021053,
        0.8070747494981744,
        -0.4397877703163553,
        -0.8037083805296084,
        0.2528221310629521,
        0.32455590286678254,
        0.3598774144481518,
        0.35896383146401467,
        0.09985135326680152,
        -0.1359501292980407,
        -0.21479557221501017,
        0.23950907920711234,
        0.48392494478553744,
        -0.5101518933566754,
        -1.444021868726438,
        -1.4321151085807926,
        -0.27364497653071895,
        -0.47096797923125183,
        -0.6943140633219845,
        0.9301389428087831,
        0.9424679643416929,
        -0.6711580825923271,
        -0.30945846572369795,
        0.2683066169956456,
        0.5615745860902457,
        -0.2764878618375728,
        -0.2863414398968001,
        0.44259961957861405,
        0.9387366054648489,
        -0.36105914460382743,
        0.8981678411888693,
        -0.21914474823187052,
        -1.4191683700728628,
        0.5086941225002624,
        0.702320989019386,
        0.20386983497024636,
        1.4632818737231015,
        0.002307167630924367,
        1.3943140112291148,
        0.17802411900363038,
        -0.018613524012117508,
        -0.7587535080457912,
        0.7636709112356072,
        -0.3578200111157948,
        -0.39864524312627037,
        0.641602467363151,
        -1.1639871985889094,
        0.8013248673016317,
        2.491495349608236,
        -0.10618138026188001,
        0.34441885729212385,
        -1.054197441639098,
        1.1290222500246438,
        0.7810319660838243,
        0.049089620859675345,
        -0.02894161863914052,
        0.5573017906794399,
        -0.22360865149021614,
        -0.001045176262750365,
        0.49446704412879716,
        1.1280992439195368,
        0.4878104184996699,
        -1.2022761598381961,
        -0.4518011324004548,
        -0.04535238138339398,
        0.9010382544612344,
        0.5094125492246616,
