{
    "idx": 700189,
    "fights": [
        {
            "enemy": 5,
            "fitness": 90.16027017401382,
            "player_life": 57.400000000000325,
            "enemy_life": 0,
            "time": 265
        },
        {
            "enemy": 6,
            "fitness": 30.427845967822236,
            "player_life": 0,
            "enemy_life": 60.0,
            "time": 263
        },
        {
            "enemy": 7,
            "fitness": 91.11679627126205,
            "player_life": 64.00000000000034,
            "enemy_life": 0,
            "time": 197
        },
        {
            "enemy": 8,
            "fitness": 90.07936107665805,
            "player_life": 55.60000000000032,
            "enemy_life": 0,
            "time": 240
        }
    ],
    "weights": [
        0.3070055116917246,
        1.6796950901332115,
        1.139402749863371,
        -0.07192719910041408,
        -0.8400055628450563,
        0.23915052843111925,
        -1.091134671194657,
        0.8064328320588319,
        -0.6072018551625334,
        0.8762596371175098,
        -1.0792136624316337,
        0.36545803249556585,
        -1.2223137699630733,
        -0.4651483719928522,
        -1.4762476968734992,
        1.6123519795370445,
        -0.6183030740262332,
        1.8694656766814015,
        0.6123181075963283,
        0.6892139137987393,
        -0.5766837584773944,
        -0.5070429081133346,
        1.8676673216944863,
        0.4896386719209881,
        1.1588780687928515,
        2.681517369769004,
        -0.9855069343901519,
        -0.18864022722452778,
        0.6462722446977136,
        0.5602825781992772,
        -0.8355400300687258,
        -0.09443202961949473,
        -1.5522663231005516,
        0.4267636077489197,
        0.4306839390472278,
        -0.6143111199408502,
        0.4414450194961996,
        -0.6324227659912668,
        0.2953236059926571,
        0.019325603135356022,
        -0.43996725613221693,
        -1.0568232026781204,
        1.2402094840223385,
        0.5021166969264084,
        -0.28449075814126634,
        -1.2522249313246379,
        1.2248580511599294,
        0.9903021330112587,
        0.2601296577523501,
        1.202925260426273,
        0.12050756144069712,
        0.618424257274813,
        -1.5571031941201479,
        -0.3184585630647961,
        -0.42315516804464076,
        1.6570280063591034,
        0.3578319332936108,
        -0.3210646929083618,
        -1.0066448030473998,
        0.7870334399243862,
        1.4689732005652156,
        -0.9676713878863896,
        -1.1942670225500314,
        0.14422010042137062,
        0.979155841970299,
        0.4334825330942681,
        -0.05913648252423914,
        0.6741849443097289,
        -0.8449168542807298,
        -0.49155648821754117,
        1.0882572465305973,
        -0.44689007104300094,
        -0.6608418297258717,
        0.2153248503141503,
        -0.32447381739264863,
        -1.5049851809366632,
        0.7480125306925071,
        -0.7891176495881775,
        1.9370062967262207,
        0.5265171410752402,
        0.141094138535382,
        -0.2024925563328261,
        0.3462986060867684,
        0.5045137555538509,
        0.1477338005377983,
        -0.5658551660020927,
        -0.9104483012659351,
        1.021593445789363,
        -0.6001351237601706,
        -0.05092635154744937,
        -0.32301929804516644,
        -0.7633944872308366,
        0.37797290001048145,
        -0.13781691956654446,
        0.7734192144125136,
        -0.10520725478627663,
        -0.48732590837635603,
        0.002094232904891996,
        0.9005714990860234,
        -0.7344420345917466,
        1.1317968589111718,
        -1.2892271756936196,
        -0.5842071870093025,
        0.7575760751794766,
        0.29517307742838395,
        0.4689866996579275,
        0.5503196193634677,
        -1.749869582377821,
        1.041530310597013,
        -0.983364339097572,
        -0.9081118231179136,
        0.17960415224570986,
        0.9646791400803474,
        -0.5709461787059263,
        -1.3503853772025147,
        0.36521513024120855,
        0.3684927370749379,
        -0.4345093955791639,
        -0.0853098365257045,
        0.15023140419532682,
        -0.023504702601623587,
        0.5084988773360745,
        0.7528560143804959,
        -0.23210178400991482,
        1.1883069773215649,
        0.9843790152612699,
        -0.6741118613686691,
        -1.2872620759191291,
        -0.48958721005037165,
        -0.8822673065173539,
        0.15903368662599118,
        0.5601215054224054,
        -0.2417360053114989,
        0.41260066180513744,
        -0.29839753472429925,
        1.0904492296627308,
        -0.4713593903896372,
        0.8648154896311419,
        0.25017049364859484,
        0.13513060833034987,
        1.7088398378756728,
        0.8551734052278338,
        -0.5344381474276848,
        0.4945265596121917,
        0.2928204011011626,
        -0.9884599011432098,
        0.7341563432261285,
        -0.8224458905816353,
        0.44927021061783756,
        0.045897800533336225,
        0.4866027205773632,
        1.0846847520298983,
        1.743026086325742,
        -0.1713520715696141,
        0.6380492387240111,
        0.8421864954069215,
        0.4199565083750888,
        0.3553886715072493,
        0.19163667078100943,
        -0.30986305536076963,
        -0.8623917960014555,
        1.2343931877688203,
        -0.5828547484252534,
        -0.4796761608495514,
        -0.07697358975409413,
        0.5014709006234299,
        0.2385977096042191,
        -0.17483336880360983,
        0.8866512480086545,
        -0.5425554789920475,
        -0.054937711078864825,
        0.7247816609030312,
        -0.3453009850457302,
        0.0026110204857212604,
        0.748390106617012,
        0.48153439101829215,
        -0.3075272233189157,
        -0.5948186449194081,
        -0.3071252412199267,
        0.16661915110933231,
        -0.12175727451443161,
        -0.5189098542941561,
        0.4575047650995516,
        0.21140082062094975,
        1.1419077957105646,
        0.9768768297061472,
        -0.24136099795195673,
        -0.5742452371113368,
        0.3810899385349469,
        0.6846740079756674,
        -0.012975141801498759,
        -0.008397094975233735,
        0.41836001205444656,
        -0.4665599935907594,
        0.013486485784268743,
        1.0837457424284886,
        0.20590795531778247,
        -0.5679850237281703,
        -0.5251706385549754,
        -1.2915166922109738,
        -0.6022682616089677,
        -0.7072455319891263,
        -0.25761445557856855,
        0.8908660794608692,
        0.8001236335284199,
        -0.40044565632407536,
        -0.38344155556296766,
        0.05940218846713051,
        0.7854978970140125,
        -1.1116320116411584,
        -0.050954401999144916,
        0.4959434252699423,
        1.016689698337826,
        -0.1199380483744133,
        0.5934160129167566,
        -0.20462380748804615,
        -1.056299958275122,
        0.13641131194919412,
        0.9620718951103241,
        0.2998617053453548,
        1.5925323309341297,
        -0.9935545821561719,
        1.1442945463011023,
        0.07618120205530947,
        -0.12642462213490094,
        -1.5311452157886205,
        0.6069174408459601,
        -0.4388890421561553,
        0.5526221243420435,
        0.7330365656490353,
        -1.0660132325576264,
        1.1997967442515494,
        2.6495319326739843,
        0.05520703392944322,
        0.22402396749710726,
        -0.9761703287749349,
        1.069493316720482,
        1.0143855502250383,
        0.388309621685461,
        0.18246267564281465,
        0.19043379041908395,
        -0.15518489146959236,
        0.426566347842727,
        0.9879530249911871,
        0.5186660983829432,
        0.6461430566370531,
        -1.5125952181997926,
        -0.1684115753637075,
        -0.35595031221629864,
        1.7604751430641836,
        0.9781883599083733,
