{
    "idx": 702571,
    "fights": [
        {
            "enemy": 5,
            "fitness": 88.33968822339261,
            "player_life": 40.600000000000286,
            "enemy_life": 0,
            "time": 305
        },
        {
            "enemy": 6,
            "fitness": 30.427845967822236,
            "player_life": 0,
            "enemy_life": 60.0,
            "time": 263
        },
        {
            "enemy": 7,
            "fitness": 90.20669517527554,
            "player_life": 55.00000000000032,
            "enemy_life": 0,
            "time": 199
        },
        {
            "enemy": 8,
            "fitness": 90.08661051127251,
            "player_life": 56.20000000000032,
            "enemy_life": 0,
            "time": 253
        }
    ],
    "weights": [
        0.755728968585168,
        0.7756393364582705,
        1.2874354141936275,
        -0.9679229468610504,
        -1.2874938581018898,
        0.3321083294349866,
        -1.4446361279359738,
        1.2469857655545311,
        -1.1300959229921408,
        1.3760212156614497,
        -0.18520532430958184,
        -0.22724677778110633,
        -1.0620445030959542,
        0.08777836542957745,
        -0.7545273717678832,
        2.3053958756031414,
        0.9998486239036666,
        0.6089370613255188,
        -0.3093187099564103,
        2.2954573382902965,
        -1.3796257455371408,
        0.45378780587018347,
        1.4302185987907101,
        1.266358593514647,
        0.9550573169648494,
        1.326727737313244,
        -1.621448372267833,
        0.058889072079191064,
        -0.12077849178227312,
        0.9782258723678614,
        -0.33743292815533243,
        -0.5823166173069388,
        -0.7436483483366234,
        -0.9957542393333169,
        0.9926569549777973,
        -0.2535035130106095,
        0.11875792462027149,
        -0.588701074679764,
        -0.02335731211413633,
        0.6432837328011384,
        -0.3031081161347937,
        -0.876471914627772,
        1.0481479484707972,
        0.9839367265162732,
        0.02638012273172255,
        -0.19361904805502728,
        1.4520280860587107,
        -0.2629984716459321,
        0.31837850595344763,
        1.0308325838448797,
        -0.7854718596923533,
        1.3746919010297085,
        -1.6352869172937876,
        -1.0673423043939825,
        -0.46649470158608164,
        0.8741106573359483,
        0.22718956509607696,
        -0.5178935680964488,
        -1.8482831090281258,
        0.17422605710997124,
        0.9416451076295934,
        -0.48980486504431725,
        -0.8072253750373029,
        -0.034998344382164426,
        1.0693268369335307,
        0.49601269593747843,
        -0.4787164532551187,
        1.096461731795058,
        -0.3281776032312673,
        -0.4700987602188368,
        0.6512273097005054,
        -0.5516245598407409,
        -0.038702410830899245,
        0.3797355974153718,
        0.0353564593756752,
        -1.6581145136460511,
        -0.6622491740735512,
        -0.04195826484939785,
        0.8825488035936974,
        0.10763405896359475,
        0.12829835535497328,
        -0.0811098303453271,
        0.30800912804130864,
        2.5186658378930837,
        -0.12726455921164503,
        -0.8549020786065271,
        -0.007421565567004587,
        0.9119482856732135,
        0.2086559546809615,
        -0.2421171511558432,
        -0.5837325248457095,
        -1.2877997779006514,
        -0.3041831452829311,
        -0.9877627217621575,
        0.810042437552592,
        -1.0066103456391913,
        -1.0205907674781807,
        0.1322083101456123,
        1.3035935959083962,
        -0.8269343803713843,
        1.199648525503103,
        -1.7654813556906543,
        0.5527185768717553,
        -0.012827021325718368,
        -0.20587846802729015,
        0.44634655181690264,
        -0.08952781507008478,
        -1.4097408243004501,
        0.9819434581581549,
        -0.302226642317218,
        -0.7801516717714218,
        -0.6037006978761258,
        0.6144463629552099,
        0.17934987111814119,
        -1.2439285229706656,
        -0.2417520826575496,
        0.542610904671196,
        -0.5384512690891848,
        0.1787700111619686,
        0.26821020604905327,
        0.08078312805755714,
        0.15770346375765906,
        0.5541956360695756,
        -0.7543120180052346,
        1.625073242966747,
        2.3139960969722484,
        -0.01984458034877619,
        -1.3095240285600396,
        -0.2635253555942169,
        0.1890977174726713,
        -0.3287242616093355,
        0.14970950542454062,
        -0.11107750862134468,
        0.5783008584782573,
        0.7711849481954096,
        0.7521360017435749,
        0.5622222528498977,
        1.6930952684297698,
        -0.013295512992904653,
        -0.5716302860812552,
        0.7673934037713342,
        1.4737930097274434,
        -0.8116061379196189,
        -0.3064926090191802,
        0.42125901448272285,
        -0.9981058381083457,
        1.7030669106958982,
        -0.9667574985995034,
        0.9442861951055306,
        0.3468747915734788,
        0.14626127275063272,
        1.6600904092224238,
        1.3653214787484875,
        0.3915842730737441,
        1.0989779783077065,
        1.2038638605912322,
        0.49309830354805984,
        0.43626156417882933,
        0.8585391166684396,
        -0.4979051577559631,
        -0.9632233684133567,
        0.20028281322306515,
        0.07262813733810045,
        0.20306942491432034,
        0.5457866507338788,
        0.13006700543589522,
        0.35784736270026485,
        1.042703173924612,
        0.5761071083145438,
        1.4808637294904683,
        -0.18947415233158799,
        0.45165462625661984,
        0.5706487384511109,
        1.0416811534313157,
        0.1668431457810452,
        -0.06251839273171989,
        -0.5560792383686126,
        -1.0042999173259233,
        0.40954210778186145,
        -0.11186578700924635,
        -0.20059248295700316,
        0.5054057092686004,
        -0.4106784708755604,
        0.6051289392201633,
        0.37549856158667205,
        1.375952092432627,
        1.8615608817045972,
        -0.7115833255042795,
        -0.10936556957465611,
        0.44184895766799237,
        0.14150594713026513,
        -0.16392089984632008,
        0.049715165622831625,
        -0.29864829486391165,
        -0.013831566491874496,
        0.8243244981255353,
        0.24754227916674743,
        -0.2756991716647488,
        -0.5179555061491856,
        -1.997040851800224,
        -0.5872798675539153,
        -0.44156813362394803,
        -0.12429103787518579,
        2.029021845560803,
        -0.4486255139577277,
        -1.3007048556187721,
        -1.2485917695211899,
        0.8233986527745113,
        0.7512731878983792,
        -1.8851523259719565,
        -0.05309744807524157,
        0.820832432011269,
        0.5799490227207245,
        -0.4337631105996707,
        0.6845869018498778,
        -0.9264065848226773,
        -1.4965591038405184,
        0.1719283637510738,
        0.9098374304928923,
        -0.08011483298974728,
        1.3326495826476865,
        -0.7064539338384439,
        1.2014489840389597,
        0.2538055034488205,
        0.3939677425432392,
        -1.069647895363609,
        0.9409430311625882,
        -1.1864448613796188,
        -0.09277745853965201,
        1.931600638068147,
        -1.339517173915822,
        1.1025949372240895,
        1.2194188217370512,
        -0.09057532823335218,
        0.5592731210172391,
        -0.4302889077542554,
        0.740177389360329,
        1.147478507710314,
        0.6652437556778295,
        0.061933305911622605,
        0.5028722698419718,
        0.13726598770517356,
        0.6239430134415729,
        0.616872276066636,
        1.1208857542314183,
        0.5958265642539408,
        -0.8935204451379902,
        0.6383641726837247,
        0.8711942888510289,
        1.6776056472764111,
        1.0982530045364598,
