{
    "idx": 702595,
    "fights": [
        {
            "enemy": 5,
            "fitness": 89.79275134159978,
            "player_life": 53.80000000000032,
            "enemy_life": 0,
            "time": 267
        },
        {
            "enemy": 6,
            "fitness": 85.25165549623893,
            "player_life": 8.200000000000232,
            "enemy_life": 0,
            "time": 262
        },
        {
            "enemy": 7,
            "fitness": 89.12389959779561,
            "player_life": 45.4000000000003,
            "enemy_life": 0,
            "time": 225
        },
        {
            "enemy": 8,
            "fitness": 86.33574420258549,
            "player_life": 22.600000000000243,
            "enemy_life": 0,
            "time": 374
        }
    ],
    "weights": [
        0.6210066385018704,
        0.8260540292584111,
        1.414309963339577,
        -0.9265904435044509,
        -1.3140462572325542,
        0.22276130760450197,
        -1.5637368657317283,
        1.115052625028089,
        -0.8964840145485051,
        1.2687110670791528,
        -0.5040204915520362,
        -0.7757863207750086,
        -0.8223218550612429,
        -0.08426262003400334,
        -0.6667184103487375,
        2.024266343593623,
        0.5708341381505347,
        0.6788192871540981,
        0.43833784626896644,
        1.9665165163776783,
        -1.6362858225902364,
        0.44704643520009024,
        1.6242830996980822,
        1.3907673609313083,
        0.3796484258357774,
        1.2351198152680523,
        -1.586269980834457,
        0.06036106874437416,
        0.9816915790713919,
        0.8833642914662964,
        -0.557100181385773,
        -0.639162905481766,
        -0.7208522741228922,
        -0.7573624018891267,
        0.7700874957750533,
        -0.6786529875299155,
        0.2734296860204979,
        -0.48834971550852946,
        -0.05678310628343547,
        0.697114739039099,
        -0.19533455838424713,
        -0.879318100427979,
        0.9246646671781602,
        0.9960886584541243,
        0.08475651324269963,
        -0.208963645534947,
        1.4561830345156719,
        -0.19743403351663627,
        0.1568398718064572,
        0.9830413461339884,
        -0.6457454783049743,
        2.0076694428488544,
        -1.3858798807037955,
        -1.180241553386166,
        -0.49066574337079494,
        1.453431059381642,
        0.3435641026402804,
        -0.3607419729034992,
        -2.4229732799540966,
        0.8392301819492051,
        0.93625826557575,
        -0.5348604143235071,
        -0.4231433669702015,
        0.8571185788096827,
        1.306987763110312,
        0.745666403680987,
        -0.8129290151084874,
        2.4153873007711923,
        -0.017780847592417715,
        -0.17145771560769996,
        0.6804302436302803,
        -0.5306354232341475,
        0.2965638090965711,
        -0.37870410526519804,
        -0.30073573084486627,
        -1.6132121368922308,
        -0.7166611882518671,
        -0.40690278798190194,
        1.3395189098159639,
        0.20048672634177792,
        0.38802190385755436,
        -0.3498838123808052,
        0.40078578475919496,
        2.4941219835850656,
        -0.15623364939337236,
        -0.7577154638706228,
        -0.6441244887754326,
        1.5432474990778489,
        0.33281676712688535,
        -0.37983130592723335,
        -0.5536800740903158,
        -0.5513327939250374,
        -0.21203234087408313,
        -0.782614308237029,
        1.4618360559079195,
        -1.0891825001508924,
        -0.824780938412857,
        -0.09597853768229304,
        1.3317867725179606,
        -0.8089603749635907,
        0.953968801900521,
        -1.9330989797388034,
        0.2271861409281988,
        -0.7289275700413236,
        -0.17918196776061573,
        0.3778433783788335,
        -0.11085229757200792,
        -1.271699839185298,
        0.7862375933266805,
        -0.17633739133156878,
        -0.8074548379360037,
        -0.5774504975660677,
        1.252462363290666,
        0.10810702155082777,
        -1.3971203616617165,
        -0.17628881309916766,
        0.5721469757101701,
        -1.0178585582758388,
        0.17861611903922542,
        0.3085130672124532,
        0.12970333332652115,
        0.13914082793298557,
        0.532510757968402,
        -0.44620668990185475,
        1.5238399217413665,
        1.8925001386677258,
        0.05853957717500596,
        -1.3625394426004318,
        -0.9157149745230927,
        -0.05768321793773765,
        -0.42915715905339435,
        0.7502781907303313,
        0.27059370768351343,
        0.296251965915456,
        0.5428347956842968,
        0.8434159007317179,
        0.30827782588069713,
        1.6752285577573676,
        0.6250081371653061,
        -0.7277075911530649,
        1.2488796553570842,
        1.230332814053034,
        -1.3260815607686904,
        -0.39904333847700624,
        0.02946542062387543,
        -1.1589316264873697,
        1.522625617332404,
        -1.0044390424468452,
        0.8156111025074769,
        0.011835905533542218,
        -0.0139559252842692,
        1.4799969558133999,
        1.6804590572610691,
        0.3508222583526171,
        1.1992224921319,
        1.0766763078413208,
        0.11149109752631783,
        0.5625060369924744,
        0.8764358731608136,
        -0.9336114924364011,
        -0.8719022972275029,
        0.23778834657934864,
        0.13225070612822895,
        -0.7295891936054153,
        0.3414419164010571,
        0.37631343877434514,
        0.7807545034011453,
        0.8296486878567382,
        0.6094450669345083,
        1.2195952810929118,
        -0.15024430581505865,
        0.41861101771807324,
        0.7475414498058695,
        0.7206118784732343,
        0.18776344953672597,
        0.1084791583556755,
        -0.3302441592505951,
        -0.94771893369988,
        0.11340179547757967,
        -0.24248159538073613,
        -0.07726573621311693,
        0.663136084503355,
        -0.26442759343311906,
        0.8408160766675927,
        0.12169257843865512,
        0.6857807906600194,
        0.31638863662460814,
        -0.4342372115283838,
        -0.06305347865170802,
        0.6422798018385285,
        0.14912951524741344,
        -0.3131909301238187,
        -0.24234381506451816,
        0.14255913226323913,
        0.01753069887810078,
        1.2937583539483812,
        0.3063324892127435,
        -0.06158542417503783,
        -0.3151936731552224,
        -1.7090605515930886,
        -0.6142086312173378,
        -0.680502781500565,
        -0.07215503549375156,
        2.0202893031658187,
        -0.30908402147254554,
        -1.4940445590596856,
        -0.9928889586470642,
        0.7794971679982556,
        0.8029302617870352,
        -1.5419753425333087,
        -0.01200998483527732,
        0.45455894207583414,
        0.6123517670482042,
        -0.7334157176751197,
        0.47831536862249807,
        -0.9296149830428034,
        -1.3769565074335353,
        0.3285474179666369,
        0.9626947623279343,
        -0.04971006563669077,
        0.9836101303222214,
        -1.5682124011524088,
        1.3540873251269985,
        0.15678733546847737,
        0.5146060046597584,
        -1.0754537077581952,
        0.6304275924156861,
        -1.2187267476991368,
        -0.17013479999307007,
        1.859863786018852,
        -1.3947072601843364,
        1.0759500495895133,
        1.129928048291133,
        0.4489952602216609,
        0.5190096721557441,
        -0.34634168010660826,
        0.7383446754129005,
        1.1317147284806826,
        0.7427357656489275,
        0.117242591019022,
        0.9482562273702853,
        0.01554904543220436,
        0.3295274087614712,
        0.991792134130293,
        1.0471522885076363,
        0.678307887951953,
        -0.7502946005881831,
        0.41639673781410463,
        0.8279820599206242,
        0.4218125160328011,
        0.7546168459137089,
