{
    "idx": 710212,
    "fights": [
        {
            "enemy": 5,
            "fitness": 90.60192069107684,
            "player_life": 60.40000000000033,
            "enemy_life": 0,
            "time": 230
        },
        {
            "enemy": 6,
            "fitness": 39.45092391510478,
            "player_life": 0,
            "enemy_life": 50.0,
            "time": 257
        },
        {
            "enemy": 7,
            "fitness": 91.23679627126205,
            "player_life": 65.20000000000033,
            "enemy_life": 0,
            "time": 197
        },
        {
            "enemy": 8,
            "fitness": 90.07936107665805,
            "player_life": 55.60000000000032,
            "enemy_life": 0,
            "time": 240
        }
    ],
    "weights": [
        0.9175856791016118,
        0.8273729878227429,
        0.6747905482621512,
        -0.9304096255814003,
        -1.857473555922315,
        0.3064625242721381,
        -1.644173896203232,
        0.997327010211572,
        -0.6286289419619827,
        0.5899902469995851,
        -0.21918179039887964,
        -0.41460272517269214,
        -1.2164047516538234,
        -0.8844514406920021,
        -0.7578526448862433,
        2.2015534559772156,
        1.5688702086225381,
        0.5667116207356452,
        0.33956052699537237,
        2.688558696682,
        -1.2206878764655957,
        -0.05530050949836164,
        1.7231124271239238,
        1.8594504019132267,
        0.6619593051609407,
        1.858713781870643,
        -1.1203927321336893,
        0.333602244679115,
        1.4152093191963557,
        2.1442583543090694,
        -0.38185878677955337,
        -0.6909422054341007,
        -0.44336118327308366,
        -1.0266663944104746,
        0.9179501556578822,
        0.10919551092575647,
        0.28110881503009577,
        -0.9221928251692817,
        -0.43905018174216914,
        0.177797815739937,
        -0.4749237058668435,
        -0.4762925632634878,
        0.21959563551121183,
        1.3164533797447049,
        0.43330307062492923,
        -0.8779662539682979,
        1.3579192776778146,
        -0.2880826147795715,
        2.165276829657254,
        2.0430544322981468,
        -0.537662830569541,
        1.4264765052863866,
        -1.7327139116674526,
        -1.156068787700951,
        -0.5703752100523383,
        1.627862185912388,
        0.5771294033543188,
        -0.2880103630338944,
        -2.025674855475015,
        0.5574328301687195,
        1.0528843701514323,
        -0.5908684089511865,
        -0.33586117218144895,
        0.5763891793000316,
        0.13006047261291104,
        0.2140923873488917,
        -0.9182977070289657,
        1.8024587293569123,
        -0.8352760656162035,
        0.32900450569099965,
        0.9747499912437276,
        -0.8129003450973885,
        -0.2340029554830851,
        0.23652850845173187,
        -0.1911454824198094,
        -1.2015646122573869,
        -0.5224065873219963,
        -0.49121072786903325,
        1.2331013715016872,
        0.7639801210817447,
        1.0641734588995784,
        -0.11002247233978768,
        0.487673216847294,
        2.466694940498911,
        -0.20680859008728197,
        -0.9781863334390377,
        -0.36236522279054034,
        1.260876286018056,
        1.434928655368586,
        -1.5332865428258513,
        -0.853561282486487,
        -0.5185839477971074,
        -0.4636963809875394,
        -1.0529595852226212,
        0.1743817437582939,
        0.047849871065754196,
        -1.605044769754856,
        -0.04561118261474106,
        2.297382514484876,
        -0.7589661689914746,
        0.7427401060238649,
        -1.693024133635749,
        0.214062514711307,
        -0.11483351982294239,
        0.318047197937028,
        0.7476693596705707,
        -0.1827126542849875,
        -1.2408978990504853,
        1.411364541251188,
        -0.8422662445778901,
        -0.19509358245944597,
        -0.46517160815595865,
        0.9747574471396725,
        0.2886222293528091,
        -1.3416602621388714,
        -0.5541407041065339,
        0.20326553890662866,
        -0.8470214655620312,
        -0.12192721067500267,
        0.4834056595146306,
        0.11805728523545102,
        0.18328736244982924,
        0.40150897646959033,
        -0.6429868005350834,
        0.9286852919573338,
        2.970169060663526,
        0.7091062508745539,
        -1.5106002925242918,
        -0.9624204999891406,
        0.40342725257882855,
        -1.1978673569461922,
        0.0813546481159007,
        0.8964573119622731,
        1.1900266504988104,
        0.3497880447312107,
        1.4549005373377883,
        0.22639193138484034,
        2.5170479898710516,
        0.394879348878831,
        -0.8219683838946283,
        0.5324361486646189,
        2.009572888004763,
        -0.9684392294505462,
        -0.215064350918189,
        -0.11533185300001003,
        -0.7616482975092868,
        1.043935008777952,
        -2.119940517764428,
        1.9782256174239798,
        1.3125413702739657,
        0.08026550263042076,
        1.3650289890930085,
        1.831608908006095,
        0.7329047695962254,
        1.474425175146407,
        1.1586474576225838,
        -0.418555341150192,
        1.702383083058163,
        0.6659992285376269,
        -0.42233326612846894,
        -1.1300865988934743,
        0.6799521272616029,
        0.2612245438826139,
        -0.44468294740215447,
        0.12439853304585813,
        0.5843732809394478,
        0.45193008557175907,
        0.7346258726750443,
        0.7031534072713855,
        0.9160081921519244,
        -1.507985782386941,
        0.3938232417814553,
        0.8201134070045821,
        0.6379963656776685,
        0.17056868394292835,
        -0.5699084608080021,
        -1.0874670439928698,
        -0.923883233811303,
        0.21018138818308452,
        -1.5389913762016676,
        -0.3127134462455387,
        -0.5168063856741619,
        -0.8654253212607627,
        0.3820549150294238,
        0.28079779045498254,
        0.28341662413053254,
        0.271059287053587,
        -0.6988162256529096,
        -0.10243662039121551,
        0.7085114051970078,
        0.27254309945035265,
        -0.3984144503010378,
        -0.6154208538639376,
        -0.5055328615774108,
        0.007120647932098642,
        1.7800857586713352,
        0.14487352551869395,
        -0.20111217726859829,
        -0.32229014295911407,
        -2.246670801089299,
        -0.6213609650385609,
        0.14326513387458337,
        -1.0257095492480381,
        0.32404805043733004,
        -1.1354501405141204,
        -1.248779634705877,
        -1.3814639798179416,
        0.3771618077577876,
        0.9163116123214929,
        -1.8936143426424876,
        -0.5568785177964715,
        0.6907077474807358,
        0.6699392747005686,
        -0.11459993211526713,
        1.0825413762240648,
        -0.6496254879680944,
        -1.4969981110071249,
        -0.1726189939379415,
        1.0635144369802434,
        -0.7200859758572707,
        1.4547035983726124,
        -0.7385038216061063,
        1.4732424127218304,
        0.36354687233016414,
        -0.24948201746663018,
        -1.3942616315837193,
        0.34106885997339526,
        -0.7462452611986469,
        -0.2449388017822191,
        1.589094701200557,
        -0.989274784605306,
        1.3132698318434433,
        0.8948305199275621,
        -0.28824915282906144,
        0.6495121202315093,
        -0.27250941548700724,
        0.036100939239101126,
        1.4240338924074232,
        0.34925575820358007,
        -0.1498618290354498,
        1.1092249481908856,
        0.35680147404593626,
        0.7283034974800957,
        0.6472483720506139,
        0.9994698300608156,
        0.3676001206837851,
        -0.6823847362298808,
        0.8101672676678855,
        0.9497473154622682,
        1.765190971881418,
        0.6744588113199674,
        -0.8715147001066049,
