{
    "idx": 707437,
    "fights": [
        {
            "enemy": 5,
            "fitness": 90.21650369121834,
            "player_life": 58.00000000000033,
            "enemy_life": 0,
            "time": 266
        },
        {
            "enemy": 6,
            "fitness": 86.19853908213778,
            "player_life": 17.20000000000023,
            "enemy_life": 0,
            "time": 250
        },
        {
            "enemy": 7,
            "fitness": 66.63870783429057,
            "player_life": 0,
            "enemy_life": 20.0,
            "time": 213
        },
        {
            "enemy": 8,
            "fitness": 86.33574420258549,
            "player_life": 22.600000000000243,
            "enemy_life": 0,
            "time": 374
        }
    ],
    "weights": [
        0.6658897903805031,
        -0.0176236053392849,
        0.914213945004448,
        -1.0690392278072811,
        -1.5864285736970865,
        0.8113572027451033,
        -1.415481690278488,
        1.6087128602372642,
        -0.2017211662547534,
        1.05551381090012,
        -0.3216836257199658,
        -0.6774510877039788,
        -1.029431063250167,
        -0.5342557169529493,
        -0.6519097116588641,
        2.4441611057541492,
        -0.9460707719124187,
        0.3852871269024086,
        -0.15273383272542307,
        2.177000108294348,
        -0.5354145468512834,
        0.04544657996659591,
        1.5125108733025991,
        1.5814162856943363,
        0.6659670147314818,
        2.0140338410115497,
        -1.2075176669685483,
        0.18017932901248748,
        1.0939231639535612,
        0.024993597593408787,
        -0.553495186717088,
        -0.5029006451651447,
        -0.8156394983042438,
        -0.6410255999141187,
        1.1259307344485041,
        0.4690911489467139,
        0.541361355593605,
        -1.1710179686649347,
        0.4628416972350788,
        -0.0006908591282056287,
        -0.4968451540381797,
        -0.48853040109145657,
        0.4595426784917732,
        0.8847372164998111,
        0.8165538594798547,
        -0.34268848986547534,
        1.9844767275228372,
        -0.03488009274551375,
        0.4847908682338423,
        0.954162436937238,
        -0.4748705480943985,
        1.5071715914711206,
        -2.0815491923848692,
        -0.8595116726971697,
        -0.11551927558057322,
        2.245863363853923,
        0.46241333900253945,
        -0.20201470233345536,
        -1.8482668670278335,
        -0.1441574438643411,
        0.4059919418707195,
        -0.9115003131048247,
        -0.32983224087337704,
        0.43772578200065226,
        0.43767032575207915,
        0.2753718106221253,
        -1.3205189639843105,
        1.5526532033094693,
        1.0704891231662372,
        0.0907871185585588,
        0.767704002924637,
        -0.12408002845110824,
        0.04158896596681875,
        -0.2700647769693971,
        -0.07090102614914895,
        -1.4243028480640392,
        -0.5244228960637326,
        -0.1407214896443742,
        1.1342342804424363,
        0.2595993511095505,
        -0.0523780618109799,
        0.3216384383549465,
        0.4872030335228319,
        2.7928267799515916,
        -0.5508919159819782,
        -0.48764512947122884,
        -0.6526851702540098,
        0.8841921739781893,
        0.8278833918927178,
        -0.6278125672347897,
        -0.7678006685876161,
        -0.6922232101473916,
        0.2729341909114971,
        -0.058289101725532484,
        0.9049066723193837,
        -0.825808367645365,
        -0.45185585832058395,
        -0.010176321238653398,
        1.3403337998890128,
        -0.49582983856147145,
        0.5448679703330456,
        -1.891727950841621,
        0.7264826714732242,
        -0.6725914870636559,
        0.6721985895759113,
        0.34160796888377576,
        0.1380869982174413,
        -1.3502042320042982,
        1.1571009518020146,
        -0.5175282837776181,
        -1.5492197356500448,
        -0.31904226432706895,
        1.3258858670782188,
        0.262171565117204,
        -1.0365842724501166,
        -0.5806666647165559,
        -0.17891253071488264,
        -0.6914090312487825,
        -0.1787187774761897,
        0.12261833056776303,
        0.22144133296111665,
        1.0319823384121283,
        0.29468301103036276,
        -0.8331971901218898,
        1.3049182482652966,
        1.4045698857953492,
        0.42412271508368404,
        -1.3187676208427879,
        -0.291681987668182,
        -0.6899075223465131,
        0.10096695376216241,
        -0.17335684710146254,
        -0.051424650129559844,
        0.3180928137561902,
        0.2578058711909969,
        0.970896296306085,
        0.5414437524915483,
        1.162075479471336,
        -0.11610868758463286,
        -0.44044160902735074,
        0.8966881536405389,
        2.035404910794889,
        -1.0294716797224606,
        0.11683055226441773,
        0.40618653809796346,
        -0.23514697917190708,
        1.9303112136869895,
        -0.6595161327378544,
        0.502522012157186,
        -0.515042502995782,
        0.004688451932299956,
        1.9896556493511943,
        1.0639095345699492,
        0.9174877936099636,
        1.0165499608291289,
        0.147044330338484,
        0.013598196178331384,
        1.8064686870834565,
        1.0232591674886269,
        -0.8403037357941637,
        -0.7791842021280116,
        -0.12205718591177146,
        -0.09662309163022029,
        -0.2625549012359699,
        0.22221209030521996,
        0.13878969188435367,
        -0.4707900769631726,
        0.8108844161217079,
        0.33394786846594504,
        1.173964389912898,
        -0.28748820039024864,
        0.39345396503003666,
        0.5675711913586434,
        0.39266798808681946,
        0.8115142113404475,
        0.16873356959518832,
        -1.220843413069974,
        -0.8128698480913895,
        0.18179044500990132,
        0.030301417551852783,
        -0.808059579634693,
        0.019327060510556084,
        -0.35461268373909366,
        0.40888494605087294,
        -0.43133493723122174,
        0.685159670753416,
        0.6707817517125415,
        -0.40494398856874003,
        0.5707329449209625,
        0.9538973737878985,
        0.0173834940553801,
        0.031885856539538696,
        0.5544946074438063,
        -0.06600878630166826,
        0.1326522473526131,
        1.0884848842613888,
        0.22376188517202275,
        -0.07372103137419754,
        -0.3623155910068373,
        -1.5057651266618075,
        -0.8083597099377875,
        -0.12309364306399188,
        -1.1298781645857867,
        0.10185821914635362,
        -0.1525917429915136,
        -1.6931610032070739,
        -1.6316999024760865,
        1.3053363078367635,
        0.631092777914269,
        -1.120233280310274,
        -0.42630306207375906,
        0.28162424244007966,
        0.6458615964256302,
        -0.8325707816814143,
        1.6011148514509066,
        -0.7723415554067907,
        -1.3026668961858394,
        0.569879848709136,
        0.5866269186686384,
        0.15415924122022504,
        1.3888499030098467,
        -0.8052336788701031,
        0.9116292979156944,
        0.44484090178906543,
        0.3454993121017518,
        -1.4914900134531783,
        0.24012303536097657,
        -0.2894498686631921,
        0.25435279304870717,
        1.7975476384439433,
        -1.1359760246524435,
        1.1114434541226246,
        1.7205520540547286,
        0.07320718742527785,
        0.6120691970283455,
        -1.169560843296093,
        1.3415788675318212,
        1.0338758054506616,
        -0.019508320706354745,
        0.2762927643892499,
        0.9013440490350074,
        -0.21949944231860793,
        -0.020226516587932244,
        0.9754548836488566,
        1.0033032720269823,
        1.3190314144277546,
        -0.7195841236785183,
        0.728591669643991,
        1.66019043764727,
        0.9747176782756863,
        0.5709560886417326,
