{
    "idx": 711597,
    "fights": [
        {
            "enemy": 5,
            "fitness": 86.00628484395722,
            "player_life": 20.200000000000237,
            "enemy_life": 0,
            "time": 409
        },
        {
            "enemy": 6,
            "fitness": 84.29288973525112,
            "player_life": 0,
            "enemy_life": 0,
            "time": 301
        },
        {
            "enemy": 7,
            "fitness": 30.65766574803519,
            "player_life": 0,
            "enemy_life": 60.0,
            "time": 209
        },
        {
            "enemy": 8,
            "fitness": 88.81968822339262,
            "player_life": 45.4000000000003,
            "enemy_life": 0,
            "time": 305
        }
    ],
    "weights": [
        0.9047636958707012,
        0.9747093593990273,
        0.21356239330874588,
        -0.25061225092298794,
        -1.547507058364364,
        0.8128775315809681,
        -1.3500782929951929,
        1.6012511638890314,
        -0.6653332762518409,
        0.9649679866089766,
        -0.10044368689971424,
        -0.6538631704907722,
        -0.9482236652228416,
        -0.2497859394656101,
        -0.6177090815479506,
        2.3864889665459086,
        -0.5683139408475208,
        0.7986939887187998,
        0.5442255833280968,
        2.3426753876836277,
        -1.072041897201136,
        0.49485561712932014,
        1.5466169324443861,
        1.0473982002966595,
        0.3714707315887332,
        1.4104853097203363,
        -1.6018539314896918,
        -0.41841146060581724,
        -0.004032352883936741,
        0.3646418650442339,
        0.61451168349127,
        -0.339301123663614,
        -0.801201896038539,
        -0.6154027064097559,
        0.6436339035261981,
        -0.5907354678454663,
        0.18786680507696063,
        -1.162783766722415,
        -0.028388133094256716,
        0.18935116599700513,
        -0.2617404057509102,
        -0.988945992892206,
        0.877779750739452,
        0.9803439890565042,
        -0.15215383757698017,
        -0.7472374736495841,
        1.9315867900124504,
        -0.42787672037695523,
        0.3306881802703484,
        1.0592709650395038,
        -0.1354583842041719,
        0.9834927082279927,
        -1.7623548506270974,
        -0.8705589356749791,
        -1.038699347870804,
        1.2520718847140018,
        -0.1532888570362679,
        -0.22815932089420746,
        -1.7909634014250093,
        -0.0721554927023641,
        0.7758140252256528,
        -0.9583006226477193,
        -0.8195655800266404,
        0.2714642212006533,
        0.5353496632050846,
        0.5280102438678421,
        -0.5584642760701825,
        0.9824405462844992,
        -0.7933454583963557,
        -0.03658629818340964,
        0.4110793038321329,
        -0.3603765711529826,
        -0.38911095126108863,
        -0.66225329961119,
        -0.10908223094664958,
        -1.9040360351604526,
        -0.11395762938872316,
        -0.3048549174445767,
        1.267750130128082,
        0.06244336822281297,
        -0.11792913519210149,
        0.24192718410503516,
        0.8203569747207975,
        2.875834604601098,
        -0.1546527261009002,
        -0.8218936482665188,
        -0.5969962003652962,
        0.8651702254961088,
        -0.02942326717410909,
        -1.6778399955902823,
        0.18685316307698996,
        -0.6756995875753257,
        -0.2794998534915991,
        -0.881541763336698,
        0.8688423688722452,
        -0.557014616600114,
        -0.7649121413423373,
        0.1844830944520624,
        2.1968054662472154,
        -0.8057879441431148,
        1.5393553575983514,
        -1.89785993553759,
        0.3454846876376724,
        0.0009836301552593324,
        0.2706935424724932,
        0.08996606838587579,
        0.29674311052834007,
        -1.4064625045094432,
        1.7625580097050892,
        -0.540965945535696,
        -1.3957549474406918,
        -0.5347083331646185,
        0.9003537848394083,
        0.05991253887791069,
        -1.3811522987745517,
        0.15858250130384094,
        -0.21849501384847708,
        -1.4831139879577684,
        0.0092725965813696,
        0.2033747365239908,
        0.41100501498764924,
        0.382743786920948,
        0.4397120708580888,
        -0.8394595846092696,
        1.185010696942382,
        2.5344951402580036,
        0.1828095335289036,
        -0.9845606128297699,
        -0.7397661092278168,
        -0.0029653316586708183,
        0.36772301494533316,
        0.3668073022428713,
        -0.15986507333991845,
        0.5054499255983336,
        0.49860746771710246,
        0.851665324827062,
        0.08381277980678654,
        1.5971611060261142,
        0.3440851911543875,
        -0.6170686641981975,
        1.0797956125514665,
        1.9245627748250513,
        -0.7367364102459238,
        -0.08380471961189656,
        0.04048049723949253,
        -0.6959625623329835,
        1.6259722268527952,
        -1.1769022725548046,
        0.581130368159725,
        -0.5520525275121103,
        -0.07593907812051451,
        1.629117631541964,
        1.274427693477946,
        0.5587167617040802,
        1.0538104025447224,
        1.2376881687360837,
        0.20370771535087093,
        1.6959839292253642,
        0.9694023010678904,
        -0.7111388516262434,
        -0.9676914041193801,
        0.006332847487477561,
        0.17797893947860077,
        -0.8928363508868569,
        -0.19362171157798758,
        0.31223512344625826,
        0.18389233008183303,
        1.0821370581834975,
        0.6908372559630034,
        0.7998951359398156,
        -0.1169278652548012,
        0.09085341598948185,
        0.7455729152137974,
        0.5126989239291839,
        0.31276498676956155,
        0.01266574995014276,
        0.10524607162578531,
        -1.152170865797866,
        0.5278002072717087,
        -0.8713865378865007,
        -0.3789184919632662,
        -0.5838443082711753,
        -0.4481344942855321,
        0.4115762536920562,
        -0.009583533567347396,
        0.6231218930327883,
        1.0790474347432224,
        -0.7554851550126729,
        0.2580341538345635,
        0.9360486287537786,
        0.03304914018768241,
        -0.36535052012926933,
        0.10784141431584272,
        -0.20424968302601676,
        0.1256879091152443,
        0.9628686239566613,
        0.30436878206500695,
        -0.02598605995818455,
        -0.51034315927051,
        -1.8746511779840067,
        -0.6775933464606118,
        0.6010259275654354,
        -0.4379588687213164,
        2.2391697340961074,
        -0.0639887311344727,
        -1.0599665154353497,
        -1.7070460083548502,
        0.5856708292124619,
        0.4166413694764729,
        -1.5199452983895672,
        -0.33683206183657893,
        0.5553921294999835,
        1.0264959930026125,
        -0.3562647406971957,
        0.8074678404295879,
        -0.7094480704459767,
        -1.149068065434146,
        0.3856316421051828,
        1.0976576169483607,
        0.3254523927542121,
        0.9648440992758407,
        -1.1974849004675432,
        1.673198288829442,
        0.11761688547254104,
        0.11068419580747468,
        -1.3056627043324445,
        0.6593465085493511,
        0.23792459270510785,
        -0.10792571782937788,
        0.9085143202001011,
        -0.8284799822317253,
        1.0092630724068061,
        1.1888350455355376,
        0.00501021452639452,
        0.3639273531956726,
        -0.6180156451802337,
        0.4631514268082809,
        1.640628070485286,
        0.6263800541115471,
        -0.7240594615305925,
        0.9223468744740191,
        0.4092929787726957,
        0.5715655136513325,
        0.4833795074245432,
        1.0973621929102622,
        1.4913942224183923,
        -1.002065410799485,
        0.3468404618627702,
        0.605121537606423,
        1.9443093653973396,
        0.7701313448715088,
        -0.8269157747086966,
