{
    "idx": 707571,
    "fights": [
        {
            "enemy": 5,
            "fitness": 90.15650369121833,
            "player_life": 57.400000000000325,
            "enemy_life": 0,
            "time": 266
        },
        {
            "enemy": 6,
            "fitness": 84.4316554962389,
            "player_life": 0,
            "enemy_life": 0,
            "time": 262
        },
        {
            "enemy": 7,
            "fitness": 66.58835394814496,
            "player_life": 0,
            "enemy_life": 20.0,
            "time": 224
        },
        {
            "enemy": 8,
            "fitness": 86.95935834262663,
            "player_life": 28.000000000000256,
            "enemy_life": 0,
            "time": 344
        }
    ],
    "weights": [
        0.7097796629320913,
        0.3806757816350158,
        0.885533380705963,
        -1.050389686617401,
        -1.571942245490134,
        1.060521498440921,
        -1.7098379486554154,
        1.9437897679845255,
        -0.29072151668542057,
        0.7508687412324369,
        0.13736327317546032,
        -0.6846398121356663,
        -0.8253459671880112,
        -0.6515275143496442,
        -0.5777776392072009,
        2.517175237818752,
        -0.7737043459492258,
        0.6860901734612144,
        -0.20335433091313507,
        2.3507719203934,
        -1.4451731160785748,
        -0.06681176426865959,
        1.4465266578613416,
        1.4093718375897117,
        0.38167375614041205,
        1.9143934933442526,
        -1.373100520655792,
        -0.3247937742934347,
        0.267408120502484,
        0.013559339669217373,
        0.6292960592884435,
        -0.35666843183062236,
        -0.691336440090669,
        -0.7174173765085357,
        0.984277169657406,
        0.4004399404076219,
        0.4892043026584761,
        -1.127385114873387,
        -0.27542891991373875,
        0.5375942002104175,
        -0.38568179933822166,
        -0.8178623239797194,
        3.0108412237307447,
        0.7678059675186946,
        0.8978364121154961,
        0.8504726409182671,
        1.7807747697432774,
        0.07141907250320716,
        1.0486726341555839,
        1.0060673145291459,
        -0.7211096274649229,
        1.1729953513643732,
        -1.1147964866531117,
        -1.077370019032264,
        -0.6778648327285188,
        1.873264661081761,
        0.9917738667623405,
        -0.059227544734641605,
        -2.191853593468442,
        0.6326099910613824,
        0.7351543286044029,
        -1.264055092466091,
        -1.1200066799795978,
        0.32141479263423484,
        1.0724196333349132,
        0.19660317536723707,
        -1.224701381943283,
        1.3109648999444687,
        -0.5850646251207201,
        0.012228970930247926,
        0.6586900022687974,
        -0.7860203006420365,
        -0.6158226631238077,
        0.132370973036176,
        -0.1782812933687019,
        -1.7914044301745313,
        -0.5983457479453101,
        -0.195949203946815,
        0.5512322284520171,
        0.04593845820724585,
        -0.17469596546780103,
        0.05958391752971462,
        -0.043200491287589515,
        2.5279750377206867,
        0.3391771801373773,
        -0.2667650546050178,
        -0.04763576173346032,
        1.7407271644370144,
        -0.3893889388400039,
        -0.7321189509853572,
        -0.6230768706328547,
        -0.634070967059386,
        0.7657551161933043,
        -0.6177329561071812,
        1.3203564177792713,
        -1.0807595454782566,
        0.15552183342170303,
        0.4160649862419575,
        1.6531991649971332,
        -0.35813896738527007,
        1.0139819044253566,
        -2.086391803219091,
        0.7332316312329714,
        -0.6073636411849297,
        0.4031898050297197,
        -0.31283432683429885,
        0.46306398346830757,
        -1.6240346936408452,
        1.0328308736112939,
        -0.33428434496736176,
        -1.2676312769673237,
        0.5015108052464534,
        1.234215750866096,
        0.3231535093423978,
        -1.438732283167227,
        -0.19172352945131288,
        0.27863155163641373,
        -0.16988009685034577,
        0.33394289884459627,
        0.5912559869100613,
        0.0021780762473112593,
        0.38711093061418506,
        1.3616705508098879,
        -0.6329859178723641,
        1.079091711623422,
        1.5654165765524632,
        0.5535163750706811,
        -0.7707449670458011,
        -1.1114181149054954,
        0.7544440021517981,
        0.26341386288725316,
        -0.15410377247791662,
        -0.09621811566243615,
        -0.11401680875659564,
        0.7959419939190372,
        1.2218047691584475,
        0.5545191614548165,
        1.6383702413919825,
        -0.5427735739574318,
        -0.35955848131585105,
        1.0862264610730945,
        2.1420483145528544,
        -0.2691886409970495,
        0.2680477735034128,
        -0.07879787075722922,
        -0.23942238336020458,
        1.8319282597955557,
        -0.43845371394643173,
        1.9559968873244982,
        -0.5231812672005846,
        0.04583469868029372,
        1.1033421131857142,
        1.0018521740827366,
        0.37199360552889243,
        1.8026816048074854,
        0.346705955575907,
        0.3279547491475602,
        1.961586099870663,
        1.0073655915121256,
        -0.6136190579429004,
        -1.196750226640173,
        -0.1515641215046128,
        0.623741123986546,
        -0.36546266712033215,
        0.53001167526388,
        0.44065671644573584,
        -0.49493748332727994,
        0.7158870061058451,
        0.6978028472575474,
        0.5375096675870362,
        0.05332927185229504,
        0.4937961665976852,
        0.6110261511231655,
        0.09705368333271092,
        0.7737055572056101,
        0.0019386216109800389,
        -1.1509632565758152,
        -0.46822813059371193,
        0.2833004207416536,
        -0.10069397301752289,
        -0.42021495005952547,
        -0.023376461814968198,
        0.26875347759103907,
        -0.3779868930504644,
        0.4411872644438082,
        0.9028050263932457,
        0.5640162111613957,
        -0.6479079714319576,
        0.047772422658912336,
        0.8687682257042678,
        0.49790402315600024,
        0.24367291986933928,
        0.366025488118635,
        -0.3129011862914557,
        -0.3686930847885001,
        0.7616906169014268,
        0.8393853431487226,
        -0.12710576536452922,
        -0.25793301997294293,
        -1.758325466585134,
        -0.6209206502822164,
        -0.03577255839762461,
        -0.6347500289168201,
        2.1119508895913253,
        -0.6018335732353626,
        -1.4870810786397466,
        -1.2094805026435778,
        0.9933383686587429,
        0.17365114037035978,
        -1.1573278641582927,
        -0.4091195074579477,
        1.0347192908095977,
        1.0183481395693457,
        -0.7647886424995108,
        1.5544423385531143,
        -0.8291282281253486,
        -1.034920454591503,
        0.12028019815208521,
        1.5127267200959502,
        0.03434163012862158,
        1.5956127048928432,
        -1.6706899373149278,
        1.0779455438186898,
        0.3412532256073772,
        -0.08959842111574948,
        -1.7799278709946993,
        0.2740510368103726,
        -0.26933517607801455,
        0.3687768783926691,
        0.8684604310360989,
        -1.1878771066769278,
        1.2985378666797622,
        1.5218329855426767,
        -0.00562660779059343,
        0.6890571473231512,
        -0.5434368387416445,
        1.2038124768199199,
        2.0620089215683963,
        0.21203227229107624,
        0.14450850946520094,
        0.4230226895992327,
        -0.023349446073549496,
        -0.16829664597760152,
        0.06140129597535214,
        0.7559934266390501,
        0.9604233175813628,
        -0.765936548332591,
        0.7259062291520928,
        1.3178643252942543,
        0.3461138581177639,
        0.8793250292596084,
        -0.6343231489019002,
