{
    "idx": 702874,
    "fights": [
        {
            "enemy": 5,
            "fitness": 91.0002701740138,
            "player_life": 65.80000000000032,
            "enemy_life": 0,
            "time": 265
        },
        {
            "enemy": 6,
            "fitness": 39.74772657195337,
            "player_life": 0,
            "enemy_life": 50.0,
            "time": 191
        },
        {
            "enemy": 7,
            "fitness": 91.17679627126205,
            "player_life": 64.60000000000034,
            "enemy_life": 0,
            "time": 197
        },
        {
            "enemy": 8,
            "fitness": 88.45968822339262,
            "player_life": 41.80000000000029,
            "enemy_life": 0,
            "time": 305
        }
    ],
    "weights": [
        0.43638822678127,
        0.19613722010255566,
        0.47242874922140216,
        -1.0124447278648674,
        -0.8331301676204865,
        0.43031231903148687,
        -1.3225629247396538,
        0.9831024972241498,
        -0.6281016441671525,
        0.7736968471334374,
        -0.7147863915438567,
        0.9856489570561061,
        -0.9657024226474265,
        -0.027404131666560194,
        -0.2875503470214289,
        1.509932368547514,
        -0.5594161168487184,
        1.2868001920613097,
        0.5423279852848955,
        0.7933831968118364,
        -0.7823020671264402,
        -0.5391364513877985,
        1.797717664704252,
        0.5474250807741072,
        0.6379053814726943,
        1.4091508865240618,
        -1.2894556050513448,
        0.07822791670362675,
        0.26216537544294005,
        0.3821511191477742,
        -0.5013107500720219,
        -0.2377489528230516,
        -0.848346408589788,
        -0.2767499221091831,
        0.6903108653150503,
        -0.5059005143321971,
        0.37666597988055606,
        -0.7805688440810612,
        -0.10680387143601555,
        0.1505163156348802,
        -0.994732119825646,
        -0.7050800516130964,
        1.3172222147746664,
        0.05993340557136518,
        0.011732203040872961,
        -0.8482122773491655,
        0.6714569832717449,
        -0.4429890593232644,
        1.0079307228006018,
        0.8166893213139887,
        -0.2783846352235021,
        1.1746074974703689,
        -1.2980942260306196,
        -0.6003690909198043,
        -0.26379282998912656,
        1.8457917298720894,
        0.3842906315448566,
        0.04544690098736062,
        -1.816592263754184,
        0.20044597244700987,
        0.6679985746299842,
        -1.1298638750463885,
        -1.2347851790796511,
        0.514291947164602,
        0.7161078020310421,
        0.5718039740591655,
        -0.21628168018790628,
        1.2298877764560605,
        -0.01556069284846913,
        -0.2980907885019704,
        1.3797029276287924,
        -0.10563547422537942,
        -0.454732406224846,
        0.7672548101703475,
        -0.6834417434085691,
        -1.4614462419182437,
        0.11321834958368779,
        -0.6247288735088238,
        0.7415699188068099,
        0.4812090345265515,
        0.1317182511941337,
        0.04154909726321155,
        0.40243828269329246,
        0.48360066704537863,
        0.4017430545439091,
        -0.6568599014505271,
        -0.260597943345354,
        0.9366833607458375,
        -0.062214577079899636,
        0.36923670964136435,
        -0.37731648273777,
        -0.8087784213451179,
        -0.35670620176382867,
        -0.41217740158271493,
        0.7852564260428254,
        -0.23430832827538534,
        -0.4773861744301846,
        -0.03280609579327462,
        2.5446412957483577,
        -0.8727497026014475,
        1.0989403039907248,
        -1.6949160692588234,
        -0.49142743773158826,
        -0.4799647049196821,
        -0.1349086982541406,
        0.49101647507436186,
        0.43753561430470844,
        -1.4339761021237023,
        1.3217368550938537,
        -1.2374541869400941,
        -0.7520282894684783,
        -0.011167979194704806,
        0.658153608954693,
        -0.06590971446369805,
        -0.05628807951614782,
        -0.7069635779328053,
        -0.11618811179275863,
        -0.7474868728185428,
        -0.2550848872804807,
        0.7427329470084264,
        0.24801616157533532,
        1.609935765448447,
        0.5939919719283197,
        -0.7090473107924173,
        1.3322162212993471,
        1.1547975699253064,
        -0.14041429902508484,
        -0.6134852859950586,
        -0.09502457010574095,
        -0.9119438634990618,
        0.17176755781139955,
        0.3733214085019863,
        -0.09020529540685063,
        0.22535964304308875,
        -0.08925072525904362,
        0.11055573936050643,
        -0.8836557033233253,
        1.2103369913471198,
        0.21327602999668074,
        0.18688177025669936,
        1.1301874132991923,
        1.013118160678257,
        -0.888125230363215,
        0.6537418673733846,
        0.5780518129480436,
        -1.108563989312344,
        0.7786049135308662,
        -0.41845033594686637,
        1.6768612424451643,
        0.022854627219533963,
        -0.7374824301488166,
        1.5224200338967586,
        1.6408455421300325,
        -0.12701689500641722,
        0.9563480177537408,
        0.38915205099019556,
        -0.11119734841706629,
        0.10368156172109994,
        0.840807606608358,
        -0.6238670260657724,
        -1.4585212041717996,
        0.3719288584294964,
        -0.4490306073308533,
        -0.7496452151182031,
        -0.7496896288532248,
        0.41626879488408447,
        0.30296855294516173,
        -0.02981937160675329,
        0.6428104676528174,
        -0.038761687125452075,
        0.13165485373197366,
        0.20753647019629415,
        0.35099879021492925,
        -0.26266798683327147,
        1.2301835175937517,
        0.2557688168052826,
        0.2472370848844675,
        -0.1860078219748899,
        0.4072161298434575,
        0.05283675341407132,
        -0.4880625129759369,
        -0.7686928461421618,
        -0.25767748595819345,
        1.3454646830430097,
        0.05102085670598952,
        1.1355021010339026,
        0.0919242668480512,
        -0.8500049192174999,
        -0.1292807031630093,
        0.7158046183691742,
        -0.09015563997080588,
        0.16118955005769403,
        -0.4783937571582811,
        -1.0052479458032708,
        -0.4027420611278402,
        1.238535719383414,
        0.059808303638441994,
        -0.7253855563072154,
        -0.9563505523638777,
        -0.8313521528647291,
        -1.0897651477751216,
        -0.8764759748821443,
        -0.4158516625455875,
        0.7683988289949606,
        -0.15527828786121034,
        -0.611660101036672,
        -1.1794238808398985,
        0.9902492334327676,
        0.6128499306898029,
        -1.379286374274738,
        -0.06523921897088839,
        0.36498791652233753,
        0.9534585113953178,
        -0.8895586546031801,
        0.7640151203211895,
        -0.9443990053780021,
        -1.153700459767925,
        0.6870190041232191,
        0.8627054069537579,
        0.8006591431718046,
        1.2385981194579847,
        -0.14576092004304717,
        0.6533290260902747,
        -0.1137115949770978,
        0.057732756408642644,
        -1.2733134402025963,
        0.5574035235258296,
        0.44497512815995666,
        0.17462182788995212,
        0.4656116641841079,
        -0.9687330116883545,
        0.5892054634783446,
        2.484095428970203,
        0.1133418427756438,
        0.43393388090700696,
        -0.6181499072426477,
        1.399811519757836,
        0.6040900892837878,
        0.3793377752905424,
        -0.004827815688090995,
        0.4380387681162219,
        -0.35946152131787196,
        0.18756926076448732,
        1.3020960636328254,
        0.8786278143907719,
        0.18869694821909597,
        -1.3733246588702115,
        0.37330740939697427,
        -0.2170517533845126,
        1.9022368170547437,
        1.3179051538465243,
