{
    "idx": 703543,
    "fights": [
        {
            "enemy": 5,
            "fitness": 91.29650369121832,
            "player_life": 68.8000000000003,
            "enemy_life": 0,
            "time": 266
        },
        {
            "enemy": 6,
            "fitness": 85.77425332628682,
            "player_life": 10.000000000000231,
            "enemy_life": 0,
            "time": 186
        },
        {
            "enemy": 7,
            "fitness": 90.39289246928257,
            "player_life": 57.400000000000325,
            "enemy_life": 0,
            "time": 210
        },
        {
            "enemy": 8,
            "fitness": 88.81968822339262,
            "player_life": 45.4000000000003,
            "enemy_life": 0,
            "time": 305
        }
    ],
    "weights": [
        0.5749229253747135,
        1.0205095119683745,
        1.1069702690665957,
        -0.8910704311766193,
        -0.8446622645807027,
        0.02525517209703103,
        -1.2737612974876054,
        1.120215638682069,
        -0.5084147867255355,
        1.6607491904683618,
        -0.719593400838778,
        -0.19376811689280082,
        -0.9988378766074927,
        -0.043858727165136,
        -0.8443314711199135,
        2.6620620743115797,
        1.3287718228807464,
        0.6027356324614457,
        0.6144275532162885,
        2.771318636507692,
        -1.9666357400686127,
        0.18348791622298288,
        1.5112266670369092,
        1.5383140757790323,
        0.709408531379524,
        1.8936258102799555,
        -1.6998786043061915,
        0.38549026560052924,
        1.1240420039973402,
        1.7602808455940258,
        -0.6626970376315571,
        -0.3425424632658307,
        -1.0659005207290613,
        -1.007024044791069,
        0.728411134803396,
        0.2670702472317373,
        0.5077274671898009,
        -0.6995954496472997,
        -0.4132790968419653,
        0.3391386498206525,
        -0.0505108362593175,
        -0.6674967480156528,
        0.5720651680354061,
        1.1023382402983728,
        0.4209546171330849,
        -0.8154190392605398,
        1.2550549269945563,
        -0.11028477307596805,
        0.15332707076430066,
        0.765687438114531,
        -0.9920629897800535,
        1.5563135930974716,
        -1.5660879487853394,
        -1.2321805809067938,
        -0.7047800534000803,
        2.0854805165016175,
        0.26911278408068545,
        -0.1349874372074401,
        -1.9377664680713214,
        -0.1583717317633846,
        1.0722432350232247,
        -0.9308737753304829,
        -0.6109352516588453,
        0.5947359227115141,
        0.58312042725093,
        1.2210048398085303,
        -0.9919261158420106,
        1.3575513539961228,
        -0.8520421432696552,
        0.6023818454916219,
        0.9469367000307939,
        -0.8567020450548408,
        -0.04600239370180053,
        0.8493522600975837,
        -0.2055378523140274,
        -1.3072343446959895,
        -0.347878653042759,
        -0.4793616581692377,
        1.1385605597119277,
        0.2769872634767842,
        0.5374902476003051,
        -0.020843094445006802,
        0.49618012234935904,
        2.965191865469565,
        -0.5771732256040727,
        -0.772817926825438,
        -0.6353988490394611,
        1.1283798511941996,
        0.4621952106825291,
        -1.8717282701035571,
        -0.5012147638098781,
        -0.43186695396940994,
        -0.10758727863168535,
        -1.069503322245045,
        0.6970898624888445,
        -0.4309885809683427,
        -1.0839040947560938,
        0.19343839161092274,
        2.006109398609365,
        -1.0162558713233745,
        0.880839430571893,
        -1.8948293485317116,
        0.5035576748693031,
        -0.6304181533248996,
        0.1686667778749659,
        0.47139207322462684,
        -0.09390009554088125,
        -1.024316779964664,
        0.8977895755220382,
        -0.8990309146002258,
        -0.2903550533186551,
        -0.8321990444806284,
        1.07881484221896,
        0.4955580150708012,
        -0.9121885264120179,
        -0.1561635544852349,
        0.016496938178955478,
        -0.39067356382392016,
        0.07430258350115707,
        0.4233298275756566,
        0.5714239881863336,
        0.3336179443648204,
        0.48524761063489696,
        -1.099782365176209,
        1.3009856225091956,
        1.959068566098006,
        0.5245424384447581,
        -1.4258899726124978,
        -0.23299685461050265,
        0.26429845235308164,
        -0.8571792380211076,
        0.31153789627244244,
        0.7933349226269691,
        0.18940873097165986,
        0.3608644493785499,
        0.7616573440395192,
        0.2916336151404381,
        2.2757699998364083,
        0.15392168839359732,
        -0.823811737122213,
        1.5030644349633193,
        1.5743929474353162,
        -1.3965223731501983,
        0.0969640391310856,
        0.6608586060810293,
        -0.7427106884285875,
        1.1445383897922659,
        -1.518086466581571,
        1.16729101589746,
        0.5758370717015394,
        -0.21868240934113084,
        1.4983051796466327,
        1.5881043936174086,
        0.13948448645526643,
        1.5213878553827083,
        1.3294251843401548,
        0.697457852895774,
        1.5286477269870298,
        1.208525110752236,
        -0.8559656135820206,
        -0.43473050661548684,
        1.0150557594017735,
        0.18462934423059246,
        -0.3178220796467292,
        0.5189711100331206,
        0.3076017427698927,
        0.09578126106424445,
        0.7907138386332986,
        0.29954792163547,
        0.6803450437370296,
        -1.5472458172459265,
        0.6263998642421942,
        0.5424769051127892,
        0.20191261607195288,
        0.31582705229484376,
        -0.6092359118350645,
        -0.634726958298429,
        -0.7252468117349656,
        -0.06353096165028342,
        -1.4849501840327866,
        -0.10538870358095662,
        0.32536800422043993,
        -0.5754843124921624,
        0.2313395084114738,
        0.3994095861845231,
        0.9064485674303221,
        0.15475132963320015,
        -0.9090358011973657,
        -0.1921426516637159,
        0.4903620996762788,
        -0.13535877093699947,
        0.24487358170759943,
        -0.41856408829350567,
        -0.3473166077873604,
        -0.213742659880691,
        0.48284045898031414,
        0.24651780662160167,
        -0.4459880544086405,
        -0.2953653017429525,
        -1.911498069539521,
        -0.701010345378453,
        0.15130972388048622,
        -0.02538991926157098,
        2.207447785173193,
        -0.296844616921509,
        -1.532975526781883,
        -1.5536776710996603,
        0.27860870821750455,
        0.9087795592341721,
        -1.8616565923100892,
        -0.30266219963725527,
        0.7121477239358156,
        0.7665010855225453,
        0.2993780409449696,
        0.9721206162664234,
        -0.8273148232059976,
        -1.333768388933538,
        -0.049576449752508425,
        1.0420656458235622,
        -0.6779247221081993,
        1.354239122287968,
        -1.025564571009953,
        1.0918233402676545,
        0.49919915629423484,
        0.2148038985456353,
        -1.496385786525609,
        0.6380814456194357,
        -1.2782025416473974,
        0.04233135984903152,
        1.7816559710373978,
        -0.7923270309464108,
        1.263127566706109,
        1.2552449702658635,
        -0.07344877386800018,
        0.3362352909142623,
        -0.31818607121282744,
        0.5559565689196845,
        2.4181432412537744,
        0.2572829124826348,
        -0.5248030408002046,
        0.7929918930828247,
        0.22681391094537243,
        0.17686953008845754,
        1.1532408659322761,
        1.0742099404951388,
        1.1703981673939288,
        -0.9710252489004589,
        0.8516461887826144,
        1.1388800848694207,
        1.2940709945287057,
        0.6857781875118241,
        -0.8503318024578158,
