{
    "idx": 706754,
    "fights": [
        {
            "enemy": 5,
            "fitness": 90.08353644806851,
            "player_life": 55.60000000000032,
            "enemy_life": 0,
            "time": 239
        },
        {
            "enemy": 6,
            "fitness": 86.82322890233345,
            "player_life": 24.400000000000247,
            "enemy_life": 0,
            "time": 275
        },
        {
            "enemy": 7,
            "fitness": 89.71504998251862,
            "player_life": 51.40000000000031,
            "enemy_life": 0,
            "time": 227
        },
        {
            "enemy": 8,
            "fitness": 87.79067522005317,
            "player_life": 36.400000000000276,
            "enemy_life": 0,
            "time": 347
        }
    ],
    "weights": [
        1.0422962701222689,
        0.3199167996746554,
        1.2471705530599884,
        -0.7818144699727225,
        -1.7361943477058193,
        1.0261875179181228,
        -1.4459847680868683,
        2.061180233803429,
        -0.9522583814428303,
        1.12984327805696,
        0.2827821920873777,
        -1.1952116902722807,
        -1.7932409923311883,
        -0.21838866582955216,
        -0.8609667714387671,
        2.809231303969445,
        1.330466632930547,
        0.35421917384511226,
        0.42513789355522175,
        2.126686817307428,
        -1.0408700529146946,
        -0.27097218846527915,
        2.0517054620230586,
        1.6397480994485725,
        0.392908055138682,
        1.8078332030811661,
        -1.7572602982542396,
        0.02414497925666295,
        -0.12186427176413724,
        1.3691144944122415,
        0.4459756975609302,
        -0.6390263147064118,
        -2.469922165811496,
        -0.6935207492833354,
        1.072819931604054,
        1.177650966490614,
        0.3706924060722252,
        -0.9287240675332086,
        0.34909557066534935,
        -0.15923255491096833,
        -0.30865572960386567,
        -0.2772211246500059,
        0.28793124181923996,
        1.5667379143783442,
        0.4728278829523649,
        -0.36509100270923933,
        1.3827158014803744,
        -0.7450683051480913,
        1.9289453780476828,
        1.7013421953882237,
        -0.4298954526855009,
        1.4863030270412994,
        -2.5250770441168577,
        -1.5529427908468487,
        -1.9680254917021287,
        2.0328649256842506,
        0.7003016457402249,
        0.15892134074093495,
        -2.4494864859090306,
        0.4580158931782686,
        1.4139358443222791,
        -1.286650274452727,
        1.7939585853057658,
        0.711389883182775,
        -0.04080120938489875,
        1.2695927856102962,
        -0.5617780509934828,
        3.0916082568480405,
        -0.8990380900683115,
        -0.6358463027189027,
        0.9733665416188099,
        -0.32406098907169023,
        -0.4588656848604504,
        0.9651827905453385,
        -0.7859604058228955,
        -1.3150633229226036,
        -1.4487476596391522,
        -0.8058533104970603,
        0.5437168583403922,
        0.32387329376750884,
        0.26036735144384743,
        0.11219503421001387,
        0.5670572935998219,
        2.851263448270937,
        -0.8077112910221944,
        -0.3021381713133528,
        1.6546270218921688,
        -0.2302450326904864,
        -0.40720769642396526,
        -3.55262647826739,
        -1.2740851861748999,
        -0.4256658149440199,
        1.1290132744127872,
        -1.8848621459031019,
        0.20992622539345832,
        -0.9335974831489214,
        -1.3826670559769398,
        0.25823977449388624,
        2.0527315649512126,
        -0.9903281643771628,
        2.1379382864651957,
        -1.0272916150716962,
        0.7672071255658459,
        0.4798126800598728,
        -0.4781227708453743,
        0.2509248936640267,
        -0.9917033174415181,
        -1.5202388904527313,
        2.366943097449273,
        0.659104409446675,
        0.11267818687029252,
        -0.8683342955358241,
        0.696011714764243,
        0.995349425919144,
        -1.2075472374810903,
        -0.4410332284653282,
        0.045458839059821135,
        -0.02245133090603183,
        -0.062471165391973144,
        -0.04366657535957449,
        -0.6080880726770733,
        0.23825445825315447,
        0.8684398004283319,
        -1.959517269610838,
        0.7347983092333493,
        3.5839554129299596,
        1.4935227527354273,
        -1.0805736065984353,
        -1.0525598247534462,
        0.04724601356151108,
        0.5744456303193841,
        0.39074449713958004,
        -0.8380669712976104,
        0.6045908912624576,
        0.35228219097102154,
        -0.05876987484211827,
        0.6757294020965906,
        2.2424674223355403,
        0.22043849239888505,
        -0.35593382895240977,
        1.19616481853551,
        1.7779938509104256,
        -0.8905602844246701,
        -0.44922435865071897,
        0.23264382896391228,
        -0.613208181992101,
        0.9376728046966585,
        -1.2424735290331148,
        -0.13288774812993126,
        0.08663738365419289,
        0.22377872714996394,
        1.7122096847441672,
        2.3952584376665658,
        0.19307190707974328,
        0.1947011665270835,
        1.1934911819786624,
        -0.46427429505603207,
        2.690466200186415,
        0.9282055832585496,
        -0.009764106980544472,
        -0.9520349766007533,
        0.8650699511459968,
        -0.3390093128452643,
        -1.5285811649917838,
        -0.4093400685361188,
        -0.27043467830733353,
        0.9021203235532653,
        -0.3173113367143853,
        0.2260919548495073,
        0.6511205212261966,
        -1.490790586463026,
        0.38361776029445127,
        1.3770419465580899,
        0.4781311083003752,
        1.5621432502057437,
        -0.9638701633111662,
        -0.734044878319708,
        -1.1717722596951696,
        0.5284302526922979,
        -1.7717314386483738,
        -0.4693680200713879,
        0.12052730970872079,
        -0.22496148232039068,
        0.5718740651693278,
        0.4126532461793678,
        0.34841957112070265,
        0.7699280329576962,
        -0.5948728432308669,
        0.04023664245088909,
        1.2076065325486312,
        0.28779290135959823,
        -0.5786203669429021,
        0.09522493908832241,
        -0.48589956599001694,
        0.24967452142060684,
        0.3776433978648931,
        0.2702192439729486,
        -0.2491011709141096,
        0.17976359167861083,
        -2.11452508130184,
        -0.7126797463785637,
        -0.02848014212424596,
        -0.4153637149570045,
        1.8670274250789383,
        0.38628714006578846,
        -1.7922524943829057,
        -2.4942317055691876,
        0.018999903672772742,
        1.146903427330138,
        -1.7976650441870414,
        0.8188656180570002,
        0.4122926352557765,
        0.8268430578810756,
        -0.47879827135182157,
        0.2409591709967008,
        -0.7617563336312656,
        -2.331917351963459,
        -0.009114346030224596,
        0.5976058077326332,
        -0.45780730336008857,
        1.6471826275175925,
        -0.2319603564974685,
        1.4092194930065445,
        0.622305154881191,
        0.5044843432177719,
        -1.405709089545564,
        0.9963036340647078,
        -0.6588054916308526,
        0.5660630057515501,
        1.707625748399855,
        -1.258449659440081,
        1.2865717244697774,
        1.5760681562899916,
        0.6165839012890318,
        0.7986975200665845,
        -0.40839776731225597,
        1.1059471218323067,
        1.6048552318827083,
        1.7092605713828897,
        -0.8909154010038716,
        0.44270687015448557,
        0.2541621523839387,
        -0.06097077819315189,
        -0.21751865783959454,
        1.5551052134141148,
        0.5722648922602732,
        -0.5883431770911756,
        0.9459893893902271,
        1.1644834202652257,
        0.29165843180882134,
        -0.41965818157785595,
