{
    "idx": 706780,
    "fights": [
        {
            "enemy": 5,
            "fitness": 89.60901301948917,
            "player_life": 52.00000000000031,
            "enemy_life": 0,
            "time": 268
        },
        {
            "enemy": 6,
            "fitness": 30.58835394814496,
            "player_life": 0,
            "enemy_life": 60.0,
            "time": 224
        },
        {
            "enemy": 7,
            "fitness": 89.53504998251863,
            "player_life": 49.60000000000031,
            "enemy_life": 0,
            "time": 227
        },
        {
            "enemy": 8,
            "fitness": 86.33574420258549,
            "player_life": 22.600000000000243,
            "enemy_life": 0,
            "time": 374
        }
    ],
    "weights": [
        0.7317626857963946,
        0.33289873196801784,
        1.4646811403465618,
        -0.7103419531996978,
        -1.5898847282102855,
        1.2155083975632832,
        -1.5786951248337555,
        1.6570617536629195,
        0.5751261455594435,
        1.3696575236347805,
        -0.32016758516793753,
        -1.288417614505931,
        -2.1217202235566703,
        0.13644726681879446,
        -1.2011614511903148,
        2.8233076713040393,
        2.2889495301176686,
        0.04604218052649396,
        0.6957138599160738,
        2.534961674896389,
        -0.6699846276754602,
        0.1433084437570227,
        1.8323819754030666,
        1.811952994223882,
        0.7868257626299808,
        1.9551361962204707,
        -1.4779969171360134,
        -1.1088117429197424,
        1.5259400235503306,
        1.5751319768951295,
        0.9978857616836441,
        -0.6274557496764591,
        -0.6027615062290607,
        -0.6858641026557366,
        0.9065381361897707,
        0.05561999012774255,
        0.6295759424521875,
        -1.031369272076706,
        0.5763955162276849,
        0.11877664746268045,
        0.2590272273239624,
        -0.13187971910418775,
        0.282492301959376,
        1.4472407735190087,
        -0.10605781752986285,
        0.2336453368959842,
        1.6484652520100935,
        -1.0236048243920557,
        1.8034550213418783,
        0.8847853496686113,
        -0.5035866789620009,
        0.8174137923953348,
        -3.8011480525990504,
        -1.225772669525057,
        -0.69247907219868,
        1.4536547084498217,
        0.8868484378345524,
        0.0732309093910303,
        -2.883715678310723,
        0.1376343851035638,
        1.9460326905221241,
        -1.8958783697309998,
        0.4187424520438482,
        0.9918695651162056,
        -0.22897741746028194,
        0.9260327246390694,
        0.08440882929384763,
        2.146481205776213,
        -0.5963280857819535,
        -0.172336247514803,
        0.6323730546128983,
        -1.0229310590102068,
        -0.20766753849694766,
        0.9493454189852404,
        -0.8740743906825621,
        -1.4526439121842198,
        -2.296825163808655,
        -0.31194158059908206,
        0.5297514186139758,
        0.1413363958720503,
        -0.0018853770286841598,
        0.3385270100800538,
        0.4561813688321557,
        2.984989818880569,
        -1.1214193332550513,
        -0.17554845038474684,
        1.542611088259113,
        -0.11724087868439918,
        -0.7863907646713308,
        -1.3861526251158103,
        -1.3332957853265968,
        -0.3815094918676275,
        0.22173606618742592,
        -2.272700676799158,
        -0.05136064396129289,
        -0.9872587672395139,
        -0.8890308226536727,
        -0.1426567811698825,
        1.999392686618902,
        -0.9290518982218641,
        2.2998856752163626,
        -1.750345950095721,
        0.36480256843107234,
        -0.006291750479202659,
        -0.3635669508792398,
        0.1729831127359454,
        -1.260226657054305,
        -0.8744549337501486,
        3.0669302757132413,
        0.5434778990527882,
        0.5769264797938077,
        -0.8332542534213023,
        0.6368750516292403,
        1.181913482636281,
        -1.1260667476929698,
        -0.364818486740345,
        0.716690170712441,
        0.08764371603253615,
        -0.18733817179904277,
        0.00028763900391592934,
        -0.6232449344016169,
        0.5868281390698512,
        0.9933845924717053,
        -1.4668471373020144,
        1.4307326031361476,
        3.3547275587889533,
        -0.02209684361290262,
        -1.3347984600580973,
        -1.8798480804475488,
        0.17838510153954074,
        -0.5578474065419986,
        -0.1951091141143623,
        -0.6694772885057615,
        0.6269878921670891,
        0.6448185254318951,
        1.5497278652882676,
        0.24582005139469715,
        1.8144463927496173,
        0.40206894021713274,
        0.3116410493386098,
        0.811720035923035,
        1.8197727302342008,
        -1.2405849417284531,
        -0.4638790344913673,
        0.11606129985725115,
        -0.8593012131792785,
        0.831924431629099,
        -1.5475075653891994,
        0.5311483832308027,
        0.2704736259807037,
        0.027700708058598894,
        1.0796388565199218,
        2.3752843920505033,
        0.8417149754677853,
        2.9758747859288355,
        1.5645235388346772,
        -0.6520149238750255,
        0.5121036932093534,
        1.0536173706899485,
        -0.6408171660797756,
        -0.6303298997827578,
        0.8254383825516068,
        -0.3656397022777052,
        -1.8161336923543911,
        0.07772107435967822,
        -0.23174623889431953,
        1.7817537420243998,
        -0.17128446666698116,
        0.3069705226146311,
        0.7136760748452647,
        -1.4501288221907145,
        0.10286122073652947,
        1.0394523509819713,
        0.46532610483963754,
        1.2457351398692262,
        -0.005187329224203091,
        -1.2190167917677917,
        -1.173892784228053,
        0.49971494986298953,
        -1.9891719919737436,
        -0.3348891568155372,
        0.2972923452936908,
        0.06721753825001743,
        0.7844627909029886,
        0.1102168488466596,
        0.5142131793167857,
        0.9313218717142581,
        0.2457872544477735,
        1.1450477666200478,
        1.0422474032131785,
        -0.025298021353000105,
        -0.19276775211075003,
        0.17228754580614614,
        -0.2539685698608518,
        0.38196450578951124,
        0.33805498849195836,
        0.678799890157523,
        -0.6650464060486012,
        -0.844156574264763,
        -2.3426383641721826,
        0.3256471449736779,
        0.2525789481186328,
        -0.10283489174968824,
        1.634327623273271,
        0.2560909650855618,
        -1.5899578777373928,
        -2.739604701581636,
        0.1971147080909366,
        0.0718441418278784,
        -1.6560243095547704,
        0.21966337114035853,
        0.4182399003196389,
        0.9594974342703896,
        0.12597936899963225,
        1.1962387176100095,
        0.16378889719175777,
        -1.7272505558197992,
        -0.015130692915138407,
        0.5884798090638916,
        -0.4348504500514152,
        1.3067119316324898,
        -1.0998589937922034,
        1.5137102548696995,
        0.541836347828637,
        0.3632824556145916,
        -1.8249183262002122,
        0.7666536816505845,
        -0.6631202068607979,
        0.7423153945644997,
        2.1117166069658007,
        -1.328503878347579,
        1.3902337570226637,
        1.5993353322956259,
        1.14841777487137,
        1.23037559168113,
        -0.2353752011670971,
        1.1331001411738553,
        0.6288509221139016,
        2.7170892136685874,
        -0.9307120661556938,
        0.2667778144888349,
        0.34390898264220615,
        -0.013775226155537473,
        0.19009981100112422,
        1.124641591332784,
        0.3477372940819408,
        -0.7986778515532729,
        2.5366515452007583,
        0.7068861095335822,
        0.8700880581711707,
        0.7575619340858671,
        -0.4553239797525898,
