{
    "idx": 706756,
    "fights": [
        {
            "enemy": 5,
            "fitness": 89.98027017401381,
            "player_life": 55.60000000000032,
            "enemy_life": 0,
            "time": 265
        },
        {
            "enemy": 6,
            "fitness": 57.67212383121042,
            "player_life": 0,
            "enemy_life": 30.0,
            "time": 206
        },
        {
            "enemy": 7,
            "fitness": 89.78389959779561,
            "player_life": 52.00000000000031,
            "enemy_life": 0,
            "time": 225
        },
        {
            "enemy": 8,
            "fitness": 87.13935834262664,
            "player_life": 29.80000000000026,
            "enemy_life": 0,
            "time": 344
        }
    ],
    "weights": [
        0.8371905485000083,
        0.4396463456930199,
        1.382621618627815,
        -0.7634438713157575,
        -2.2751105513593552,
        0.9725664232725532,
        -2.08723702921509,
        1.3221878568320267,
        -0.8151931638162686,
        1.1384045254350308,
        0.2506313478595009,
        -1.226317548070889,
        -0.09730826584890617,
        -0.14453215076364526,
        -0.8655971816496404,
        2.730117837421702,
        1.4675078848592324,
        0.7767583088161751,
        0.3560447779209813,
        2.1861472862842684,
        -0.9324955964461525,
        -0.37392503976126945,
        2.0299529004103847,
        1.4135698464092805,
        1.3158693848556446,
        2.09202005659644,
        -1.695038657745078,
        0.042131133425272395,
        -0.055273951398379276,
        1.1610207131490944,
        0.30887032429494676,
        -0.7270122020517615,
        -2.2800614293217647,
        -0.7750009319633404,
        1.611809812992846,
        0.7824373875641032,
        0.3840271863296297,
        -1.0869188682986488,
        0.36633598021292557,
        0.18642852586644018,
        -0.19931378174347358,
        -0.1714835991028239,
        0.07552070448295137,
        1.588347048359135,
        0.21457293805208238,
        -0.1941451490570096,
        1.3619700707915112,
        -0.7786827966938138,
        1.7081041258368101,
        0.791821512447682,
        -0.22941430247755384,
        1.3695169189082481,
        -2.4241639276698383,
        -1.5528807560623517,
        -1.5625843955083025,
        1.848679539073788,
        0.6539617847386935,
        0.136418881607286,
        -1.9321049266861978,
        0.21501535740024802,
        1.1792417986526036,
        -1.3267611204392513,
        -1.145376579504628,
        1.1645741445110496,
        -0.21941551569238743,
        0.928470676944672,
        -0.7405605356122821,
        1.8493331053720368,
        -0.7593051003153911,
        -0.6371063134164121,
        1.374489806361569,
        -0.3323229518590012,
        -0.45094638854789726,
        1.020290745979938,
        -0.6626510314571294,
        -1.150503964869756,
        -1.537154835847025,
        -0.366321452887114,
        1.0114636993814798,
        0.719106966742743,
        -0.03736804685006114,
        -0.07597161606544398,
        0.8986082738003011,
        3.07212202104321,
        -0.457612607533012,
        -0.45802551255803103,
        1.332126242368252,
        0.03342338646109216,
        -0.7147388391400371,
        -3.3550551044398356,
        -0.4656539333470253,
        -0.5313447516594025,
        0.6408802203457575,
        -1.6856537029188183,
        0.17631512885175887,
        -0.9126104082134561,
        -0.6484279279877365,
        0.38971522752083765,
        2.291619248794854,
        -1.4593811287669292,
        1.3113337944742496,
        -1.5747968096998382,
        1.0512025327002181,
        0.4760701243017605,
        -0.5513390730283472,
        0.30406143588041784,
        -1.3184121348472906,
        -1.4559367923948137,
        2.011518004296005,
        0.6836711924775514,
        -0.03925406330176588,
        -1.0173285732904467,
        0.8626283288967541,
        0.9123809860314835,
        -1.447451136832848,
        -0.5274143214721583,
        0.09334716099276291,
        0.07973359042019967,
        -0.35545405163352706,
        1.218670715304869,
        -0.2435980678684977,
        0.7516933436604584,
        0.9390481309019628,
        -1.754956550148069,
        0.7431788350446665,
        3.477060616356594,
        -0.06408256707236909,
        -2.204350765315846,
        -1.292783492483422,
        0.11240856406740864,
        -0.8828180324300751,
        0.37131885821793925,
        -0.818544173388911,
        -0.012209039017022753,
        0.4269911721911486,
        0.01126473150517271,
        0.5047110482729353,
        1.9097921650335083,
        0.22134693834640998,
        0.19792688117436003,
        0.48188886866845304,
        1.8233840886858252,
        -0.6168578370655504,
        -0.5827112460004498,
        0.4838212446504269,
        -0.6678076645884582,
        0.9612953444078371,
        -1.1697944637759228,
        0.4908563168142753,
        0.22593056473166756,
        0.18722533160671342,
        1.075622712222576,
        2.8183989531581943,
        0.8978160681345404,
        1.157176082223545,
        1.08538779979213,
        -0.5014521667945528,
        1.2219469761479838,
        0.9778493785827215,
        -0.0778134043847311,
        -0.6635508892146077,
        0.48031719343034596,
        -1.1408263023123264,
        -1.084283939978459,
        -0.26298522063108776,
        -0.4033054249657479,
        0.8774429598302617,
        -0.43362121395760916,
        0.3649303047701354,
        0.3006028441503299,
        -1.391161294765054,
        0.0016408419251782158,
        1.0236080331526256,
        0.47112830190916455,
        1.7509149885146,
        -0.8475257546358012,
        -0.7467325822732016,
        -0.09493215535168872,
        0.41446395326467717,
        -1.7053154153123484,
        -0.6354004328614415,
        0.22234975533757972,
        -1.7389060975844421,
        0.23331981207995883,
        0.1382962656500605,
        0.3927745098344386,
        1.4953431360233065,
        -0.38930602275489157,
        0.7616936084209578,
        1.2537492806596606,
        1.5500341131848765,
        -0.4972380081445935,
        0.03625347008161348,
        -0.32336239639746256,
        -0.5563077553400775,
        0.325586318303828,
        0.4196620440980751,
        -0.33335513482972257,
        -0.23536414159868585,
        -2.25860528965413,
        -0.53297676719067,
        0.06464253819196741,
        -0.48684460900293397,
        2.0611784275811034,
        1.0209916653276372,
        -1.8099894955011484,
        -3.1403055543988514,
        0.6517948010648638,
        0.7550495482165335,
        -1.565272789996233,
        0.493429758871121,
        0.4881071918413153,
        0.763803915459774,
        -0.6806892781207354,
        0.7352636816756137,
        -0.7822558923764578,
        -2.470649453783169,
        0.05271396595766201,
        0.6838833228908995,
        -0.40574438758198256,
        1.172439895476606,
        -1.5006173939907042,
        1.4295338754781186,
        0.4865898238737401,
        0.5720473688931679,
        -1.1823445944191586,
        1.044453616091838,
        -0.9517447064051032,
        0.613303422365631,
        1.8832428051599408,
        -1.2672195370209187,
        0.9968839653028352,
        1.631655358200165,
        0.6678579235826279,
        0.6551451527008997,
        -0.23549672292571158,
        1.1236336984014883,
        1.4908786341367337,
        1.4870105911337301,
        -0.8911619595667096,
        0.3234740437677039,
        0.009391637518965934,
        -0.6611191065177108,
        -0.14889132234992944,
        1.5914112296350211,
        0.7349228397023883,
        -0.41690474960900037,
        0.900622036874427,
        0.704065254777254,
        0.325295733159458,
        0.6636768238978471,
        -0.245604512480933,
        0.2815802278923371,
