{
    "idx": 706767,
    "fights": [
        {
            "enemy": 5,
            "fitness": 89.33466846406768,
            "player_life": 48.400000000000304,
            "enemy_life": 0,
            "time": 246
        },
        {
            "enemy": 6,
            "fitness": 86.01289246928256,
            "player_life": 13.600000000000229,
            "enemy_life": 0,
            "time": 210
        },
        {
            "enemy": 7,
            "fitness": 89.05946500072774,
            "player_life": 44.800000000000296,
            "enemy_life": 0,
            "time": 226
        },
        {
            "enemy": 8,
            "fitness": 89.9666105112725,
            "player_life": 55.00000000000032,
            "enemy_life": 0,
            "time": 253
        }
    ],
    "weights": [
        0.9712601453184375,
        0.5164426477504013,
        1.6686871954578921,
        -0.7212004643866783,
        -1.4242097100115996,
        0.995656228329693,
        -2.098516545378531,
        3.8147869142995727,
        -0.8931101459297642,
        1.0407212225456883,
        0.41668710510462165,
        0.3384348985741787,
        -1.852306891765784,
        -0.14029594736210887,
        -0.9278828834801561,
        2.792134428204914,
        1.2606519757046706,
        0.7062317322868805,
        0.4026689577641175,
        2.2133002457792514,
        -0.9354283223419204,
        -0.6309369894497998,
        1.8543701140011273,
        1.8275073185631026,
        1.3345574965956757,
        2.099307203923577,
        -1.749416663240172,
        -0.8440189106400704,
        0.11566128377651916,
        1.5077308844606039,
        0.19941813171447498,
        -0.5657500030490026,
        -2.780031918337995,
        -0.7645346490841904,
        1.3144596098344148,
        0.9975824787198851,
        0.350827885536231,
        -1.0992618952081599,
        0.36506395117674695,
        -0.2286844378243284,
        0.01780767486213982,
        -0.7407724406376176,
        0.2799922113596283,
        1.7913464346361756,
        0.2650949020154578,
        -0.18485755372896023,
        0.37272471243551564,
        -0.5024850789674278,
        1.5819166726372746,
        1.4855751980673773,
        -0.131511041218556,
        1.2858789217011186,
        -2.005221065465367,
        -1.4312168098051046,
        -0.6282138829075331,
        2.339787891042968,
        0.928781089188844,
        0.42503982878850255,
        -2.923650020800189,
        0.42494594325727475,
        1.1245579032621684,
        -1.691107230938992,
        0.5815408710858267,
        0.7921906651453428,
        0.9929855244644457,
        0.9131892595626727,
        -0.22537771307938995,
        2.3126305108369505,
        -0.9012462181622874,
        -0.20140126570296205,
        1.19049965395603,
        -0.35808013124485283,
        -0.2756696267309785,
        0.9237353476553195,
        -0.6863845901589269,
        -1.3217166796717899,
        -2.0897862820427484,
        -1.4621794572284403,
        0.6221303691561526,
        0.11329206843996437,
        -0.323162610848395,
        0.056164574224119274,
        0.5141823476389463,
        3.4708800936078488,
        -1.0282852816214265,
        -0.5151163221609378,
        -0.3407522465128052,
        -0.22372193317370678,
        -1.058921479341971,
        -4.3073789604787125,
        -0.3042295088798886,
        0.317211413028476,
        0.31081173860531225,
        -1.9500930636670006,
        0.2729875631955687,
        -0.8882919499994576,
        -0.9750241769223519,
        0.23683022487101357,
        2.248685076409798,
        -1.4272934289283101,
        1.2353063738759258,
        -1.628884992220314,
        1.0408265506546275,
        0.35856338852247893,
        -1.0763562617223057,
        0.4946266489150379,
        -0.9371022514511328,
        -1.6167877883066348,
        3.12668682591216,
        0.785172504483773,
        -0.05707763462317948,
        -0.4664183700238319,
        0.4594514530288356,
        0.9619285503041495,
        -1.0407598911852078,
        -0.1546995576033328,
        0.33321435841533814,
        0.11930335909727649,
        -0.42586935975153156,
        -0.16023686884148508,
        -0.6269664721087308,
        0.7975179151383038,
        0.6321185330423872,
        -1.6342617078240662,
        0.8065165442752914,
        3.024586355203343,
        1.656766639915572,
        -1.6840330358073738,
        -1.8148601205934427,
        0.21294285510895006,
        -0.6809734675639129,
        0.7949998106140129,
        -0.7671804884808703,
        0.595131072947649,
        0.9516773521634888,
        1.8509923066668272,
        0.5854849923265734,
        1.9774066981807217,
        0.16515457552400795,
        0.41250750324879165,
        0.9488391056826471,
        2.088148793022679,
        -1.533501921242794,
        0.09624587271977887,
        0.4958652990776552,
        -0.8724013753462212,
        0.8658928794309466,
        -1.128284725428731,
        0.3803558448931394,
        0.07306451986028198,
        0.09275537550224784,
        1.0888208262216652,
        1.5431932871122613,
        1.2314878160408274,
        0.7416751821284646,
        3.0303373521377397,
        -0.5944365188671867,
        0.49343161906095556,
        0.9652244589829051,
        -0.36402557512424927,
        -0.5539614305622348,
        0.8219128001339954,
        -0.5245396925505426,
        -1.1446552386630517,
        -0.4243393610584573,
        -0.2556800179078601,
        1.4327111535800392,
        -0.22354257766530528,
        0.47752172630949474,
        0.48266652461842113,
        -1.6375682184478668,
        0.49901431490055836,
        0.11781508562968365,
        0.5332412013570783,
        1.836351744542483,
        -0.841352806962638,
        -0.5336952718475892,
        -0.2471179625230551,
        0.9201634782037952,
        -2.1730346689730355,
        -0.46443636232563856,
        0.08191500597139274,
        -1.0888706530336272,
        0.505982696364498,
        0.167473772795647,
        0.21519927056829466,
        0.8722954482814793,
        -0.4011397374552922,
        -0.28796229712033083,
        2.647101977850915,
        0.5702516900289856,
        -0.9016212570060296,
        0.12116060426102952,
        -0.3083149744935903,
        0.03861540218447718,
        1.320264762173581,
        0.5896869864401745,
        -0.28618843511121356,
        -0.12493448268706123,
        -2.196752584767303,
        -1.6131557262735607,
        -0.2386398990510312,
        -0.30864238846386816,
        1.6742506900023,
        0.9780246494840709,
        -1.6929529756010206,
        -2.8074590596845588,
        0.4983621586687712,
        0.6232637665600822,
        -1.7524570659471368,
        0.23454546858289907,
        0.18028704717289873,
        0.8112046641690243,
        -0.3897758318477019,
        1.365156611206817,
        -0.7942385274747679,
        -1.9041444939336605,
        -0.09035715546927865,
        0.5504671332631776,
        -0.2304451748123974,
        1.5809109875599658,
        -1.3229593938213489,
        1.4634427850552645,
        0.8892232889080024,
        0.3958951472753656,
        -1.3419387939906449,
        1.0791440565398804,
        -1.0759819175289618,
        0.5667518616249169,
        1.5956591788069474,
        -1.3484087094171877,
        1.1572387821828667,
        1.6532550645958652,
        0.9828027559329382,
        0.12098142097997405,
        -0.5681881232745479,
        1.2949241714962694,
        1.3486026119648196,
        0.9873222494444589,
        -0.6746315325682208,
        0.3000963100786731,
        0.13279040255610494,
        -0.35028907894388006,
        -0.07273556240966352,
        1.7743880353839803,
        0.6217881848272886,
        -0.5868695367787119,
        0.8871505534271814,
        0.759692555534073,
        0.5693861792535617,
        0.20494233261718087,
        -0.6129084952833407,
