{
    "idx": 704712,
    "fights": [
        {
            "enemy": 5,
            "fitness": 90.02226955283409,
            "player_life": 58.60000000000033,
            "enemy_life": 0,
            "time": 343
        },
        {
            "enemy": 6,
            "fitness": 48.56627799644576,
            "player_life": 0,
            "enemy_life": 40.0,
            "time": 229
        },
        {
            "enemy": 7,
            "fitness": 87.01703951986407,
            "player_life": 26.800000000000253,
            "enemy_life": 0,
            "time": 288
        },
        {
            "enemy": 8,
            "fitness": 89.9666105112725,
            "player_life": 55.00000000000032,
            "enemy_life": 0,
            "time": 253
        }
    ],
    "weights": [
        0.737522186091705,
        1.5561507100346064,
        1.0364577857636526,
        -0.5276352471692849,
        -1.015887342546281,
        0.24505090444898614,
        -1.6755631940389675,
        1.440305962956999,
        -0.6888305771924231,
        1.3775068592149933,
        -0.1305681790306048,
        -0.46541531363376704,
        -1.3212390680536437,
        -1.102207161258468,
        -0.8267250718411019,
        1.5228620255540533,
        1.6620380967680946,
        0.46798032822187546,
        0.4276891282522346,
        2.186752859286079,
        -1.1501284615291207,
        0.025009831170984,
        0.9751812848578376,
        2.272960432513638,
        0.7874730715137926,
        1.9310176097508724,
        -1.7096216942141693,
        0.20132894830947912,
        1.665132311172391,
        1.3479815208102637,
        -0.26857747778620883,
        -0.7504806011591838,
        -1.3689855276930312,
        -0.9042331591074889,
        1.2335596464988576,
        0.7621027795953785,
        0.071043936217154,
        0.5469434260842929,
        -0.011882516187394276,
        0.444237018705937,
        -0.2670039461681746,
        -0.47344338669566705,
        0.31083712047554385,
        1.241335506808681,
        0.4310825737852278,
        -0.22881073525570086,
        0.39869348676708244,
        -0.31032034348497217,
        0.05882644241188796,
        1.288275991918314,
        -1.0432009597873666,
        1.632848344404532,
        -0.736061017036845,
        -1.542194838751647,
        -0.9306273038424127,
        1.727405968262644,
        0.33678478377060295,
        -0.3016894117793828,
        -2.3205709813588604,
        0.5441471835562536,
        0.7635551267614057,
        -0.9896986215702448,
        -0.996230469983141,
        1.0286620663222372,
        0.5678477116249507,
        0.26848801463276795,
        -1.0777632334944172,
        1.2771718916359984,
        0.010867352062973193,
        0.4693593934602658,
        0.31980455713143185,
        -1.3200359746600083,
        -0.031776371682776916,
        0.38004767152009367,
        -0.6241888439676163,
        -1.227565412684484,
        -0.4681573226291116,
        -0.5943848455910308,
        0.24543465733436265,
        -0.17243341036966223,
        0.5743850421130294,
        0.14449453430567116,
        0.1252005666457123,
        2.572443620270358,
        -0.1793742136576736,
        -0.031146516753066702,
        -0.1387630042968079,
        0.9536218263766443,
        0.4349571864921567,
        -2.109062384359501,
        -0.746615684131866,
        -0.8887662975500653,
        -0.33609315791162686,
        -1.5443974577889046,
        1.145221434107233,
        -0.4625880159305076,
        -1.352090695151186,
        0.5157092000848912,
        2.264316572950245,
        -1.1564730341320741,
        1.1233721679344537,
        -2.133273167128395,
        1.600135045114265,
        -0.6419428219723293,
        0.6438782388839586,
        0.7151626121821186,
        -0.19143775889316325,
        -1.3629821428877134,
        0.9650811849806269,
        -0.8915793933326237,
        0.049022492243178256,
        -1.0518207025602462,
        0.9454618239904448,
        -0.08774632246580875,
        -1.2292384440008126,
        -0.5712591214220907,
        -0.06738786985668355,
        -0.37184965882304666,
        -0.1468988971179277,
        0.8845908600462571,
        0.5028284516894527,
        -0.04589727493269154,
        0.578665199016108,
        -1.656650452571976,
        1.4513870854125321,
        2.8001570679121555,
        1.0376978190174453,
        -1.457557061468218,
        -0.596086074028825,
        0.09435069362042137,
        -0.9228135009490206,
        0.4125016899511552,
        0.2893471117855939,
        0.47251280460735534,
        0.31589849870215386,
        1.058087088049565,
        0.13285272222652517,
        1.9046309782141921,
        0.6986621144258034,
        -0.7945697999916194,
        1.7226549250301453,
        1.1065695498548112,
        -1.1749563200382698,
        -0.02279325736441354,
        -0.14339390454175244,
        -1.1013023866713716,
        1.611330790387322,
        -1.282610434168566,
        1.2130803587266739,
        0.7156567187775507,
        0.1641296667471433,
        1.5295669860022312,
        1.215071428667639,
        0.07348532347097095,
        1.3783975818720133,
        1.0103825143740655,
        -0.4674737010177244,
        1.607510156341704,
        0.23475401303101148,
        -0.8160100800545251,
        -0.922951767086369,
        -0.42346128449954457,
        -0.3593034994387541,
        -0.23386205140306915,
        0.4772329315349832,
        0.3987387491228186,
        0.3623668406675719,
        1.0612271274391087,
        0.257722771797193,
        0.5378124587273033,
        -1.3735736792027853,
        0.605009495010432,
        0.5737859007586412,
        0.5239713268704504,
        0.2997551440960415,
        -0.7480872162674201,
        -0.5844030093330946,
        -0.2339605145907861,
        0.3454401957820559,
        -1.654345282387275,
        0.028832970844714298,
        -0.8211772365873161,
        -0.33243650466282165,
        0.6564954606829443,
        0.47577470213582673,
        0.8516559508265795,
        1.1553362109475878,
        -0.632119285199245,
        0.001788199067920368,
        1.122413555128551,
        -0.03735586791913598,
        0.3452567701116832,
        0.14193785827487804,
        -0.4322451504474094,
        -0.6875778506267014,
        1.2401397101708678,
        0.2442635747157209,
        -0.5440975204274858,
        -0.9894928461916855,
        -1.597404887664549,
        -0.925464883853441,
        -0.03759482397529702,
        -0.12442620649499936,
        2.2901389989587106,
        -0.7420488081916088,
        -1.3282152495557829,
        -1.3103578748879303,
        0.25705527825532587,
        0.7758936380015617,
        -1.5653067848145854,
        -0.4484305811845614,
        0.7399401406853541,
        0.5627003790432733,
        -0.2273518302765566,
        1.3446523263112753,
        -0.7232740809947297,
        -1.4185383970234307,
        1.0298543610182787,
        0.8087856068040866,
        -0.5677023998029151,
        1.0746141603497217,
        -0.9726843989505938,
        1.3471995897231097,
        0.15959337849466546,
        0.588638064740325,
        -1.3579615711313116,
        0.5140598550577984,
        -0.7872264518478264,
        0.1832561558268997,
        1.5343659230795585,
        -0.92008956332928,
        1.0983503986471066,
        1.0794939825134886,
        -0.2866391043825269,
        0.4565081278269153,
        -0.8595166530147704,
        0.7783237654395796,
        1.9818932958358813,
        0.8053670254983144,
        -0.05815070853827814,
        1.2581811104550376,
        0.6231969098837874,
        0.7845543594208699,
        0.8711975670233687,
        1.1517201474225778,
        0.2235527400556745,
        -1.12533827941641,
        0.017705337732686698,
        1.1798876979394086,
        1.5974617218026346,
        0.7730489850387353,
        -0.6232589882628533,
        -0.37730088077948815,
