{
    "idx": 705191,
    "fights": [
        {
            "enemy": 5,
            "fitness": 88.57788117912034,
            "player_life": 41.80000000000029,
            "enemy_life": 0,
            "time": 271
        },
        {
            "enemy": 6,
            "fitness": 48.570654371045556,
            "player_life": 0,
            "enemy_life": 40.0,
            "time": 228
        },
        {
            "enemy": 7,
            "fitness": 90.27289246928257,
            "player_life": 56.20000000000032,
            "enemy_life": 0,
            "time": 210
        },
        {
            "enemy": 8,
            "fitness": 88.81968822339262,
            "player_life": 45.4000000000003,
            "enemy_life": 0,
            "time": 305
        }
    ],
    "weights": [
        0.7895744150422044,
        1.0936424508316038,
        1.0248217070045318,
        -0.8473075444842633,
        -0.9225565466641228,
        0.4998143549500676,
        -1.7042446174545016,
        1.7313609945749568,
        -0.608301869299305,
        1.1070945318184544,
        -0.29115795729260574,
        -0.8483146016588786,
        -1.4679465310572348,
        -1.147696233210071,
        -1.0035033659969905,
        1.483722786945308,
        1.6618076248568587,
        0.6893687591971362,
        0.49147835992587674,
        2.3275428043596573,
        -0.6005365026458084,
        0.5189716637025725,
        1.2337059674325797,
        2.278190839049111,
        0.7629947429518185,
        1.8919084776301918,
        -1.6341579224986682,
        -0.012341744864360932,
        0.9401264215726345,
        1.2882275858371197,
        -0.28828030396976684,
        -0.8152835247313543,
        -1.0165708795689665,
        -0.8185512809608363,
        0.8426719154119219,
        0.6500596707110897,
        0.42289924320006433,
        0.35838655428957406,
        0.11026618432855043,
        0.4512918366147869,
        -0.6433656431898359,
        -0.9792492094742212,
        0.6207696728779432,
        1.076591017257352,
        0.0898187306448395,
        -0.522103307436703,
        1.622751262010952,
        -0.3155791184181087,
        0.24184584176920307,
        1.1386207505587154,
        -1.1468913709819655,
        1.6852225941519998,
        -0.7988032602329131,
        -1.5168397157252742,
        -0.7053931059722638,
        1.949362063913724,
        0.600625823681963,
        0.11744023629114986,
        -2.243059878738971,
        0.27170525962397873,
        1.2379382445047793,
        -0.6506432826892611,
        -1.1065689779107095,
        0.5019457856713546,
        0.5379864196425136,
        0.10434666713193982,
        -1.2418599197000924,
        1.0655219379548098,
        -0.4966132395052244,
        0.5354862210423774,
        0.6898397645640266,
        -1.310881552644647,
        0.12275203831137325,
        1.0443621732545576,
        -0.8006092114099962,
        -1.333132547486618,
        -1.0219341550795857,
        -0.4453990974004327,
        0.05091865182854591,
        0.22425904984095554,
        0.5420676677113496,
        0.10346627359623987,
        0.09017243316525801,
        2.506974771843275,
        -0.8951578056358646,
        -0.20636568468481561,
        0.1239709898077352,
        1.3367528960407007,
        1.4910615743818423,
        -1.9700042985076813,
        -0.8610470723120331,
        -1.0154789624142624,
        -0.6089880666457202,
        -0.8671188895463897,
        1.1466487786391135,
        0.027592437491515374,
        -1.3080143020591475,
        0.6897318913445221,
        2.3640764208347913,
        -1.0292487417497758,
        1.2347871606990244,
        -1.9853283511617255,
        1.253749315534713,
        -0.7347459945434479,
        0.520717231302926,
        0.6593413006160356,
        -0.5996638757834215,
        -1.4098892734026933,
        0.7906863550462415,
        -1.053878609874789,
        -0.04996290415695058,
        -0.8615668815470232,
        1.2392886436408854,
        0.059800346138063815,
        -0.8439465563472945,
        -0.418980263238796,
        -0.03132270034608969,
        -0.9208802483057769,
        0.17030798157955426,
        0.12925612337527,
        0.576735143987637,
        0.11854397064434313,
        0.46356433524768537,
        -0.751312525479453,
        1.7548235723260255,
        2.3361857173044096,
        0.6755624050234774,
        -1.524521485378785,
        -0.5344541801389076,
        0.3804354965896021,
        -0.8005771710674962,
        0.34777029688703553,
        0.420434389099839,
        0.004791449321513368,
        0.18944049983692524,
        0.8554184948521418,
        0.3540871937774792,
        2.0189038362869445,
        0.36772626792890656,
        -0.8193744208809586,
        1.158844662577668,
        1.176146787803781,
        -1.5070941440323111,
        -0.5641793339006819,
        0.18245181258084053,
        -0.6012712646746622,
        1.9932448442516286,
        -1.1356113035518587,
        1.3403400404680503,
        0.7642233816703138,
        0.061988216999776455,
        1.45241941241355,
        1.1047920243342642,
        0.06136277797041246,
        1.6097548449909793,
        0.849658583221775,
        -0.289609365787014,
        1.616514718345332,
        0.7588924688285924,
        -0.28283724222529033,
        -0.7867078263137547,
        1.0255783084049641,
        0.019072170437103526,
        -0.017563895000258033,
        0.3701875183144869,
        0.5843074239188389,
        0.22321551603257425,
        0.9505444647171158,
        0.35797568096365545,
        0.5499923382765791,
        -1.6135034577091898,
        0.015709105315717696,
        0.8721022892784255,
        0.09907432615211964,
        0.06762442817349903,
        -0.7114646633348596,
        -0.5484480308838416,
        -0.7531085613572397,
        0.6213281374610428,
        -1.6624360722264437,
        -0.15893322669566634,
        -0.7433093961421611,
        -0.3835854118748885,
        0.7392723358428347,
        0.44650968950766684,
        0.8636784066633874,
        0.67763305166151,
        -0.6309540000297106,
        0.20633808342853194,
        0.7332462759186303,
        0.012013777292921664,
        -0.5233218061545161,
        0.3192610067575731,
        -0.4869191159884979,
        -0.42033089063289386,
        1.3509929602435902,
        0.39501927401686954,
        -0.46024522413251623,
        -1.111433808416321,
        -2.303979057920764,
        -0.6586023242921794,
        0.8013265818877091,
        -0.5575789728046131,
        1.88123032252136,
        -0.6971095526477338,
        -1.4385667950980314,
        -1.2962521876318747,
        0.07614361089761543,
        0.9997890962003362,
        -1.3604870670821863,
        -0.6060363096372801,
        0.5453861596125786,
        0.4499392277808652,
        -0.2352935586100252,
        1.4911030715280005,
        -0.47693231743216447,
        -1.676596080288042,
        -0.5590008784116125,
        1.1819613251865015,
        -0.7296367365275404,
        1.270564565270637,
        -0.8359421885228288,
        1.648086319532195,
        0.4899018713270704,
        0.27820666798873617,
        -1.3478968424455209,
        0.30427256011340137,
        -0.5533131733662224,
        0.030031366046662497,
        1.4709863535310133,
        -1.238446006693558,
        1.1271055535979992,
        0.9910577528883137,
        -0.10986806172471592,
        0.38481731446255363,
        -0.5078715679603013,
        0.39957746631846675,
        1.9581378816513788,
        0.5564817967242682,
        -0.6224804154642454,
        0.8404240423479564,
        0.27450567375274654,
        0.6165688878453003,
        0.5629689580257096,
        1.0620153522459879,
        0.1457481426379762,
        -0.8772166941083616,
        0.8356779268485217,
        0.8524108665317202,
        1.3944348447371462,
        0.8846217334299908,
        -0.8574637255390676,
