{
    "idx": 701292,
    "fights": [
        {
            "enemy": 5,
            "fitness": 90.08772932632856,
            "player_life": 55.60000000000032,
            "enemy_life": 0,
            "time": 238
        },
        {
            "enemy": 6,
            "fitness": 3.5619206910768044,
            "player_life": 0,
            "enemy_life": 90.0,
            "time": 230
        },
        {
            "enemy": 7,
            "fitness": 90.87679627126205,
            "player_life": 61.600000000000335,
            "enemy_life": 0,
            "time": 197
        },
        {
            "enemy": 8,
            "fitness": 90.08661051127251,
            "player_life": 56.20000000000032,
            "enemy_life": 0,
            "time": 253
        }
    ],
    "weights": [
        0.049986972639082305,
        0.39723422537328335,
        0.4512305395779373,
        -1.0705917709968835,
        -0.45764382590382474,
        0.3419021495359988,
        -0.950757059456857,
        0.7122019997799106,
        -0.7072694115723377,
        0.4322731531657708,
        -0.9123765251521759,
        0.511699410836909,
        -0.6769612041877006,
        -0.7348034009685348,
        -1.109908670817853,
        1.7324488460245568,
        -0.2698184514906317,
        1.6987105882855178,
        -0.11778412196792551,
        0.9130334111541485,
        -1.383966777921585,
        -0.45206851948916854,
        1.8859181732787669,
        0.6043490969162474,
        1.1841571729450129,
        0.8451097807661411,
        -0.9848221713075879,
        -0.11165008936723922,
        0.08681851474274242,
        0.22876189766646515,
        -0.5735253564339442,
        0.021024624457989208,
        -0.9233847957550726,
        0.8441312020260279,
        0.7282496536999928,
        -0.2595600114123783,
        0.2314915212017242,
        -0.5027866349104667,
        0.617037313432031,
        -0.3081819384675884,
        -0.9928613476619624,
        -0.8268062590211123,
        1.1686477451515926,
        0.5194258314324115,
        -0.4269120647220029,
        -0.6360163408864054,
        0.7390551117109379,
        -0.35036546656621714,
        0.6599913254589024,
        0.8696159224969235,
        0.06630441389611973,
        0.7981670383405193,
        -1.4492155038177579,
        -0.72446325874806,
        0.4247658420824605,
        1.7946257285162186,
        0.2126873787850718,
        0.13560541442684332,
        -1.8531177026964765,
        0.20198574362633792,
        0.8839254828532601,
        -1.1789993165857253,
        -1.0915974723567212,
        0.8197941207943651,
        -0.11603301511974384,
        0.47487483092314753,
        -0.2615501984906483,
        0.8949126494699586,
        -0.32871140816371797,
        -0.18887144664699276,
        2.2309743009755194,
        -0.43333017584487565,
        -0.7250510076079301,
        0.3524225624708494,
        -0.7616771551240652,
        -1.9783165543430865,
        0.38758293090312557,
        -0.48097809223411697,
        1.052680644388608,
        0.328169941712738,
        0.6943743317908584,
        0.1815275273824366,
        0.3602824603133905,
        0.29584098390213226,
        -0.5934690353546359,
        -0.15378346917846236,
        -0.6161722458961099,
        1.47142118743005,
        0.0739281918003758,
        -0.41826542411800555,
        -0.41493429619751376,
        -0.36715357812865645,
        -0.7111446205680165,
        -0.5125770769498651,
        0.9036933911386943,
        -0.40431939246471815,
        -0.5153743180690387,
        -0.1449465864165894,
        1.8546016893786985,
        -0.811101813996766,
        1.2192868518987072,
        -1.967542287923915,
        0.03171946054197211,
        -0.46106601210958464,
        0.2622046338010896,
        0.39369952922142604,
        0.5969225675931393,
        -0.8960060451858899,
        0.9139683620533576,
        -0.3830646078976084,
        -1.2067464418693865,
        -0.1629815270154179,
        0.44343608234739956,
        0.0734483667649695,
        -1.3995700809773919,
        0.05210695068268789,
        0.6215998588750508,
        -0.9874235146212431,
        0.24120183492349886,
        0.1820948803073635,
        0.7183633654164094,
        1.030583235627563,
        0.23569743225337186,
        -0.5192045135017622,
        1.763605305735038,
        1.4631064000326361,
        0.2711560905166242,
        -1.2404682504270732,
        -0.10368003639891818,
        -0.7046209057247692,
        0.22110965846238026,
        0.057038291473314684,
        -0.15453823497195512,
        1.421259305475239,
        0.24402745111776003,
        0.7408453837441186,
        -0.1630742695496859,
        0.801331573547061,
        0.14977763416156084,
        0.4275574803659103,
        0.7099481054348996,
        1.148600329797035,
        -0.22356567596672355,
        0.18942579567130202,
        0.444800041015407,
        -0.1518857240129027,
        0.6393058119346327,
        -0.5322924226628754,
        0.49740566778928835,
        -0.2837576406398067,
        -0.6370579354171443,
        1.332023544436606,
        1.3909769191136514,
        -0.5544888504002919,
        0.8302360611135003,
        0.359835822341728,
        0.592759475346282,
        0.19382176007016322,
        0.4067299805193616,
        0.13274917592022012,
        -1.4716682700954797,
        0.6172001901050819,
        -0.476354929518523,
        -0.38759935761542813,
        -0.6098418824303384,
        -0.06512678199070729,
        0.021532377990953797,
        0.3843026009395297,
        1.091071445241207,
        -0.5535026256829048,
        -0.1453564115839251,
        0.3189455409595459,
        0.620718184501306,
        -0.42054081535276633,
        0.570705537865722,
        0.24480409688511728,
        -0.16617160342716028,
        -0.9202417548632312,
        0.635834797132879,
        -0.18307868892068618,
        -0.9590993125240383,
        -0.3620173012526749,
        0.4789056860574283,
        0.39282006185176527,
        0.0021708274559489827,
        0.3878221024101068,
        0.07639003328583041,
        -0.01111736183155942,
        0.4378683290415909,
        0.6436686371614458,
        0.4363320813741818,
        0.053785914745508465,
        0.2525505464812204,
        0.07158615863032039,
        -0.014561371322187072,
        0.5599684688289558,
        0.44316230480601604,
        -0.24822843091012056,
        -0.37046191076995405,
        -0.9992584561222569,
        -1.4277328059162215,
        -0.45006097714250026,
        -0.183787767564483,
        0.557699533294394,
        -0.4097422007506428,
        -0.8915565053644843,
        -1.1017383279166433,
        0.02166257948314332,
        1.2060580471190958,
        -1.134567617685051,
        -0.41664062123212,
        0.696453992348538,
        0.9703218948148304,
        -0.32750968937600156,
        0.5713858054094217,
        -0.3301135337138565,
        -1.1766276673498544,
        0.44423796743717686,
        1.1970279710096288,
        -0.21430513222192935,
        1.5204416816171793,
        -0.5869334910680879,
        0.9239243158069451,
        0.2531041125689004,
        -0.12244493089271755,
        -0.8363870587149419,
        0.8489450038243156,
        0.5876806888951432,
        -0.567850215491539,
        0.23789133532846488,
        -1.561180091263227,
        0.5734773522985315,
        1.5395302021788622,
        0.12255383520223241,
        -0.2084880891983213,
        -0.3977236542088339,
        0.7756714348763668,
        1.0985470169023523,
        0.32748618732522217,
        -0.003816818626320398,
        1.2980418879726587,
        -0.3603897449444561,
        0.9207860816697432,
        1.1986319679497714,
        0.597691299661727,
        0.21777040742354511,
        -0.8949496894229086,
        -0.5507006303361074,
        0.044190767764150166,
        1.1336899336072301,
        0.5374680428243206,
