{
    "idx": 702172,
    "fights": [
        {
            "enemy": 5,
            "fitness": 86.20843086044171,
            "player_life": 25.00000000000025,
            "enemy_life": 0,
            "time": 540
        },
        {
            "enemy": 6,
            "fitness": 39.59282822853988,
            "player_life": 0,
            "enemy_life": 50.0,
            "time": 223
        },
        {
            "enemy": 7,
            "fitness": 86.25288973525114,
            "player_life": 19.600000000000236,
            "enemy_life": 0,
            "time": 301
        },
        {
            "enemy": 8,
            "fitness": 86.33574420258549,
            "player_life": 22.600000000000243,
            "enemy_life": 0,
            "time": 374
        }
    ],
    "weights": [
        0.648824157625572,
        0.7225082912319494,
        2.02462906526899,
        -1.1682205369855487,
        -1.5484374256916065,
        0.2209289525969454,
        -1.5185433759888798,
        1.4947357808653094,
        -0.31712485631050147,
        1.5415019454327785,
        -0.10400325906554876,
        -0.620148660125551,
        -0.7433705392965609,
        -0.21313131201147742,
        -0.46685069064071066,
        2.344711281311039,
        -0.9619617665305659,
        0.21196452382163736,
        -0.06377906378922132,
        2.5412152269819512,
        -0.62135129206696,
        0.700127324952292,
        1.6279673053081745,
        0.87276133072599,
        0.6540778736955433,
        1.5887560515969548,
        -1.4240734999849494,
        0.3175447734635461,
        0.4403142974552006,
        0.0036355667063697195,
        -0.4029253347297343,
        -0.5021341909191924,
        -1.3101711892836694,
        -0.578692544190513,
        0.9446726330366727,
        -0.7628979979863264,
        0.5714747626148158,
        -1.0542889160452527,
        -0.2057215877792707,
        0.7646376377829973,
        -0.41364599203645247,
        -1.6123334942276752,
        0.7715513263917209,
        0.7363343247303714,
        -0.5625380105156381,
        -0.629072324141579,
        1.18214551139774,
        -0.13244630515604028,
        -0.313794627846509,
        2.0039480259751152,
        -1.1867063563537992,
        1.7470169626837524,
        -2.0024878495250826,
        -1.123998422333121,
        0.02188056193780605,
        1.794605333319518,
        0.45650745183717606,
        -0.5943845691397874,
        -1.7800670622800432,
        0.18786212765646138,
        -1.5425804966816525,
        0.16508776308439668,
        -1.2252837500830471,
        1.0540500442006449,
        0.8013287935873059,
        0.19516291883152453,
        -0.7453304734407992,
        2.045987509911713,
        0.7611711994773214,
        -0.5574841438715342,
        0.05562258502859055,
        -0.32821626866951703,
        -0.46225190195061516,
        0.03387565515623242,
        -0.018545118907217162,
        -1.2928274190571136,
        -0.41188531360045644,
        -2.1678015625788207,
        0.9462432844453229,
        -0.053661650038708895,
        -0.2989763301232917,
        -0.12300405911243156,
        0.2198381592627212,
        2.2070264333472203,
        0.19647298991063672,
        -0.5644051473330677,
        -0.6003665961737579,
        1.1947981442654485,
        2.756334296822314,
        -0.19833599734014418,
        -0.1522929469600573,
        -0.43919734355466455,
        -0.39807150292742133,
        -0.922763167452898,
        1.1516975816039168,
        -0.9989698585248751,
        -0.5284890496115507,
        0.4354641824899317,
        1.5404638230074317,
        -0.7132171518687581,
        1.5486189799654149,
        -2.2487848335892795,
        0.8098308977746307,
        -0.4435644852463008,
        0.5915037709224937,
        0.7465068383712226,
        1.0129155724256638,
        -1.0429912267235872,
        1.0610086599890487,
        -0.6359591167527288,
        -1.0916001137266804,
        -0.1799811802098903,
        0.7166204086506318,
        -0.3334097250486902,
        -1.3988876659169664,
        -0.5994432959782082,
        -0.3830074529275514,
        -0.37522894408639634,
        0.5432934539424316,
        0.659907070836294,
        -0.3876896455610258,
        -0.06702989484098221,
        0.8691166484869889,
        -0.13021532871146368,
        1.0315509689062567,
        3.2832595252924515,
        0.5784500847162862,
        -0.8715830991902068,
        -0.4346345154812581,
        -0.20677800902020962,
        -0.4635478150385214,
        0.455697769078066,
        -0.3814600171819933,
        0.45049623558380647,
        0.847908452191479,
        0.6821210014295866,
        0.6687461751341123,
        1.7640418563879703,
        0.10427470456482847,
        -0.8760918440097109,
        1.019572585782726,
        0.9652153820611106,
        -0.6864419999922658,
        -0.2115076552831553,
        0.21130665296528373,
        -0.6604223799988806,
        1.5379625970139428,
        0.04984493763975806,
        0.7525673865299577,
        -0.8700515447884838,
        0.009643441284907267,
        1.0348534115986883,
        2.0931819428744047,
        -0.00898075573017922,
        0.7900163794168508,
        0.7421585989041415,
        -0.6815585772769471,
        1.09485900442267,
        1.630202334130042,
        -0.06544054183897381,
        -1.4700810823469468,
        0.628991455509765,
        -0.049562312370479464,
        -1.30060925944579,
        0.6268287400963792,
        0.10319804427727185,
        0.03418750265567526,
        0.5977699421214712,
        0.5477997231293387,
        1.005269977727621,
        -0.7254344376883967,
        -0.20244565171936083,
        0.31270798158182644,
        0.781018346726846,
        0.3291599161407142,
        0.6498854278519657,
        -0.3579007866108246,
        -0.9025426283549427,
        0.631758764522348,
        -0.07801634577114339,
        -0.21689423517330042,
        -1.1863029316825953,
        -0.027738209641809893,
        0.3595502161138216,
        0.2882903973084182,
        1.5271659657052066,
        0.513437019878232,
        -0.6003622393412137,
        0.23776528072443853,
        1.198866291504407,
        0.6094210949545136,
        -0.336350734273683,
        -0.19943402122869558,
        -0.5386941671890983,
        -0.3926263729372167,
        1.314741223421906,
        0.3997825550250319,
        -0.12293487034669419,
        -1.1438687494017037,
        -1.529350243640316,
        -1.035882448713334,
        -0.6120563233836582,
        0.147616881890137,
        0.5130641090420899,
        -0.41597440885072356,
        -1.3983869457400693,
        -1.1801894862217654,
        1.308778738754456,
        0.1409480189330981,
        -2.4258784112686587,
        0.1296666204535563,
        0.7654683577274416,
        0.6219021803371558,
        0.12929562371311287,
        1.0887573327909454,
        -0.5846343508299092,
        -2.062398387245846,
        0.22437476075747464,
        0.97569366266435,
        0.23856354499496601,
        1.287859877412089,
        -0.35972684266083843,
        1.589397108813202,
        0.5394737479639315,
        -0.04683132522185028,
        -1.1658176746021658,
        0.47687430843630846,
        -0.6888485465618244,
        -0.8390274666592008,
        3.3126337444242706,
        -0.9966988812672489,
        0.6191630505580825,
        1.6238282920287048,
        -0.07691749795934202,
        0.5859701985863882,
        -0.7098761016031894,
        1.1621900922753479,
        1.199092634588379,
        0.7941116349200406,
        -1.0241983481637504,
        0.8840953684725686,
        -0.14178933472928304,
        0.7861811222146361,
        0.37975364520657423,
        1.7038895276604455,
        0.5941840338983306,
        -0.7694053512584558,
        0.234327425290832,
        1.0788675470820992,
        1.904263543468602,
        0.7890003985126706,
        -0.5505951367363409,
