{
    "idx": 702155,
    "fights": [
        {
            "enemy": 5,
            "fitness": 89.20027017401381,
            "player_life": 47.8000000000003,
            "enemy_life": 0,
            "time": 265
        },
        {
            "enemy": 6,
            "fitness": 75.64341372532799,
            "player_life": 0,
            "enemy_life": 10.0,
            "time": 212
        },
        {
            "enemy": 7,
            "fitness": 89.1838995977956,
            "player_life": 46.0000000000003,
            "enemy_life": 0,
            "time": 225
        },
        {
            "enemy": 8,
            "fitness": 86.33574420258549,
            "player_life": 22.600000000000243,
            "enemy_life": 0,
            "time": 374
        }
    ],
    "weights": [
        0.8002774049929107,
        0.5772561388214794,
        1.8641599340742845,
        -1.0639369449044307,
        -1.3482480662926273,
        0.19059581382488622,
        -1.6614773247004655,
        2.070567889132898,
        -0.5466521864344005,
        1.8082089704982298,
        -0.20093089633974187,
        -0.6393292323968716,
        -0.5077420898410199,
        0.06884144766229679,
        -0.1942790325766041,
        2.023990246865372,
        -0.7190359309531251,
        0.4407611107702068,
        -0.008095290876545758,
        2.530316621967549,
        -1.0141419834104664,
        0.9841618611276309,
        2.17710672512572,
        1.120873933275366,
        0.4869145026810401,
        1.4037070760061237,
        -1.3023520276964353,
        -0.03427113125892403,
        0.7737792891998303,
        0.17942704340267152,
        -0.33483385177067515,
        -0.6107690889319441,
        -0.8768309024985717,
        -0.9267499718655829,
        0.9679535922507992,
        -0.8327559966574761,
        0.4690318535259341,
        -1.4461600610143708,
        0.40556605615752284,
        0.7443762178812966,
        -0.3114273336721853,
        -1.7703173074819671,
        0.8282067488807855,
        0.7753177596662729,
        -0.4444546995471359,
        -0.8440615688878914,
        1.875920540971092,
        -0.09881032492565986,
        0.22414588658139886,
        1.5260612863965353,
        -1.289787418676222,
        1.800038309077377,
        -1.927807001222353,
        -1.0004111885654008,
        -0.9300379175924263,
        1.5970576063481075,
        0.28184245494899224,
        0.803572408992688,
        -1.7996985924857598,
        0.20978555085677578,
        1.0835004088642302,
        -0.5998654563623517,
        -1.2338447440254021,
        0.37758114455728703,
        0.9768974616372128,
        0.27292305534304473,
        -0.8242924891791703,
        1.5454051856222562,
        -1.1416083002839446,
        -0.6021294568886587,
        0.06136799433941766,
        0.07389165644983102,
        -0.8107885452507956,
        -0.13373675029318755,
        0.08957657256680349,
        -1.9719047015748998,
        -0.12835903102235308,
        -1.3151122146343135,
        0.8956289539150136,
        0.2564544945509589,
        0.11564808856385633,
        -0.10113096889602294,
        0.25178292232619254,
        2.281865421366648,
        0.20735608194316651,
        -0.9217916265602141,
        -0.4699629211736151,
        1.1884896858870415,
        3.07745358185016,
        -0.2255420997360673,
        -0.6541679505179018,
        -0.05141670063561763,
        0.11009751266461863,
        0.46148935384001055,
        1.2301162005101935,
        -0.9218413171826583,
        -0.6377924494095947,
        0.43177986003178304,
        1.2911148295626511,
        -0.670258878564401,
        1.496950357810801,
        -2.0975887495857,
        0.8107214204539699,
        -0.4272485604366235,
        0.05785751447530611,
        0.4625386889618887,
        0.3105814011267736,
        -0.995349391159902,
        1.5804779377061613,
        -0.5570930218555508,
        -0.27797498486405925,
        -0.2244226502559245,
        0.8712240521514902,
        0.09928256387502672,
        -1.1471707950298662,
        -0.07684969256922738,
        -0.6689213810599055,
        -0.25617391115180765,
        -0.11648807168424657,
        0.2776285158465273,
        0.2073721023442159,
        0.23993413652393508,
        0.8338878276333463,
        -0.9104024111112454,
        0.9839704584113051,
        2.358152053154838,
        0.34386713252809864,
        -1.1898971406220504,
        -0.6406803053301124,
        -0.0112711394736946,
        0.05184298784325263,
        0.42913824035884696,
        -0.4456682536871375,
        0.1354056403466717,
        0.8150449913011489,
        0.6455934500361883,
        -0.0608603733859039,
        1.5098009239935797,
        0.09086074641839505,
        -0.6837750013053105,
        1.227496549173732,
        0.5847442924133874,
        -0.5600284240856686,
        -0.28317308290957705,
        0.14114058440177518,
        -0.44867335470018277,
        1.3782105437827652,
        -0.6169655632481943,
        0.7860946783548767,
        -0.3948666072004945,
        0.029264041668629996,
        0.9097460699930547,
        1.1550938647121247,
        0.42266378891077383,
        1.1906702201228212,
        0.6325591422671604,
        -0.04226246535979078,
        1.069791041259676,
        1.6814222362204878,
        -0.6791560627970855,
        -1.6944227743682923,
        -0.0410833048289346,
        -0.46573171073464953,
        -1.17968165978887,
        0.41605618498678426,
        0.5783136650451256,
        0.0057913716665439745,
        0.5544847373557237,
        0.9055696973093044,
        0.6166251828444085,
        -0.22828462349084672,
        -0.08400023624399422,
        0.5432799016561828,
        1.9926817449404506,
        0.19915517153376977,
        0.5980446615589959,
        -0.27945302071525335,
        -1.351853218483475,
        0.2011372019107934,
        -0.2722441857150179,
        -0.38334138554716757,
        -0.8467704824534446,
        -0.5862343203464951,
        0.20859698970668789,
        0.8536660024785236,
        1.1909355536002475,
        0.5820439543658028,
        -0.5869248087190616,
        -0.14847684418230458,
        0.48055470101540865,
        0.928317987318771,
        0.3064149047985143,
        0.17665536717380484,
        -0.31009392628016225,
        -0.003517746203651112,
        1.4919861730698323,
        -0.1430774324016411,
        -0.06124172201992828,
        -0.33274045825027565,
        -1.4488733729840046,
        -0.877314985854081,
        -0.28335817565128446,
        -1.1270702177244536,
        0.14434266525782155,
        -0.22960008379652938,
        -2.4825153977159227,
        -0.7412872809700511,
        1.0712645493605373,
        0.282402951777176,
        -1.9179204962483003,
        0.07084853597576035,
        0.5645327084577332,
        0.71809440499375,
        0.21420738722734223,
        1.2447947756627031,
        -0.650147934915469,
        -1.4896531591789797,
        0.26550944449412095,
        0.8967786679126343,
        0.34682077932819727,
        1.367171416157204,
        -0.994771588888844,
        1.5429608427651946,
        0.5127158994193807,
        0.30578261451673944,
        -1.127215618330375,
        -0.02627524617224667,
        -1.2483200382009096,
        -0.6137905277936717,
        3.270505892556789,
        -0.9782218910321518,
        0.7812813971305642,
        1.7664514528244248,
        0.03096117777457867,
        0.11236295661172262,
        -0.6044328304735395,
        0.8924508858399606,
        1.1333180460597876,
        0.7386145981865682,
        -0.44391598760014983,
        0.8205345363039428,
        -0.3790256403592005,
        0.3242997963968594,
        0.3154903733067599,
        1.086114894932523,
        0.6326349041424983,
        -0.9517210105714159,
        0.2505303640013221,
        0.7612127175589434,
        1.567303328780279,
        0.5049053675969848,
        -0.20219732121904965,
