{
    "idx": 713945,
    "fights": [
        {
            "enemy": 5,
            "fitness": 85.88235775665099,
            "player_life": 19.600000000000236,
            "enemy_life": 0,
            "time": 436
        },
        {
            "enemy": 6,
            "fitness": 75.28626719449063,
            "player_life": 0,
            "enemy_life": 10.0,
            "time": 303
        },
        {
            "enemy": 7,
            "fitness": 89.5862779964458,
            "player_life": 50.20000000000031,
            "enemy_life": 0,
            "time": 229
        },
        {
            "enemy": 8,
            "fitness": 90.02661051127251,
            "player_life": 55.60000000000032,
            "enemy_life": 0,
            "time": 253
        }
    ],
    "weights": [
        0.8366656811309554,
        0.40128875529335123,
        1.6963973946185202,
        -0.9910625570824807,
        -1.5596279460313631,
        0.33342946429823084,
        -1.2842596551093215,
        1.2047997931373657,
        -0.3458993974236744,
        1.0739060522464818,
        -0.16819872052220958,
        -0.7158815551750828,
        -0.8450985717728631,
        -0.6631897024239805,
        0.4388699338351912,
        2.407723710751752,
        2.0543255702733214,
        2.459754883489356,
        0.5563283819309772,
        2.8173990241670817,
        -1.3247012525414796,
        0.16315501259526138,
        1.3945354711709583,
        2.594249099975152,
        0.7793613384984689,
        2.142927449410572,
        -1.6355646528249694,
        -0.006041727241412276,
        0.30008258621747613,
        -0.9494942988420572,
        -0.10392205002556643,
        -0.7093854508618104,
        -0.1428704881188138,
        -1.0268665865746969,
        1.044883199469235,
        -0.8033429810740309,
        0.021462089910330516,
        -1.3657124962615372,
        -0.020071790541233456,
        0.5062868142288002,
        -0.47059207626826516,
        -0.30510248620051,
        0.04404660946879257,
        1.4787403640808487,
        0.2147425731474345,
        -0.586513678027661,
        0.6488679940499953,
        -0.22813068466518277,
        0.13482638447640496,
        0.7708761611222423,
        -0.5124421177693694,
        1.2671849671282451,
        -1.6537468832562265,
        -1.1975497020429444,
        -0.54987518265602,
        1.542054781511474,
        0.2858269640660551,
        -0.2288994613638719,
        -2.224586405499082,
        1.3225645554472667,
        1.0113345751568792,
        -0.48163166263888396,
        -1.2425676897431455,
        0.4964525416960532,
        0.2855929965437327,
        0.22611429160116925,
        -0.655336377850361,
        1.755012275800943,
        -0.13292357702846042,
        -0.48512143100489086,
        0.4244930174664736,
        -1.1123164124271347,
        -0.6389095984089683,
        0.5186420276862502,
        -0.26770938298644104,
        -1.2760080056885483,
        0.1312941157432497,
        0.05431290638612454,
        0.7921223691158027,
        1.086137701751733,
        0.6848571410905369,
        -0.07443077041073581,
        0.20076103065701417,
        2.8205569445550545,
        -0.024788026578718425,
        -0.5142619805762697,
        -0.28729585433647375,
        0.32038612249292187,
        0.8447743749806804,
        -1.619080120792387,
        -0.7754894809250386,
        -0.9480991324445864,
        0.6123584422114027,
        -1.0963234057236309,
        0.9819734783197858,
        -0.7910926123054737,
        -1.081712858053821,
        0.6976318023043858,
        1.9968395469172147,
        -0.5069572862983575,
        0.9746777311275358,
        -2.2538043529233325,
        -0.15938587013454691,
        -0.44188230273241635,
        0.303907600229232,
        1.0051179793253364,
        0.1319999553600267,
        -1.1592965056950126,
        0.5184986012244915,
        -0.4065188147524419,
        -1.458580698754912,
        -1.5490155304095456,
        1.409983442701953,
        0.11461421783625966,
        -1.0241011460706495,
        -0.49210919360369937,
        -0.3359500574632571,
        -0.415362455972025,
        0.10250175414910148,
        0.12330381472400925,
        0.23055485473099147,
        0.38317684416441233,
        0.444935502631342,
        -0.37413134803645665,
        1.252260793928569,
        3.502111996742827,
        0.9935585928480257,
        -0.7966744325755065,
        0.1458330685014098,
        -0.26657790768569356,
        -0.1504437807709182,
        1.3141971649169284,
        -0.3909247205474797,
        0.03543706559574461,
        0.24476511185934574,
        0.6473253280165268,
        0.38803677191119745,
        2.6056710517276,
        -0.2894337434431995,
        -1.2528122960775818,
        1.0181039791929034,
        1.609192637498263,
        -0.29681207562241896,
        0.8590396751035104,
        0.5054048546349841,
        -1.1625776463609694,
        1.0115728494143934,
        -1.4164919677655985,
        1.0206645439501179,
        0.1058214068740467,
        -0.1598913243620822,
        1.5453846818964765,
        1.2162277360339022,
        0.2297755400756125,
        1.6056942962522855,
        0.7691544104699399,
        -0.0048068996742874175,
        2.0764220751691695,
        1.8613061023407915,
        -0.5149898094222317,
        -1.0686080441661854,
        0.5019527954746911,
        0.5473905229087962,
        -0.06088505267878023,
        -0.32237185092363657,
        -0.387589032559156,
        0.05851931231166284,
        0.2162251256004761,
        0.5966856847983047,
        0.34634818549942187,
        -0.08606833754888218,
        0.2887204512551336,
        0.6188921218195922,
        -0.11377961809083337,
        -0.06360187148122351,
        -0.7497603022024195,
        -0.8773694748456784,
        -0.7760293568175185,
        0.3578528692971333,
        -1.4947177043814877,
        0.01122544689219035,
        0.5004070614839634,
        -0.3825364401791204,
        0.3903529066857572,
        0.14816835684228422,
        0.6166562913257245,
        0.5758708726655619,
        -0.32597126516369324,
        -0.08977775739893473,
        0.9696821635278672,
        0.4292145392667493,
        0.23613833722771216,
        -0.8804089873048694,
        -0.7932899339962761,
        -0.4355520099750902,
        1.4119791367104413,
        0.6019703152060563,
        -0.7376061652587104,
        -0.56808537127487,
        -1.8289338172777534,
        -0.5284653019878354,
        0.40219047208848246,
        -1.1495887100119944,
        1.3439915903091035,
        -0.7871703754445756,
        -1.4461104580965514,
        -0.9261441063011896,
        -0.1874635746038924,
        0.9370140527011637,
        -1.403142062055268,
        -0.45208728357673805,
        0.7903245570444055,
        0.3685182713657177,
        0.00415088299116044,
        0.7262631960292751,
        -1.070545686836977,
        -1.0566529984399435,
        -0.37123859700629475,
        1.1314093549430775,
        -0.7113506945986683,
        0.8646870023699463,
        -1.3601965239077494,
        1.1574254861069684,
        1.3726946467509809,
        0.4867409172573057,
        -1.719025049722832,
        -0.03777772484968282,
        -1.3308319253703351,
        -0.27767784384840616,
        1.1338300692579877,
        -1.3584516982546098,
        1.8264101688677825,
        1.5326722645585595,
        -0.2130654965210309,
        0.542674660798446,
        0.09410788768529928,
        0.6645557533037778,
        1.382185991956911,
        0.185873767425767,
        -0.853527009749713,
        0.8850909698426503,
        -0.08662026424078326,
        0.6560125579428188,
        0.24217339146292513,
        0.9924993118315637,
        1.2318126863414143,
        -1.448250116797093,
        0.714054832048894,
        1.8093724577556618,
        2.0813561635237656,
        0.7904466842636371,
        -0.6652403333209829,
