{
    "idx": 713935,
    "fights": [
        {
            "enemy": 5,
            "fitness": 88.3452886203982,
            "player_life": 39.40000000000028,
            "enemy_life": 0,
            "time": 269
        },
        {
            "enemy": 6,
            "fitness": 22.072746314842796,
            "player_life": 0,
            "enemy_life": 70.0,
            "time": 138
        },
        {
            "enemy": 7,
            "fitness": 90.21289246928256,
            "player_life": 55.60000000000032,
            "enemy_life": 0,
            "time": 210
        },
        {
            "enemy": 8,
            "fitness": 88.39935834262663,
            "player_life": 42.40000000000029,
            "enemy_life": 0,
            "time": 344
        }
    ],
    "weights": [
        1.1789982230787865,
        0.5880209759045522,
        1.3504352301200135,
        -0.9793084352577496,
        -1.4827369843484461,
        0.9181816935287603,
        -1.3729260960330427,
        1.413863040403189,
        -0.9982948288504078,
        1.2582461217435106,
        -0.20316103106992286,
        -0.4859496471726855,
        -0.7376924936640483,
        -0.6073426341549344,
        -0.45084416660104715,
        2.6768832506783067,
        2.0901780934046186,
        1.8665574653255836,
        0.6118518386207589,
        2.014381329205207,
        -1.0419206955080815,
        0.2705490234795237,
        0.8054408141339152,
        2.394963217257777,
        0.7540688468032846,
        1.8627231275472573,
        -1.8276069940809954,
        0.10460802174047266,
        1.1452988572699923,
        0.07041582832758338,
        -0.4180627606297077,
        -0.8633573784013807,
        -0.141651032084112,
        -0.9768946483589481,
        0.9762709665334232,
        -0.17905063425968187,
        0.6227046386952355,
        -1.3163088235152582,
        -0.09780639648651836,
        0.6426054498291537,
        -0.877216489391323,
        -0.3506887756267372,
        0.26290925880263694,
        1.4673113837023843,
        -0.06095136521039982,
        -0.40333251229436196,
        1.0566152019022388,
        -0.2484565375400272,
        0.7326701508402292,
        1.240188762361504,
        -0.4914954483078983,
        1.3337589887121155,
        -1.82566989548884,
        -1.1792962131064357,
        -0.5332932553989813,
        1.7880897085455505,
        0.39249776501420824,
        -0.45625388004213324,
        -1.9717419536939276,
        1.3186167167211555,
        1.0485991657953173,
        -0.696471684323471,
        -1.0017558682480927,
        0.4770675090888002,
        -0.1282406617602351,
        0.5622464368469944,
        -1.4286412352193913,
        1.6821531566166412,
        0.043386164959893385,
        0.5802746185961394,
        0.6516096843840912,
        -1.1060085081847422,
        -0.7750880035617365,
        0.3601559283074804,
        0.23558109030871158,
        -1.3528712498158557,
        -0.26882022304413783,
        0.23870049304608973,
        1.0557950749690739,
        0.662206024799601,
        0.5978557219023207,
        0.027426056484364192,
        0.3184226351046921,
        3.158942704231504,
        -0.05037121571208972,
        -0.5293454108302398,
        -0.3665558239073559,
        0.2816353128278223,
        0.7825610707290058,
        -1.6990033671305396,
        -0.24997230167118833,
        -0.3868813438565078,
        0.5430953353901786,
        -1.4406145785778672,
        0.4872228912889801,
        -0.7845738319358179,
        -0.9275665485633059,
        0.3964192147308133,
        2.137499194065857,
        -0.47420078817068767,
        1.0945997063205957,
        -2.3453876509677256,
        0.12858318820107828,
        -0.24431833337102832,
        0.19234419431295308,
        0.8553189480331348,
        0.1704266902522491,
        -1.033191380880095,
        0.7996556495123588,
        -0.4873109150676926,
        -0.8268375754307536,
        0.27776960557811375,
        1.6730441904713356,
        0.06551187102545213,
        -1.0289539751444634,
        -0.5272679958259613,
        -0.3958808979181875,
        -0.44576001204423127,
        0.07484251418212659,
        0.0651263883865056,
        0.02967725120748802,
        0.7646696805604695,
        0.9219763214178642,
        -0.4819150543136063,
        1.4191769240928276,
        3.2121274896163357,
        0.3149204381887558,
        -1.137493975086917,
        0.024587146363895848,
        -0.39826594135187093,
        -0.47937003949538104,
        1.1390580846140355,
        -0.17116602994949254,
        0.034738592210728975,
        0.4392548679691925,
        0.6453533034304358,
        0.5610298351961966,
        2.5304567721382405,
        0.2131953554477794,
        -1.1277738329654996,
        0.9213098644327485,
        2.387955409960528,
        -0.703928824694903,
        0.7386856127939474,
        -0.13628876290846131,
        -1.2941822115003745,
        1.0498666496332951,
        -1.3862600159954497,
        1.1219583204068984,
        0.5338837469568224,
        0.17876052894949498,
        1.469252895619339,
        1.1589147857257927,
        -0.09099965992102074,
        1.5120889841389769,
        1.141526034770455,
        0.05045024214139488,
        2.123772261234605,
        1.8461238203836343,
        -0.45989820760970457,
        -1.0479421135595421,
        0.3885135269873076,
        0.7634610816126326,
        -0.4292637614316586,
        -0.11715933049083195,
        0.3005072346931381,
        0.0957796095388345,
        0.6796094981605949,
        0.605469105234065,
        0.4031354328660565,
        0.004206068055188861,
        0.15551496479155616,
        0.7193394546762649,
        -0.13594374727192254,
        -0.14344311572611365,
        -0.9917410075826493,
        -1.108326397862351,
        -0.8114438841247901,
        0.21040099833802967,
        -1.4318189015448766,
        0.6065785131353436,
        -0.20591213298431024,
        1.0672514724545643,
        0.3294766464057677,
        0.19315053872976107,
        0.8835840446345559,
        0.638764338792668,
        -0.28800739531182845,
        -0.030436108544558287,
        0.6111142596299086,
        -0.5959874705596614,
        0.06036889890278699,
        -0.3816737094393432,
        -0.8692223111272672,
        -0.08090867786967776,
        1.0936281627914457,
        0.8905618646601142,
        -0.6172019375885814,
        -0.5933250006264473,
        -1.6204437571405845,
        -0.3851010641929267,
        0.40834253429480555,
        -0.922653832733325,
        0.96686602005144,
        -0.6344925737651449,
        -1.4081021543303613,
        -0.9356331872107781,
        0.0778171103937097,
        0.5091307349017581,
        -1.4405070349792009,
        -0.2965738705049408,
        0.7896133533803316,
        0.8832284807318167,
        -0.026194655111576322,
        0.8919155753173237,
        -1.015313090978266,
        -1.1905475740669904,
        -0.4870449806004523,
        0.8774157364431007,
        -0.7539307680741247,
        1.4248887055765733,
        -1.407714551611015,
        1.4128001071924556,
        1.391778743632926,
        0.2796590960343836,
        -1.7128762296875597,
        0.13346655542787422,
        -1.4858392427913532,
        -0.6258528333028687,
        1.2126124894995356,
        -0.7327608016037134,
        1.6155420169201677,
        1.4895567930006501,
        0.27536904087983494,
        0.5532460993101809,
        0.08430186882774156,
        0.6473688292474563,
        1.535909830046541,
        0.06461511386096554,
        -0.7768912740488528,
        0.5246275384779304,
        0.06203312258677198,
        0.7028453955388415,
        -0.006377536148929573,
        1.0047602494074017,
        0.7378223749571106,
        -0.8415799390462296,
        0.6171058443537676,
        1.8506105587102468,
        2.009291279798887,
        0.8835411954327547,
        -0.5670083640897204,
