{
    "idx": 712519,
    "fights": [
        {
            "enemy": 5,
            "fitness": 85.55262782095375,
            "player_life": 16.000000000000227,
            "enemy_life": 0,
            "time": 423
        },
        {
            "enemy": 6,
            "fitness": 48.570654371045556,
            "player_life": 0,
            "enemy_life": 40.0,
            "time": 228
        },
        {
            "enemy": 7,
            "fitness": 85.09703951986407,
            "player_life": 7.600000000000232,
            "enemy_life": 0,
            "time": 288
        },
        {
            "enemy": 8,
            "fitness": 88.92324619773174,
            "player_life": 46.0000000000003,
            "enemy_life": 0,
            "time": 292
        }
    ],
    "weights": [
        1.086181844031936,
        0.9920269814971618,
        0.8190239234767598,
        -0.9923516225140776,
        -1.436136240908374,
        0.37967930627891877,
        -1.0029986033811114,
        1.4099517383303546,
        -0.5131349693982005,
        0.8224633273820979,
        -0.5644383912896825,
        -0.4910983582121181,
        -1.3624014551541284,
        0.13540447245694365,
        -0.9301352997142946,
        3.1970977221403127,
        2.3557331727764628,
        1.943563849481345,
        0.7936484094628182,
        2.269867685404101,
        -2.054574716112853,
        -0.1338830737775741,
        1.311457080086145,
        2.4036063108221493,
        0.25852138482033643,
        1.4220691147887956,
        -1.7220359556739724,
        0.14586125854722742,
        1.2118438910225424,
        0.5160458066201274,
        -0.03040925739423956,
        -1.1405525875072602,
        -0.5891609942914596,
        -1.3952553898996654,
        1.49954038185089,
        -0.13827898899075888,
        0.4309379228040354,
        -1.4757951768903743,
        -0.2056537845340635,
        0.2306577097517203,
        -0.28715566405333254,
        -1.1220609607921186,
        0.259130441369661,
        0.8969349214084146,
        0.252259645656975,
        -0.4575460049666252,
        1.1678191184809446,
        -0.15946142453811735,
        0.6886028386390574,
        0.734859120718664,
        -1.000236159143565,
        1.6078640566478273,
        -2.0777383671233234,
        -1.5261136047822974,
        -0.9984923155423924,
        1.0627517128467716,
        0.21803751928023368,
        -0.3180955558700828,
        -1.9001329216935323,
        -0.06791671025106166,
        0.21031944824930254,
        -1.0718583647378317,
        -1.0681933557222056,
        0.5870880844693949,
        1.0901126306690547,
        0.687607692492594,
        -0.1682264554938947,
        1.50692105941032,
        -0.360783805796978,
        0.38022548666621897,
        1.1510860041440765,
        -0.8838835931462836,
        0.08258141217277529,
        0.18191092257481722,
        0.29645203926000896,
        -2.5313774391152144,
        -0.52058895561946,
        -0.4401154734050347,
        1.875398073548379,
        0.33958144679922614,
        1.087458969756451,
        0.6315333538918662,
        -0.28297428651388007,
        3.097172107088035,
        -0.4737700011077032,
        -0.6765509467276709,
        -0.23303824737561776,
        0.9452025623131793,
        0.27243650694220006,
        -1.620804699238122,
        -0.2919490164949202,
        -0.5013532254940194,
        -0.22424704702073894,
        -1.055392754339002,
        0.3193707730218406,
        -0.8401841808908167,
        -0.8067214503940707,
        0.056941289216077856,
        1.237389799252859,
        -0.8806155339563374,
        1.3782559939934245,
        -1.346528388280199,
        0.907796230860779,
        -0.4155800154140488,
        1.4637311262491506,
        0.9182658435221919,
        -0.21326341643979133,
        -1.1793551037025385,
        1.0260215009792264,
        -0.522152349056369,
        -0.3508060652225732,
        -1.2315894632858628,
        0.8985738204569524,
        0.22819099074112054,
        -0.6369591459474984,
        -0.3560509549395327,
        0.4834983029318268,
        -0.38337748064891985,
        -0.09990275563579767,
        0.9289293955449482,
        1.0698385201908454,
        0.55657165628187,
        0.6276875355375704,
        -1.7314947336678996,
        2.021936759590423,
        0.8649771562655444,
        0.430858648367894,
        -1.026712473674487,
        -0.43608153687669743,
        -0.2036781069653241,
        -0.9124714432173697,
        0.18008057732451738,
        0.5852203546493959,
        0.9613991049133856,
        0.5709832973881172,
        0.9033261289471659,
        0.21339958173531076,
        2.2036693863092363,
        0.4739670208038808,
        -0.2992935443665049,
        1.153858050145381,
        1.5379834926192513,
        -0.48345160944534815,
        -0.06143465719412035,
        -0.3609838531244784,
        -1.3305576745049847,
        0.493088643862719,
        -1.084001670541851,
        1.2579005921542132,
        -0.07765718083345224,
        0.6285136079636615,
        1.3882925373695476,
        1.2909658964574098,
        0.08135241757102402,
        1.7544889870714966,
        0.5288326724963733,
        -0.3660346668931473,
        1.9817015563501068,
        0.7045796108929037,
        0.1053080625652826,
        -1.7384452390148295,
        -0.48786736552390364,
        0.39455955024568307,
        -0.38187729882286797,
        0.6329675373017213,
        1.2053401705493667,
        0.15242737202350942,
        0.3372153450380403,
        0.4205512164518519,
        0.828690483980508,
        -0.10957282772928498,
        0.2852533186897582,
        0.5127187363585853,
        -0.06328368166669737,
        -0.11907276343730434,
        -0.6857534153855012,
        0.05706478323613471,
        -1.4446665071634834,
        0.8705076823063737,
        -1.4398314529148708,
        0.2682829604349598,
        0.4950218943479306,
        -0.5366511476123048,
        0.6572341318625611,
        0.025340248644040664,
        0.5562985674511287,
        0.359677089340811,
        -0.5012924288124394,
        -0.14171572468216317,
        0.592913258374744,
        0.6854777264721822,
        -0.450580521512632,
        0.31680045329769013,
        -0.7853930668350306,
        -0.7291441324941358,
        0.6342515590016746,
        0.11395622851634622,
        -0.5151912701963081,
        -0.7711219446156965,
        -2.631679065097131,
        -0.43887815404299824,
        0.02975481435601081,
        -0.5445500335119579,
        2.1768950732578243,
        0.07962382061007858,
        -2.100017198257866,
        -0.9993380227947051,
        0.6054100913039226,
        0.8917808066316708,
        -1.1908967749439066,
        0.17910791617871724,
        0.6949873344914085,
        1.3719358474184586,
        -0.5331195640549798,
        1.3215108094513544,
        -1.1674643320904157,
        -1.1206061773766152,
        0.5022504717606886,
        0.8391545583202913,
        -0.5807521293515501,
        1.2602605103763231,
        -1.255799542197355,
        0.9670812220139888,
        -0.25753339346340437,
        -0.08249534931231343,
        -1.0857303454289464,
        1.134402771695139,
        -1.1308799004646932,
        0.36573001014820966,
        1.7357377415517565,
        -0.7941078037607849,
        1.263611287448785,
        1.034242307632279,
        0.13638394800189937,
        0.627100421078179,
        -0.741649930875508,
        1.1123407295627343,
        0.7563905720607933,
        0.5443475508027802,
        -1.0683219979425556,
        0.6874542281668549,
        -0.016241584123258018,
        0.08410749457468926,
        0.42115309390170635,
        1.2978621652427684,
        1.2365241079839828,
        -1.4097120373175875,
        0.5695931187721972,
        1.0952900930055953,
        1.3076264362703742,
        0.432520919472685,
        -0.8214145891783189,
        0.42565363854665417,
