{
    "idx": 703945,
    "fights": [
        {
            "enemy": 5,
            "fitness": 89.67275134159978,
            "player_life": 52.600000000000314,
            "enemy_life": 0,
            "time": 267
        },
        {
            "enemy": 6,
            "fitness": 48.51520306650934,
            "player_life": 0,
            "enemy_life": 40.0,
            "time": 241
        },
        {
            "enemy": 7,
            "fitness": 91.11679627126205,
            "player_life": 64.00000000000034,
            "enemy_life": 0,
            "time": 197
        },
        {
            "enemy": 8,
            "fitness": 89.9666105112725,
            "player_life": 55.00000000000032,
            "enemy_life": 0,
            "time": 253
        }
    ],
    "weights": [
        0.5780711899679263,
        0.8875807778441331,
        1.3796507405646106,
        -0.7561559044441281,
        -0.7437176186565606,
        0.00946548257138198,
        -1.2919250484040055,
        0.9898834394288759,
        -0.5691174050270713,
        1.2696378274718778,
        -0.8254415105061718,
        6.149349417722627,
        -1.0032905993005148,
        0.5577246985390312,
        -0.7679523518845515,
        2.8110356495070628,
        1.5929029885460908,
        1.3087717445385045,
        -0.19222782156923907,
        2.3189807760580416,
        -1.8323196786648168,
        0.2948088396474923,
        1.5154800587306776,
        1.3360270501143692,
        0.2681322444201977,
        2.350286813959208,
        -1.7461513852323618,
        0.4095386932104731,
        1.6434023946437737,
        0.7787386252831925,
        -1.0219418249714018,
        -0.44674615032853954,
        -0.39386605189022367,
        -1.179283663532175,
        -0.5259327557660636,
        0.022598034395532804,
        0.05856546515926588,
        -1.1256806025800552,
        -0.21239987992550202,
        -0.07640413583157293,
        -0.18191472214500973,
        -0.8261903597239698,
        0.7077483193175256,
        0.680341381601206,
        0.3012662103975588,
        -0.7737658102796595,
        0.9883639077541917,
        -0.3440979507145268,
        0.11272783991066994,
        1.299020744220655,
        -0.6919116355952504,
        1.7863030670227178,
        -1.5395176035130758,
        -1.1828202370659662,
        -0.6744856365970995,
        2.177913393716137,
        0.3299429723248481,
        -0.0732234785174005,
        -1.9964977334970186,
        -0.15701649921254374,
        0.8855391545651171,
        -0.8398546775033033,
        -0.47497293569161436,
        0.1681977131885286,
        0.5096492614167668,
        2.267386300424164,
        -0.9653138217178504,
        1.5747630247387376,
        -0.5753355383763872,
        -0.18805229337639714,
        0.803869620822683,
        -0.9313556326189719,
        -0.15352821437480224,
        0.07386537449333891,
        -0.33396544861327776,
        -1.4195908450613541,
        -0.6780927576062913,
        -0.42446486528591315,
        0.7829665457627818,
        -0.05976587027262188,
        1.0121379739353937,
        0.23110624561620882,
        0.9161583820631725,
        2.817571228560337,
        -0.3642093245553113,
        -0.9419877119057517,
        -0.7640860741535388,
        0.9391941478069507,
        0.41513956178269995,
        -1.7798858223632494,
        -0.710429877289755,
        -0.3275676079874055,
        -0.20414609067073564,
        -0.8444622173981768,
        0.6044002207975481,
        -0.4826795210779525,
        -1.0423482646786657,
        0.28881558296798954,
        2.1294361965949493,
        -0.8386324983874752,
        1.1824232821762903,
        -1.629698136699537,
        0.19615705043402598,
        -0.36378846258050346,
        0.42521509996225415,
        0.7222924218192973,
        -0.15678498915133302,
        -1.0489296491215265,
        1.2940365159701555,
        -0.8354677705404799,
        0.25405115647892,
        -1.233585585791432,
        1.3858112639173128,
        0.32054705703080616,
        -0.9883112501845046,
        -0.43358166278257904,
        -0.14135079920848884,
        -0.6576269747956552,
        0.03979770350844772,
        0.2616968616455205,
        0.45500811782118455,
        0.15592603400096802,
        0.24822553636310662,
        -1.6565535698188252,
        1.2674428324127527,
        2.2266284305161332,
        0.3093393309246838,
        -1.2412536230922648,
        -0.8323721579250358,
        0.43051555281394804,
        -0.6511611722974452,
        -0.28677823510298217,
        -0.0354716230828563,
        0.5590344787526985,
        0.697133249675649,
        1.0517393932857855,
        0.5505388943005137,
        1.652771047948363,
        0.340829101371253,
        -1.1308390283762704,
        1.4391660866690148,
        1.2716599189740472,
        -0.9802338833572851,
        0.15164373743598553,
        0.7923413121449318,
        -0.592216024565646,
        0.9817923312657477,
        -2.49729284872547,
        1.30097751527017,
        0.0859931361179641,
        0.0031804896356400353,
        1.5963212006947936,
        1.6945117494577422,
        0.4966724542763128,
        1.3153170597488963,
        1.4829245884039448,
        -0.028679034542872302,
        2.1607966053754653,
        0.738005018249533,
        -0.46953953857411346,
        -0.23759905766323702,
        1.02135516365488,
        -0.12734266235841254,
        -0.3222749048753205,
        1.5335501528531836,
        0.061525858691430714,
        -0.009499020944223037,
        0.9589399988121231,
        0.4215845430793171,
        0.623715177444409,
        -1.6154423049888063,
        0.2752213066536531,
        0.45355744728199265,
        0.6663236600665472,
        0.817495942736852,
        -0.6956794273006844,
        -0.7965056339644864,
        -0.6484021053703086,
        0.49635029708822015,
        -1.2835438456411228,
        -0.31569861551932615,
        0.20403848090034982,
        -0.5857617082007778,
        0.5389157510635194,
        0.2636005488720592,
        0.8301094897206848,
        0.788980003372289,
        -0.45405155829562555,
        -0.07410774247594495,
        0.9903353480537099,
        -0.23262990806198824,
        -0.3322331527612136,
        -0.2908050419144493,
        -0.6716112566552137,
        -0.10648513121623462,
        0.5225988772142772,
        0.08285161638381051,
        0.33785033976278467,
        -0.8207136918809776,
        -1.806956645347185,
        -0.7563373426292606,
        0.05635663427968102,
        0.1436572472383414,
        2.18278680110655,
        -0.8169380800232302,
        -1.475325380111806,
        -1.3661344320310702,
        0.4062684275879635,
        0.903549615495551,
        -1.9004697566381765,
        -0.310373559656561,
        0.5601607333641443,
        0.9909968671597078,
        0.45390198287080846,
        0.9961709471670052,
        -1.0440785940027077,
        -1.4405995383400003,
        0.023455846593734623,
        0.7377637592807994,
        -0.38552281845038716,
        1.205996429018348,
        -1.423209048734645,
        1.4283182008618094,
        0.29604352464144934,
        0.5954968398114113,
        -1.2837353829709495,
        0.700147600772662,
        -1.4119022839661552,
        -0.3471516916283846,
        1.494329752050976,
        -0.9155102191024265,
        1.0328063367990556,
        1.1219033726233987,
        -0.044166243395520964,
        0.430215457947017,
        -0.1625400962818927,
        0.7977278288324026,
        1.6827128178290076,
        0.2876219716912255,
        -0.737163982449897,
        0.9596036172262772,
        -0.00346320761017534,
        0.6499177324032978,
        0.9189893328063073,
        1.369129776997671,
        1.2071090244641345,
        -1.0719494933993816,
        0.9410365294612121,
        0.9707107008506184,
        0.5102508392946496,
        0.592136152789756,
        -0.6837366388814448,
