{
    "idx": 707931,
    "fights": [
        {
            "enemy": 5,
            "fitness": 90.96693855665949,
            "player_life": 64.60000000000034,
            "enemy_life": 0,
            "time": 243
        },
        {
            "enemy": 6,
            "fitness": 12.361645330666255,
            "player_life": 0,
            "enemy_life": 80.0,
            "time": 281
        },
        {
            "enemy": 7,
            "fitness": 90.38814186652397,
            "player_life": 57.400000000000325,
            "enemy_life": 0,
            "time": 211
        },
        {
            "enemy": 8,
            "fitness": 88.57935834262663,
            "player_life": 44.200000000000294,
            "enemy_life": 0,
            "time": 344
        }
    ],
    "weights": [
        0.7385410017631799,
        0.6987992805755989,
        0.970080665138923,
        0.6558378408523333,
        -1.1985078232319302,
        1.9159302290301106,
        -1.2122666479574347,
        1.941126632458629,
        -0.5814986014459047,
        0.5833432995616815,
        -0.46023139586106576,
        -0.7725188107506289,
        -1.0273117069655016,
        -0.7981128834132544,
        -0.19757843642607112,
        2.2836167569128856,
        0.7373993046784103,
        1.5390149537856759,
        -0.11688142486303567,
        2.1365552885815293,
        -1.3281330729458591,
        0.21253652203227252,
        1.6616970518588627,
        1.2566095399145192,
        0.2551439629729238,
        2.1391760212059494,
        -1.1704993313979541,
        0.036083321034054,
        -0.21288058526031256,
        0.21539375219867984,
        -0.4211881071662239,
        -1.1678670516684257,
        -0.9417013193038593,
        -0.7494298040734114,
        1.0003585665662518,
        0.299534446695834,
        0.17434718345732647,
        -0.848857252571229,
        0.3336808351056258,
        0.6785448552586449,
        -0.6836503744106264,
        -1.142002933847154,
        0.5724057193843974,
        0.8445320070503967,
        1.1363362190811874,
        -1.0071277275330173,
        1.943502810742944,
        -0.05844429216067721,
        1.2615934678543776,
        1.1500119228495866,
        -0.5979825808163985,
        2.9774499862652637,
        -2.5680600483338054,
        -2.181114098191902,
        -0.49621262987176196,
        1.9555288143594451,
        0.6313148393570736,
        0.2006905778841527,
        -2.332510128292959,
        0.7777263923028547,
        0.3959827558485917,
        -1.6798506106627318,
        -0.6057549436650933,
        0.48820845993501005,
        1.1390689308594917,
        -0.30205291416570706,
        -1.079646222314873,
        2.0132775241214804,
        0.9182726078326969,
        0.5384097271080059,
        1.0518708513203305,
        -1.1492241372177943,
        -0.12029231637506546,
        0.060932305948487725,
        -0.6398736244828327,
        -1.5338268817864964,
        -0.5717509357908943,
        0.3975924723437396,
        0.658580003241923,
        0.01137889941848285,
        -0.41114360326506827,
        -0.4895490695649511,
        0.37916286749303707,
        2.3366053341892647,
        0.5381596593654865,
        0.09348956796534631,
        -0.9703457726382474,
        2.5624328327875783,
        -0.6414866384783215,
        -0.6270753580072542,
        -0.4547839209723009,
        -0.8380995974372127,
        0.2185047819862986,
        -0.7705626797226177,
        1.4906922896056543,
        -1.2606976187030403,
        0.38438991614007206,
        -0.22565175379301064,
        1.6041849855421884,
        -1.3129004384512917,
        0.5240025320494548,
        -2.1832812001291066,
        0.49502860652847963,
        -1.2895184794137025,
        0.02881008475583785,
        0.5061017225077994,
        -0.43344862022312847,
        -1.721071433275755,
        0.5421112333567085,
        -0.11400064888275982,
        -1.365179302630436,
        1.12831072600571,
        1.217084250857197,
        0.45314333585686606,
        -1.1390958867267977,
        -1.1957353349040385,
        0.052852876562866136,
        -0.22092905772188676,
        -0.23116977599101385,
        0.43243640879336503,
        0.33926463924875583,
        0.28348845376984577,
        0.22951574457820162,
        -0.6866846409430717,
        1.0784123637848453,
        1.499333842220313,
        0.3598767800391513,
        -1.330282275606897,
        -0.845702313025442,
        0.9806602188698175,
        -0.2795374612740278,
        -0.6002882807329549,
        -0.3097221576399096,
        1.1853358562965908,
        0.17323425991154545,
        1.336760795205041,
        0.24040809108253297,
        2.0417367410100096,
        0.9571364898702462,
        -0.1030478048914203,
        0.8569185596184057,
        1.2580863527439254,
        -0.9290356816623553,
        0.5280632012652984,
        0.20434669413870932,
        -0.6198861993275335,
        1.4312532615787292,
        -0.3860193153220244,
        1.7367860299892222,
        -0.4919331379556387,
        0.59507817200616,
        1.1485723955081708,
        1.5305194583049946,
        0.9141746891137833,
        1.7578175197448433,
        0.4771133317544303,
        0.6062065081473882,
        1.9862372308745508,
        0.9416390567258357,
        -0.6908954189442801,
        -0.735498635191231,
        -0.36773051015970243,
        1.4424416803613567,
        -0.3242521070224739,
        0.36361880164964067,
        0.17990020467846132,
        0.37865646140704523,
        1.096541152085676,
        0.26682997621790494,
        0.6817940366133012,
        -0.664538425321351,
        0.7137748268917173,
        0.20667943604604153,
        0.3811584628936857,
        0.6514905670219063,
        -0.35901750894766604,
        -1.2491176905337615,
        -0.6748643294658649,
        0.5048897458952503,
        -0.6210698876232359,
        -0.6822058450240196,
        0.5020609980152414,
        -1.0961270898464095,
        0.5333866682213345,
        0.6395713296745992,
        1.2128660764401444,
        0.46532073677688085,
        -0.5255305713616858,
        -0.14251420190698624,
        1.586490725575315,
        0.0968188300361832,
        0.19669316446846577,
        0.3169167249599748,
        0.5388627730804445,
        1.346312445266605,
        0.4970977244890029,
        0.31995160918886906,
        0.11449777950515273,
        -0.5315483830358697,
        -1.6452383866859766,
        -0.7523445414734666,
        0.3031548200696345,
        -0.46699298830951014,
        0.29055321839802906,
        -0.3046443125089012,
        -1.1009849559545875,
        -1.5775062783465315,
        1.2200053855472455,
        0.4067470273640152,
        -1.8203545804534174,
        -0.45004731230184536,
        0.8338351535348015,
        0.4383060334973944,
        -1.0689655334725479,
        2.6405745567855416,
        -1.2965487532067421,
        -1.6559465525089978,
        0.17366667275774686,
        0.9213864469125301,
        0.5912488315649456,
        1.6308455325939173,
        -0.6531348561538257,
        1.2718546564720294,
        -0.16157669985705359,
        0.31425337270773857,
        -1.1559941283108908,
        0.8106619125531698,
        -0.6260399429429323,
        0.17137527760969906,
        1.2690291681277834,
        -1.1821582344634263,
        0.9347125002454254,
        2.395661799087225,
        -0.06819611139085914,
        1.090041059713206,
        -1.0181348972682949,
        1.1842809087602588,
        1.1751496428863737,
        0.15778600091824602,
        0.2659017851655039,
        0.5536314588411435,
        -0.4364282126938972,
        -0.07559752902739991,
        0.9137431479487815,
        3.381428156990523,
        2.6527043526259906,
        -0.9051518707726639,
        0.8102527743760797,
        1.143596101801739,
        0.9469394340495025,
        0.28693313990986313,
        -1.0816294550887586,
