{
    "idx": 705617,
    "fights": [
        {
            "enemy": 5,
            "fitness": 89.32027017401381,
            "player_life": 49.000000000000306,
            "enemy_life": 0,
            "time": 265
        },
        {
            "enemy": 6,
            "fitness": 21.84670840550222,
            "player_life": 0,
            "enemy_life": 70.0,
            "time": 173
        },
        {
            "enemy": 7,
            "fitness": 89.12389959779561,
            "player_life": 45.4000000000003,
            "enemy_life": 0,
            "time": 225
        },
        {
            "enemy": 8,
            "fitness": 84.89574420258549,
            "player_life": 8.200000000000232,
            "enemy_life": 0,
            "time": 374
        }
    ],
    "weights": [
        1.362119292829185,
        0.9775648206342178,
        0.697387107795263,
        -0.7527938594411181,
        -1.4576328237471725,
        0.32707055491185233,
        -1.354700218016326,
        1.4774501179953496,
        0.6102228635817114,
        1.3176404289560626,
        -0.36602458760185846,
        -0.2622593442953499,
        -1.302316726192745,
        -1.2732502415246234,
        -1.2158534789623623,
        1.4307821718069387,
        1.6629995375685553,
        0.41324298436930756,
        0.5783122101825229,
        2.398278312603061,
        -0.8933197407361598,
        0.23238901867777728,
        0.7198356833318202,
        2.515923006052567,
        0.6111018503742973,
        1.819799510276016,
        -2.0695918556249726,
        -0.2016037862564127,
        1.0959836271958847,
        1.3806268975391038,
        -0.904755467189687,
        -0.5561498345671839,
        -1.5217002410776588,
        -0.8151145783675398,
        1.2296778769395564,
        0.8554777647441186,
        0.30997013861629047,
        1.2813314946086138,
        0.01496542125150094,
        0.4694565565849591,
        -0.5985033935365123,
        -0.5657828196756666,
        0.319569082125837,
        2.047353530542349,
        0.03301525068657336,
        -1.2017838550556124,
        1.6401071729011205,
        -0.23642080941649118,
        0.7953382924672898,
        1.053061769962629,
        -0.8894364254112781,
        2.177968520058258,
        -0.40542599627327647,
        -1.6261953703547682,
        -1.02605074234339,
        1.4662109253891744,
        0.31444370463331967,
        -0.2096737548300361,
        -2.006772451282855,
        0.07529042025675625,
        0.7739079240638442,
        -0.5903405741058171,
        -0.42715148936314085,
        0.6614033749067332,
        0.9297770048327307,
        0.9524145936107296,
        -1.2873279068984649,
        2.1085973943111433,
        -0.1402822699579833,
        0.11624303430390276,
        1.048515547411486,
        -1.0458423669844616,
        -0.1426697659175974,
        1.4963894999213443,
        -0.5677482962767733,
        -1.5533063740390929,
        0.25024468797510596,
        -0.2627377560577922,
        0.21174507803870163,
        0.22560695492281027,
        -0.5631668047319234,
        -0.12351936137634839,
        0.20711953752630613,
        2.1886143211683975,
        -0.17045773126783414,
        -0.8911346160181479,
        0.37228848117666546,
        1.3245288269044808,
        1.046985561935556,
        -2.036496786802731,
        -0.8592482418921816,
        -1.0524534610046568,
        -0.16363481823152798,
        -0.7878273210634097,
        1.3269288786960696,
        -0.1760809632663556,
        -1.0051771452111826,
        0.6014083786010063,
        2.2259501815606346,
        -1.0357989708657624,
        1.045848950998601,
        -1.6100734531122265,
        1.2410379376893377,
        -0.47501890244001344,
        0.5351446838275621,
        1.4413317949991773,
        -0.688509792798972,
        -1.7862426016915063,
        0.5400540800158629,
        -1.1367840376510405,
        -0.6639697224883401,
        -1.1060015208141332,
        0.754459850701044,
        0.09120214359696163,
        -1.1030748716251633,
        -0.3028589919848327,
        0.29488064491139715,
        -0.8878374911936179,
        0.26400068380949804,
        -0.03105098609426389,
        0.4595198624074409,
        0.3569905349599725,
        0.6089893314395016,
        -2.383665418287087,
        1.6719782254571078,
        1.9292730953628348,
        0.3153959159403974,
        -1.1130474474915397,
        -0.41912179740227085,
        0.45873222451221124,
        -0.4780400503990619,
        0.5841147695405586,
        0.7122462547417661,
        -0.258125032385378,
        0.8427599025785729,
        1.0226672099309744,
        0.2651130911494868,
        2.4942852250631424,
        1.1604197401215681,
        -0.9022890882011573,
        1.8081861640466772,
        1.0596199091355307,
        -1.4059264087463452,
        -0.07534687937182599,
        -0.31890155077131466,
        -0.6770828858026627,
        1.4459038876282533,
        -0.8923288249996765,
        1.3289076829203774,
        0.5859273815449376,
        0.27225824146063937,
        1.8252763638506484,
        1.9817771539631117,
        -0.12575268331903183,
        1.3605355341578294,
        1.060738200761189,
        -0.06329513797801654,
        1.741639484814096,
        0.6522813059901594,
        -0.48879121277051907,
        -0.40630952915736673,
        -0.4681436842223498,
        0.38831762717884655,
        -0.033340322706445005,
        0.18153978441048568,
        0.45986618021827086,
        0.16990464280186182,
        0.8682624467212726,
        -0.40486441105231535,
        0.6555794160390942,
        -1.579819170550288,
        0.31150825566772783,
        0.7149651949274548,
        0.6246732837238753,
        0.4036076932311196,
        -0.8871523963613592,
        -0.01951894860734442,
        -1.0915132734471247,
        0.5732023656060906,
        -1.8247628848007955,
        -0.02415903677408389,
        -0.7984753527794172,
        -0.1244945515732083,
        0.9207941678180914,
        1.0033287715955839,
        0.37798696956349814,
        0.8596811329174753,
        -0.6007590122405138,
        0.24105484501685487,
        0.8132508199431128,
        -0.014563490336125482,
        -0.8479998890106097,
        0.5388577066576818,
        0.5882035848183184,
        -0.4573846333419576,
        0.9682650052714905,
        0.4431644991607447,
        -0.7151077317516674,
        -0.9176933914976043,
        -1.871501015249147,
        -1.6150597863476035,
        1.1068122845745914,
        -0.20165702583004458,
        1.7655565702088016,
        -0.6563357940219804,
        -0.9364138927850877,
        -1.3012672506154135,
        1.0013170913838263,
        1.228697950327363,
        -1.4691714126851436,
        -0.4096151982546721,
        0.0959572308101411,
        1.099410076635991,
        -0.3916589278200917,
        1.1487165000621686,
        -0.6815425693906546,
        -1.5946789354570383,
        -0.0754982286224591,
        1.1911923170809533,
        -0.9128221027679784,
        0.9925868316969655,
        -1.1501203651111864,
        1.1633566710302492,
        0.32155375926256957,
        0.4254550698606536,
        -1.4584120477339892,
        0.1421708338557108,
        -0.757585349251476,
        0.06487297540176179,
        2.182914279631904,
        -1.3635399086977442,
        1.071868028326827,
        1.6408225372498304,
        0.08821496336502606,
        0.30550640374336235,
        -0.5990166431844749,
        0.3999559278449647,
        1.834862611800781,
        0.5417390741797677,
        -0.2542222958439346,
        1.0585381855641949,
        0.23339243804727647,
        -0.08585736537280156,
        0.7277116731953229,
        1.0369009965708815,
        0.19433052007981497,
        -0.6264522655652859,
        0.18840793983476173,
        0.9239192485527927,
        1.332264128134316,
        1.2057034192383524,
        -0.690884255891983,
