{
    "idx": 706980,
    "fights": [
        {
            "enemy": 5,
            "fitness": 89.3652886203982,
            "player_life": 49.60000000000031,
            "enemy_life": 0,
            "time": 269
        },
        {
            "enemy": 6,
            "fitness": 57.25379680945985,
            "player_life": 0,
            "enemy_life": 30.0,
            "time": 313
        },
        {
            "enemy": 7,
            "fitness": 88.99504998251862,
            "player_life": 44.200000000000294,
            "enemy_life": 0,
            "time": 227
        },
        {
            "enemy": 8,
            "fitness": 86.33574420258549,
            "player_life": 22.600000000000243,
            "enemy_life": 0,
            "time": 374
        }
    ],
    "weights": [
        0.6926283387800899,
        0.6003576214500103,
        0.670385746719809,
        -0.7507089999032479,
        -1.2646737883622752,
        -0.051197533787560014,
        -2.0047060333883397,
        1.5965824686820715,
        -0.5514264401474009,
        0.8992816202308976,
        -0.28499374973926983,
        -0.9349055864763892,
        -1.2811027754966982,
        -0.47459154111934426,
        -0.8007663320755177,
        2.6178770465558627,
        1.4283128747675347,
        0.7565754549240724,
        -0.3123133085450461,
        2.1577632220433047,
        -1.1783226378746883,
        0.3112269914694581,
        1.7807492666941873,
        2.302694059834941,
        0.7801346970953784,
        2.106083768133217,
        -1.2648842557073603,
        0.10182248557028123,
        0.9411207419171932,
        0.5477370005436057,
        -0.3587988771237218,
        -0.5276494012456293,
        -0.49617749980417725,
        -1.1870201875971726,
        0.9752038082672418,
        0.16464934039223797,
        0.17358786041434793,
        -1.2909097349120795,
        -0.28753045041839875,
        0.3431082468941749,
        -0.26886560880973376,
        -0.8971090382247857,
        0.3715943980811119,
        1.0900888606881702,
        0.3361696336085335,
        -0.7570544620928347,
        1.5983195710804023,
        -0.07715315969470551,
        2.121066957114441,
        1.2662905952844639,
        -0.8418473851258672,
        1.4337520589957014,
        -1.451489674683425,
        -0.9876598651452109,
        -0.9042500398474969,
        2.240268009856957,
        0.419344808290118,
        -0.1985423272759502,
        -1.9450261222676983,
        0.4664594040174232,
        0.7738137045894278,
        -0.9779699861157306,
        -0.9293110373322567,
        0.7080862235738096,
        0.4970299739000357,
        0.377014266858687,
        -1.1550802927471078,
        1.5211874924033197,
        -0.6041590775956899,
        -0.3486550018994656,
        0.3250291934030764,
        -0.5178591974184656,
        -0.3190094048817178,
        0.6380677820487822,
        -0.05381347155575315,
        -2.019662844424283,
        -0.7583149757705665,
        -0.2579534688725635,
        1.1303602494691403,
        0.22754569386622456,
        0.8450996647597921,
        0.3322149198486343,
        0.2028640320458107,
        2.7311597068565043,
        -0.7162986118109581,
        -0.47864808869113545,
        -0.15914930017048276,
        1.0273228561453625,
        0.32093450970916404,
        -1.6075351032525653,
        -0.5238516549067046,
        -0.2877375337673628,
        -0.020071309290255274,
        -1.9023845885082944,
        0.9653766152035029,
        -0.905827494450042,
        -1.3075672243724572,
        -0.011170205225873212,
        1.9337326841311373,
        -0.7938679127144758,
        1.51701060565413,
        -1.9474808858201373,
        0.6634049802996794,
        -0.7432568271434846,
        0.37475741831899545,
        0.3598189559758763,
        0.2927015336624523,
        -1.7055988019180335,
        0.9454527314268867,
        -0.4341954140391865,
        -1.2299435171557462,
        -1.2020028479580964,
        1.0834854075545304,
        0.3511626081491014,
        -1.474921662042583,
        -0.548533628060305,
        0.36963030010328346,
        0.15292448467277125,
        0.3429892183154039,
        0.7036323304530211,
        0.15146164587621763,
        0.23818090573276268,
        1.0683929779060062,
        -0.812979273604868,
        1.3978206864085727,
        2.8167266583752983,
        0.31919421836176354,
        -1.4215855204914447,
        -0.8687882031802316,
        0.28527911344401846,
        -0.8929955951492449,
        0.21461811834305608,
        -0.2623347974227831,
        0.3984451039397204,
        0.3087714892919668,
        0.859972803782728,
        0.37054926576379427,
        2.021400556323778,
        0.3703763730220633,
        -0.7106708790296081,
        0.9413721646193214,
        2.1785044732636885,
        -1.3303803405266852,
        0.05361546831641852,
        -0.16342294511639072,
        -0.4402861434905385,
        1.617270281459554,
        -0.9335279170810381,
        1.887802511903375,
        -0.25527865879746586,
        0.03987626422197223,
        1.3268608136520852,
        1.3454818264431805,
        0.70999156458995,
        2.0747220209793715,
        0.35443811788770724,
        -0.16788125610531077,
        1.917653442596436,
        0.9806830133402399,
        -0.6675394164634857,
        -0.5970727211337212,
        -0.3406708922538331,
        -0.00792682705366779,
        -0.18766430991466967,
        -0.002727364795588577,
        0.5585717397478023,
        0.32318679087939733,
        0.047835763558859296,
        0.5101384977438026,
        0.3930600809729912,
        -0.9076321250268203,
        0.3298988801408886,
        0.8754884998932968,
        0.266189985328938,
        0.2988884445877955,
        -0.6630291571089547,
        0.053556391768822674,
        -0.6910031180412715,
        0.6945829736875152,
        -0.04555047019268671,
        -0.09242253062098868,
        0.4319341542015905,
        -0.7883967576828359,
        0.7474370503773958,
        -0.010709902077784161,
        0.7829457858358497,
        0.3778694748396023,
        -0.774250026386988,
        0.2412584632961074,
        0.7744035323315304,
        -0.06746682045912651,
        0.3257448918498658,
        0.2568743708356233,
        -0.4812188660149582,
        -0.4826005064626728,
        0.3051249306437316,
        0.3769533878672211,
        -0.44326966921696004,
        -0.25405386561264676,
        -1.2860913940455745,
        -0.499526329986933,
        -0.18452918208173857,
        -0.3771013032604981,
        2.1363019451183747,
        -0.3511766413294175,
        -1.483506378363866,
        -1.4175909358648207,
        0.07617171664510945,
        0.7735486875082376,
        -1.8876933504634632,
        -0.3498207655670017,
        0.4547277198690587,
        0.9545476059156631,
        0.17041050512789774,
        0.7002334302827661,
        -1.0363362218591399,
        -1.3755218432253957,
        -0.06721883002253264,
        1.2621588102207753,
        -0.5113787683912547,
        1.1926922235186332,
        -1.2674827871620356,
        1.1893388418368651,
        0.46143516555330044,
        -0.09125289849859636,
        -1.4061153729431672,
        0.6898427228304405,
        -0.9238587078554129,
        -0.028418785413135673,
        1.4633536916724235,
        -0.7485860173953048,
        1.216982952497246,
        1.5899298037570853,
        0.012144874234295097,
        0.40841533449351713,
        -0.6852436158000603,
        0.3844626800484474,
        1.682234150780698,
        0.4150620443092988,
        -0.8944840533916409,
        0.9062018879666438,
        0.3518746258300719,
        0.20872994461335473,
        0.5546797098687454,
        1.3945120028788622,
        0.2491581130647135,
        -1.154225129507813,
        0.013625852412136097,
        1.1178256625952199,
        1.6830790301663991,
        0.7807070935820476,
        -0.9142293859510627,
