{
    "idx": 704825,
    "fights": [
        {
            "enemy": 5,
            "fitness": 90.20772932632856,
            "player_life": 56.800000000000324,
            "enemy_life": 0,
            "time": 238
        },
        {
            "enemy": 6,
            "fitness": 84.77165549623892,
            "player_life": 3.4000000000002344,
            "enemy_life": 0,
            "time": 262
        },
        {
            "enemy": 7,
            "fitness": 90.39679627126205,
            "player_life": 56.800000000000324,
            "enemy_life": 0,
            "time": 197
        },
        {
            "enemy": 8,
            "fitness": 90.02661051127251,
            "player_life": 55.60000000000032,
            "enemy_life": 0,
            "time": 253
        }
    ],
    "weights": [
        0.8548044761250233,
        1.2062662494476668,
        0.8052023658020688,
        -0.7268086650800745,
        -1.4069673871317157,
        0.17025135978249933,
        -1.5792778355545787,
        1.356132508590806,
        -0.605883661393079,
        1.457886466120423,
        -0.46806295833178857,
        -0.41244043235695643,
        -1.3118625466478815,
        -1.0302696214937672,
        -0.8569181702081778,
        1.4288451801372195,
        1.6146535449300166,
        0.4503886272314545,
        0.5165088040315243,
        2.3791514066123836,
        -0.9091564123754161,
        0.07166718431827737,
        1.0507393850227327,
        2.190783426808818,
        0.7226484425644419,
        1.5681329717130539,
        -1.786859012147956,
        0.004388741739695419,
        1.225665404666609,
        0.09001704382788552,
        -0.17563059280516488,
        -0.7841206840359225,
        -1.245846502830009,
        -0.9871926848382702,
        1.3388817500681223,
        0.6392735725688192,
        0.32147188274680577,
        0.19809301448639566,
        -0.09542420906603738,
        0.3781846664781414,
        -0.6739431178085894,
        -0.5985425298158149,
        0.28395314726202203,
        1.2652632390418999,
        0.35872524306085707,
        -0.8211148316014957,
        1.6411210839670478,
        -0.26879308784595923,
        0.4695033746660466,
        1.1068067635805179,
        -0.9511217491646176,
        1.6695648967867678,
        -0.65849264172045,
        -1.4285652256666292,
        -0.8856970125587773,
        1.7478653443488985,
        0.45830772474599046,
        -0.04679538430846178,
        -2.274609661072787,
        0.22214256184344436,
        1.0577326404044216,
        -0.6927012665962102,
        -1.045731817024318,
        0.5033049479096657,
        0.4183875747833448,
        1.2416072867560957,
        -1.0759445956099696,
        1.557408873151234,
        -0.6403228583829975,
        0.4740221306171051,
        0.315594693617596,
        -0.7208938239349112,
        0.007682762835027834,
        0.7340024417017182,
        -0.5938869225777423,
        -1.4406360721118696,
        -0.9811937237925635,
        -0.1549095369883865,
        0.38162866351702907,
        -0.08849099356721071,
        0.5247142179015377,
        0.13373863409185574,
        0.27887654398315864,
        2.1176350899707415,
        -0.7227999333628369,
        -0.19496646937328255,
        -0.08066233800601585,
        0.8154484242417396,
        1.0482205254774593,
        -1.7678027643656045,
        -0.8989084199419874,
        -0.8285475821658902,
        -0.32103900318698514,
        -0.9926179514597434,
        1.210860515799211,
        -0.32174370175763395,
        -1.0631838292717894,
        0.5566036202122285,
        2.2068574205598153,
        -0.8808897709963383,
        1.087761656118807,
        -1.5347929722383857,
        1.5954950748735832,
        -0.8582814347050614,
        0.43551835732376,
        0.6604920414139932,
        -0.5206854899765095,
        -1.7835392183063095,
        1.1966087193058157,
        -0.7544181981178351,
        -0.17264276032132708,
        -1.138247770182636,
        1.1205777464631688,
        0.29544048518593313,
        -0.7374750716288667,
        -0.4918017046667296,
        0.1322760080898625,
        0.22440249069326879,
        0.07286733388502191,
        0.4715508399378728,
        0.5803996254648094,
        0.2472471961785169,
        0.5467777762203171,
        -1.1233321267049343,
        1.5575647198164053,
        2.8963049889914747,
        0.7283766406765319,
        -1.2238916753357083,
        -0.2002938749002751,
        0.14922589775416434,
        -1.008644483771981,
        0.16168803858980577,
        -0.21482261540474573,
        0.39479262026733375,
        0.035852151935511695,
        1.0631886466233764,
        0.542324518851222,
        2.071044791101404,
        0.4274889976788217,
        -0.8763519167440698,
        1.599320915439091,
        2.2755806088433763,
        -1.501451977147044,
        -0.0278315694445031,
        0.07570123535487139,
        -0.5916430117393376,
        1.556475997105458,
        -1.2429702762415056,
        1.0777352077652105,
        0.5989435839725068,
        -0.056412579182934804,
        2.0114174986422824,
        1.0418605364780977,
        0.011875130731007676,
        1.4366134325394722,
        1.0034387578827846,
        -0.43581543442065945,
        1.4908200024171374,
        1.087380539969432,
        -0.3001945658344362,
        -0.8551909876869347,
        1.033349881490204,
        -0.036490181188220144,
        -0.27501564114224236,
        0.2869601409697463,
        0.4182702157247198,
        0.14762427641285508,
        0.5873599684943722,
        0.024753995189388603,
        0.27932645781015514,
        -1.6301232663819631,
        0.3768226591733507,
        0.9606165322236659,
        0.2680352468463049,
        0.33569938514304537,
        -0.6285015383711745,
        -0.20753697485541572,
        -0.7317284293348317,
        0.1696492193987414,
        -1.7169820213770608,
        -0.4289008791237339,
        -0.271472518683384,
        -0.4748174504872153,
        0.6630463864441881,
        0.2808281494120891,
        0.6829612011080947,
        0.8783167397549887,
        -0.45764280086470716,
        0.05364166579039776,
        0.8276734313181607,
        0.0004962868181972238,
        0.11538066598900154,
        0.23910138574788486,
        0.08195395757733877,
        -0.2334992287412368,
        1.0178846272726356,
        0.1876969099309295,
        -0.6876853676115078,
        -0.1388395158130303,
        -1.8012122273510989,
        -0.7554673476796228,
        0.9865748721463808,
        -0.2780880331743152,
        2.185309088140499,
        -0.5635915288494937,
        -1.100214808851429,
        -1.1392698525886986,
        0.31001111102777823,
        0.6860432829100654,
        -1.294704818755816,
        -0.698897905993838,
        0.4934145226325264,
        0.7449639417636963,
        -0.2463703051087335,
        1.453865760989213,
        -0.7092965074665148,
        -1.257474680339214,
        -0.2578535374609762,
        1.1965485830381841,
        -0.5992302720524136,
        1.208013045196224,
        -0.9929622724606579,
        1.4413572003732043,
        0.15875063798661723,
        0.29004386880837024,
        -1.4096353401380275,
        0.5118607121792557,
        -0.8339026948997699,
        0.20709518932916005,
        1.5696861825999537,
        -1.002750278711506,
        0.9728137132437755,
        1.3529835449764482,
        -0.051783998182661696,
        0.3291926788661145,
        -0.3877753998817782,
        0.6326375479951679,
        1.8851551165925522,
        0.6430589615520246,
        -0.21640137555725442,
        1.0735683740671471,
        0.2836007504806388,
        0.5246490808662054,
        0.40765828615147826,
        0.8056462651502282,
        0.020471028645417985,
        -0.971086684432507,
        1.4335215644734545,
        1.0258256999461162,
        1.6038209970227515,
        0.9383531765716294,
