{
    "idx": 704804,
    "fights": [
        {
            "enemy": 5,
            "fitness": 89.37275134159978,
            "player_life": 49.60000000000031,
            "enemy_life": 0,
            "time": 267
        },
        {
            "enemy": 6,
            "fitness": 85.77616819497442,
            "player_life": 12.40000000000023,
            "enemy_life": 0,
            "time": 236
        },
        {
            "enemy": 7,
            "fitness": 30.63402398497815,
            "player_life": 0,
            "enemy_life": 60.0,
            "time": 214
        },
        {
            "enemy": 8,
            "fitness": 90.01936107665804,
            "player_life": 55.00000000000032,
            "enemy_life": 0,
            "time": 240
        }
    ],
    "weights": [
        0.7915931634954281,
        1.0867630164011148,
        1.2299897033294338,
        -0.5743958311531814,
        -1.047577521650362,
        0.09984510939194283,
        -1.1662653551703306,
        0.7732570160011656,
        -0.22284488186895918,
        1.5209417790660886,
        -0.03907962007919192,
        -0.34034239420504975,
        -1.437434061082416,
        -1.1070154357587743,
        -1.1025737580892845,
        1.5913033711825644,
        1.647782624164118,
        0.7709235021117731,
        0.31780039409093463,
        2.3640000952615026,
        -2.034434928226006,
        0.37648943874491597,
        0.9241587712940035,
        2.1515993725942604,
        0.8304984909173863,
        1.5533537397528214,
        -1.6686186812978905,
        -0.40948983930259986,
        1.258662428017002,
        0.25807662535196435,
        -0.56181211918616,
        -0.591046130465902,
        -1.4162343399362654,
        -1.0629281276038791,
        1.1661425697023884,
        0.07381326209367632,
        0.23760338422611277,
        -0.8084259584705401,
        -0.09570900178191516,
        0.4730978202923999,
        -0.340468075481733,
        -0.5207184419517679,
        0.37434330772529123,
        1.3632136569227307,
        0.49947306663466595,
        -0.17333534381416674,
        1.561642932306683,
        -0.8462434565717988,
        0.6622535865960841,
        0.9875066800855641,
        -1.0258282143279795,
        1.6379327355447,
        -1.2171208152027815,
        -1.6304181243779723,
        -0.9665361637259842,
        1.7399752673937767,
        0.31058788998172376,
        -0.22472558230917644,
        -1.9155488555962328,
        0.28980051712184635,
        0.7278824028490889,
        -0.59372571810189,
        -1.1522353913819936,
        0.7071423299136275,
        0.4422428178700289,
        1.1106191675303465,
        -1.4376197403085942,
        1.689538767097491,
        0.01942038680428152,
        0.01562895021632184,
        0.3422752580706061,
        -0.7930312771308897,
        -0.25158957237170027,
        0.6721506037606821,
        -0.6303713030719179,
        -1.338515602368708,
        -0.9076304500473421,
        -0.44181417860404193,
        1.08187116610414,
        0.4128958305355796,
        0.7277492960948159,
        0.30958268785597104,
        0.30826923145373025,
        2.377504434389521,
        -0.7722546773305436,
        -0.03420302724362366,
        -0.5226272861560073,
        1.5909502876795751,
        0.9234275569340601,
        -1.938483278141935,
        -0.9028494026670648,
        -0.7573244459027362,
        -0.15482777616614662,
        -1.6747384771714857,
        1.1715227580737906,
        -0.5800641190382498,
        -1.3402659046286218,
        0.41937431883697973,
        2.0398659057023716,
        -0.982772781876098,
        1.202346473382267,
        -1.5718910137111617,
        1.4232147543925264,
        -0.866868406594737,
        0.4566851255934455,
        0.6500850692157223,
        -0.3632007808245417,
        -1.444645216217041,
        0.9918103366381265,
        -0.26564130262019453,
        -0.13510182054349465,
        -0.7176397474057541,
        0.8736830216683572,
        0.5263764067538197,
        -0.9176267216662158,
        -0.42821921521631956,
        -0.027097050481666524,
        0.23269117267311332,
        0.3503837410618241,
        0.10359713640511861,
        0.5031144515644113,
        0.672341064654428,
        0.6308211337041008,
        -1.139715611428721,
        1.742638639395458,
        2.4601229401224525,
        0.7663558793881429,
        -1.1966933537788436,
        -0.4714420218741433,
        -0.15051087596051552,
        -0.7915990097646763,
        0.14509002199808313,
        0.4306870820017853,
        -0.18511311331723532,
        0.5208208420341998,
        0.9800468451093473,
        0.3916584732361444,
        2.0622997267195577,
        0.28117066904626264,
        -0.6470659551834574,
        1.2680612158529028,
        1.9802888743434206,
        -1.6997099800115094,
        0.18253744522761028,
        0.15905097371176732,
        -0.6129481149890592,
        1.6653840977148036,
        -1.113529400975937,
        1.3206746158312834,
        0.5548942608458792,
        -0.020560739062482652,
        2.0590614278992527,
        1.0113500279336993,
        -0.11659797474091899,
        1.4928906455521294,
        1.0760187380297817,
        -0.3012383925044766,
        1.8335933911259479,
        0.6442568956967905,
        -0.26963500195066714,
        -0.8570366561051473,
        -0.5144348861113938,
        0.16517387465616892,
        -0.1402229125389713,
        0.23121497525486712,
        0.8335711938890927,
        0.10771004772854545,
        0.6045393065807717,
        0.12638308646946483,
        0.5858993804733212,
        -1.1020378990886512,
        -0.1023913650287972,
        0.627071570295226,
        0.07919576697704825,
        0.3873853397351096,
        -0.536895689300238,
        -0.3157742586957255,
        -0.6332494541736509,
        0.5497990611544648,
        -1.8053396842553804,
        -0.40919486199446214,
        -0.32225504621834444,
        -0.6233392967990199,
        0.6233438436133303,
        0.5470630665146484,
        0.7637132269722398,
        0.9048992257919068,
        -0.7457109131182905,
        0.19599998238533564,
        0.9493992928123511,
        0.36227328300384093,
        -0.024505431544214626,
        0.03470265688401469,
        0.0030706904437893257,
        -0.3054007681067816,
        1.1064569248472904,
        0.4537348312867981,
        -0.5027192962414486,
        -0.9493361712617444,
        -1.7795225870886615,
        -0.1990311421546694,
        0.7579333645626423,
        -0.17781584547440318,
        2.030272552168001,
        -0.5244314089999059,
        -1.26850282253011,
        -1.21260865156294,
        -0.05815711625569346,
        0.9826462871568356,
        -1.4603064841845548,
        -0.6110644838316207,
        0.45206548717410705,
        0.6540774288927682,
        0.0618711375178429,
        1.3918298213473443,
        -0.8945639840425893,
        -1.3333238282969577,
        -0.35212328457137815,
        1.207167697297652,
        0.340211734119337,
        1.140218083085743,
        -1.0126031134967024,
        1.5073386987474129,
        0.14330951086527488,
        0.18106302430528615,
        -0.6875691013226667,
        0.6122693651638819,
        -0.8074234929631775,
        0.32364992814862076,
        1.0468767648958803,
        -0.7577360742042439,
        1.311534056497531,
        1.4512611495766399,
        0.0027999695350889864,
        0.2800281476959586,
        -0.5286674816578822,
        0.8156662455796762,
        1.9504167736879452,
        0.6666834350013123,
        -0.5300812952545504,
        1.297640695925897,
        0.13631387544586218,
        0.06684681049666844,
        0.4050754220289788,
        0.9622158942141343,
        0.24836247068966044,
        -1.1226493120357086,
        1.364661014306328,
        1.419355633130068,
        1.9595007840347285,
        0.6024480863742221,
        -0.9236622320114798,
