{
    "idx": 703361,
    "fights": [
        {
            "enemy": 5,
            "fitness": 89.70693855665948,
            "player_life": 52.00000000000031,
            "enemy_life": 0,
            "time": 243
        },
        {
            "enemy": 6,
            "fitness": 39.55326262833369,
            "player_life": 0,
            "enemy_life": 50.0,
            "time": 232
        },
        {
            "enemy": 7,
            "fitness": 87.51288973525115,
            "player_life": 32.200000000000266,
            "enemy_life": 0,
            "time": 301
        },
        {
            "enemy": 8,
            "fitness": 87.13935834262664,
            "player_life": 29.80000000000026,
            "enemy_life": 0,
            "time": 344
        }
    ],
    "weights": [
        0.5382701255419905,
        0.7038687628366415,
        0.8255719559241465,
        -0.6392705319712491,
        -0.6421461875884288,
        1.0903526934855232,
        -1.0834917545377645,
        0.5638395964398972,
        -0.6604350774105159,
        0.33739197355810435,
        -0.5527122587443477,
        0.5994886915523504,
        -0.9685238547805248,
        -0.2934854736900329,
        -0.8821693626880165,
        1.7813772738175808,
        -0.5776023949710154,
        0.9080610875895351,
        -0.03844839230676805,
        0.1779209818170469,
        -0.5365533210123752,
        -0.09113788711154666,
        1.73259046548091,
        0.7688903758502792,
        0.12049675906819808,
        1.3989156858570293,
        -1.1277723735748983,
        0.46579222452939517,
        0.4070002575107327,
        0.3893989418721283,
        -0.2063090919777856,
        -0.3611115024493884,
        -0.7985439900071868,
        -0.23251741387879465,
        0.8753464529277721,
        0.9655468915582452,
        0.8856142122434922,
        -0.594525938285135,
        0.9126816688762374,
        0.1890571053902859,
        -0.6216798757789782,
        -1.2810814980464242,
        0.4721105862648375,
        0.4637504661692185,
        -0.46753682008948894,
        -0.6967456369190752,
        0.5076390252853837,
        -0.3102939974016755,
        0.21931125286018266,
        0.8642701041184215,
        -0.1587964243296957,
        0.6896873552310763,
        -0.9477554695995977,
        -0.2907971283907659,
        0.07594073097552562,
        1.4659317941015808,
        -0.035456020204313154,
        0.16727585332253825,
        -0.76500985901818,
        0.5832828996940804,
        0.9063719874189906,
        -1.2946711922764873,
        -1.1348353240343916,
        0.54022001082962,
        0.07582582258829312,
        -0.3374597655166287,
        -0.3090054700977297,
        1.6621767399111438,
        -0.4749979686516462,
        -0.8063215142560074,
        1.625483473700489,
        -0.12003988488002537,
        -1.3091645750777072,
        0.4184449814270544,
        -0.43763967345757304,
        -1.590651824729638,
        0.42703424862570477,
        -0.985363930100221,
        1.4955131167122284,
        1.2000088706821352,
        0.343420403073365,
        0.05617630724173356,
        0.5969853416009361,
        0.6142303906930457,
        0.0554558128851861,
        -0.8946306037846238,
        0.16492815073339326,
        1.0902359499758196,
        -0.08240707540524199,
        -0.36882086407546943,
        -0.28625508147392953,
        -0.5033133780540731,
        -0.17264723721390038,
        0.13852122471580208,
        0.22784119593206953,
        -0.11765172768080988,
        -0.604090478360937,
        0.004495240202639944,
        1.586306163081137,
        -1.0854006175521405,
        1.2616645416587866,
        -1.140556871415119,
        -0.6371226051278525,
        -0.7719090624659748,
        0.36216862043675524,
        0.00152707122167417,
        1.0199299051555308,
        -1.796150587469781,
        0.3458112127646483,
        -0.43118830377205386,
        -0.5722835377353874,
        0.18514472536546894,
        0.7652025924747642,
        -0.2725147432310351,
        -1.3070903509452785,
        -0.5171968014318564,
        -0.05332984160260849,
        -0.7716006325592981,
        0.5180497115100707,
        0.9521198632125865,
        0.6697526859102988,
        1.696515735511281,
        0.29157370021535245,
        -1.0796126433026811,
        1.677028884359072,
        1.1249160671849276,
        -0.1345382969723966,
        -0.9436370924384363,
        -0.2856496525738325,
        -0.7529151755218553,
        -0.16218212760227058,
        0.09174299767598289,
        -0.5079841450185733,
        0.41916483244630115,
        -0.07670371491491801,
        0.3675161357900687,
        0.06851763316037593,
        1.3674296545890277,
        0.5090433029669436,
        -0.03259020686755622,
        1.4460778904650393,
        1.209745891208737,
        0.29500089712608246,
        0.16565325010807744,
        0.5101398611277149,
        -0.7871567200590164,
        0.9435366123933673,
        -0.9300608438267605,
        0.466957132158601,
        -0.7375122309947233,
        -0.7621359833752127,
        1.4046492001818698,
        1.0203069267451124,
        0.44306222777677107,
        1.0197098405022418,
        0.21325664571851877,
        0.5131077856395472,
        1.123453216866353,
        1.6487808080193107,
        -0.5324969280464108,
        -1.479125793229049,
        0.12046790457616607,
        0.41755203398541185,
        -0.6363083674963219,
        -0.7592644207880374,
        0.12303724039525726,
        0.2887103085177921,
        0.4363442151021849,
        0.8190602400272124,
        0.10977105582321041,
        0.17318126549557333,
        -0.5191227789812172,
        0.13870818379519806,
        -0.445082229865411,
        0.8072856457692518,
        0.1980646086296311,
        0.012668709723445262,
        -0.49486097889292463,
        -0.09388131218763042,
        0.07397925125452653,
        -0.225600703866888,
        -0.3230380117911098,
        -0.1282766681915048,
        0.6687723602379085,
        0.28910274649992634,
        0.4326789172502225,
        0.20503689157132202,
        -0.40058625005431303,
        0.29549584623358466,
        0.6799423656423987,
        0.20459002519305597,
        -0.1274933696146484,
        -0.16996522684254994,
        -0.55080928788327,
        0.45000816214531136,
        1.127997489310682,
        -0.29951770194439453,
        -1.0091516245336916,
        -1.0004484606732233,
        -0.29166097171091054,
        -0.5592791839764369,
        -0.4641507817257825,
        -0.4391147393110258,
        0.4436785092788572,
        0.4795418131837086,
        -0.7306473429582881,
        -0.9244916260481715,
        1.0722893696807154,
        1.3439288891968701,
        -1.2042184361879147,
        -0.6186005350087868,
        0.5740958961212435,
        0.7755446295866717,
        -0.6199467115354581,
        1.1789705141526998,
        -0.2848259111973651,
        -0.39674721606149854,
        0.960414690443894,
        0.7713290614296773,
        0.27972685148439047,
        0.5582930383399917,
        -1.094651765429934,
        1.2399082359090323,
        -0.33790695792034287,
        0.2993625007114834,
        -0.7050811692430883,
        0.9566614030927904,
        0.09783543534119492,
        -0.007171534247752666,
        0.8219821251414813,
        -1.6022090101627386,
        0.660063944960031,
        1.3579341864442112,
        -0.4436640207374679,
        0.964405111778462,
        -0.941251461344493,
        0.8806601534822691,
        0.5513691285416855,
        0.6764867847649407,
        -0.043164261104379806,
        1.3238639534172045,
        0.00044095069316033714,
        0.363964899640363,
        1.2955144198834214,
        -0.11789611347594335,
        0.6242896859483584,
        -0.7175236651784874,
        0.004295246973815989,
        -0.2880375971106259,
        1.0395441651049822,
        0.18752174932039137,
