{
    "idx": 708525,
    "fights": [
        {
            "enemy": 5,
            "fitness": 89.18157804100166,
            "player_life": 47.8000000000003,
            "enemy_life": 0,
            "time": 270
        },
        {
            "enemy": 6,
            "fitness": 30.882006187583244,
            "player_life": 0,
            "enemy_life": 60.0,
            "time": 167
        },
        {
            "enemy": 7,
            "fitness": 89.23504998251862,
            "player_life": 46.6000000000003,
            "enemy_life": 0,
            "time": 227
        },
        {
            "enemy": 8,
            "fitness": 89.9666105112725,
            "player_life": 55.00000000000032,
            "enemy_life": 0,
            "time": 253
        }
    ],
    "weights": [
        0.4219516826184243,
        0.812096085142809,
        1.135822210119644,
        -0.8312323416441342,
        -1.6730952457497597,
        0.7136796040107569,
        -1.5983429687920176,
        0.9080159005407638,
        -0.7674549241007108,
        1.0654288712800193,
        -0.5215718481000733,
        -0.9138367729095094,
        -1.36953653388095,
        -0.7745209212052228,
        -0.604897895798328,
        2.4074313234953704,
        -0.4535421346392458,
        0.6511348597206763,
        0.9243568248526114,
        3.0394250592624896,
        -1.1802974590660447,
        0.01683291177717766,
        1.626777539844309,
        0.15589571839843297,
        0.745448410318863,
        1.3616146904436026,
        -0.7401365459359025,
        0.25937867884037785,
        0.20006295824396556,
        0.5341789196656517,
        0.13663839319254786,
        -0.1918027560978951,
        -0.9688524402243843,
        -0.6251368089855969,
        0.896438827590324,
        -0.771636210506656,
        0.2587569316054067,
        -0.9987874990151021,
        -0.16270934187287275,
        0.5608710571192906,
        -0.8013471088939503,
        -1.0996841404755273,
        0.5975406438882889,
        1.1786440921298702,
        0.29128456959040355,
        -0.5362485362437182,
        1.9661577862916169,
        -0.21599740116458135,
        0.14149080678410644,
        1.189523755895788,
        -0.2249511808850024,
        1.5269670016257881,
        -1.708961883639216,
        -1.0643696344293327,
        -0.7314445134856037,
        1.4926270831720367,
        0.2180135181578709,
        -0.4956787659313061,
        -1.7732696807194925,
        1.5256335983045561,
        0.674668255965844,
        -0.9976548635992925,
        -0.7558860098721157,
        0.6193676318086928,
        0.45360627706208967,
        0.6116861830900838,
        -1.1065148653939458,
        1.7588127373017453,
        -0.6732812536218685,
        -0.25684534535212566,
        0.3265485047732317,
        -0.2746251137158884,
        -0.6659698054765616,
        -0.6991107559877489,
        -0.05581267425416406,
        -1.664178136695753,
        -0.0643037981578903,
        -0.2748765217093657,
        0.7272371111936283,
        -0.0030181216552725015,
        -0.13265375404417232,
        0.18339626547601948,
        0.5201457475985523,
        3.26246711085064,
        0.3662627572847092,
        -1.2021413647135624,
        -0.53678721130497,
        0.6974364251826094,
        0.3373482672492127,
        -0.301407835152753,
        -0.7613757926235248,
        -1.408149538161941,
        0.005634158718438129,
        -1.8124295552926262,
        1.3691513703274858,
        -0.35968385120827606,
        -1.5003539476593966,
        -0.3051352995100949,
        1.3667225391739548,
        -0.7960704318082362,
        1.1695978997387586,
        -2.369350708465376,
        0.4248192861956314,
        -0.6571890573519648,
        0.25915213735473897,
        0.81866263722474,
        -0.2316757015407491,
        -1.6344395481493608,
        0.7598075442202441,
        -0.4881341926367443,
        0.2556432210264857,
        -0.5341463628568244,
        0.9849961159201754,
        -0.0826191349277804,
        -1.4293398696415787,
        -0.7626301302087624,
        0.1477996099517117,
        -1.476096257485495,
        0.005832523860715411,
        0.3638608871812712,
        0.17474262463184181,
        -0.024534173860584603,
        0.4284588032789789,
        -1.1639545531941244,
        1.6149165983099096,
        1.6833663711900313,
        0.7848835932637973,
        -1.4510503041746072,
        -0.18927532916634737,
        0.9317537509353647,
        0.24412448234155582,
        0.2091059786998906,
        -0.15620149424641186,
        0.851756019758667,
        0.754016980359559,
        1.003173609218906,
        0.359081462572346,
        2.0165855171701077,
        -0.1621965615614736,
        -0.9722761615760195,
        1.1989949321053128,
        1.8333000312825487,
        -0.5051920898237787,
        -0.25073507041305576,
        0.23493980232821277,
        -0.7685385987121313,
        1.4703510575089416,
        -1.0380750806928671,
        1.0678895505494481,
        -0.3702889955312765,
        -0.22806170813230284,
        1.6052131365959375,
        1.4141996324303558,
        0.19677149590631704,
        1.2271291329562044,
        1.4669462638836193,
        -0.02528106281014996,
        1.7739365999668912,
        0.785634933354787,
        -0.5888639333441754,
        -1.2229059750202689,
        0.3346020541243388,
        0.6794268529772102,
        -0.8021293418890288,
        0.7427635425772503,
        0.48875321711197917,
        0.2327886611372718,
        0.8754318263200722,
        0.47487350808865003,
        0.8574434164999616,
        -0.08910437549660141,
        0.4740878262210059,
        0.6053005800691709,
        0.34749426373733316,
        0.6106673956949771,
        -0.714581370084186,
        -0.19108486385444334,
        -1.1353736843880744,
        0.7003993988461923,
        -1.6743830076085737,
        -0.7551104817633781,
        -0.3908342938972674,
        -0.7119616501993408,
        0.2546228103944317,
        0.0232534296713513,
        0.6046479329418588,
        0.40572765500666175,
        -0.7332495598262878,
        0.3261262494275041,
        0.9939509538378544,
        -0.3165499812249206,
        0.07144892943578132,
        0.19825297474043457,
        -0.4311232700319421,
        0.0021852622090204887,
        1.2545480464191976,
        0.3525208832924157,
        0.03292928975418704,
        -0.24585186437277343,
        -1.6134943619948297,
        -0.4969785480620285,
        -0.9132268113040515,
        -0.7826660314040425,
        0.30039915974415965,
        -0.34702146486445257,
        -1.0173869311777406,
        -1.1573298494177582,
        0.7916611810445614,
        0.8716432980129764,
        -1.8215037018873843,
        -0.2290149860010251,
        0.5269902050762048,
        0.8681166218043658,
        -0.3998247172656854,
        0.5606847610803075,
        -0.5254513967717933,
        -1.6188265344889288,
        0.8558225270640204,
        1.050150818636851,
        0.7919496305802451,
        1.434958316243663,
        -1.1771565624125362,
        1.16811978808555,
        0.23915714105768274,
        0.2270128558978584,
        -1.1466530138731905,
        0.8761179188999951,
        0.7652246014485975,
        0.3093217393330175,
        0.8540561892947534,
        -0.9209774884566057,
        1.3323070250082893,
        1.6139076805520665,
        0.07512692837641236,
        0.11824512153244329,
        -0.4630037477664067,
        1.1015392951518308,
        1.405538864796949,
        0.6970940852838232,
        -0.7008078832166549,
        1.0401295873342609,
        -0.45546620031618584,
        0.3260373087749684,
        0.4075435757271218,
        1.288905069536898,
        0.9503137575211292,
        -1.0728224861968254,
        -0.02955899375079519,
        1.1827049337197704,
        0.41795896447472025,
        0.6201361384019527,
        -0.853454830779973,
