{
    "idx": 708875,
    "fights": [
        {
            "enemy": 5,
            "fitness": 89.5002701740138,
            "player_life": 50.80000000000031,
            "enemy_life": 0,
            "time": 265
        },
        {
            "enemy": 6,
            "fitness": 30.807043149109788,
            "player_life": 0,
            "enemy_life": 60.0,
            "time": 180
        },
        {
            "enemy": 7,
            "fitness": 89.79289246928256,
            "player_life": 51.40000000000031,
            "enemy_life": 0,
            "time": 210
        },
        {
            "enemy": 8,
            "fitness": 88.81968822339262,
            "player_life": 45.4000000000003,
            "enemy_life": 0,
            "time": 305
        }
    ],
    "weights": [
        0.6222389662545649,
        0.9839391353476614,
        1.1448916916708431,
        -0.8686039892584396,
        -1.3475530192957828,
        0.07391076456259436,
        -0.8303165621344558,
        1.6240366758129832,
        -0.8113316419079815,
        1.222759659430557,
        -0.38255874559302744,
        -1.014694843472321,
        -1.1048131639323542,
        -0.7804485327107239,
        0.008978295520097528,
        2.371436110880477,
        1.86356130188344,
        0.8513609725032989,
        -0.0037161400270650582,
        2.403359832147674,
        -1.1317524590332926,
        -0.1223723528371528,
        1.3064524529714783,
        1.4146450976911593,
        0.4904672600729772,
        1.3865027483711798,
        -1.2385783831108688,
        0.8101914037210811,
        1.0408157860706042,
        0.5331600484352044,
        -0.5240258847217274,
        -0.3905995398105257,
        -0.586562098093143,
        0.12094822571543472,
        1.1000303819368291,
        0.276026021708471,
        0.39343762213586997,
        -1.0548546306992166,
        -0.33460852831263577,
        0.7630094964079749,
        -0.2828093765690963,
        -0.47452615046030716,
        0.6272304014636413,
        0.632972321887961,
        0.3833745607697985,
        -1.1012521953152257,
        1.8924691160910825,
        -0.2941681411762941,
        0.27196594281191383,
        0.6861419390832935,
        -0.18270761341364888,
        1.912588445701069,
        -1.4411120090463962,
        -0.9390569490055574,
        -0.8725597966532841,
        1.7685207814400685,
        0.6467985028042371,
        -0.1756800140538766,
        -2.007710165524666,
        0.6865008920127493,
        1.3085088425481979,
        -0.6053982379874844,
        -1.1584947257384786,
        0.3056216502731662,
        0.027156736578267122,
        0.6843981688606083,
        -0.609527380691709,
        1.211275482557723,
        0.5951484702111353,
        -0.5577933744396171,
        0.5565148801158167,
        -0.24599807738700064,
        0.28975908535846884,
        0.014084364209912449,
        -0.5351439348220044,
        -1.3835121024431796,
        -0.2216449111758219,
        0.32362116137491154,
        1.247994551478167,
        0.8178408397751821,
        -0.08651017009961118,
        0.13732347841365322,
        1.416995674067266,
        2.5441271318391236,
        0.18200298930574305,
        -0.783558111008169,
        -0.4663640997390138,
        0.5246112346465438,
        -0.05101866973224979,
        -1.403321013294042,
        -0.5606427191846709,
        -0.5133540501144903,
        -0.1714740860153675,
        -0.8075575077516984,
        1.2179481744798535,
        -0.4649418357923224,
        -1.0480983915756306,
        0.43614323117933623,
        1.5152053834574402,
        -0.5394687176926117,
        1.078902768476958,
        -1.9485283780375098,
        0.21495789094364204,
        0.04482439551574681,
        0.41520748916456585,
        0.43485048266611487,
        0.5864883805975436,
        -1.4010074657397544,
        0.6519893760554776,
        -0.6763151696184726,
        -1.2908392588270015,
        -0.3464961077314133,
        1.1012182624539075,
        -0.05455268109166944,
        -1.1855776221732688,
        0.6132238211511145,
        -0.6146778642543116,
        -0.740128296706558,
        0.12312190668926076,
        0.41703183364938684,
        0.026049048979576203,
        0.446345911977249,
        0.32065461322432326,
        -1.5535625950596876,
        1.0305147970504878,
        1.3302361500509434,
        0.6688161129647527,
        -0.5536105081159537,
        -0.2545001658588154,
        0.12469405764700772,
        -0.41819840801627844,
        0.17270984356682842,
        -0.01366050813225144,
        0.6465069538769795,
        0.4081270290477387,
        0.9625195701108237,
        0.17390313676034408,
        1.1783525182387966,
        -0.09593718113117594,
        -0.38440283817778037,
        1.1525295900295052,
        2.102851197141875,
        -0.48902229375916506,
        -0.2201489033973168,
        0.12114756324909483,
        -1.3292103809943836,
        1.5062988102857349,
        -0.8637728210026834,
        1.8996406888477524,
        -0.5568838724108746,
        0.21778902115851062,
        1.3623333208491375,
        1.177562798258805,
        0.24819198410775845,
        1.0334863747984808,
        0.8988588456542865,
        -0.03555503596599566,
        1.6067174168983995,
        0.9020671117884754,
        -0.5450737638450183,
        -0.23692200065128174,
        0.49425416635681435,
        0.3520315691228345,
        -0.36308053971254695,
        0.6198255402907131,
        0.137988579361972,
        -0.018869791830445348,
        0.5440765675840034,
        0.23623428922069273,
        0.7372091579442331,
        -0.3536050852543852,
        0.509478317333608,
        0.48813019263586327,
        0.7565131137892046,
        -0.08289027046779077,
        -1.020551379923391,
        -0.2570439624385672,
        -0.6885024396086616,
        0.6265639262940368,
        0.06140534121827275,
        -0.8444352414097119,
        0.479990901934088,
        -0.21705901382009576,
        0.28424555476224245,
        -0.2634641852757498,
        0.5337531861045064,
        1.1621183965811768,
        -0.5009439853598041,
        0.08445339410610367,
        1.231524573117319,
        0.07823675735897738,
        0.05263084579664529,
        0.2563413253993146,
        -0.5107717312663641,
        -0.44417571266097516,
        1.6271864119153099,
        0.291942393400418,
        0.19801760864199594,
        -0.42175454024905557,
        -1.642860624636515,
        -0.3267971276172255,
        -0.2650780417947932,
        -1.0279981781134488,
        0.1264406527071997,
        -0.21299458547085906,
        -1.1143398473615405,
        -1.5923699156586213,
        0.36083028081159907,
        0.3659185904904988,
        -1.8687008733961878,
        -0.18667559927440572,
        0.5515962359336354,
        1.155787151139772,
        -0.24851338065947898,
        0.8236484391173727,
        -0.9047977975060385,
        -0.5957196334167557,
        0.1378271495938616,
        1.0407779214483406,
        0.16305332612665208,
        1.03584863859682,
        -0.9156046359500574,
        1.0785688469504044,
        0.1088538628298116,
        -0.362441336628364,
        -1.2920757460975194,
        0.8254466793594657,
        0.7437371833030143,
        0.0960614723039267,
        0.9886229733941813,
        -1.3031976213282896,
        1.563292637864088,
        1.9167522863916269,
        -0.0704578368938662,
        0.04908089870107697,
        -0.9252160125766891,
        0.9610146906155355,
        0.9738151930341427,
        0.8514768462947023,
        0.23087335590077412,
        1.3888807620445003,
        -0.2501627217536942,
        0.9653357614980256,
        0.817556513456749,
        0.684395736524363,
        -0.11240705346504945,
        -1.0908080098969875,
        1.0652105578282733,
        0.9488453466579889,
        0.19698308106365392,
        0.34018029795165217,
        -1.0226218642881828,
