{
    "idx": 700218,
    "fights": [
        {
            "enemy": 5,
            "fitness": 90.4387364548416,
            "player_life": 59.80000000000033,
            "enemy_life": 0,
            "time": 255
        },
        {
            "enemy": 6,
            "fitness": 48.74772657195337,
            "player_life": 0,
            "enemy_life": 40.0,
            "time": 191
        },
        {
            "enemy": 7,
            "fitness": 85.3396882233926,
            "player_life": 10.60000000000023,
            "enemy_life": 0,
            "time": 305
        },
        {
            "enemy": 8,
            "fitness": 89.82687189361195,
            "player_life": 54.40000000000032,
            "enemy_life": 0,
            "time": 274
        }
    ],
    "weights": [
        0.76245282964349,
        -0.08997143815333072,
        1.1320406980549333,
        -0.04722082877222901,
        -0.4122217422687769,
        -0.40120684269032136,
        -1.4248080456437686,
        0.9335519382139141,
        -1.117223424238771,
        0.6615039095083082,
        -0.4757560519570548,
        0.33194419687294574,
        -0.8660406296728856,
        -0.11552357079482742,
        -1.2093100505420458,
        1.653132058003839,
        0.14900647634056946,
        2.0129293093249876,
        1.0040657477645265,
        1.1752366837117894,
        -0.5187756821015027,
        0.06706195490691136,
        1.9478103928462096,
        1.3098362638103818,
        0.7066382185168943,
        1.3662998709706724,
        -1.112683385531063,
        -0.1819450294388539,
        0.7351678243728419,
        0.3845256635827915,
        -0.8949489389517042,
        -0.10358130705880725,
        -1.0693532554906788,
        0.17798903386427933,
        0.3673066468935864,
        -0.5285329697518188,
        0.3836280444491785,
        -0.8248175752631556,
        0.12692988988826365,
        -0.1967784304756986,
        -0.6511157766252178,
        -1.1170576930341978,
        1.0039111208633857,
        0.4362054833144691,
        -0.28602816377047097,
        -1.0878213160572756,
        0.7316992493100228,
        -0.6707139527222161,
        0.2913628370886425,
        1.2106901754726485,
        0.061579410267774665,
        0.6320440852944239,
        -1.318842588934761,
        -0.764672241571284,
        -0.6740492474892612,
        1.7709348580979551,
        -0.09989956999704205,
        0.42608930588515076,
        -1.2284324386576855,
        1.7822195885785126,
        0.6873628841263694,
        -0.9290653896875356,
        -1.3943315631473898,
        0.29372274551813793,
        0.4558357066739076,
        0.4875087877765167,
        -0.9550870548519655,
        1.3515161210035007,
        -0.7661363536882535,
        -0.2698079340203936,
        1.3873837385184553,
        -0.3841300872822129,
        -0.8276171753909514,
        -0.24986770795889113,
        -0.3396353620054484,
        -1.644144944302892,
        0.817039172816129,
        -1.221594612585619,
        1.075514957079492,
        0.31997196825298463,
        0.30989822946867546,
        -0.25742063429638673,
        0.22842327975161933,
        0.8061980960576359,
        -0.15701234259201244,
        -0.8821519381199662,
        -0.3554986100927515,
        0.8730820736818498,
        -0.10257032370003936,
        -0.3384748235573167,
        0.1104159618710388,
        -1.3893890555486756,
        0.20024740621248366,
        -0.7732199514939061,
        0.38064450464275873,
        -1.1310266794113863,
        -1.055362461288953,
        -0.027446730177814748,
        0.743808801117308,
        -1.2845516532898875,
        0.5530142639384183,
        -1.0953659784706729,
        0.04415274664021286,
        -0.13826835145667205,
        -0.10682988744771885,
        0.9832334194899919,
        1.1093296546986566,
        -1.2272801779118077,
        1.0077637649019198,
        -1.1715483645728655,
        -1.1784246514718493,
        0.18507381818801621,
        0.6590179217150932,
        -1.1863682861613642,
        -0.9285034114823003,
        -0.27258361777989903,
        1.2259876034975241,
        -1.1166232023768337,
        0.153843125224428,
        0.9481251305839834,
        0.026401534747112945,
        1.0880946333608974,
        0.9675717471869876,
        -0.45955850376243285,
        1.7915395659045306,
        1.8236863207291276,
        -0.350262829230516,
        -0.771681103298046,
        -0.5108901829195485,
        -0.9282029226665377,
        -0.10853317707873399,
        0.27996647376111894,
        -0.24569872287541178,
        0.32039758849918476,
        -0.22740871345117064,
        0.9164798975174197,
        -0.21171749656851518,
        1.05689530598659,
        0.47535135140218887,
        0.556817237657418,
        1.7635359686912817,
        1.1253495675579313,
        -0.2648255265320188,
        0.7551570043828879,
        0.9031431275626585,
        -0.5930360695962495,
        0.301774699374197,
        -0.6769790174009335,
        0.6326193007264301,
        -0.26043311290489995,
        -0.6205239169183079,
        0.46147803580418223,
        1.590969628732279,
        -0.9832096459931519,
        1.0693770134184217,
        0.43589143547278636,
        0.1943451016891229,
        0.12277110077933254,
        0.8647468950106796,
        0.24865221266375476,
        -1.546576450307352,
        1.00895841773044,
        -0.6186822426945027,
        -0.08842857620236659,
        -0.7534743260886847,
        1.0231472429903499,
        -0.12680202972511567,
        -0.6138273118937453,
        0.6584821411532641,
        -0.6123663619391293,
        -0.571054839448505,
        -0.09558356362632969,
        -0.10103945218426036,
        -0.0020232021221772353,
        0.787984911434352,
        -0.47405566647231895,
        -0.005961784977967635,
        -1.3912631928499082,
        0.35650745320066485,
        -0.24967460063912963,
        -0.5989773692505602,
        -1.0085986836423961,
        -0.4904100287710675,
        0.7902255561183241,
        0.8435778698293314,
        1.309151696194414,
        -0.33790033006249265,
        -0.763246129189493,
        0.5715082721327797,
        0.6266114927649692,
        -0.03756765908578888,
        0.6657222946025638,
        -0.1324782893774724,
        -0.35073564413478026,
        0.020940462262252962,
        0.1303962919651419,
        0.3037572062830213,
        -0.49759953681164326,
        -1.5346748180524106,
        -1.2255049030800542,
        -0.3236167715369696,
        -0.6725935468089397,
        -0.2835565782384602,
        1.1159442977458054,
        0.6955789169895148,
        -0.8751011496679328,
        -0.9453093667690294,
        0.3141000595290556,
        1.0495570022331713,
        -0.6613794639900823,
        0.5651815101307172,
        0.3386929878736899,
        1.1814491493935182,
        -0.22476999650174684,
        1.1240968562211109,
        -0.4253809048601792,
        -0.8139278010525917,
        0.6191020130378153,
        0.3998187371893392,
        0.1601485411738803,
        1.343507795916788,
        -0.5802923449933597,
        1.5388333349587764,
        -0.06213090823330378,
        -0.22567851206211387,
        -0.6261763070807027,
        0.29044360029833055,
        -0.41674375189714946,
        -0.4180411856031441,
        0.8021876335161585,
        -1.2366445152533798,
        1.4395691260406969,
        2.6396283083112384,
        -0.7225287965229608,
        0.42682668726264555,
        -1.25181681491568,
        1.2532017189498692,
        0.35940590370941994,
        -0.07985945680884932,
        0.442313637120173,
        0.9387365449119927,
        -0.25667841628859805,
        0.07150588985708778,
        0.7185093920207231,
        1.1081918852828796,
        0.3942149517438468,
        -1.4447027576137739,
        -0.03332570226827099,
        0.07608272103114926,
        1.541934305961608,
        0.6682008647813936,
