{
    "idx": 702482,
    "fights": [
        {
            "enemy": 5,
            "fitness": 90.27650369121832,
            "player_life": 58.60000000000033,
            "enemy_life": 0,
            "time": 266
        },
        {
            "enemy": 6,
            "fitness": 30.486571253835017,
            "player_life": 0,
            "enemy_life": 60.0,
            "time": 248
        },
        {
            "enemy": 7,
            "fitness": 90.93679627126204,
            "player_life": 62.20000000000034,
            "enemy_life": 0,
            "time": 197
        },
        {
            "enemy": 8,
            "fitness": 89.24661051127251,
            "player_life": 47.8000000000003,
            "enemy_life": 0,
            "time": 253
        }
    ],
    "weights": [
        0.554470045259063,
        0.6264335653154733,
        0.7746452835625266,
        -1.2254083315161433,
        -0.8300412132464288,
        0.5965923977517118,
        -0.8942707292759214,
        0.5906758117648507,
        -0.34481879786306924,
        1.0227947607273296,
        -0.5812658664963813,
        0.5812261119623083,
        -0.7091136298869997,
        -0.8491329361062391,
        -0.7155267263388485,
        2.281440130637454,
        -0.4891905103100747,
        2.390306952440069,
        0.8579440769938335,
        0.8061253398012173,
        -0.5549086606603906,
        -0.14459474137274414,
        1.6338031961034554,
        0.7270550848906692,
        0.43326699808685754,
        1.3621714875166335,
        -0.9984368346764951,
        0.6982340036453405,
        0.32842714624859803,
        1.1582855978818882,
        -0.48530078578681324,
        -0.16792119436371095,
        -1.3374000859050303,
        0.8056078864451283,
        0.988520760262061,
        -0.7184295686468831,
        -0.301630382511611,
        -0.9619951583688102,
        0.22146977354769434,
        0.5591246603656616,
        -0.19811160702694627,
        -0.8440716740842724,
        1.1708522642082653,
        0.38459560507786805,
        -0.41131701666559095,
        -0.6957609901834045,
        0.4909194916649511,
        0.03816111735818112,
        0.7914058621862021,
        -0.10272587171109014,
        0.16143375736444676,
        1.2888348763342188,
        -1.0715383297907164,
        -0.8524764770090708,
        -0.38917351725836036,
        2.0218510595377657,
        0.9052616368822051,
        0.09146791310716043,
        -1.6164968573972152,
        0.5595025380912156,
        0.349787761950025,
        -1.1520549975246657,
        -1.1515056313246583,
        1.0421791919090537,
        0.717770721581568,
        1.2292937435409599,
        -0.23142143867406684,
        1.121713189664276,
        0.2372843045762998,
        -0.20731530352161948,
        0.8759435776064408,
        -0.5316404559827935,
        -0.4753169556099214,
        0.267932705735178,
        -0.25249147386482035,
        -1.6267841004733226,
        -0.0939933137940777,
        -0.7920074523062014,
        0.5578710687323145,
        0.43278794992517033,
        0.7290528165014587,
        -0.3388203249184136,
        0.557845578105635,
        0.44422604304623486,
        -0.5221386132423551,
        -0.6076107109582802,
        -0.6283234973815208,
        1.1410813956285992,
        -0.2309353473450183,
        0.10136565226977459,
        -0.445611874840855,
        -0.4805866761690941,
        0.16908014563765983,
        -0.47977167759696543,
        0.7046256833214821,
        -1.2558013765328653,
        -1.1594525344444133,
        0.5005099567799419,
        1.952008437074081,
        -0.9428781601326848,
        1.0580713353464624,
        -1.335462703994144,
        -0.13323981823353515,
        -0.25026839515747074,
        1.2226225960081045,
        0.6078274979464389,
        0.3828051113618332,
        -1.3466345806707605,
        1.1233801692243657,
        -1.0021693730491679,
        -0.8937416060479655,
        -0.3965573829043388,
        1.0622934535071216,
        0.4329155647905172,
        -1.0687936042934976,
        -0.12187045447132543,
        -0.07738608345118676,
        -0.9399666434951637,
        -0.1884299427022629,
        0.909820892253984,
        0.2971931122157859,
        1.322724037160061,
        0.324039559817064,
        -0.5131785223040117,
        1.7259111659473199,
        1.050867942563421,
        -0.5119183316578115,
        -1.7016491911808274,
        -0.22463720667642695,
        -0.7628702742229098,
        0.1191388434052024,
        -0.3913714400008065,
        0.026932567681628067,
        0.29505799338105926,
        -0.5575712808510815,
        0.1406250206689827,
        -0.4571096444946876,
        1.5202799501530586,
        0.5069837086274883,
        0.6663979183527267,
        1.0796705934624011,
        1.1028513492822913,
        -0.472704930929637,
        0.13824237287490196,
        0.9936499065281947,
        -0.9212431454687253,
        0.7734094863563082,
        -0.7804695651280014,
        0.8037187949080538,
        -0.30588175248593863,
        -0.5575051395031092,
        0.5591378731430108,
        1.1620846808955871,
        -0.19055119744032123,
        0.982213511838358,
        0.3845197160873859,
        -0.11760106115212683,
        0.4389026558654622,
        0.3558783165043934,
        -0.1503626191394666,
        -1.0816486145543747,
        0.6787592004011413,
        0.08666225691435361,
        0.285402743775693,
        -0.18369757781156662,
        0.5872525291964669,
        0.17902288482357895,
        0.04639565282733511,
        0.6189139147335029,
        -0.48839834107461355,
        -0.2759543744235573,
        0.20028248241047283,
        0.7220040041575292,
        0.7352363541395974,
        0.1172110887060499,
        0.303856575881769,
        -0.011454871010701348,
        -0.9398257206607977,
        0.12612462319656512,
        -0.3260265342653972,
        -1.0578371472337822,
        -0.3561384624321009,
        -0.6487847786249533,
        1.146384538336914,
        -0.12873262040254654,
        0.1950786050306397,
        0.2788517274923482,
        -0.6951937857895373,
        0.1416707205966568,
        1.0729516413435944,
        0.7454325244705018,
        0.28850541119273093,
        -0.5159490285484536,
        0.26481507642056157,
        -0.13295592670056394,
        0.7654944438774616,
        0.6395615295468591,
        -0.4115014995671634,
        -0.7641334052929954,
        -1.532371932999952,
        -0.7618973340976699,
        -1.110853734708377,
        -0.1655281516016724,
        0.5411482240742091,
        0.5352759960774176,
        -0.6383750119865632,
        -0.5284194058773377,
        1.2132719444968292,
        0.7732196570180562,
        -1.578894340148254,
        -0.20218805820839392,
        0.7085235140614337,
        1.3240826505113983,
        -0.2596087861133517,
        0.9751292432005032,
        -0.16327486078961545,
        -1.01632285377487,
        0.5725483189725664,
        0.6596922750649452,
        0.04631930223226094,
        1.2341964967763526,
        -0.49493017988539767,
        1.2490558818517334,
        -0.4146790891533262,
        -0.04994865559951411,
        -1.09652466727243,
        0.7861759956769927,
        0.12957476398951515,
        -0.16427743007872905,
        0.82723978316813,
        -1.3849724577437097,
        1.5148790089324273,
        1.9287194977147268,
        -0.41389297312491713,
        0.6809972588030413,
        -0.4024415500518376,
        1.2456592292746496,
        0.13807843957797095,
        0.01529469274132654,
        0.31097810505967277,
        1.0628031067581416,
        -0.39948304943174495,
        0.7314053619730803,
        0.7586987412428623,
        0.7138239559903551,
        0.27969930921436753,
        -1.2358440715851597,
        -0.2605624525575301,
        -0.376090469366352,
        1.03199258251285,
        0.9743226501362068,
        -0.627726528357558,
