{
    "idx": 710037,
    "fights": [
        {
            "enemy": 5,
            "fitness": 90.44772932632856,
            "player_life": 59.20000000000033,
            "enemy_life": 0,
            "time": 238
        },
        {
            "enemy": 6,
            "fitness": 39.45092391510478,
            "player_life": 0,
            "enemy_life": 50.0,
            "time": 257
        },
        {
            "enemy": 7,
            "fitness": 90.08814186652396,
            "player_life": 54.40000000000032,
            "enemy_life": 0,
            "time": 211
        },
        {
            "enemy": 8,
            "fitness": 88.81968822339262,
            "player_life": 45.4000000000003,
            "enemy_life": 0,
            "time": 305
        }
    ],
    "weights": [
        0.4087779375440339,
        0.9521783050493831,
        1.0128733189446635,
        -0.809436667021375,
        -1.3803056359583545,
        -0.01588631288848732,
        -1.6633749534528253,
        0.970331009776904,
        -0.7397685621620123,
        1.2567019702227449,
        -0.25041038736959653,
        -0.5039943143292569,
        -1.4519188548738344,
        -0.9676968795174842,
        -0.7824940564954362,
        2.252524625428741,
        1.8357049738942481,
        0.7908716528145527,
        0.6692505145124087,
        2.684497071695137,
        -1.1762362263064323,
        0.33136313371133164,
        1.5408581643663597,
        2.039210122302417,
        0.3938039354873314,
        1.3747570983341195,
        -1.6291159141292593,
        -0.24375814576319502,
        0.6762784581012171,
        0.3157239558223431,
        0.8519866970273319,
        -0.604958001495029,
        -0.35508022645093384,
        -0.8791412694358047,
        0.8660004728512225,
        0.3590326029385942,
        0.16686156029633942,
        -0.9413521736819382,
        -0.5561851376738636,
        0.4931733841615348,
        -0.36267614887814825,
        -0.4013604097713428,
        1.020373268340499,
        0.7129519403356869,
        0.3110748585612382,
        -0.22994955129596725,
        1.7377045118753052,
        0.03995279255683026,
        0.3204232218455745,
        1.0062963376725518,
        -0.6615614563111872,
        1.299982138959914,
        -1.753116559312626,
        -1.3826409874615402,
        -0.7393235646463632,
        1.6829472920388582,
        0.8585996702156625,
        -0.6734957490166769,
        -1.8882468046946195,
        0.77929569758599,
        0.9014320406055405,
        -0.8420310113795573,
        -0.4257673951050611,
        0.6298354914671919,
        -0.008473458324363442,
        0.740180678444592,
        -0.6571170207593908,
        2.3559520187426672,
        -0.7741746188631639,
        -0.2287991157712223,
        0.7808666598451612,
        -0.9774012513328821,
        -0.4502543187286986,
        0.01843308673148928,
        -0.08556319766457182,
        -1.4580858557416876,
        -0.609453163481563,
        -0.08370793078839983,
        0.808288384408427,
        0.32406727898412485,
        0.9631186541050532,
        -0.062339071366595944,
        0.5158174771733174,
        2.279068206846855,
        -0.4678026559590926,
        0.04479926461812504,
        1.2428974834999273e-05,
        1.0827149411031851,
        1.0559864596882385,
        -1.0954918970370926,
        -0.8179696928641786,
        -0.3409264907204731,
        0.1577587204761829,
        -1.7658307537168862,
        0.8557551947483231,
        -0.683604357725623,
        -0.9826568706131555,
        0.09232050659392087,
        2.4351881850702597,
        -1.1536214953729456,
        1.0439383450937654,
        -1.8333339828419528,
        1.3348910759432313,
        -0.05801742503359921,
        -0.09632726091217096,
        0.6950451190131786,
        -0.10696088190821251,
        -1.2974160835824762,
        0.6657193313279155,
        -0.7907182233146564,
        -1.3672891392476527,
        -0.90799892948561,
        1.211081607010014,
        0.21177629491139216,
        -1.3096221908138204,
        0.6975931770407373,
        0.2997636880135924,
        0.10636233242955925,
        -0.1333698146932554,
        1.4698597557885846,
        0.31093194131615776,
        0.0609727063665315,
        0.501900464641059,
        -0.9233520359644791,
        1.5535752867135704,
        2.6220285997270465,
        0.8272611536930807,
        -1.2553866939545568,
        -0.2759931018775463,
        0.28664825357777074,
        -0.9872628136908248,
        -0.011750103724842328,
        0.2612463684319765,
        0.29583382522518803,
        0.39351535372018803,
        0.5657041342331982,
        0.4343667376782864,
        2.112884291004173,
        0.508872777352158,
        -0.5271325730253447,
        1.337049439049041,
        1.6918730164022113,
        -1.2905777282320907,
        0.05459802025182584,
        0.034048561734323274,
        -1.029838670587,
        1.6303625850705934,
        -0.6077222356952103,
        1.5136109374076303,
        1.0856033152050713,
        -0.09579083592927207,
        1.8540105866503456,
        1.9123617948536005,
        0.16242001291169,
        1.455806577195497,
        1.2984392633789112,
        0.2526400294752399,
        1.5505527156400636,
        0.5936401000919346,
        -0.9269921469424145,
        -0.5040279988472043,
        0.2123492498979243,
        0.12946230808744996,
        -0.624339699283931,
        0.47872476058110325,
        0.4149558956147642,
        0.3170751766428393,
        0.040306978642581814,
        0.8144798057928159,
        1.0073249012976173,
        -0.048730277234170505,
        0.06185181821831348,
        0.710027258422206,
        0.442761485256258,
        0.29032835134992374,
        -0.7645329991320745,
        -0.9772488473670309,
        -0.7004866020145868,
        0.5341630715996735,
        -1.3324438273502484,
        -0.36558697660419937,
        -0.7165351246895852,
        -0.27291401327071707,
        0.8108502482200305,
        0.09823886113534185,
        0.8566174657461091,
        0.8113840668226047,
        -0.5058064134265386,
        0.13572707807068404,
        0.8378471719529523,
        -0.07186920595830627,
        -0.969844256209149,
        -0.5175176438022137,
        -0.475351872458456,
        0.5528602070142012,
        1.1234994900797823,
        0.40472150968620674,
        -0.29297604691471196,
        0.12620679944813576,
        -2.0053153974926023,
        -1.117819071971711,
        0.1699138061942346,
        -1.2191161493584661,
        2.349214176462226,
        -0.8012164268187859,
        -1.5529410902096843,
        -0.9167273542107799,
        0.0989790260127891,
        0.9878616192812569,
        -2.188927696581985,
        -0.30490608758078913,
        0.32006837216072725,
        0.9990424964663364,
        0.4324607749020137,
        0.4887896732828858,
        -1.0943096121678058,
        -1.369822155320565,
        0.014570374996314,
        1.072593862842065,
        -0.3048887567829176,
        1.2011200641469026,
        -1.4468284321248492,
        1.251160000415531,
        0.8212236067298404,
        0.26352343467202505,
        -1.4895886866638932,
        0.7954051617435169,
        -1.0790424230587907,
        0.15552484568787903,
        0.6920258012797246,
        -0.611071000096228,
        1.035493512501895,
        1.1413016667387457,
        -0.2462445260962695,
        0.5069329194414157,
        -0.16023362626071436,
        1.0006799101628066,
        1.9390366089173503,
        0.4942976660655823,
        -1.0440725663426171,
        1.1554134224934112,
        0.3118363261730046,
        0.5180822513523026,
        0.8718658212071754,
        1.0369452033412963,
        0.07119152034886733,
        -0.9903345063416858,
        1.0560987492536211,
        1.1332583076016163,
        0.8096749887194942,
        0.5392619559148945,
        -0.799094802845555,
        -0.2977716489283536,
