{
    "idx": 711851,
    "fights": [
        {
            "enemy": 5,
            "fitness": 89.38626786119733,
            "player_life": 50.80000000000031,
            "enemy_life": 0,
            "time": 297
        },
        {
            "enemy": 6,
            "fitness": 48.68679402095821,
            "player_life": 0,
            "enemy_life": 40.0,
            "time": 203
        },
        {
            "enemy": 7,
            "fitness": 89.05504998251863,
            "player_life": 44.800000000000296,
            "enemy_life": 0,
            "time": 227
        },
        {
            "enemy": 8,
            "fitness": 86.95935834262663,
            "player_life": 28.000000000000256,
            "enemy_life": 0,
            "time": 344
        }
    ],
    "weights": [
        0.6785577165935995,
        1.159019277178902,
        0.5459721731856194,
        -1.0437096172985156,
        -1.529845729613699,
        0.36063438753333343,
        -1.3164832206875923,
        1.239153090614248,
        -0.5696936712005687,
        0.7958063325575736,
        0.0775428914036983,
        -0.8181859210342481,
        -1.2142314105818888,
        -0.8646240210955607,
        -0.7639520283883985,
        2.4495389487761385,
        2.4219940556062434,
        1.6242166372654583,
        0.5913227624817001,
        2.2606272851749285,
        -2.1346316562280125,
        0.27236630683804636,
        1.1492428695347119,
        2.380966771588564,
        0.43199140112980705,
        1.508861340308631,
        -1.4899340331376691,
        -0.37724963321476307,
        1.496053624203699,
        0.5170612526439937,
        -0.19028762287675716,
        -0.8756211308383017,
        -0.586231676328948,
        -1.1225156435548744,
        0.7391656383643305,
        -0.4973968619391471,
        0.735273969074472,
        -1.0925155563260993,
        -0.29035888970479795,
        0.3564620142790459,
        -0.22385344663327553,
        -1.0466066591871381,
        0.7147599909377581,
        1.1065446514483104,
        1.0609666795995178,
        -0.6008923135205825,
        1.118832023016349,
        -0.20110271576311908,
        0.4724478031261695,
        1.0951383305632907,
        -0.9725997065686195,
        1.4373550109267583,
        -1.7499003655125378,
        -0.9172706998818456,
        -0.09329242773992805,
        1.5106032092641382,
        0.29630742854482334,
        -0.21009918726392854,
        -1.847235512452084,
        0.6830702299401242,
        1.040679446323783,
        -0.8820564155972568,
        -1.0600266633285393,
        0.38101788820693777,
        0.19632614350960728,
        0.7520430139476951,
        -0.8787880872831905,
        2.3316691313704982,
        -0.8542299517324322,
        0.1363577888926846,
        0.46314849152069004,
        -0.4949493409064352,
        0.0078732972332387,
        0.9061398349545079,
        -0.3365044341306972,
        -1.6991177551587753,
        -0.7289014864603114,
        -0.08219302702513537,
        1.4032881064878815,
        0.04671724250900976,
        1.092384698240449,
        0.1868941314660971,
        0.5481277807384732,
        3.160874257747319,
        -0.38410097446237734,
        -0.7731742891045463,
        -0.3532421343896401,
        0.6603755978222243,
        0.37679285916076505,
        -1.7050619169557082,
        -0.06283734951333728,
        -0.7603958388182157,
        -0.4613143341248765,
        -0.39784696517648116,
        1.270197660844394,
        -0.017515370975847766,
        -1.0312475107606465,
        0.6101169175325731,
        1.4467406585666631,
        -0.3694650716112015,
        1.2403734905323447,
        -1.3878328988407522,
        1.5897890996766653,
        -0.7420526127182286,
        0.8654391866317184,
        0.595829598662721,
        -0.8316933122031946,
        -0.9338663963326254,
        0.6496580838250029,
        -0.7640016466625481,
        -0.13224190939197064,
        -0.6138324991743941,
        0.8940656916058247,
        0.9041823491456307,
        -1.3404560300497355,
        -0.3567579361908828,
        0.09712210443855357,
        -0.6648535906446567,
        -0.33775573759462246,
        0.5570799019406155,
        0.4955847906225264,
        0.47798213222537206,
        0.5830165678592745,
        -0.9862180989963348,
        2.080197933645023,
        2.5668826855132965,
        0.7074151955682898,
        -1.4838907293327577,
        -0.8333570207541965,
        0.45310873549461644,
        -0.8730757627130725,
        0.5707500032236061,
        0.37488015340995096,
        0.2886598724232529,
        0.6178096866082405,
        0.6949188503885471,
        0.13399558561689273,
        1.6530117461479228,
        0.37781135669977645,
        -0.75322445181501,
        1.645199687680371,
        1.9847017570210888,
        -0.7485487689869788,
        0.3311995952316764,
        0.27988410004087694,
        -0.9563802455072223,
        1.7019708601114234,
        -1.4123927164674654,
        1.5763195434932205,
        0.004883752863136023,
        -0.020325647938946593,
        1.9878474380974187,
        1.2745646073168329,
        0.24027364322142317,
        2.1902464988458576,
        0.7509403315668961,
        0.029587652978068153,
        1.7004396311645105,
        0.9181394248793888,
        -0.36331582469687085,
        -1.077179434931818,
        -0.059329458746516656,
        -0.05931091376479096,
        -0.3888586928369504,
        0.2220052413382696,
        0.40674178598558397,
        0.1902843160467377,
        0.2635986819062785,
        0.2919688354682687,
        0.5978646313491673,
        -0.776860961354304,
        0.28943524313025126,
        0.5326823133135716,
        0.1550504722813389,
        0.275929682921032,
        -0.5172725107773144,
        0.25746479999981964,
        -0.6928445000700019,
        0.5950966764213681,
        -1.5352900067577868,
        -0.3780794986086583,
        0.12477326449633311,
        -0.706236075732335,
        0.7476407795693392,
        0.42152161075783706,
        0.40144869630675006,
        0.5340564682620234,
        -0.5858415216013931,
        -0.2752468945992532,
        0.6423913904752526,
        0.7426606848259879,
        -0.3734544027547961,
        -0.26056542265352656,
        -0.7117804842970967,
        -0.1807888746476764,
        0.8048777013833548,
        0.5993685070007302,
        -0.02715388353217369,
        -0.40579694601144806,
        -1.880342912150977,
        -0.5253200387959215,
        0.049003669535582786,
        -0.6986731087117832,
        2.3437472038089058,
        0.02118503116171208,
        -1.0356125640588356,
        -1.5574061526170364,
        0.8960557374948153,
        0.9403581762121166,
        -1.3036441682421371,
        -0.4683907659364609,
        0.6276634239268032,
        0.968310049017703,
        -0.01029470337204822,
        1.114014812853486,
        -0.9224364922217623,
        -1.228555947707934,
        -0.01969094561185629,
        0.7845290332794467,
        -0.6210395858511628,
        1.376360559240358,
        -0.8069412666330807,
        1.5653866105778655,
        0.33620730810638155,
        0.17021326881410137,
        -1.3399077702180797,
        0.5415522981497798,
        -1.0200699461726375,
        -0.2130619840745101,
        1.6567590936318068,
        -0.8194546366890315,
        1.0671903446138475,
        1.4392961208479946,
        -0.12303212391699095,
        0.7458509618664634,
        -0.9790558530760674,
        0.29267959332806454,
        0.703690854900475,
        0.46879518872534875,
        -0.8426288832946636,
        0.2901802576016731,
        0.248618901388012,
        0.04820218498308142,
        0.6443334503098774,
        1.0667451925986007,
        0.4083954894152921,
        -1.297964431258479,
        0.5951372675790125,
        1.3987318106947675,
        1.8789638149077907,
        0.8219242704469101,
        -0.6992666332999511,
