{
    "idx": 701956,
    "fights": [
        {
            "enemy": 5,
            "fitness": 90.46027017401381,
            "player_life": 60.40000000000033,
            "enemy_life": 0,
            "time": 265
        },
        {
            "enemy": 6,
            "fitness": 57.768891383145416,
            "player_life": 0,
            "enemy_life": 30.0,
            "time": 187
        },
        {
            "enemy": 7,
            "fitness": 88.09946500072773,
            "player_life": 35.20000000000027,
            "enemy_life": 0,
            "time": 226
        },
        {
            "enemy": 8,
            "fitness": 86.95935834262663,
            "player_life": 28.000000000000256,
            "enemy_life": 0,
            "time": 344
        }
    ],
    "weights": [
        0.8592606417626201,
        0.7547161915104245,
        1.5768137409747962,
        -1.2522385628244739,
        -1.2653094845545807,
        0.11365295914803801,
        -1.3438304934197935,
        2.0425493738398623,
        -0.2661220940224523,
        1.4304859870225357,
        -0.19428448555408184,
        -0.7658703419321132,
        -1.0839182747603893,
        -0.3555024332731832,
        -0.17010067089682962,
        2.503926349746818,
        0.2755856380464534,
        0.39399233014659524,
        0.0008579488672736391,
        2.1216097469502446,
        -0.8703279994080794,
        0.6935254530665615,
        1.747922315712541,
        1.4900163113195213,
        0.6560488109054322,
        2.016708538644774,
        -1.6852904854875455,
        0.2558819956295385,
        1.3046393556264857,
        0.06484303608836378,
        -0.2091277377053491,
        -0.32487544637063404,
        -0.5177288451065964,
        -0.577724542728883,
        0.8774937158031045,
        -1.0219720780899337,
        0.28340684585613235,
        -1.346349112896803,
        0.23044581895929875,
        0.7347602783114451,
        -0.07401497433217158,
        -1.930992527588329,
        0.7385287919896097,
        0.9546201156118423,
        -0.5008247106833802,
        -1.3200693383569437,
        1.3925063823631294,
        -0.19353927096939563,
        0.11752706156272547,
        1.1008729000340876,
        -0.9412425157853103,
        1.7179626990679406,
        -1.7759383298066176,
        -1.1105999773515218,
        -0.6232286577341657,
        2.4939001805783847,
        0.3855541021906359,
        -0.8092891467799076,
        -1.8032819712538302,
        0.45677394776844327,
        0.5862454349165096,
        -0.7282234336932345,
        -1.134955714877619,
        0.5914833481584818,
        0.6606185611483603,
        -0.06305942876409204,
        -0.11726207357834321,
        1.4644303759678359,
        0.8312490593757131,
        -0.4707698913962276,
        0.6875956603446186,
        -0.07723418858454341,
        -0.5244674751865558,
        -0.0635505558860381,
        -0.09654646152109946,
        -1.5554397893993137,
        -0.3729786250776833,
        -1.440347464296136,
        0.5112739214181716,
        0.034839932197972635,
        -0.0019281596608011166,
        0.35489307872158327,
        0.32152480544065226,
        2.5659402829652125,
        0.1383901799268057,
        -1.430578875198243,
        -0.4521740553534242,
        1.1545278222342938,
        0.3887486204674272,
        -0.4316888761733116,
        0.2533633284528278,
        -0.28682638513969566,
        -0.16468447906057374,
        -0.8346524805190773,
        1.0625092405147962,
        -1.1419522461850031,
        -0.5360178850600037,
        0.37253546434846563,
        1.4912154484749562,
        -0.4229914121885149,
        1.2522668618294865,
        -1.6257180831095448,
        0.4608824825603781,
        -0.7881607656899419,
        0.159793228520514,
        0.5682987203368034,
        0.24382955561132802,
        -1.4520364723082253,
        1.0531799387374228,
        -0.7988661782772055,
        -1.3834651016756276,
        0.1626782934704197,
        0.7444510939414969,
        0.3170940537900224,
        -1.0694531721018272,
        -0.5370705544426402,
        -0.3999620458323504,
        -0.36986206111888553,
        0.5418979984190249,
        0.6974586880738934,
        -0.17019974139143115,
        0.2423120779634182,
        1.0620915432510907,
        -0.15966661094464904,
        1.295447497128886,
        1.8969056264167825,
        0.22189736130844231,
        -1.2599162066790783,
        -0.05103861216754946,
        -0.20830292273183812,
        -0.30022958585627907,
        0.5254742485136625,
        -0.36875221461998114,
        0.19329984890557544,
        0.8527309685326823,
        0.84284218478871,
        0.8006516917027529,
        1.4963788051214828,
        0.18879992301148057,
        -0.618639321053877,
        0.9791246745492959,
        0.8203336651742853,
        -0.738010288615707,
        -0.0539824536778029,
        -0.07084838448653567,
        -1.093783206234535,
        1.834539528991675,
        -0.8646284531519752,
        0.8669470928647435,
        -0.7652596342471645,
        -0.24047339280163013,
        1.190071484219158,
        1.7429815919290124,
        0.2630594031568373,
        1.0071791453879437,
        0.7262372022511628,
        -0.18947920356815545,
        0.5651260899751965,
        1.2803456393785557,
        0.31020451674157307,
        -1.4920554586315984,
        0.027110132338684905,
        -0.45117322720101644,
        -1.316800004568425,
        0.57327699070133,
        0.6323381550918405,
        0.24345513182722797,
        0.506601252900038,
        0.9546750890372315,
        1.3336176675793276,
        -0.3972116516846486,
        0.25065153144508673,
        0.6890285270123059,
        1.6262619824469247,
        0.37909964960115045,
        0.4252592954437244,
        -0.27226086530584126,
        -1.2862994421087994,
        0.4140296453991912,
        -0.07486240980779814,
        -0.21731386869528618,
        -1.170806717717218,
        -0.6135782037089793,
        0.36133733054488254,
        0.26639712004813765,
        1.9870895144584464,
        0.5151247315083107,
        -0.39095090296473967,
        0.0936648840127339,
        0.7559689889686664,
        0.6912495481029972,
        0.1731133670615395,
        -0.4136346369236168,
        -0.20049940151806528,
        -0.13203543443588184,
        0.9166083514933373,
        1.1509613256613653,
        -0.1745894064413453,
        -1.0408687309239124,
        -1.4852982302340627,
        -1.0156453185373036,
        -0.5693929488311389,
        -0.2519510635158535,
        0.29783477830449157,
        -0.30124880526889886,
        -1.4303388717146224,
        -1.0577472846110645,
        1.0322282371580291,
        -0.07253309948514734,
        -2.1301527224171153,
        -0.015077747488558696,
        0.6181008398329335,
        0.5988830247077148,
        -0.27133902479128624,
        1.4454394804610897,
        -0.593631517449152,
        -1.0400510549567519,
        0.3297190113304554,
        0.6735097423715932,
        0.18055036499089117,
        1.1199330525689386,
        -1.1753588498769336,
        1.3867053649666634,
        0.5391343446661454,
        -0.14091673589576384,
        -1.0324142367315734,
        0.9797356364139447,
        -1.0752505220526256,
        0.04086760984352046,
        2.796670524969888,
        -1.1798712111152574,
        0.6106408648695792,
        1.7812713608948663,
        -0.10911381915209385,
        0.18872370564675964,
        -0.506089802211364,
        0.8691236476684004,
        1.2763003131414692,
        0.5883025411449623,
        -0.143744107200099,
        0.47762028757276603,
        -0.23382534377288022,
        0.807540027911364,
        0.5513797813721668,
        0.7788194337246572,
        1.2976801446983641,
        -1.1135254749714751,
        0.3522926290299694,
        1.1682262075744867,
        1.691291615526487,
        0.7617843559383941,
