{
    "idx": 701989,
    "fights": [
        {
            "enemy": 5,
            "fitness": 90.40027017401381,
            "player_life": 59.80000000000033,
            "enemy_life": 0,
            "time": 265
        },
        {
            "enemy": 6,
            "fitness": 84.52254710353532,
            "player_life": 0.40000000000023406,
            "enemy_life": 0,
            "time": 249
        },
        {
            "enemy": 7,
            "fitness": 89.36389959779561,
            "player_life": 47.8000000000003,
            "enemy_life": 0,
            "time": 225
        },
        {
            "enemy": 8,
            "fitness": 86.95935834262663,
            "player_life": 28.000000000000256,
            "enemy_life": 0,
            "time": 344
        }
    ],
    "weights": [
        0.52447175348453,
        0.6347155142032121,
        1.8228073561011389,
        -1.0761675890197995,
        -1.4406494952396227,
        0.09536973945321583,
        -1.6483098351666512,
        1.5116757422162999,
        -0.499142697480965,
        1.575246026871264,
        -0.05966718565484552,
        -0.6279914738037432,
        -1.1487802831439,
        -0.2723775432533494,
        -0.4817639198199988,
        1.8795746341593849,
        -0.8534950914118168,
        0.3871895372121237,
        0.5319359524748077,
        2.2777082120146783,
        -0.7360756330659768,
        0.8795915186562085,
        1.6602165785981495,
        1.0586438477205313,
        0.7839918634553877,
        1.4283912891849464,
        -1.50399679289376,
        0.4000733205891831,
        0.5647462009902803,
        0.16126068847558434,
        -0.4522932018401994,
        -0.7092856375266811,
        -0.8382877162780137,
        -0.7860899099324907,
        0.9317038913116339,
        -1.0231991316311444,
        0.41078376239032394,
        -0.9403160062205148,
        -0.07103304228370635,
        0.6474039371278242,
        -0.35998771125013695,
        -1.9135345885440918,
        0.7079595911989061,
        1.133569092410553,
        -0.4676449302029295,
        -0.6182683884859601,
        1.700918979983163,
        -0.17429058069367548,
        0.4708410178547844,
        1.326636048771653,
        -0.8917561288730175,
        1.7939518412436395,
        -1.8885406580554083,
        -0.9624123658893815,
        -0.45584226489947616,
        1.5783697677960737,
        0.16831552952471868,
        -0.6719817408243993,
        -1.9179477288968287,
        0.34100147470182224,
        -0.936451909581375,
        -0.6083711954902683,
        -1.1428794384972005,
        0.5444700630706273,
        0.94230731951803,
        -0.05132203561747603,
        -0.04255615530167789,
        1.5163401515875916,
        1.3711892465714768,
        -0.5631934437863161,
        0.5784707626120955,
        0.0011573455476665828,
        -0.6018239336204286,
        -0.7987618878154537,
        -0.3672994024742391,
        -1.9445601913611488,
        -0.37100932405395864,
        -1.705925897133495,
        0.3256729532951962,
        -0.11162631424865689,
        -0.15122844328110824,
        0.042195821400040384,
        0.16455992277857492,
        2.260245353879582,
        0.04575621325810187,
        -1.3809629434701258,
        -0.45918053073464954,
        1.123526971098886,
        1.9554734219257899,
        -0.15068510630302656,
        -0.6302250087653991,
        -0.08620076342841171,
        -0.23718380900272706,
        0.01571223264105783,
        0.9539701557426863,
        -0.7206062287723627,
        -0.4227342885830482,
        0.2986897763347248,
        1.4600774570823014,
        -0.7050267037486336,
        1.4138804528336373,
        -2.0503309214720606,
        0.7708290268612905,
        -0.44701292595216535,
        0.17768721324547107,
        0.9090824291529513,
        0.255338839314792,
        -1.4191784206227438,
        1.1343384902785554,
        -0.6407351213430673,
        -1.0232627906806753,
        0.04201613196064543,
        0.7937606516736595,
        -0.10565040877863496,
        -1.505592520117934,
        -0.3057292710110045,
        -0.3953282843625067,
        -0.39258528394227327,
        -0.08105702389477457,
        0.8983955348180572,
        0.2288761271882322,
        0.09986030564091891,
        0.8772070730177136,
        -0.6872166364809724,
        1.162203932559102,
        1.9856568245977408,
        0.460692999932352,
        -1.1983244230918468,
        -0.3160585637754118,
        -0.23581609153667166,
        0.29350339660044333,
        0.4900194975606893,
        -0.5350382450153689,
        0.2850279157664983,
        0.8090456099350742,
        0.6959148984174893,
        0.6025625724135786,
        1.4448934572537866,
        0.6246216201661021,
        -0.3524287851935428,
        1.2467315497433573,
        1.1199581482259235,
        -0.6907055062333081,
        -0.23147216851163457,
        -0.14661421747683484,
        -0.5868991581969338,
        1.1178016772136503,
        -0.8009120612731394,
        0.5928031029520856,
        -0.6437036696980701,
        -0.026303820323567054,
        0.9979816094518529,
        0.9980982367830356,
        0.35760957572872737,
        0.6527528083308212,
        0.47926271401273596,
        -0.1267110718092814,
        1.0569190149932925,
        1.4265070329106249,
        -0.7354508443149104,
        -1.5859566626676924,
        0.45101453669725106,
        -0.4742161490471563,
        -1.3138563497709324,
        0.5551382532761965,
        0.5202941062521025,
        0.28716212532081997,
        1.296691038080791,
        0.7449991511135106,
        0.4672623496436691,
        -0.22717080002103274,
        0.38372207297437294,
        0.3478780800723441,
        1.7927248602141224,
        0.152034032742087,
        0.5356158229695033,
        -0.39796806800451245,
        -1.3510612733780858,
        0.2880015453690898,
        0.06276190067135524,
        -0.18451701915219496,
        -0.9681846221857335,
        -0.2863030296713373,
        0.46920630708209515,
        0.7384537516397018,
        1.6874146621772732,
        0.48435012746526246,
        -0.4321513423982264,
        0.12392507669193076,
        1.1005917076773115,
        0.7871319073107115,
        -0.15901899506925918,
        -0.40685968657482663,
        -0.32907339053528334,
        -0.37693681543330115,
        1.2635550510442672,
        0.07788919090021966,
        -0.21214403874375243,
        -1.234801078539632,
        -1.5573437897792681,
        -0.9664656501982511,
        -0.09447465099888808,
        -0.42864277135410983,
        0.36705213722336616,
        -0.26580794005211833,
        -1.5561914338825458,
        -0.9079561326383154,
        1.1083216923874541,
        1.7058302293502141,
        -1.9128610050372492,
        0.09546385401376549,
        0.2711593484738264,
        0.5931619467793202,
        -0.4132990596731252,
        1.2025020770915043,
        -0.6392208315495777,
        -2.106506521082056,
        0.2191496959065283,
        0.7561327815392219,
        0.24801870077533206,
        1.2752799465356217,
        -1.072866947327353,
        1.3960366566668305,
        0.5371714202984591,
        0.04323704520721222,
        -1.0982212971905496,
        0.4094244347719208,
        -1.2178783233825556,
        -0.45195217598422094,
        2.485772163377504,
        -1.116813625258246,
        0.8522316959645403,
        1.729313133905898,
        0.009554267597480385,
        0.49331461787529607,
        -0.8436937441155276,
        0.9611493247237655,
        1.1207318233071286,
        0.7541220660188948,
        -0.7242879824215342,
        0.7742984638246191,
        -0.19797469123107586,
        0.8094470380101818,
        0.10725710157823756,
        0.7271728694341674,
        1.0448680280120324,
        -0.6323518161951432,
        0.05282644519449636,
        1.3072014020321339,
        1.7997806694827305,
        0.5523925570387767,
