{
    "idx": 707746,
    "fights": [
        {
            "enemy": 5,
            "fitness": 89.78157804100167,
            "player_life": 53.80000000000032,
            "enemy_life": 0,
            "time": 270
        },
        {
            "enemy": 6,
            "fitness": 75.28626719449063,
            "player_life": 0,
            "enemy_life": 10.0,
            "time": 303
        },
        {
            "enemy": 7,
            "fitness": 89.95504998251863,
            "player_life": 53.80000000000032,
            "enemy_life": 0,
            "time": 227
        },
        {
            "enemy": 8,
            "fitness": 87.13935834262664,
            "player_life": 29.80000000000026,
            "enemy_life": 0,
            "time": 344
        }
    ],
    "weights": [
        0.9222879391259458,
        0.9524397991425865,
        1.241939729383955,
        -0.5542649800098076,
        -1.3168367041979128,
        1.8050805487944084,
        -1.8562922904268437,
        2.093210999509806,
        -0.37242743281964463,
        0.5497669353371559,
        0.11347089574837624,
        -0.9857160106019148,
        -0.8802097626838848,
        -0.7771316419015776,
        -0.09636149365814112,
        2.6592873359421225,
        1.0124876415794786,
        0.6960984771455928,
        -0.46285117460761455,
        2.301991672838975,
        -1.4391790856334596,
        -0.013677337077164078,
        1.890197711637141,
        1.5133593776904446,
        1.0024256300370484,
        1.857593846825394,
        -1.485766028459416,
        -0.3299267953820364,
        -0.19124763693168675,
        0.07613858543874517,
        -0.1567373266098034,
        -1.0427057835600475,
        -0.6560597748600306,
        -1.016517843678243,
        1.0081341618920128,
        0.442691328581963,
        0.5654869344907676,
        -0.8110266819971046,
        0.45748607115370293,
        0.8573653061512739,
        -0.49509292962384827,
        -1.0258306889848425,
        0.5532371029084867,
        0.8265928406190565,
        0.7595528371926222,
        -1.1754367017209824,
        0.6386335546232443,
        -0.09575704098024522,
        0.8972531517956853,
        1.1643382058151526,
        -0.6604868559551086,
        1.0874104325380858,
        -1.7492008737217706,
        -1.6987095506069192,
        -0.7489169371230457,
        1.9458012973256882,
        1.049092371764148,
        -0.43022966192062484,
        -1.9908130563920021,
        0.5082064540667455,
        0.6038639819311474,
        -1.322443377093133,
        -1.6595973185926123,
        0.07456010694940958,
        0.33427551473608647,
        -0.2148606500805205,
        -0.9908401711256389,
        1.9088318714796109,
        0.5345788667641048,
        0.8337078108018547,
        0.6702844453321556,
        -0.20498081422030998,
        -0.42360026694892633,
        0.06257395113124781,
        -0.39938457775983277,
        -1.6060621932400208,
        -1.048242601335161,
        -0.201765165848238,
        0.702216602653882,
        0.06130557192206904,
        -0.5944307788891311,
        -0.12121290723502512,
        0.5630289612220176,
        2.396548439492341,
        0.1150400584755002,
        -0.7848191307766493,
        -0.9144783377136462,
        2.482268705883418,
        -0.40392992954124296,
        -0.4531005073512054,
        0.001273435119622704,
        -0.5086540375007905,
        0.7085334195601338,
        -0.8399591183870591,
        1.4441592164569252,
        -0.9194534768656301,
        -0.1451558578716149,
        -0.1566710466273094,
        1.6698494945556244,
        -1.1055686019217488,
        1.2131040343442334,
        -0.8570514275071592,
        0.3847010950190566,
        -0.7594629225587884,
        0.22672383373562746,
        0.00250370770459013,
        0.9940591726593915,
        -1.7368042459544082,
        1.0151421558687748,
        -0.23057583560425016,
        -1.2053433144921315,
        0.5796269012365713,
        1.520880380040024,
        0.34083828625751805,
        -1.2415755709446767,
        -0.9599377748907175,
        0.7947746036036808,
        -0.0013888556903382254,
        -0.07938920544911902,
        0.08394886754040234,
        -0.628512537640147,
        0.19044028318863643,
        0.47395826933657226,
        -1.6573274029421134,
        1.0905836539210283,
        1.7023243320149342,
        0.9985354122588045,
        -0.40505846750062086,
        0.744265863091907,
        0.8279061758127988,
        0.10618443039725081,
        -0.43521000477841654,
        0.3232113190393743,
        0.7148386036834884,
        0.21617902596389432,
        0.9926238064430328,
        0.5305714392808772,
        1.2873853936934105,
        0.9561365885630719,
        -0.42430964120795656,
        0.7323554422018873,
        1.0891572567665782,
        -0.9032004471628771,
        0.14827368976665864,
        0.14104701591067673,
        -0.27330110232603466,
        1.367509762909924,
        -0.8450869605871824,
        2.1875981528922113,
        -0.2509421207304451,
        0.22557249958126116,
        0.8618043127662731,
        1.1588573585281947,
        1.0690725718810097,
        0.9780289180741137,
        0.29621021718945284,
        0.6710008155886005,
        2.183472199180572,
        0.9495446733069566,
        -1.103581678268416,
        -1.1103678977402494,
        -0.2921383225282256,
        1.347785969403956,
        -0.519297705840525,
        0.3309623373131519,
        0.20765469257640914,
        -0.05946748597192743,
        0.767295318738926,
        0.6491344421476305,
        0.7139112554062849,
        -0.4580765042452928,
        0.8007119865693586,
        0.6751099710974867,
        0.2959465779788513,
        0.32469522880515833,
        -0.4311491820223457,
        -1.3933581238426755,
        -0.8090069462037874,
        0.3513272964633105,
        -0.251208144230731,
        -1.449977509651527,
        0.10536212584077644,
        -0.31085457837795905,
        0.41360568553586674,
        -0.7889496922064491,
        0.9584315543301609,
        0.18915434607191495,
        -0.4757795872614692,
        0.7806790932480797,
        0.902647907232167,
        0.012004055802063854,
        0.19519136669972012,
        0.7162442015017341,
        0.12020227177454765,
        0.7705691820969142,
        1.0290306335939816,
        0.35400355285025925,
        0.4914721872499225,
        -0.8210093443181168,
        -1.8827321163185902,
        -0.9155915904916285,
        0.12263066129384993,
        -0.37580220504623296,
        0.1252139354413835,
        -0.27886654936611865,
        -1.612079566039804,
        -1.4978614818230556,
        0.9223493625132618,
        0.2977808688596062,
        -1.4393141495118242,
        -0.7337050478618001,
        0.8891055312675695,
        0.35914433189201006,
        -0.614233830160999,
        1.0263681837691054,
        -0.6676281535568546,
        -1.8205773719620735,
        0.23709370125958296,
        0.7632852037317377,
        0.38996232865513364,
        1.1803460491638367,
        -1.8552891165078707,
        1.0915844949446178,
        0.4186592969978441,
        -0.22837122100880314,
        -1.501635063923331,
        0.563807657139249,
        -0.004005732262408579,
        1.3021774820763352,
        0.8895710967348345,
        -0.9134889370899564,
        1.4776288740116708,
        2.081125015654892,
        0.03351392263570563,
        0.9548772344823448,
        -1.0181269335320837,
        1.2453018811931857,
        1.3143617227997209,
        0.26176688306012463,
        0.027749787158225674,
        0.9829107174752856,
        -0.3519547699769944,
        -0.46319719576462237,
        0.3308810009019918,
        1.370690056148497,
        1.2471275552750587,
        -0.766509711652653,
        0.7431797922695578,
        1.2593285206537805,
        0.9208127268843229,
        0.4892827339969012,
        -0.9084086428765527,
