{
    "idx": 707727,
    "fights": [
        {
            "enemy": 5,
            "fitness": 89.41520306650938,
            "player_life": 49.000000000000306,
            "enemy_life": 0,
            "time": 241
        },
        {
            "enemy": 6,
            "fitness": 66.51936107665802,
            "player_life": 0,
            "enemy_life": 20.0,
            "time": 240
        },
        {
            "enemy": 7,
            "fitness": 87.14957298262516,
            "player_life": 28.600000000000257,
            "enemy_life": 0,
            "time": 302
        },
        {
            "enemy": 8,
            "fitness": 87.01935834262663,
            "player_life": 28.600000000000257,
            "enemy_life": 0,
            "time": 344
        }
    ],
    "weights": [
        0.947056943741981,
        0.590344842843918,
        1.301609589806469,
        -0.38684373389978133,
        -1.5103307758289655,
        1.806823973757838,
        -1.7963877901330254,
        2.1170812482389207,
        -0.33590334495950136,
        1.0402774903131398,
        -0.19633633320206623,
        -0.47663255682585215,
        -1.0714306496473718,
        -0.5170233505414573,
        -0.14293990441335652,
        2.4374471604451857,
        0.7684789064795042,
        0.8052733470430227,
        -0.3045116551165885,
        2.0940522378289037,
        -1.6012205109049964,
        0.026408629279677923,
        1.6074656131242182,
        1.4727064442708693,
        1.1724667249147305,
        1.8708203412270161,
        -1.4704981423619208,
        0.02400631585068396,
        -0.24633096782547093,
        0.23371500902492787,
        -0.6711881114961107,
        -0.29169708828997837,
        -1.0682837075988298,
        -0.9302058496137663,
        1.09331616704295,
        0.4440757150410843,
        0.4992316768225856,
        -0.978288040889373,
        0.40056801285216903,
        0.48985776173411294,
        -0.46087480451224294,
        -0.5159278627279189,
        0.362329344864226,
        2.0388090381899797,
        0.27170758381062454,
        -0.897230127318699,
        1.9565141311203522,
        -0.012911939791318813,
        0.8257482537449253,
        1.3035675810402976,
        -0.4503967385094625,
        1.9196545368079079,
        -1.416990899862897,
        -1.7258148501729456,
        -0.738340228239893,
        2.244573711315708,
        0.797175989247987,
        -0.028104791479745997,
        -2.510032594244312,
        0.6022057203315778,
        0.6386270407568005,
        -1.4545779481342231,
        -1.5407974604764183,
        0.34800925681809675,
        1.1569412127373484,
        0.08661564758305555,
        -0.8238605038839029,
        1.681341966928704,
        1.3848396546032091,
        0.4408868739324939,
        0.7266251465923658,
        -0.3520486569628756,
        -0.18745692124089328,
        0.21848810844921465,
        -0.3187200343990579,
        -1.65183691241421,
        -0.8977638472880481,
        -0.12160519081590229,
        0.6757919709673545,
        0.09894088680590392,
        -0.3746474298590964,
        -0.22421783805267675,
        0.5778641155969096,
        1.8575692124828223,
        0.6725310643609383,
        -0.2966377049768534,
        -0.7770986710823317,
        2.48181914983134,
        -0.2863227729553862,
        -0.587746092821931,
        -0.33776225631438184,
        -0.7920537253545568,
        -0.06303485807171086,
        -0.7731067748239098,
        1.1994121188482922,
        -0.9522476588336307,
        0.14764752456327457,
        0.27871242025171483,
        1.3361451377794868,
        -1.0879711005835937,
        1.0830755459321362,
        -1.8715088500645771,
        0.14271832755203262,
        -1.171381573343392,
        0.5875484259085335,
        -0.024318189692182954,
        0.418416806656277,
        -1.5707413249241406,
        1.2224089103227576,
        0.18095487779908626,
        -1.0717162194060814,
        0.6495834761927336,
        1.515906385770835,
        0.4662382341852057,
        -1.0717879429378432,
        -0.7919678933373517,
        0.2873278487152434,
        -0.01606368803199873,
        0.880981672210298,
        0.8368037881485421,
        -0.22264795458596257,
        -1.1896234817663154,
        0.19528336508205313,
        -0.6764012526573933,
        1.8023743363309959,
        1.5666701117867268,
        0.9254719658759508,
        -0.10780620236471289,
        -1.0971774873152125,
        0.6713291685493263,
        0.1034438545766505,
        -0.5296512253609725,
        -0.09646689728601637,
        1.4427068128763114,
        -0.17613348785207308,
        1.0139553810727016,
        0.5360052453398466,
        1.8038973943649066,
        0.9444131120510858,
        -0.1370464381549749,
        1.0533326006327626,
        2.066918385167361,
        -0.9279901199594365,
        -0.06849232297888211,
        0.2258551332283905,
        -0.4028930936930628,
        1.6030727658237793,
        -0.30806360538101973,
        2.087742966378751,
        -0.6052799320997565,
        0.371849669926372,
        0.8622879380043877,
        0.8710169053672171,
        0.4612378320991339,
        1.2855708729538335,
        0.19537849756476092,
        -0.10330449546887713,
        1.7633339352682011,
        0.6306302341716183,
        -1.0760002596524814,
        -1.7855460260849432,
        -0.2932359496779986,
        0.35369074996989724,
        -0.3110924546447965,
        0.07551153800324423,
        0.6484805652701563,
        -0.6662130289038821,
        0.8840594123547671,
        0.5327015154285334,
        -0.11280821407347237,
        -0.3579693239769108,
        0.6356333843856441,
        0.30228861354442954,
        0.3119022616287425,
        0.73139140488453,
        -0.5490993789148195,
        -1.1530842262711027,
        -0.5954839408134944,
        0.4921388388010707,
        0.9762577538744202,
        -0.5782095978854075,
        0.10726421019073006,
        -0.4724329164460624,
        0.5215960346807763,
        -0.2775884281886575,
        0.8013489259519024,
        0.8741077988117214,
        -1.0646089444449003,
        0.3395277807719841,
        1.121330323495765,
        0.1317281420995941,
        0.6100910272884272,
        0.19104078359232313,
        -0.3073636419256286,
        -0.3598339560573156,
        0.7004662198247398,
        0.3767048591198363,
        0.1702040045279903,
        -0.5225340045340001,
        -1.5146744442548092,
        -0.7674363895412782,
        0.10056605739392493,
        -0.5308917849874948,
        0.14544385303855642,
        -0.16794249520981278,
        -1.5843131061192388,
        -1.3595966548018246,
        1.1454172235636435,
        1.000846311725117,
        -1.5795324640850539,
        -0.7174044115076085,
        1.0758287700417983,
        0.48086279275543137,
        -0.7741528464076086,
        1.2506249361247392,
        -0.5234163387742224,
        -1.4137318885165027,
        0.1485144921185983,
        0.9427625761311864,
        0.7453570814737828,
        1.1721362316725008,
        -1.7928515670420562,
        1.3033226358532655,
        0.4554040603222176,
        -0.20064423336455275,
        -1.4648039178004602,
        0.43111840306249605,
        -1.1580623377395503,
        1.0852108224706263,
        1.6785844521563718,
        -1.0453610789861623,
        1.4962863295280278,
        2.009146306618263,
        -0.03951646296108318,
        0.7498573818973039,
        -0.9873191833243332,
        0.9076983762092715,
        1.1217847123408164,
        0.6774226023126816,
        0.05502569258118837,
        0.5537512870138823,
        -0.2488284434741126,
        -0.521814985259967,
        0.1085261404218126,
        1.0394477614095372,
        2.0274733756610437,
        -0.607425901508382,
        1.3229441446879329,
        1.2321116627056123,
        0.3567712016001108,
        0.500452658710412,
        -1.0555460584155676,
