{
    "idx": 711179,
    "fights": [
        {
            "enemy": 5,
            "fitness": 83.8684308604417,
            "player_life": 1.6000000000002341,
            "enemy_life": 0,
            "time": 540
        },
        {
            "enemy": 6,
            "fitness": 57.4316554962389,
            "player_life": 0,
            "enemy_life": 30.0,
            "time": 262
        },
        {
            "enemy": 7,
            "fitness": 90.08814186652396,
            "player_life": 54.40000000000032,
            "enemy_life": 0,
            "time": 211
        },
        {
            "enemy": 8,
            "fitness": 86.33574420258549,
            "player_life": 22.600000000000243,
            "enemy_life": 0,
            "time": 374
        }
    ],
    "weights": [
        0.5828187268673137,
        0.5452202887270743,
        0.9083461613859716,
        -0.4214402321674283,
        -2.1085053609865114,
        0.3366487223493219,
        -1.8181024126772178,
        1.2056656415223805,
        -0.02397174870614785,
        1.0397066157412442,
        -0.26335555529423404,
        -0.503860376217893,
        -1.3393603870854707,
        -1.3186558056865278,
        0.6268512507852289,
        2.454260079498934,
        1.8047549811148609,
        1.1363854297552616,
        0.3190601051252916,
        2.038283891993307,
        -0.6060086660086302,
        -0.015250771383594944,
        1.4201879195763094,
        1.7924997587938871,
        0.41960943742567713,
        1.1951622244616695,
        -0.9591547381258434,
        -0.33378316066914115,
        1.0715695227193096,
        0.2908253111715071,
        -0.6593707860975506,
        -0.18150249497264836,
        -0.5992988646605099,
        -1.202151918861845,
        0.7735350935086283,
        0.07655366729927876,
        -0.10934208564388723,
        -1.1180513567920674,
        -0.584419614783304,
        0.8572234081488286,
        -0.821962397679782,
        -1.7152817167152061,
        1.2053219642767123,
        1.4316316269528055,
        0.5416075228799522,
        -0.7091416490773949,
        1.55671566784271,
        -0.7334370017453088,
        0.7506210053758621,
        1.5255854863363993,
        -0.33636207367619064,
        1.415819623569294,
        -1.5938909433456043,
        -1.5291939272378143,
        -0.827851318915817,
        1.5762842710419354,
        0.45637662219811503,
        -0.5414650388751675,
        -1.9118680948558326,
        0.05896924368027978,
        0.6612634860302262,
        -1.5929983951866002,
        -0.532113760496671,
        -0.19284694282422543,
        0.9062447568400955,
        0.7089183088777522,
        -0.39918929377580736,
        1.7898565291144097,
        0.059601762545978376,
        0.5153634453596657,
        1.034561804745223,
        -1.2122703991246004,
        0.19138126144543205,
        -0.2413238513255988,
        -0.28873432037910424,
        -1.418868156579126,
        -0.6415233630997931,
        -0.6073641888222218,
        0.32756975136010463,
        0.2845286001627772,
        1.1703789937070534,
        -1.086539006640696,
        0.7622669475039207,
        2.638442149118803,
        -0.2592406473864316,
        -0.5262129301155928,
        -1.0235731410052327,
        1.004306463339787,
        0.8356034362341187,
        -1.754641021349034,
        -0.699868917943525,
        -1.2164026314115746,
        -0.6576052448262232,
        -1.2928864511086222,
        1.091370292302309,
        0.37512451870968155,
        -1.1479228778564114,
        0.011225218807247056,
        1.825410099350043,
        -0.6391548505957926,
        1.0029750885920055,
        -2.2455354032369264,
        -0.012736698337968436,
        -0.2884901114537384,
        0.16995470484546676,
        1.8720187771181434,
        -0.13346854000006225,
        -0.10711003843722094,
        1.1358886268384252,
        -0.9896121471473697,
        0.4005321516126034,
        -1.2766422284361396,
        0.6516474676682918,
        0.6443277086672934,
        -1.296101691989052,
        0.5427388863650623,
        0.14178867072690945,
        -0.4202837019614966,
        0.23418922651421606,
        0.434354334714692,
        0.02632026909803266,
        -0.47618653110642445,
        0.7962098146961101,
        -0.5346937913498494,
        0.807850221045424,
        2.428159980749737,
        0.2117903040992994,
        -1.04964466355496,
        -0.8564802782195284,
        -0.052532240338845765,
        -1.0276877910564768,
        1.0436475294874972,
        -0.0661895072568371,
        0.062444438463316834,
        0.13487477246193166,
        0.7290801632241354,
        0.08618233476637624,
        2.494629859598464,
        1.4387405887578715,
        -0.6398579488845226,
        1.7708476969777212,
        1.2511026008937423,
        -1.150038186207015,
        0.09214910805909307,
        -0.08643110057977813,
        -0.04633164083980136,
        2.040542404125697,
        -1.741119447819866,
        0.8007313527786296,
        0.9003391732482694,
        0.5189863003935231,
        2.0366473100639095,
        1.4877989867385222,
        0.49319791774759314,
        1.273290196485569,
        0.9786628014267872,
        -0.6407813656478939,
        1.2407603864477292,
        0.7817327849889142,
        -0.6119703128857831,
        -0.9479738481035006,
        0.8338491634232652,
        -0.1934116670816201,
        -0.16427751744296729,
        0.47737629127162073,
        -0.043059463072095336,
        -0.18189451088306163,
        2.1831684572118486,
        1.0082490253388463,
        0.13977610479100486,
        -1.7079163073670722,
        -0.2600102206747392,
        0.7817470320682638,
        0.6493687401598004,
        1.1936915621761148,
        -1.17450403732736,
        -1.2914062614742612,
        -0.7372253516196238,
        0.9788070493982033,
        -1.2992385607998045,
        0.2137923726953157,
        -0.5309582011495952,
        -0.039633293301571934,
        0.4242505465502465,
        0.1048862296209741,
        1.0593562529007945,
        -0.05544682573775953,
        -0.5450837265000145,
        0.20072948162026213,
        0.9357380751700058,
        -0.28058130811675097,
        -0.06486289623046276,
        0.5478153610497151,
        -0.47094012185705225,
        0.45632734462219093,
        0.8240598909178006,
        0.3549372920380331,
        -0.043205129929993896,
        -0.1699863933880153,
        -2.159144682342471,
        -0.502116269929378,
        -0.1360377769688653,
        -1.5477734116496737,
        0.9289063182597255,
        -0.7685818801707582,
        -1.009698102828877,
        -1.860237784279893,
        0.7355487989118488,
        1.4472522256507077,
        -2.0485354144984886,
        0.45577342354424766,
        0.4027182499436238,
        1.5688427202385393,
        -0.26468799816267824,
        0.7697385301526225,
        -1.4303885081014214,
        -1.1961905416023775,
        0.30676398732402976,
        1.320826148890072,
        -0.6699606554342168,
        1.2628924882323411,
        -1.4042249142714827,
        1.729967877749025,
        1.5167270170602978,
        -0.2618660153531278,
        -1.1069959127974665,
        0.05497411948338317,
        -1.0521634625127394,
        0.09744346441970551,
        1.348565681628474,
        -1.3074650235761633,
        0.857065145822052,
        0.9599579601825147,
        -0.8579200927834841,
        0.7224733521896423,
        -0.5443898805389684,
        0.21880021842311592,
        1.2370783905424658,
        0.6211359877372641,
        0.37490334554570515,
        1.106699011004875,
        0.037883097883340835,
        1.0992349818337193,
        -0.114585313278532,
        1.1828126771323095,
        0.26600185999596115,
        -0.8309911099955453,
        1.5437355963722463,
        0.9128225479035141,
        1.7543318005763897,
        0.8869437304814147,
        -0.8539480158063684,
