{
    "idx": 705454,
    "fights": [
        {
            "enemy": 5,
            "fitness": 88.81703951986408,
            "player_life": 44.800000000000296,
            "enemy_life": 0,
            "time": 288
        },
        {
            "enemy": 6,
            "fitness": 84.7301190770195,
            "player_life": 4.0000000000002345,
            "enemy_life": 0,
            "time": 290
        },
        {
            "enemy": 7,
            "fitness": 30.65766574803519,
            "player_life": 0,
            "enemy_life": 60.0,
            "time": 209
        },
        {
            "enemy": 8,
            "fitness": 89.22324619773175,
            "player_life": 49.000000000000306,
            "enemy_life": 0,
            "time": 292
        }
    ],
    "weights": [
        0.6353442134091702,
        1.2586965607575686,
        0.6800752818018817,
        -0.6917395467254033,
        -0.763739349783357,
        0.43707708534331874,
        -1.5915671719475013,
        1.389298291883453,
        -0.21498746547777586,
        1.3452837158833468,
        -0.11305136471785694,
        -0.7804299940003385,
        -1.4659019651752545,
        -1.1002972167319738,
        -1.391110439351728,
        1.32445256502837,
        1.460891485503175,
        0.8243557309476849,
        0.7563423155299409,
        2.4614434547147317,
        -0.5644330185330761,
        0.23786221269348354,
        1.4579838169062227,
        2.247382525101899,
        0.9267077582227549,
        1.9259410653344073,
        -2.025170652572066,
        -0.2853189044785191,
        1.668622428214075,
        -0.10508208592038536,
        -0.9731483409841126,
        -0.9764641050499292,
        -0.9650758678497027,
        -1.0511159496526674,
        1.5708271014967623,
        0.5900315087326291,
        0.4572906753023977,
        -0.9008231124991132,
        -0.0963634926707054,
        0.6313665068533578,
        -0.531991528436071,
        -0.42129898032157,
        0.6266642916960836,
        2.326302130494851,
        0.07880652466205632,
        -0.9815740531844129,
        1.6458529521824243,
        -0.1852233425088512,
        0.2774541199650913,
        0.7158350397757735,
        -0.7695922618106008,
        2.1841817648342747,
        -0.2925974443359014,
        -1.5387107066862575,
        -0.9216670604456015,
        1.8641846951627572,
        0.4018083143399479,
        -0.14984537205488324,
        -1.5752225684701564,
        0.4464075215327017,
        0.7802888624320864,
        -0.36523821596062667,
        -0.6322732145849458,
        0.7533974555024071,
        0.4699892339580794,
        0.7869630426965181,
        -1.5739306845657328,
        1.0408751989537008,
        0.1842800486979517,
        0.49420590104530543,
        0.9577146917720231,
        -0.9655459543106034,
        0.0915911222732139,
        0.6488558876801478,
        -0.8924745997799608,
        -1.4262678100284618,
        -0.14082928639942194,
        -0.41875057366817164,
        1.3605550923596184,
        0.2338919500813992,
        -0.5623360361006342,
        0.12323203692802831,
        0.5486647407543602,
        2.4580450268827305,
        -0.26800907842458604,
        -0.6238109749907804,
        0.19586400275877103,
        1.235360702297182,
        1.4810922153259791,
        -1.9870790440132295,
        -0.8240424241988967,
        -1.3393865721233684,
        -0.14564617371832195,
        -1.0179911147563538,
        1.0652041937854002,
        -0.005974137259908684,
        -0.9576100372464418,
        0.7967275396194975,
        2.3740711096594063,
        -0.9876010717632607,
        0.9900748740049761,
        -1.6067448480290887,
        1.5481467734902423,
        -0.7313683101786683,
        0.44919836618885617,
        1.8266690050046084,
        -0.09197108858868623,
        -1.5267441849967247,
        0.8541080477543599,
        -1.3818970651626923,
        -0.13742470873096502,
        -1.186422837174099,
        0.9407993179576466,
        0.016806528308762017,
        -1.743184032469998,
        -0.4511437795973449,
        0.2157637084736625,
        -0.8540525681989698,
        0.05761951321197903,
        -0.07545342798458012,
        0.4693753083965351,
        0.835399568826138,
        0.5615432027619786,
        -0.8659694865364803,
        1.6936956745553169,
        2.120301619593325,
        1.1921821129769974,
        -0.7949244154143547,
        -0.6630425527188117,
        0.2699137869734044,
        -0.9505659782722997,
        0.4086415807085647,
        0.3042803128428784,
        0.7122526811723384,
        0.8398180017043588,
        0.8513890662865014,
        0.19207485804283886,
        2.3186722272454863,
        0.5245376201094616,
        -0.9981454490214907,
        1.7325410844586935,
        2.5945578496729973,
        -1.165927128049225,
        -0.09663190048652484,
        -0.1273349466918552,
        -0.7404461382860618,
        1.3966831975559717,
        -1.0144883982756894,
        0.9804253328438307,
        0.1429177918939034,
        0.5027540951681513,
        1.8147318314407102,
        1.6231045815297365,
        -0.03212740708224854,
        1.2351750094804717,
        0.9663896849462417,
        -0.45040865853900147,
        1.6877307862455262,
        0.7201270240123147,
        -0.0742787727481891,
        -1.0880878234472535,
        -0.42583044744377885,
        -0.2389063599844955,
        -0.06720315128707216,
        0.6048780362265745,
        0.7247130310544037,
        0.27858465408154715,
        1.118625668313898,
        0.6616855264817315,
        0.5351218983139012,
        -1.6980584997271673,
        0.7547454242830535,
        1.0329603975503316,
        0.32897922491232007,
        0.2187844750947992,
        -0.9190362210991561,
        -0.8998576321135443,
        -1.207501853239076,
        0.5744417670109859,
        -1.4701610743340772,
        -0.02824506437317678,
        -0.7062636325581576,
        -0.2549727808534237,
        0.7793669619662718,
        0.4651710993860983,
        0.5550489800099272,
        0.6790589671265427,
        -0.30255296573874196,
        0.06702098666980252,
        0.9125445584960199,
        0.02916104782904217,
        -0.6475320064534258,
        0.297810365894681,
        0.09467467097722707,
        -0.22753367803682195,
        1.034350672266136,
        0.0980123119134811,
        -0.6154455137690825,
        -0.9557146149386804,
        -1.648298270863121,
        -0.6372354524277489,
        0.7045036920641664,
        -0.22678354771233403,
        2.016032770952315,
        -0.4154579955100215,
        -0.7558804549245627,
        -1.2606086336928075,
        0.4164828539966877,
        1.3406836596020177,
        -1.4967864784121367,
        -0.33895259277124135,
        0.4923586657190807,
        0.4973449526587215,
        -0.4907667439059008,
        1.3609802659604584,
        -0.36749485596608683,
        -0.9310153581166073,
        0.10470016829703058,
        0.9807319052764818,
        -0.8204187449086701,
        1.5125827761346617,
        -0.7635543147465758,
        1.31193319745367,
        0.6256609038625894,
        0.3630034886650735,
        -1.075012176325072,
        0.23708964601910154,
        -0.7078097862986995,
        -0.08862481299095923,
        2.078262246157548,
        -1.052956435010921,
        1.1038828034389716,
        1.4788114449674428,
        -0.13271202336242066,
        0.31619016767876507,
        -0.7511415520234265,
        0.7437189366350454,
        1.8086670432078764,
        0.7253977540073251,
        -0.20642491980643285,
        1.1591941187305748,
        0.18809336490428563,
        -0.016724698384034425,
        0.9598884064898979,
        0.9646090978442468,
        0.0003556675305575602,
        -0.8032617424126363,
        0.3915967438112782,
        1.204399456217611,
        1.5998232879658525,
        0.8800329850180927,
        -0.7330299198996462,
