{
    "idx": 705463,
    "fights": [
        {
            "enemy": 5,
            "fitness": 89.8187417894553,
            "player_life": 53.200000000000315,
            "enemy_life": 0,
            "time": 245
        },
        {
            "enemy": 6,
            "fitness": 66.50283177470679,
            "player_life": 0,
            "enemy_life": 20.0,
            "time": 244
        },
        {
            "enemy": 7,
            "fitness": 90.14341372532802,
            "player_life": 55.00000000000032,
            "enemy_life": 0,
            "time": 212
        },
        {
            "enemy": 8,
            "fitness": 87.53788162462297,
            "player_life": 33.40000000000027,
            "enemy_life": 0,
            "time": 331
        }
    ],
    "weights": [
        1.07368974683114,
        1.2259071519741915,
        0.8783424972370473,
        -0.6399574978333206,
        -1.799605270664018,
        0.5066162335232482,
        -1.4477969938415673,
        1.3185889997117117,
        -0.17152695576066906,
        1.2944275852377944,
        -0.05059560810009872,
        -0.38828447192182935,
        -1.3149047390907969,
        -1.031916943920976,
        -1.3335695074234142,
        1.8856847235155214,
        1.0855595033096677,
        0.4137739234774007,
        0.5532687109804754,
        2.815082600470978,
        -0.8890296676848028,
        0.4615501893027829,
        1.2931652374605367,
        2.5654066454820734,
        0.8974816958373222,
        1.923812667482557,
        -1.888467442707235,
        -0.2109457310273185,
        1.596461837925025,
        1.6379701687973953,
        -0.27979735670380645,
        -0.8228910094952508,
        -1.221012940928813,
        -0.7091999943085391,
        1.1657653447791139,
        0.7522201044588167,
        0.29775737373060096,
        -0.8656857245987192,
        0.09769743466062492,
        0.31125206573028674,
        -0.8632357648081207,
        -0.5796257626786079,
        0.16056263214495453,
        1.6306493079833368,
        0.2688022852240266,
        -1.1107963894702961,
        1.6598364346673087,
        -0.19208164370102107,
        0.6066382173465493,
        1.1049095124267294,
        -0.772269153262602,
        2.0264221097822377,
        -0.3748324324758594,
        -1.6556721912787724,
        -1.1042395072575744,
        2.194335729983638,
        0.5869368263995797,
        0.10849535377284161,
        -2.158956152554091,
        0.3520296310834918,
        0.721715093547517,
        -0.4147308153755208,
        -1.0254305191523598,
        0.8482741347783482,
        0.6272266794100733,
        1.2034476894526223,
        -1.3416159216141303,
        1.9916022072909947,
        0.3977887655178961,
        0.32907354940269995,
        1.0052725866871937,
        -1.0581306882734847,
        0.15217317008273973,
        0.6529134400200608,
        -0.4997630321167985,
        -1.4112601134559568,
        -0.45399028075886805,
        0.17002270966494412,
        1.478212414139801,
        0.1921729065436196,
        -0.4139250397874892,
        0.11070613726767635,
        0.6029122655323927,
        2.5443803975455475,
        0.37647381530107366,
        -0.9657148944364328,
        0.3191342075811284,
        1.1437996278239182,
        1.8650045998088625,
        -2.3556366055295768,
        -0.954366311246726,
        -0.9336500163172918,
        -0.3489703865571455,
        -1.2767672836813437,
        1.2261246147683127,
        -0.179156135020214,
        -1.3177495318301038,
        0.5293805180399637,
        2.0742896338757513,
        -1.2276096675851427,
        1.0115182051577545,
        -1.6205413549020034,
        1.2607633719098856,
        -0.7350109126447789,
        0.5667508996688765,
        1.4080700686048009,
        -0.6521756091466794,
        -1.824053424593585,
        0.474598462558443,
        -0.42918957371260147,
        -0.32627483515304756,
        -0.8818256484886816,
        0.5788825866381929,
        -0.010207917797576405,
        -0.7762425515958208,
        -0.5004973718307885,
        0.16759098407396494,
        -1.3042030921028738,
        0.6739461725329088,
        0.11053059888941374,
        0.4379649153655557,
        0.584300245130653,
        0.21699372298617411,
        -1.1322506537736439,
        1.798767781981045,
        2.1422563028122044,
        0.46612709341556396,
        -0.9373174194502112,
        -0.5620672184671581,
        -0.06582562038424151,
        -1.258891667686481,
        0.14448374252168047,
        0.45044923114469093,
        0.3140143381345708,
        0.6494804421076057,
        0.9389534226286723,
        -0.068117276057276,
        2.309191681996349,
        0.5455263519854251,
        -0.8241302664586665,
        1.5860110567011427,
        1.6341108026883684,
        -1.1905707231212268,
        -0.34675721307189156,
        0.33822255768150566,
        -0.7388780404923168,
        1.5710975939999967,
        -1.1353431753343972,
        1.2417239653540775,
        0.4502388321689044,
        0.6077768442655361,
        1.6121915087152956,
        2.0063768645971836,
        -0.3814948353324237,
        1.4114978620085756,
        0.9202522031490242,
        -0.35450655309715917,
        2.2665394057775754,
        0.6139929646620234,
        -0.08756916295070001,
        -0.72833412390985,
        -0.4904251084716086,
        0.2924745755260234,
        -0.3375813711477992,
        0.4110567562469122,
        0.8352620753520248,
        0.9643001058296662,
        1.0344238864791857,
        0.21879674794008802,
        0.3327961806408894,
        -1.3764582809941086,
        0.3908685166032863,
        0.9833471831108682,
        0.012143515908977463,
        0.3434806913442639,
        -0.6064873195694731,
        -0.1876931664745745,
        -1.1715510968904521,
        0.9441376313993386,
        -1.0812298352527951,
        0.0887162955882293,
        -0.4309353201143854,
        -0.7094338774271898,
        0.7269266191760718,
        0.7403461713642805,
        0.5026881220970139,
        0.2424205798441313,
        -0.42790810967618975,
        0.10648150399639965,
        0.9176517165299058,
        -0.02405074179583172,
        -0.47374331418806814,
        0.23221042800880254,
        0.6432535624839804,
        -0.3490099153906843,
        0.903506869718579,
        0.3447002178394165,
        -0.48442968447275125,
        -1.1062008505442964,
        -1.843768613944573,
        -0.6652591725948491,
        1.1132584981279119,
        -0.32412797729162146,
        2.0758337472043453,
        -0.14259900382986704,
        -1.5223936992185076,
        -1.3140009123723169,
        1.0018377976936086,
        0.8539323310027046,
        -1.436146423884201,
        -0.33355993613269114,
        0.5992053769885062,
        0.6727098409456294,
        0.027000184063335986,
        1.28737672564474,
        -0.8030669987005021,
        -1.1136858377023324,
        -0.10514378680928005,
        1.1569422853875952,
        -0.8058012249781606,
        1.4415029907371346,
        -1.1165318498998564,
        1.4499042617926923,
        0.5828993386343482,
        0.31403217577616116,
        -1.113074706145935,
        0.4709423444718196,
        -0.5764903045182418,
        -0.02641261109274204,
        1.9096832276877318,
        -1.0464705043944678,
        1.009024850820278,
        1.5046766843499937,
        -0.0760339554071813,
        0.013862507438106603,
        -0.674660391111863,
        0.6937816251320518,
        1.9422920739414817,
        0.9807569587541779,
        0.007294825550244702,
        1.071796893860834,
        0.49301880743452386,
        0.0777531280958616,
        0.9782943914079245,
        1.4629340794483459,
        -0.019096573277797492,
        -0.7896464568125419,
        -0.03455894731551615,
        0.8241502689530382,
        1.7909634360214777,
        1.0395145226741422,
        -1.3377553471363532,
