{
    "idx": 705457,
    "fights": [
        {
            "enemy": 5,
            "fitness": 86.71129244001466,
            "player_life": 26.800000000000253,
            "enemy_life": 0,
            "time": 391
        },
        {
            "enemy": 6,
            "fitness": 85.32322890233345,
            "player_life": 9.400000000000231,
            "enemy_life": 0,
            "time": 275
        },
        {
            "enemy": 7,
            "fitness": 90.81679627126205,
            "player_life": 61.000000000000334,
            "enemy_life": 0,
            "time": 197
        },
        {
            "enemy": 8,
            "fitness": 91.03669509194096,
            "player_life": 63.40000000000034,
            "enemy_life": 0,
            "time": 201
        }
    ],
    "weights": [
        0.7865135232504902,
        1.324015022269973,
        1.0496109339338278,
        -0.8472484775150367,
        -1.7091534001001794,
        0.553861767622854,
        -1.7418834511483097,
        1.3472235663183234,
        -0.3412747173492397,
        1.493561608809427,
        -0.006826766204291127,
        -0.936687393647402,
        -1.844396625514203,
        -1.1144463873907955,
        -1.3471476315582904,
        1.523630054726017,
        1.9812103475357874,
        0.9086861532828964,
        0.7228305110691026,
        2.313572649483134,
        -0.5874312455510099,
        0.08769412863738761,
        1.527251223262992,
        2.6805400125690504,
        0.7579647532928155,
        2.518145063091638,
        -1.3452472936450974,
        -0.2553844855985443,
        1.6629216679933616,
        -0.2540161523187493,
        -0.9670250535823661,
        -0.8807352622319911,
        -1.3704491868740791,
        -0.7774631262376606,
        1.426421768689428,
        0.7683579122027144,
        0.46636932026612804,
        -1.0244882668256496,
        -0.1550792155036577,
        0.5176023415725093,
        -0.42922521324465385,
        -0.48975938335740016,
        0.2338807374976695,
        1.4621924529151402,
        0.5203280964790389,
        -1.0296861698673396,
        1.5670534278929562,
        -0.30449982720448676,
        0.5400931879243202,
        0.8596884045651582,
        -1.022320516635907,
        1.8403499710355435,
        -0.2402133820420823,
        -1.520586900736168,
        -0.7248140604946689,
        1.863567046551655,
        0.279693571018887,
        -0.3988036157164212,
        -1.786588299929209,
        0.12526869451891884,
        0.8608145486287279,
        -0.24542725348308592,
        -0.6662399583329273,
        0.8674976536654218,
        0.5140211735582613,
        0.4971574448523509,
        -1.4282795279177594,
        2.221256485499279,
        0.46158977161370407,
        0.4944045452339025,
        0.8414140276198528,
        -1.01795208788712,
        0.03642208406242574,
        0.6997185877869858,
        -0.348098225397803,
        -1.5451810684518865,
        -0.1474741913723494,
        0.08374940227751423,
        1.2747378326980454,
        0.2743069154205374,
        -0.5530555377758544,
        0.028916028815204563,
        0.43171612329164955,
        2.50501336157717,
        0.18071066534790708,
        -0.8030336618187575,
        0.2863289845293708,
        1.0752818973531884,
        1.1518206118301033,
        -1.9440708879735693,
        -0.8563305378876602,
        -1.198936703241619,
        -0.13497335080820352,
        -0.7685773787613931,
        1.3249356174816125,
        -0.2541203430093536,
        -1.1056818980035434,
        0.6752437704795754,
        2.2329648825748745,
        -0.9367642187972334,
        1.295574680593534,
        -1.2265010564517687,
        1.139526345416341,
        -0.7900985368946002,
        0.2822716970246718,
        1.9855833678485246,
        -0.23261618741884865,
        -1.6871150197094475,
        0.6384742454937281,
        -1.2242520140609976,
        -0.20130630300329477,
        -1.109760784086406,
        0.6631378250315462,
        0.0989345127182549,
        -1.8560935768394269,
        -0.3904755383049283,
        0.14117833007909067,
        -1.044588013119452,
        0.07044194838737393,
        0.04523869314705428,
        0.46580392381688224,
        0.6617309159476752,
        0.37879220806120545,
        -0.9683320994444435,
        1.5000489822305445,
        2.76121285669125,
        1.0649587857197385,
        -1.2756374083824333,
        -0.5878118784470981,
        0.30231884004195597,
        -1.0083040542950263,
        0.09767404461760544,
        0.13150973163990345,
        -0.12428729440666435,
        0.800262769472201,
        0.9240207571258973,
        0.05373063060150017,
        2.235826093824896,
        0.2661470110784112,
        -0.9267988938476054,
        1.6378544113351532,
        3.068795663338295,
        -1.39518690765684,
        -0.10923470541312053,
        -0.010799359825506859,
        -0.7454453561703218,
        1.349565673404889,
        -1.1020153710341627,
        1.2746977220646651,
        0.46136784661307245,
        0.024293947864166318,
        1.720938302668883,
        1.7692360601973098,
        -0.07529562575661644,
        1.3321572939339212,
        1.2565326355904092,
        -0.4276747288755554,
        1.6376833312304413,
        0.772074459041916,
        0.017793265134607578,
        -0.5007790697391569,
        -0.20608856588428068,
        0.2296155604170646,
        -0.14050907797494244,
        0.2893495255664247,
        0.8052363518170138,
        0.49226305172630336,
        1.3968587098786753,
        0.16529690959285337,
        0.3498744424480952,
        -1.547433667458049,
        0.46095308850002653,
        0.9942676721724404,
        0.6366787184490503,
        -0.05929670544342944,
        -0.9001285990908091,
        -0.1340556669491479,
        -1.363653905649027,
        0.46551075150090204,
        -1.815492938357237,
        0.005573221088451735,
        -0.5502265029651133,
        -0.2783800546544829,
        0.710364757378293,
        0.5057268539702208,
        0.4355108566200819,
        0.9028669654242586,
        -0.24538668643295988,
        0.2525210380391576,
        1.0842658691099878,
        0.03159746909876266,
        -0.7991459770437762,
        -0.03023069600043743,
        0.18005270403861834,
        -0.4969763683126421,
        1.009260087650933,
        -0.14749983866081282,
        -0.832029369722008,
        -1.0970195632517288,
        -1.6647922934353967,
        -1.1684840689028386,
        1.110498052436826,
        -0.7268526660305661,
        1.6751694766267091,
        0.0447743000668546,
        -0.8008623663390639,
        -1.1403883092195115,
        0.259612504504566,
        0.9341492510920978,
        -1.4206972052700837,
        -0.4442972880276531,
        0.4266076847969034,
        0.37194765021993936,
        0.026723657392551503,
        1.4154795560369278,
        -0.15837466969506953,
        -1.7346855782135369,
        0.09365813801778802,
        1.126252913947938,
        -0.5354031593810749,
        1.2171666260820908,
        -1.0622422850308157,
        1.1599396358548855,
        0.38153501035254805,
        0.3118449331833524,
        -1.3506845627255477,
        0.3832609936772156,
        -0.7379870772249933,
        -0.06799203552258387,
        2.2082845227294206,
        -1.0477721621410692,
        1.0468915584357608,
        1.31604277299157,
        0.09455453269873744,
        0.5575826334974416,
        -0.8184936838644683,
        0.7482753566152653,
        1.695611514107279,
        0.858549652029301,
        -0.20298824301584384,
        0.9478483425483613,
        0.2344763219439717,
        0.09842401788941328,
        1.096015815871792,
        0.997126239085724,
        -0.09068159232244537,
        -0.9176567855599054,
        0.12862805219168813,
        1.3552339111384386,
        1.7633824185427216,
        0.8951403481483993,
        -0.9387656945711158,
