{
    "idx": 705468,
    "fights": [
        {
            "enemy": 5,
            "fitness": 89.52693855665949,
            "player_life": 50.20000000000031,
            "enemy_life": 0,
            "time": 243
        },
        {
            "enemy": 6,
            "fitness": 75.34051778424038,
            "player_life": 0,
            "enemy_life": 10.0,
            "time": 287
        },
        {
            "enemy": 7,
            "fitness": 89.96814186652396,
            "player_life": 53.200000000000315,
            "enemy_life": 0,
            "time": 211
        },
        {
            "enemy": 8,
            "fitness": 89.30661051127251,
            "player_life": 48.400000000000304,
            "enemy_life": 0,
            "time": 253
        }
    ],
    "weights": [
        1.2620078132277113,
        1.1076890792294691,
        0.8550252348755065,
        -0.9910171807611023,
        -0.9059749875556112,
        0.4895224668849113,
        -1.411388187727422,
        1.5414871997057191,
        -0.30520049581131004,
        1.9131488864020698,
        -0.26422354532962,
        -0.905505252993896,
        -1.0704355691311438,
        -1.2768168059746727,
        -1.3677478767536229,
        1.3638859964390493,
        1.910143575119818,
        0.40559513310009243,
        0.5665227307692222,
        2.448229790403682,
        -0.6175017083885631,
        0.3231310472613863,
        0.8355780029411921,
        2.6161787525208307,
        0.6157808193295314,
        1.9143682514581435,
        -1.130830719594527,
        0.20172314597532953,
        1.5791899644307736,
        -0.10864031517677107,
        -0.9750725004115021,
        -0.6303710196866973,
        -1.1508346912966432,
        -1.1667337182029192,
        1.2507530362122556,
        0.9579577810623913,
        0.260491860452913,
        2.101204141803907,
        0.0839858258037848,
        0.4334528470597058,
        -0.8779999674819585,
        -0.5692745876642019,
        0.23323614025403064,
        2.178062841660726,
        -0.02375337291226204,
        -0.4131849189004536,
        1.6767859648998111,
        -0.5911497807253155,
        0.36113012019465146,
        1.2156595609181402,
        -0.7093371592128204,
        2.1917034634657147,
        -0.5947959722557177,
        -1.2429417445724158,
        -1.0641374646776376,
        1.5245850273785997,
        0.1628045617851004,
        -0.13201022368745102,
        -2.0655319768481335,
        0.32266562487077033,
        0.8206332638839963,
        -0.643083947506537,
        -0.9059679194013353,
        0.9404753207710448,
        0.5406097407059328,
        0.9522849754041902,
        -1.5231245587631281,
        1.9475844483926197,
        0.11991724411453203,
        0.2940622957238637,
        0.8929948778287813,
        -1.4695251482900615,
        0.02978784647495903,
        0.5146489500961864,
        -0.8442952041875263,
        -1.472565339882204,
        -1.1568672969553806,
        -0.7190045564455976,
        1.3399363240970956,
        -0.16294495985068777,
        0.10603536245122937,
        0.02468877656725037,
        0.46036301960535364,
        2.1887865054908318,
        0.28584560945226073,
        -0.8825074302759129,
        -0.015735969449662067,
        1.0812679419596354,
        2.23518922578499,
        -1.71211431546276,
        -0.9052181066193362,
        -0.9678533281706172,
        -0.34896535740281,
        -0.8375801071547384,
        1.1541259896978229,
        -0.18344831561754493,
        -1.3862940495048979,
        0.5999272711374997,
        2.382841547564216,
        -0.9368133543140669,
        1.0022801559190886,
        -1.2463356161044798,
        1.6177372653790916,
        -0.6841016000061649,
        0.29161649186129407,
        0.8003075271100096,
        -0.5775744488114076,
        -1.9223933073194848,
        0.6294719269629407,
        -1.3313442709612093,
        -0.06341572614932042,
        -0.6491110921101365,
        0.7954977389344717,
        0.11536794694954791,
        -0.8381309294658358,
        -0.11965013492616533,
        -0.09217717129337458,
        -0.9847917148096453,
        0.7039969437919884,
        0.12646044745946777,
        0.47972535914982944,
        0.5619530745163354,
        0.17596005228136904,
        -1.6567032374712285,
        1.7402029682383666,
        1.9859684575175474,
        1.2860569112565978,
        -1.232697002310376,
        -0.8959082038405609,
        -0.034675965348815764,
        -1.0395157233236203,
        0.036175528674681615,
        0.5609649531250029,
        0.5270231869757598,
        0.7088510082074487,
        0.7921641726026256,
        0.017036062227342372,
        1.7623715891920428,
        0.9905786231336521,
        -1.1998082044389247,
        1.4586807903677907,
        1.2571396177749055,
        -1.2497986629091,
        0.13045053786566024,
        0.05111378368031702,
        -0.9568863857117778,
        1.4981373801613886,
        -0.9651476882383915,
        1.3570127898105153,
        0.8640326738675429,
        0.26826816640830325,
        1.8585260071472332,
        1.734804129902897,
        -0.24202946161313574,
        1.2463206007581744,
        1.1669769353371298,
        -0.5911926947137276,
        1.7340201454206383,
        0.8850209945657931,
        -0.3332343927370451,
        -0.720618131437243,
        -0.3963463177104258,
        -0.333515570236693,
        -0.13240548769260602,
        0.2767593757674026,
        0.7910319180750531,
        0.2729045132646774,
        0.4332298556258398,
        0.05854500628292472,
        0.956451252317187,
        -1.5300888901571743,
        1.1957140241273474,
        0.6599879790441405,
        0.5624422212223966,
        0.30398980180965457,
        -0.860422512939719,
        -0.6215539428446865,
        -0.4526551372315985,
        0.7283104851579449,
        -1.5916134766643488,
        -0.20612565446647155,
        -0.7083887131567069,
        -0.3910858208140088,
        0.9963270435886705,
        0.8645820370250787,
        0.44971365541014835,
        0.36496921545157446,
        -0.5697890726984087,
        0.32186980058328346,
        1.0480083391209902,
        -0.13507596406717728,
        0.21680202650606745,
        0.17844523526835016,
        0.36371664065066034,
        -0.34485370415189537,
        1.2766911814363975,
        0.18525787278548367,
        -0.5562547522911635,
        -1.0869219786041546,
        -1.7554355550615155,
        -0.6933982007908174,
        0.6145103385999647,
        -0.3768074558379988,
        1.9490585041007833,
        -0.027270901380235253,
        -0.7998671059608294,
        -1.3564018000676192,
        0.7636219476788448,
        0.8496854066312527,
        -1.573032938684827,
        -0.3535930269856187,
        0.4468428241615585,
        1.027313742407943,
        -0.38580520277094865,
        1.466891910446028,
        -0.7156531162879031,
        -0.9818987884062683,
        -0.11032332736341524,
        0.7599764791695311,
        -0.8148881710434743,
        1.237498090366918,
        -1.0824080594085823,
        1.3436567278542846,
        1.5497605242819887,
        0.40984348477918114,
        -1.3156273336580073,
        0.5901130115655264,
        -0.5306022084847194,
        -0.16569411438061346,
        1.3192420351706087,
        -1.1103257931296233,
        1.0188182784753772,
        1.5827785072239198,
        -0.10951982394536765,
        0.16130818970224642,
        -0.6447805362660712,
        0.8466213916118724,
        1.8544061521765502,
        0.9756190950282498,
        -0.3180010439995157,
        1.0278898132077698,
        0.23551796200921785,
        -0.13619903968740624,
        0.6140164426270063,
        0.996973871908485,
        -0.00021288857989291976,
        -0.9158760489352544,
        0.34141091226888226,
        0.5809155573339976,
        1.7498088374955931,
        1.0619865739077539,
        -0.7360391766920176,
