{
    "idx": 705491,
    "fights": [
        {
            "enemy": 5,
            "fitness": 89.97275134159977,
            "player_life": 55.60000000000032,
            "enemy_life": 0,
            "time": 267
        },
        {
            "enemy": 6,
            "fitness": 39.42027017401378,
            "player_life": 0,
            "enemy_life": 50.0,
            "time": 265
        },
        {
            "enemy": 7,
            "fitness": 89.85289246928257,
            "player_life": 52.00000000000031,
            "enemy_life": 0,
            "time": 210
        },
        {
            "enemy": 8,
            "fitness": 88.81968822339262,
            "player_life": 45.4000000000003,
            "enemy_life": 0,
            "time": 305
        }
    ],
    "weights": [
        1.0834586611105461,
        0.9465066029629718,
        1.015219569818301,
        -0.7931101951356779,
        -0.8181631166300539,
        0.13242927631068652,
        -1.374197868395571,
        1.2637263503002985,
        -0.09809585645627,
        1.2645308539482498,
        0.03471600200689467,
        -0.45663946172170844,
        -1.6676020430217287,
        -1.0497832031337624,
        -1.2256477534341603,
        1.4035098943644253,
        1.4755852613562963,
        0.6863706173382244,
        0.492235603991277,
        2.2851632782072024,
        -0.8374105299815184,
        0.24993241593378787,
        1.4073692990703508,
        2.650435239716829,
        0.8303056867866525,
        2.1583761704114104,
        -1.6526598642726977,
        0.0022689186396792,
        0.7412619995479071,
        -0.15683623742263908,
        -0.11621618498179503,
        -0.7407246661550007,
        -1.4747922362990398,
        -0.8724893069793817,
        1.1469440024396762,
        0.8510209869314461,
        0.18393911249349637,
        -0.8719767313655721,
        -0.09603837962883233,
        0.2731373670786624,
        -0.4287078696124104,
        -0.40884961969173633,
        0.07256363106390276,
        2.5398196814357625,
        0.021521026916594826,
        -0.5578218929059028,
        1.676797696578903,
        -0.7073830159054355,
        0.5053210063519991,
        0.8265195259612628,
        -1.3309360492844826,
        1.8975814140292135,
        -0.3211449276284611,
        -1.517647145264195,
        -1.045984917423402,
        1.4652862597960064,
        -0.029211926834460736,
        -0.31223181156889407,
        -1.5521874202577535,
        -0.030903103602301196,
        0.8866221617422795,
        -0.43670198438027014,
        -1.0531732824138387,
        0.6530523530223769,
        0.4634245882539344,
        1.033142168821175,
        -1.3925453278876982,
        2.041401291245314,
        0.09360781175736915,
        0.5168450053683573,
        0.7622483833583756,
        -1.0408379665115253,
        -0.0027206050998630146,
        0.6773405584123473,
        -0.5363991141651517,
        -1.0613561051668743,
        -1.263402281295604,
        -0.5418423911888326,
        1.6203075509375258,
        -0.15330209168504844,
        -0.43187792826363847,
        0.15032538205760063,
        0.36649325434025204,
        2.036785039163194,
        -0.31170815028872223,
        -1.131772237470722,
        0.11202831691648828,
        1.0996192427828593,
        1.4517313521349047,
        -1.774523845848527,
        -1.2421570733646017,
        -1.2941661050450974,
        -0.04647172900629315,
        -1.5470959741170311,
        1.373079468854114,
        -0.32307294353110183,
        -1.2996844696013576,
        0.8006656298690057,
        2.2656422425311242,
        -1.1380763359710573,
        1.0297130350299781,
        -1.0834001833430222,
        1.211060294124391,
        -0.6708282947506414,
        0.5294132657955509,
        0.492060352230609,
        -0.6365287708241855,
        -1.7917795582312002,
        0.6898191079077982,
        -0.7618902848299752,
        -0.24016954643185529,
        -0.8292943209008755,
        0.735154901973678,
        0.07640538683766046,
        -1.9308984150250363,
        -0.1980346065419959,
        0.021122549419511923,
        -0.7611997746626843,
        0.08065171992447694,
        0.08176795281628257,
        0.4463794283987381,
        0.4066556932423991,
        0.8860782894163176,
        -1.6464270801844627,
        1.9034626443606932,
        2.1480822339050962,
        0.5941413774159396,
        -1.0392968821850985,
        -1.0043824084390263,
        -0.1325019423918128,
        -0.9458368987350655,
        0.4662988235539712,
        0.3849167527855589,
        0.48070886597146245,
        0.9701206236964874,
        0.6890957453898177,
        0.1008961290031484,
        2.4337531433324497,
        0.5732481903915876,
        -0.3682861571394076,
        1.5730577250969149,
        2.0897139570060643,
        -1.3886278223008972,
        0.2755069166438381,
        -0.018689265879208165,
        -0.5472571374652941,
        1.7140262439696954,
        -1.1610939616436218,
        1.216289613017739,
        0.04284028633012896,
        0.042164158906300306,
        2.293594836108932,
        1.7750073641009039,
        -0.11303067694200752,
        1.2507541367083146,
        1.0456092691924623,
        -0.11091021491877628,
        1.2577110966868168,
        0.8163748607582797,
        -0.16533316231182096,
        -0.7422526527209032,
        -0.3271764359058525,
        0.5494765389852638,
        -0.12108623309698256,
        0.2518388256967239,
        0.8754849672405534,
        0.6702384212597532,
        0.7953535084195044,
        0.2642500784494025,
        0.2458403476299585,
        -1.7172771383143979,
        0.7844403265561335,
        1.1738962650330147,
        0.39078461063628644,
        0.15762423401526163,
        -0.2267547334953947,
        -0.2783345545807921,
        -0.3165156644957892,
        0.6318363586191694,
        -1.9143287021092692,
        -0.5081434425194715,
        -0.7040894232354382,
        -0.8164637715832916,
        0.9354911135265372,
        0.5636107421643608,
        0.4773194380526976,
        0.6955207576589537,
        -0.41192374951141425,
        0.3613398233737802,
        1.2401479582604444,
        0.10872948347192457,
        0.19147127081504503,
        0.2020225677710485,
        0.4235479111182139,
        -0.5097862613058701,
        0.8788374123956053,
        0.5018858766103778,
        -0.7415297452147736,
        -1.152446836656271,
        -1.925872154114427,
        -0.5618243592365819,
        0.9440289094533233,
        -0.15397372820648003,
        1.9613437323250926,
        -0.24065658046139055,
        -1.618258930194658,
        -1.2562028509755185,
        0.9671892497495919,
        0.5339704372317466,
        -1.9103879863157918,
        -0.48721172239513777,
        0.4604532270617331,
        0.8998509447717661,
        -0.18027095763198597,
        1.426194245455679,
        -0.6761465712700854,
        -1.7370517918930446,
        0.13169354264755695,
        1.6258475606965035,
        -0.7324414316651644,
        1.2276700205433146,
        -1.164445555593961,
        1.132125146922345,
        1.5068476619844082,
        0.33962727995960207,
        -1.2784801498152032,
        0.27705957934578257,
        -0.6644799927038303,
        0.3255083252421153,
        2.117464979800173,
        -0.7943939713424535,
        0.7599339818847419,
        1.092821285913262,
        0.07390876103303472,
        0.3879779041878277,
        -0.6210369970997617,
        0.785112523632111,
        1.7063267276548884,
        0.9743180731749173,
        -0.1308271119874777,
        1.082899364362886,
        0.33457293594906107,
        0.06485115648823447,
        1.1121190122591718,
        1.2064699935408614,
        -0.007064310857527983,
        -0.7878193991720132,
        0.4258360772320452,
        0.2301203140735037,
        1.5629554909866812,
        1.0205422524097756,
        -0.6606604550628171,
