{
    "idx": 704518,
    "fights": [
        {
            "enemy": 5,
            "fitness": 89.5452886203982,
            "player_life": 51.40000000000031,
            "enemy_life": 0,
            "time": 269
        },
        {
            "enemy": 6,
            "fitness": 30.478539082137754,
            "player_life": 0,
            "enemy_life": 60.0,
            "time": 250
        },
        {
            "enemy": 7,
            "fitness": 89.84341372532802,
            "player_life": 52.00000000000031,
            "enemy_life": 0,
            "time": 212
        },
        {
            "enemy": 8,
            "fitness": 88.81968822339262,
            "player_life": 45.4000000000003,
            "enemy_life": 0,
            "time": 305
        }
    ],
    "weights": [
        0.7436502575561295,
        0.8498001974730773,
        0.9424127386774213,
        -0.6983733660209342,
        -1.3056512321277733,
        0.2983362003665868,
        -1.4693036432822302,
        1.4562337859674315,
        -0.40788430340377635,
        1.5710086799898704,
        -0.21356878374051608,
        -0.4871964710144656,
        -1.4762394376993646,
        -0.9181455366137456,
        -0.8046781778527884,
        1.5381875136950434,
        1.5956035608675283,
        0.6293088774395323,
        0.5451292389857495,
        2.2268509936316065,
        -0.8167656439117281,
        0.08072871257147146,
        1.2611231280057027,
        2.321728104334229,
        0.9889531456082782,
        1.747332854865964,
        -1.6675560921590564,
        0.18312880068806003,
        1.210928561245684,
        0.2927778653477419,
        -0.17625327816418207,
        -0.548981961332662,
        -0.70930040995762,
        -0.9619170898292789,
        0.5513301944760288,
        -0.5341367606801165,
        0.2274970221504074,
        -0.1681090693679468,
        0.2164036605860872,
        0.459817740970266,
        -0.38619119586315553,
        -0.453109268872611,
        0.3980123480724686,
        1.0552356327029495,
        0.3662067742351877,
        -0.03250246050903912,
        1.5712517588689583,
        -0.2092779900807324,
        0.07639617028460094,
        1.0610590172083756,
        -1.155339064687938,
        1.7870908019308294,
        -1.2799534499393286,
        -1.6067488376115016,
        -0.6794159899518688,
        1.8117541360069194,
        0.5574365135954934,
        -0.04464173865550511,
        -1.8857320712989258,
        0.25305508826530554,
        0.7990118457104755,
        -0.6353728973158119,
        -0.6875941652316765,
        0.6767815459616717,
        0.5299088726067416,
        0.9143810339973514,
        -0.668289554402894,
        1.3023297576702564,
        -0.765637569469526,
        0.37883493615113084,
        0.3444745223459721,
        -0.9553459716073003,
        -0.3033104762301317,
        0.5595253297218734,
        -0.7434603875960122,
        -1.3172784563737236,
        0.09950509763146981,
        -0.5774107306328439,
        1.08467681888796,
        -0.07706610748738192,
        0.5187773256311271,
        0.07491378907406245,
        0.4067604900152272,
        2.238114238731644,
        -0.6607815024702319,
        -0.7995597562103917,
        0.08494291138994994,
        0.7770895917738461,
        0.8018108848343987,
        -1.2966804880845761,
        -0.526029772800651,
        -0.8058742430796995,
        0.22474103308699672,
        -1.6790703651923473,
        1.2519110607367379,
        -0.4036557962434062,
        -1.166344668766218,
        0.29500048692096736,
        2.128680937421065,
        -1.004476026829769,
        1.1283684403679326,
        -1.585208837037525,
        1.460151499220448,
        -0.60452322659973,
        0.361504867104061,
        0.7474615708751896,
        -0.33063100304542553,
        -1.5952176715289765,
        0.6601501081544667,
        -0.7674434148029282,
        0.0689473312223392,
        -0.903441118436156,
        1.1148653156230566,
        0.3846981405807521,
        -0.685581532968228,
        -0.32507050172337376,
        0.1501902830239329,
        0.48268380458449056,
        -0.08966331249533241,
        0.3441451127975427,
        0.600885459722715,
        0.284278337423426,
        0.303253265549916,
        -1.3463023979643665,
        1.730636998440151,
        2.9825494018522893,
        0.8807368987030113,
        -1.4101026180478928,
        -0.21819518346064581,
        -0.17683236465659635,
        -0.8349115068301555,
        0.3675404641695261,
        0.5015902348245171,
        0.6783951374789431,
        -0.006906569083735069,
        0.7409752774903752,
        0.13960264173538306,
        1.7696582052242322,
        0.3256486161068987,
        -0.756949527678446,
        1.6163879211539713,
        1.123240160326447,
        -1.4134454637747336,
        -0.06531801637862576,
        0.1886347962530434,
        -0.7168820051178385,
        1.6600416125937234,
        -1.4444532544024438,
        1.0087784770725943,
        0.6775681028209698,
        -0.3118872722043179,
        1.5695038676889437,
        1.2581350913803298,
        0.45734877987456124,
        1.470182009750367,
        0.9596765604266615,
        -0.4374704550477356,
        1.731357824850824,
        0.6158785105843723,
        -1.0131047166663232,
        -1.1493432625799493,
        -0.3884402049945063,
        0.31891516680768023,
        -0.3744112618036209,
        0.5981036933687702,
        0.24590409264487215,
        0.6247752151425643,
        0.8627589046467313,
        0.48636276370436715,
        0.32172795853044633,
        -1.0986332452503347,
        -0.06662479422490505,
        0.7342704225516722,
        0.17483339318630198,
        0.1593963009394131,
        -0.7073571383117557,
        0.18884456650262973,
        -1.0613551440199593,
        0.4236143072984674,
        -1.3074652581506072,
        -0.341876221227878,
        -0.7115534743367304,
        -0.30193469132776796,
        0.08615954662485872,
        0.2826469695682348,
        0.7180708552453312,
        0.7992385361788541,
        -0.4141495325391501,
        0.05879408068218791,
        0.9112464939286178,
        0.2465794801807612,
        -0.06697461931751786,
        -0.173851489342311,
        -0.5554403963973583,
        -0.44227992340659894,
        0.9273028985784443,
        0.34811698597927976,
        -0.47127660963062856,
        -1.223104224641284,
        -1.8961034396608765,
        -0.9085372038413466,
        0.39578607927808496,
        -0.15250590250318083,
        0.36927962186157376,
        -0.7350830497805245,
        -1.3753272260293674,
        -1.3510388116482097,
        0.540485391439023,
        0.8241892604503266,
        -1.3974619490459637,
        -0.5865814509415302,
        0.39450765023650686,
        0.5332345574387015,
        0.15556795737022466,
        1.5196917440542228,
        -0.9047546517662863,
        -1.2294121967950626,
        -0.08494254119506162,
        1.1790210761295723,
        0.2910326529219075,
        1.3269032523103441,
        -1.1602165318886208,
        1.4633381613040926,
        0.7070629505287568,
        0.2033281926411541,
        -1.3119456348275258,
        0.673161130544663,
        -1.0741571864482584,
        0.24271921227454252,
        1.315194890584908,
        -0.8258611817923993,
        1.0914787840259335,
        1.3467536908773008,
        -0.2824175420039882,
        0.45077225167930335,
        0.16960529938361377,
        1.2683218109986154,
        1.7858167992807026,
        0.691121544316511,
        -0.5841020164219867,
        0.954246025717005,
        0.48276687422273773,
        -0.13410045517365776,
        0.7568187727616595,
        0.9223070322422631,
        0.271954978511338,
        -0.7113989485052722,
        -0.021803667884862432,
        1.1453583251104076,
        2.0695146141959997,
        0.7181927270117695,
        -0.700374622272408,
        -0.3185607118388511,
