{
    "idx": 704505,
    "fights": [
        {
            "enemy": 5,
            "fitness": 90.25106227384335,
            "player_life": 57.400000000000325,
            "enemy_life": 0,
            "time": 242
        },
        {
            "enemy": 6,
            "fitness": 75.5575822894782,
            "player_life": 0,
            "enemy_life": 10.0,
            "time": 231
        },
        {
            "enemy": 7,
            "fitness": 90.63289246928257,
            "player_life": 59.80000000000033,
            "enemy_life": 0,
            "time": 210
        },
        {
            "enemy": 8,
            "fitness": 88.27968822339261,
            "player_life": 40.000000000000284,
            "enemy_life": 0,
            "time": 305
        }
    ],
    "weights": [
        0.5624170760982314,
        1.687763956966739,
        1.2560358175407456,
        -0.7839560076666267,
        -1.3340235939252034,
        0.1467815071458093,
        -1.0753381460998748,
        1.2638326833680138,
        -0.4960496760988611,
        1.1035778786760795,
        -0.04115691841255148,
        -0.49924670587005676,
        -1.3096931604899376,
        -1.0642559202242177,
        -0.8037697956669011,
        2.1811185777222604,
        1.7552245195970282,
        0.5091777030985959,
        0.29401923109659084,
        2.2383022537653945,
        -2.1247366380245207,
        0.06310705425569679,
        1.1153307684689429,
        2.2471911900008696,
        0.6180117960425572,
        1.9291971553124043,
        -1.5333867676698736,
        -0.342401647978856,
        1.489493694599744,
        0.07038089122269625,
        -0.4918689271083412,
        -0.31967468822675527,
        -0.6660505090191992,
        -0.9355154466830871,
        0.9319801994786835,
        0.318205960435442,
        0.2022628047476294,
        0.045349698828917984,
        -0.017653300776835905,
        0.5792870628548886,
        -0.019184513512637683,
        -0.586468740955866,
        0.44927706216560065,
        1.136419519963056,
        0.30859756940554567,
        -0.7379983448495453,
        1.570261060884296,
        0.09642815693784296,
        0.40410798863690206,
        1.373102796637723,
        -0.9303769046040364,
        1.9125478163244758,
        -1.345698450147945,
        -1.5882041397136297,
        -0.8553301047856996,
        1.9401319865637578,
        0.3226014722582816,
        0.010697378432013058,
        -1.7288183319433652,
        0.17243974877514723,
        1.0497276163885862,
        -0.6560092273031036,
        -0.8597520616235618,
        0.5482505236610243,
        0.5771767399044181,
        1.1966543826100913,
        -1.111285714013138,
        1.5325567726228433,
        -0.44612654541504043,
        0.32319889685243697,
        0.37232654968077267,
        -0.4454883686955119,
        -0.26325245014576243,
        0.02563735836915504,
        0.014098623500643195,
        -1.4588886348908163,
        -0.42401406391483853,
        -0.5248360165687231,
        1.0293447525985546,
        0.4447366695192285,
        0.42979791697429753,
        0.14756082678833887,
        0.7076603063995079,
        2.299093013929384,
        -0.2169707678973436,
        -0.247290777105599,
        -0.4226078546309534,
        1.4247064071248419,
        0.965446322116895,
        -1.4056599084692927,
        -0.44012553624132483,
        -0.8580754084760004,
        -0.2956470283210444,
        -0.9491503003452574,
        1.3162019257523936,
        -0.5494122184801422,
        -1.2600926314750787,
        0.01899491125586769,
        2.2310359163837274,
        -0.892596755270587,
        0.9611802470579138,
        -1.976120495469863,
        1.256173086452107,
        -0.4237285226073087,
        0.2598700690225382,
        0.6886267134564915,
        1.0895971897006391,
        -1.596831726199461,
        1.223508347246507,
        -0.46213879907528305,
        -1.225132100022974,
        -0.9346799284415139,
        0.6833819242777667,
        0.19773434763619546,
        -1.1893735982930385,
        -0.4658820562569592,
        0.8517370845332721,
        0.28448011705839393,
        -0.098579975343339,
        0.3470562691898719,
        0.12321825052679711,
        -0.042936160510748264,
        0.8942716424677021,
        -1.212347473391369,
        1.9106944828178432,
        2.541348949337176,
        0.721666380335474,
        -1.3506949026950903,
        -0.2800823540941552,
        -0.030242719072075618,
        -0.7492963085767312,
        0.24557967677441786,
        -0.06823388125682694,
        0.09799279503510012,
        0.44158247613212265,
        1.0882773179487886,
        0.052040642073850035,
        2.223658027467318,
        0.121477621628697,
        -1.0212810893305062,
        1.5141984586825243,
        1.6393469045480364,
        -1.4342176013108645,
        -0.15873887968705533,
        -0.2278932227981823,
        -1.0002727342529865,
        1.3310767183845276,
        -1.3173143116547177,
        1.2688811860137323,
        0.6007944142176798,
        -0.10922835663718436,
        1.4949142901032502,
        1.6964150695418763,
        0.07415796366827246,
        1.5053963448904482,
        1.1751685092414188,
        -0.07833864861056836,
        1.8530898481551876,
        0.8747139605437902,
        -0.32472824260612515,
        -1.1103426194015182,
        -0.32653852521935167,
        0.573780646573897,
        0.1896254043670441,
        0.49142301690839296,
        0.4700954467016265,
        0.026268564333421424,
        0.6712213570587148,
        0.2647053696745923,
        0.25791791247693063,
        -1.1726424449984834,
        0.18976693073217707,
        0.8299377458544526,
        0.2085109569887434,
        0.48754321176009263,
        -0.7482442980959703,
        -1.080354890441397,
        -0.7413018287862201,
        0.5350983824646841,
        -1.6790885745096118,
        0.09636727646036683,
        0.9330655227339996,
        -0.613002697983437,
        0.5652943315068125,
        0.047825793812879575,
        0.7674179011237228,
        1.035020265361845,
        -0.8906922797703468,
        -0.08934763929764952,
        0.8344280711554967,
        -0.08129897496614827,
        0.5362230535509122,
        -0.10471669195920358,
        -0.6269287305651075,
        -0.2958260531943102,
        0.10349668065676566,
        0.3047897639723951,
        -0.2526222550763052,
        -1.0846076485141063,
        -1.568698007202516,
        -0.8807671664447942,
        0.9311321276078419,
        -0.4525446619680993,
        2.269514384636185,
        -0.9850405250342702,
        -0.588628218901161,
        -1.2068506733575723,
        -0.0440407407053698,
        1.120823312449894,
        -1.63042888252403,
        -0.5484596606461578,
        0.6000981517552193,
        0.5579465959562225,
        0.22850844349952762,
        0.5146937294255619,
        -0.7084447782513758,
        -1.1045496120551368,
        -0.06395961255837765,
        1.1154859640437136,
        -0.675139241126976,
        1.454264377643804,
        -1.0770575791171089,
        1.2899251800004141,
        0.1309701217091287,
        0.3453205457683336,
        -1.3384244344854872,
        0.5343291997627216,
        -1.1581910718627029,
        0.04996327257677684,
        1.3555487765917598,
        -1.2116001207244627,
        1.168313259447474,
        1.3566109721746407,
        -0.03928056577093485,
        0.3794663494691079,
        -0.10312935189846165,
        0.8258940490856395,
        1.393391018733893,
        0.5818699886730183,
        0.007171639983004026,
        0.33932831503209876,
        0.5805470078685242,
        0.09083705946724166,
        0.6642550042302723,
        1.1430004605912765,
        0.5532765546828788,
        -1.2897237848576115,
        1.1223236471270222,
        1.1409150107759485,
        1.9648512350540037,
        0.7423782457082079,
        -0.7045320301501071,
