{
    "idx": 710876,
    "fights": [
        {
            "enemy": 5,
            "fitness": 89.12157804100165,
            "player_life": 47.2000000000003,
            "enemy_life": 0,
            "time": 270
        },
        {
            "enemy": 6,
            "fitness": 57.4316554962389,
            "player_life": 0,
            "enemy_life": 30.0,
            "time": 262
        },
        {
            "enemy": 7,
            "fitness": 89.29946500072774,
            "player_life": 47.2000000000003,
            "enemy_life": 0,
            "time": 226
        },
        {
            "enemy": 8,
            "fitness": 86.33574420258549,
            "player_life": 22.600000000000243,
            "enemy_life": 0,
            "time": 374
        }
    ],
    "weights": [
        0.8013328941226787,
        2.089048142315367,
        1.2906704232877504,
        -0.0013852697701585565,
        -1.4923826655791277,
        -0.02245848561364061,
        -2.0210468474062084,
        1.4648997608339793,
        -0.5560544431641851,
        1.307257309776285,
        -0.6647373256826121,
        -0.4862919707204688,
        -1.219247376565437,
        -1.1786916829397014,
        -0.9509725832613704,
        2.3895774057130947,
        2.401851506718003,
        0.9455586170471779,
        1.8160009195121327,
        2.2172568159661643,
        -1.119401668987142,
        -0.1169003595839437,
        1.6191693450011595,
        1.7506762082063898,
        0.5317744236596542,
        1.8555495346312498,
        -0.9532284811990445,
        -0.3856389685627039,
        0.5661853484696695,
        -0.09112015917881044,
        -0.5873486902257031,
        0.7039826227820264,
        -0.6087036197793925,
        -1.2510713348670695,
        0.7336991885903813,
        0.22238243647450476,
        0.009260561280481541,
        -1.3815277133961954,
        -0.42853321778741715,
        0.8313878126178743,
        -0.5039790443689854,
        -1.32983400760617,
        0.6048283194454906,
        1.9937095296729925,
        0.23698205955627716,
        -0.4997023277521409,
        1.619378143100414,
        -0.5835422332689011,
        0.9584462308099331,
        1.5498348417946233,
        -0.3243349432166911,
        1.7862772966339084,
        -1.6799918112964938,
        -1.27482877619048,
        -0.7486322950123782,
        2.485082364348512,
        0.31184036105642204,
        -0.35506602157943995,
        -2.2289365426963723,
        -0.0021288152213596173,
        1.2120659876039503,
        -1.5207544791953307,
        -0.8305545225765284,
        0.7529488698515174,
        0.10400745991050171,
        0.5684534586355491,
        -0.7373839306937595,
        1.9972258944286125,
        -0.7778636285445979,
        0.5191805029567973,
        0.5736451047667827,
        -1.2750223911897784,
        0.45143334670287893,
        -0.29765157504016265,
        0.07295627950547093,
        -1.103299408194419,
        -0.8253711995297169,
        -0.4262874452408849,
        0.8734480319390568,
        0.09067847407399335,
        0.9373888762353669,
        0.25104771419399513,
        0.6714866543949901,
        1.922797255194079,
        -0.37649869713315254,
        -0.7658324158324454,
        -0.46890249531176353,
        1.0777326919209118,
        1.245736871342253,
        -1.3027803118962176,
        -0.35161014043367605,
        -0.6416169694374613,
        -0.4287927174373303,
        -1.0018057326800112,
        1.3292044344711533,
        0.10071125352313096,
        -1.3066303668309158,
        0.2935882802580341,
        2.87895003522714,
        -0.4383728463723228,
        1.659965109515395,
        -2.3907044250812457,
        0.1326867558029648,
        -0.6003304897817596,
        0.21595545375653286,
        0.7545141435858304,
        0.3250301734291172,
        -1.4231195282537337,
        1.2759270757469583,
        -0.5201058381943512,
        0.10074504912264227,
        -1.670530402521982,
        1.8283042321278706,
        0.18253270487809434,
        -1.4291420631667877,
        0.2083688173937325,
        0.6359843418148664,
        -0.5283755581759325,
        0.3192038709655798,
        0.24603307314223516,
        -0.06257613355023857,
        -0.3407572123405006,
        0.6223514946439334,
        -0.14211203480409798,
        0.7480506032629093,
        2.5624414958757775,
        0.38668595235760544,
        -1.002348131257719,
        -0.7357689127201256,
        0.6664371659913171,
        -1.0652346955521943,
        0.18448435637559485,
        0.353181743148469,
        0.87040549060183,
        -0.46997871208679376,
        0.8585473500833177,
        0.17611993571020856,
        2.554391943255132,
        0.06470340601453978,
        -0.5673114194404988,
        1.0226463795395557,
        1.4366455445594621,
        -1.752092033664006,
        -0.4877947488487273,
        0.5214004172356267,
        -0.5440535250138492,
        1.7793892927313186,
        -2.0423587715764735,
        0.6409737435748731,
        0.877700416982476,
        0.058787741540027943,
        1.8943662478165697,
        1.857019750011982,
        0.6451426407930778,
        1.7248264163053877,
        0.989032565754784,
        -0.4363248451217915,
        2.0195672677408845,
        1.2315850521154368,
        -0.3308848298969787,
        -1.060912300211858,
        1.4279435885961413,
        -0.2168777726235313,
        -0.4384531790536557,
        0.35632931122448835,
        0.621737061621667,
        -0.02568735156784488,
        0.9117902943514873,
        0.9914436501710533,
        0.7424951701621102,
        -1.2980210084915125,
        1.65958112974585,
        0.9327313214974476,
        0.9523767834604745,
        0.5956257092627831,
        -0.15655051555965405,
        -1.2427838140969287,
        -1.2434993765144198,
        0.5032583104139994,
        -1.5540156390098663,
        -0.3228556728457383,
        -0.38713749752650034,
        -1.0375814939210077,
        0.2569034667133535,
        -0.24862143499192166,
        0.5186384942550089,
        0.5355247120428557,
        -0.6249357963484078,
        0.3740439637418097,
        1.0004215963764926,
        -0.42208557620934184,
        -0.5660296536502489,
        0.5671917609645256,
        -0.6391657398737051,
        0.14265010600050707,
        1.0371058655720689,
        0.2102120874261897,
        -0.45003286756277555,
        -0.04800288307192621,
        -2.388758326618039,
        -0.4601943716470337,
        0.063726308137416,
        -0.7907540425650392,
        0.07910349614915996,
        -1.0205042816608052,
        -1.3929935498718673,
        -2.037808516084331,
        0.6260841568419686,
        0.4528760138072685,
        -2.0208830143490837,
        0.6525862940620264,
        0.7883697769643774,
        1.4059464343069241,
        0.028665652387815536,
        0.8966721580138813,
        -0.874971042647708,
        -1.2720090312328578,
        -0.0012297520280043824,
        1.2501638436926468,
        -0.7285573465569987,
        0.8959901779937116,
        -2.1577705562082223,
        1.564074132969338,
        0.744643301348972,
        0.07841422357841155,
        -1.1525205020291611,
        0.3825497637818812,
        -1.1331158502624046,
        -0.1926377331698475,
        1.6355549713555932,
        -1.1043429027674425,
        1.7109587503466626,
        1.484650217645213,
        -1.052931280283659,
        1.2230454982924959,
        -0.9362030502194971,
        0.3428166899677959,
        1.0300181147998917,
        0.8761988243039026,
        -0.049488481261852624,
        1.0998996546489495,
        0.29568209852364,
        0.5371084871397498,
        0.22332399910568929,
        1.389196493543148,
        -0.03716521834619911,
        -0.3249728098764054,
        1.3520876005346913,
        0.8233211565306272,
        1.8694087820969612,
        0.37299787359431125,
        -1.067791409717117,
