{
    "idx": 713823,
    "fights": [
        {
            "enemy": 5,
            "fitness": 89.24901301948917,
            "player_life": 48.400000000000304,
            "enemy_life": 0,
            "time": 268
        },
        {
            "enemy": 6,
            "fitness": 48.59732261812772,
            "player_life": 0,
            "enemy_life": 40.0,
            "time": 222
        },
        {
            "enemy": 7,
            "fitness": 89.97289246928257,
            "player_life": 53.200000000000315,
            "enemy_life": 0,
            "time": 210
        },
        {
            "enemy": 8,
            "fitness": 87.57196501081938,
            "player_life": 35.20000000000027,
            "enemy_life": 0,
            "time": 383
        }
    ],
    "weights": [
        0.9475267100526008,
        0.49638940887006566,
        1.8457131214292075,
        -0.7747174685751484,
        -1.7483313180423248,
        0.5632049156748017,
        -1.1391766465590056,
        0.7499609531529287,
        -0.29311226604222473,
        1.0534449427509323,
        -0.15304509432204963,
        -0.4400249328717071,
        -0.4979416261291549,
        0.1502905522202648,
        -0.6546069151363254,
        2.4001768506144767,
        2.047465017828951,
        1.8498513371855594,
        0.7828805431839969,
        2.14469715317701,
        -1.0114160485009374,
        0.09604181248361804,
        1.2333560776043806,
        2.57065495718367,
        0.60976131289078,
        1.9150277210061861,
        -1.960587127955908,
        0.24696653275128677,
        1.0975597844976013,
        0.07508337780602922,
        -0.10937736518856703,
        -0.8349213893510196,
        0.12267603282566414,
        -0.897468142408959,
        0.7476797572422853,
        -0.2685811044344717,
        0.48988278326023227,
        -1.2412098208721518,
        -0.26914181007356275,
        0.7461959974153934,
        -0.6775141120082089,
        -0.6818930620438379,
        0.030377395914776107,
        0.9721442498628922,
        0.1485342244875571,
        -0.5983985998528238,
        1.080099223830519,
        -0.3134938944553387,
        0.5160906067530177,
        1.0467867181579493,
        -0.4862137117496388,
        1.3485164672618628,
        -0.582976481776316,
        -1.2568039028192672,
        -0.3978951925008647,
        1.8937184558161673,
        0.4286079944780932,
        -0.4474412922804396,
        -1.8568083600325598,
        1.182511214870178,
        1.072720022783596,
        -1.3437293370447787,
        -1.267661912408184,
        0.6785122625881406,
        -0.06524850580829765,
        0.6079466131962342,
        -1.512362937860905,
        2.303420690964779,
        0.05585391415867415,
        0.7305945492023694,
        0.47623707535996673,
        -0.9906606297593088,
        -0.7748087975876148,
        0.4014229014971968,
        -0.05879527614871364,
        -1.2326582526101906,
        -0.0006650687513740511,
        0.005618176185126006,
        0.9344044711090215,
        1.5750809278835112,
        -0.08494145533386294,
        -0.09230903957691487,
        0.21239289753050822,
        3.0888604083764744,
        -0.19613908530536428,
        -0.4878112418749372,
        -0.47996617842561445,
        0.19300148348124616,
        0.7361514040842112,
        -1.4312311623501772,
        -0.16461361637491917,
        -0.6196560768229993,
        0.14431190849070244,
        -1.2624445486249567,
        0.7561872483082517,
        -0.6290241154428021,
        -0.7938182601780078,
        0.6864109663098097,
        1.9452915526496877,
        -0.5925153834895545,
        1.1394321327925756,
        -1.1564623358074915,
        0.006655703061716492,
        -0.4492237579874693,
        0.3170941617879071,
        1.2172409595097207,
        0.1845118738341346,
        -0.8915421518164736,
        0.47473020494639545,
        -0.47658169616468615,
        -1.5337901121719122,
        -0.20614651725415462,
        1.2560967140485586,
        0.2105924546928643,
        -1.055863012871513,
        -0.36427363469513724,
        -0.2786790213517675,
        -0.4779636699400942,
        0.08623019899478121,
        0.4007497991763478,
        -0.07156044106470694,
        0.8751557356450247,
        0.6006351246512877,
        -0.1954265148361976,
        1.3485607994207014,
        3.1907997829822143,
        0.09383686364108332,
        -0.9997326975420623,
        0.12555991456822516,
        -0.30697655446455063,
        -0.3784552910846161,
        0.9930609663795761,
        -0.32163510808607626,
        0.00655571127227772,
        0.38055871360437354,
        0.5972574891912773,
        0.5122711331930799,
        2.5867224895381273,
        0.22845045911725495,
        -1.250630550179406,
        1.4120329982796795,
        2.2499423249746773,
        -0.7040963530127186,
        0.7511902423651808,
        0.03194451195226043,
        -1.4318584937927186,
        1.2658944440528548,
        -2.0715714376318184,
        1.1581488004413039,
        0.5702944737089193,
        0.23559404230729522,
        1.7026693298420421,
        2.0114273676520766,
        0.40247703254958056,
        1.6419055575348487,
        1.1586033401484468,
        -0.21404566806965142,
        1.5762428866588656,
        1.6762860630559835,
        -0.479995051609527,
        -0.7049962663317623,
        1.572219490610898,
        0.6252460054391258,
        -0.47932660702838337,
        -0.4795574754219954,
        -0.5803909087468411,
        0.21281677129820215,
        0.7828137355978813,
        0.38887182409515886,
        0.24638527764517507,
        -0.09292932620139549,
        0.31372724360528653,
        0.4419884087590686,
        -0.02857613016877983,
        -0.034237280587632424,
        -0.8217295423927153,
        -1.0317047979436886,
        -1.0123416297149237,
        0.3968488152895654,
        -1.3605182191239213,
        0.00965765283790305,
        -0.20670387305063656,
        1.0114232331238224,
        0.25525418179712156,
        0.6501138498872145,
        0.4987247645946756,
        0.7962378605790722,
        -0.7625937325327848,
        0.03097747607069803,
        1.4270938937908295,
        -0.8278774601019528,
        0.02661971063345602,
        -0.6742611594329676,
        -1.015215425306072,
        -0.608177482532937,
        1.2953316636273895,
        0.3674055304279644,
        -0.6559631677815482,
        -0.5288896227139039,
        -1.6787078858908056,
        -0.29579624283796585,
        0.2364492336646771,
        -0.17724934183749078,
        1.3148510451898021,
        -0.6242525432923834,
        -1.1587704684101405,
        -0.8750734980726549,
        -0.1768303235211951,
        0.8319233201015062,
        -1.2542816352058253,
        0.01605210158878917,
        0.8716500716834629,
        0.8811761657591382,
        -0.03885302411129132,
        0.9361563799763495,
        -1.0325377913900144,
        -1.2049935769889788,
        0.15297416486282767,
        1.1552995203645127,
        -1.0831771263412613,
        1.7360824466931533,
        -1.7148756909061573,
        1.7309868902465255,
        1.5438138440096003,
        0.5811181672082131,
        -1.9224159023271905,
        0.34405928412672854,
        0.40448585763166667,
        -0.3507189189973456,
        1.0333992460821244,
        -1.2805959261246522,
        1.681588120837198,
        1.1314621652613797,
        0.3754557095739432,
        0.45600538149310454,
        -0.267952824377093,
        0.6149220145626987,
        1.6542542507806002,
        0.33294568337515174,
        -1.2099007579666927,
        0.7019418711987875,
        0.15623459419524202,
        0.7838955262422365,
        0.0682835953975178,
        1.125117542866095,
        1.356775461952758,
        -1.2599149878427045,
        0.7298595296897568,
        2.029008446978717,
        1.9494215540882913,
        0.8781352979684978,
