{
    "idx": 713831,
    "fights": [
        {
            "enemy": 5,
            "fitness": 88.84183729848228,
            "player_life": 42.40000000000029,
            "enemy_life": 0,
            "time": 221
        },
        {
            "enemy": 6,
            "fitness": 84.83165549623892,
            "player_life": 4.0000000000002345,
            "enemy_life": 0,
            "time": 262
        },
        {
            "enemy": 7,
            "fitness": 66.63870783429057,
            "player_life": 0,
            "enemy_life": 20.0,
            "time": 213
        },
        {
            "enemy": 8,
            "fitness": 85.72510580438043,
            "player_life": 16.60000000000023,
            "enemy_life": 0,
            "time": 378
        }
    ],
    "weights": [
        1.2376595645936836,
        0.6089577369246506,
        1.6653328478036058,
        -1.1119468547150242,
        -1.592117449844847,
        0.666509184726287,
        -1.431243514711927,
        1.4839428833870345,
        -0.43718344093255646,
        1.113015565625568,
        -0.6701391559312347,
        -1.0447691576897349,
        -0.6871236519429711,
        0.2320354775158386,
        0.2202205158005996,
        2.456799197367471,
        1.9606099355522855,
        2.170922436289503,
        0.6469953866316713,
        2.9636715499267305,
        -1.3369247453754116,
        0.1076432154932257,
        0.8397314726513028,
        2.534871843099177,
        0.8302614457361881,
        1.840956639455508,
        -1.8467048042698917,
        0.3277009232983886,
        0.7933516620410184,
        -0.6866341165317603,
        -0.46098631325513956,
        -0.6526232333256514,
        0.02481722514675623,
        -1.5796559200462912,
        0.7483945849177531,
        -0.8303886003330931,
        0.3014117277544305,
        -1.2787549665923754,
        -0.10568040061415765,
        0.6359324735181089,
        -0.48275710382802306,
        -0.45852494082727474,
        0.3110100307906532,
        1.043703762924462,
        0.20190859212156342,
        0.04338552186422559,
        1.0773025909893734,
        -0.35301557217305163,
        0.14689541884695823,
        1.0649500499484754,
        -0.47668340753421945,
        1.335979378838388,
        -1.8240704300241641,
        -1.1898840959922126,
        -0.4366784696927482,
        1.8980056328726267,
        0.29505426589232325,
        0.04515892521489542,
        -2.1922444375724393,
        0.5593387747523284,
        0.9644141030768176,
        -0.5486604310378504,
        -0.9564926573755639,
        0.42984439718029144,
        0.04920860048434665,
        0.17522407908007204,
        -1.4884854567095538,
        1.1017427732288865,
        0.09526646472585196,
        -0.2036321391316855,
        0.7444296586706645,
        -1.0439618145659184,
        -0.7241255867267067,
        0.35587513163317713,
        0.0251108776319363,
        -1.3408582189441831,
        0.13522431368923118,
        0.02435312761455828,
        0.8713384971222393,
        1.1279346740491865,
        0.8266504145200091,
        0.08838782354960381,
        0.08036698246494935,
        3.1351673978327192,
        -0.2248134262933798,
        -0.7389600770759489,
        -0.3870832283935072,
        0.5550564947070012,
        0.7273260299064596,
        -1.3476547540241561,
        -0.27612486306909984,
        -0.6715674282755288,
        0.18097389893417032,
        -1.1067288944939437,
        0.8814298762604992,
        0.5196555122933404,
        -1.1495503920252759,
        0.6183595506656417,
        1.967456697870146,
        -0.6862777472400817,
        1.1996444236394432,
        -2.386595188492613,
        0.13048310610632657,
        -0.322099198975046,
        0.3860074015940632,
        0.5368477324994746,
        -0.03848461058128519,
        -1.2255834166081487,
        0.6988112718861205,
        -0.4648317503378095,
        -1.001844538624601,
        -1.3598945570904069,
        1.5079328608856355,
        0.28435891803405544,
        -1.0385610754998846,
        -0.2611847557055285,
        -0.4174110329823629,
        -0.3568272697829782,
        0.06715605063355311,
        0.4309346229845154,
        -0.05658500149490886,
        0.267579715241964,
        0.6659647411877537,
        -0.5698263135777968,
        1.185974906991387,
        3.490121370954594,
        0.9159547468880515,
        -1.2064191562083084,
        -0.13392955325143582,
        -0.18820522470110246,
        -0.4341006677752153,
        1.1948049600140802,
        -0.30382287870607055,
        -0.08000242575129728,
        0.014797189969594338,
        0.6736900333272734,
        0.49491867935697686,
        2.0565246399005503,
        0.07234235130823186,
        -0.5494767895258745,
        1.4618977887574292,
        2.052265862592544,
        -0.6027240039035392,
        0.7004825884944692,
        0.024008785319800885,
        -0.7149397703526049,
        1.2962737130350512,
        -1.56005921774554,
        0.7092874004745787,
        0.5847546571625661,
        0.12773549119381444,
        1.371450799979198,
        1.8514351090239212,
        0.27040414371854804,
        1.5035618955725127,
        0.8299915135840792,
        -0.1819416263474624,
        2.021659996285468,
        1.7583512167803175,
        -0.5587284955245317,
        -0.9827824224289982,
        0.38360612019986823,
        0.7952042333307298,
        -0.10001685793569592,
        -0.34192531386668157,
        0.6612226547935744,
        0.1324671161623547,
        0.08349279421225786,
        0.07005985489771394,
        0.47201216684473685,
        -1.4300309036785084,
        0.42931586245534925,
        0.44769452357054096,
        -0.3867703831543905,
        -0.13474407375623149,
        -0.5429854138572872,
        -1.0245127229554254,
        -1.0226251481177286,
        0.38158629717711634,
        -1.3847957508113096,
        -0.3492335953489707,
        0.4601223799988936,
        1.0669793496947046,
        0.8744639060886283,
        0.1937329523454741,
        0.8021774366577208,
        0.7238782550047045,
        -0.5825648232156984,
        0.03778003933918342,
        0.7356118518310386,
        -0.646828146894641,
        -0.12337011645710952,
        -0.5071854058783407,
        -0.8288027784229315,
        -0.5733377028691321,
        1.313520766077089,
        0.5685938247923712,
        -0.42721209696394036,
        -0.06829627590306575,
        -1.5541033244867462,
        -0.45971864152169145,
        0.34947486066852596,
        0.023024108843605978,
        1.0819712826879109,
        -0.6558768541674838,
        -1.5593550378868557,
        -1.500759106439013,
        -0.15662368538759397,
        1.0873125430028545,
        -1.2342139720645973,
        0.07317432966898427,
        0.37342029949420047,
        0.5384504624105646,
        -0.033890585669574064,
        0.8539812406363264,
        -0.8456601672871114,
        -1.6425645312919774,
        -0.5592724344924194,
        0.8548567646246221,
        -0.9427879531213246,
        1.0285888047156448,
        -1.499407604260452,
        1.511889495245444,
        2.3644108317999177,
        0.018962117653900275,
        -1.8092316794771988,
        0.37741279638994785,
        0.5242458651805335,
        -0.5446877560159273,
        1.0090584238344713,
        -1.1233760190932232,
        1.7672122433673116,
        1.0732430173933445,
        -0.23227498923551457,
        0.4055574612378702,
        -0.4303649757405188,
        0.7279277515580334,
        1.2467012677289278,
        0.3363977214936355,
        -0.2185537981868079,
        0.9355887381036956,
        -0.014252728616360085,
        0.5822868999192155,
        0.1040865332183271,
        0.9949709642750326,
        1.2553370846406555,
        -1.3414510719515114,
        0.7511082851460429,
        1.400644231163075,
        1.9600441937859947,
        0.3031540370203041,
        -0.5670539635473463,
