{
    "idx": 701892,
    "fights": [
        {
            "enemy": 5,
            "fitness": 89.22693855665948,
            "player_life": 47.2000000000003,
            "enemy_life": 0,
            "time": 243
        },
        {
            "enemy": 6,
            "fitness": 39.812614194159245,
            "player_life": 0,
            "enemy_life": 50.0,
            "time": 179
        },
        {
            "enemy": 7,
            "fitness": 89.78814186652396,
            "player_life": 51.40000000000031,
            "enemy_life": 0,
            "time": 211
        },
        {
            "enemy": 8,
            "fitness": 88.81968822339262,
            "player_life": 45.4000000000003,
            "enemy_life": 0,
            "time": 305
        }
    ],
    "weights": [
        0.6132342811727702,
        0.606612728496596,
        1.0822659704854185,
        -1.1612663243153565,
        -0.6767656968821156,
        0.8169435359866734,
        -0.45813049138414297,
        0.9439298467923692,
        -0.5347532563734704,
        0.5687104450915296,
        -0.5212085538361263,
        0.4582213371045925,
        -0.8721980488817407,
        -0.6904571209559816,
        -0.8700483684828507,
        2.030825766048628,
        -0.5174836728970996,
        1.3503555969561807,
        0.64387749692539,
        0.4465146575381688,
        -1.2933827818245258,
        0.0005106393836993434,
        3.512138605696998,
        0.33605118139874124,
        0.9728259421071704,
        1.6209472917814811,
        -0.7910625163382823,
        0.5863827953691938,
        -0.17777238922089766,
        0.4966379395502114,
        0.007835028636061447,
        0.16075397615872467,
        -0.9452383624687455,
        0.03830921409503714,
        0.9844728792001184,
        0.14812817643468412,
        1.0304063733407336,
        -0.6015279029402332,
        0.6337572152543608,
        0.2336893408036261,
        -0.9775613483845458,
        -1.4706276717410225,
        0.5698237167102794,
        0.1922329004239492,
        0.3030492164351319,
        -0.5192321077870155,
        -0.0073814539646185895,
        -0.0721795688106716,
        0.28439811849290353,
        0.4817785798825358,
        -0.805421763087336,
        1.1075417201968303,
        -0.369319718083953,
        -0.5287316989789295,
        -0.131672944157727,
        1.8511857277010793,
        0.710257843681876,
        0.5169891522716404,
        -1.8494929959123023,
        0.5715688101227815,
        0.6212501866381036,
        -0.8286157791229414,
        -1.1980640752818492,
        0.15961563655914385,
        0.9935054758409886,
        0.10470695681618872,
        -0.750790419677695,
        1.1019708159815376,
        -0.4212613555634501,
        -0.7459030154881092,
        0.8650842766309701,
        -0.815636603071196,
        -0.8311339212317692,
        0.19667609836579827,
        -0.5626302512503455,
        -1.7624647459030658,
        -0.047596231527243446,
        -0.29093779576489853,
        1.080101992033862,
        0.2623375145972022,
        0.7972361808050592,
        -0.2944479596873895,
        0.4256880691837702,
        0.254105732277003,
        -0.03769756034684327,
        -0.6340631284305138,
        -0.16467333697762757,
        1.1575544592570635,
        -0.35976275525380896,
        -0.542269754817034,
        -0.5684070663094979,
        -0.5237673147299207,
        -0.10408728204617802,
        -0.5032857372241861,
        0.7486725419894272,
        -0.06982343168003982,
        -0.5084286091804743,
        0.08018061945843771,
        1.4530268664048387,
        -0.7733127467589787,
        1.1016927546270536,
        -1.6613107772095546,
        -0.10575866085013705,
        -0.30120907685420134,
        -0.303954297741452,
        0.6960041662452303,
        0.1564911084121305,
        -1.1484169326254399,
        0.7346815666708748,
        -0.6383547245765243,
        -1.098073963669503,
        0.14979596713746274,
        1.7686195818189554,
        -0.27335215021403425,
        -1.878355498526307,
        -0.41632244460738965,
        -0.15473723431357314,
        -0.7458203454783026,
        -0.18847651562047937,
        0.04957259803016646,
        0.6901509531377111,
        1.378904699690967,
        0.2643261742710123,
        -0.5508350824756594,
        2.215324957722402,
        1.2772489518794483,
        0.025207064778219938,
        -0.9212844936131368,
        -0.5526471190698369,
        -0.5816308581746018,
        0.13495244363739178,
        -0.24656761998716215,
        -0.14268784568241255,
        0.2876940542453147,
        -0.10895146653585554,
        0.8171846211870458,
        -0.3649264283149988,
        1.4118587462502419,
        0.06494006922768542,
        -0.26530764388104255,
        2.365612378448282,
        0.753837854070645,
        0.05964723747668435,
        0.6133287197605441,
        1.3301892993125883,
        -0.3052760170996266,
        1.104083737635101,
        -0.6999134625735429,
        0.47124311476554204,
        -0.1342470777851918,
        -0.41487325161182903,
        1.708668264233988,
        0.7220117907477394,
        -0.35495769481857276,
        0.7223504864707596,
        0.6215044018354866,
        0.47711729492557203,
        0.7508055621716588,
        0.711035287936568,
        -0.20175473245372294,
        -1.2564828526654814,
        0.28236185308956113,
        -0.017875953031977823,
        -0.3025271696192711,
        -0.7453952025532752,
        0.7479791373841835,
        -0.2531333602266258,
        -0.2216060556649691,
        0.736508535211181,
        -0.09729998795719019,
        -0.35244057254016636,
        0.33779413894867144,
        -0.12119353098941263,
        0.18058652906627706,
        0.4767717896430178,
        0.22211875477373103,
        -0.17542774577255837,
        -1.3843495032694157,
        0.2680513313441512,
        0.18524516384174056,
        -0.6487820124265484,
        -1.0220478331158187,
        -0.2694902554190114,
        1.207971253156196,
        0.7337235372397156,
        0.021917977238007286,
        0.11101704645541083,
        -0.8274897763142451,
        0.40180867466371595,
        0.9498716966948402,
        0.032261835384745224,
        -0.18994207969214907,
        -0.6794165122265625,
        -0.5841476238184716,
        -0.43925985102962195,
        0.4467653668052819,
        0.16807815708542634,
        -0.049750164328221644,
        -0.6140985483656901,
        -1.0808609548446186,
        -0.4920943643857984,
        -0.7233312706307693,
        -0.8375642479038016,
        0.17356978546438648,
        0.20233448774631296,
        -0.5417576855303774,
        -0.4805487788669593,
        0.7691918586035837,
        0.7576925916550659,
        -1.403681850676287,
        0.08157351730031326,
        0.08362360775968722,
        0.6822223239290934,
        -0.6153298004716752,
        1.001434476430228,
        -0.8082574367248578,
        -1.129239460348369,
        0.6822783726273663,
        1.021980780315162,
        0.6297536796210396,
        1.3512492628732673,
        -1.1084444718891846,
        0.8213965914880665,
        0.7720708665768008,
        0.024749971309723104,
        -1.0452556257561902,
        2.0440677138873244,
        -0.5099326046546394,
        -0.12199213694902805,
        0.44899470589578055,
        -1.8571923565813613,
        0.51833926921156,
        1.643204335020738,
        -0.6956065171690526,
        0.589700956238312,
        -1.2930812212953564,
        1.1566415977339337,
        0.4776317224786764,
        -0.11191300656173948,
        -0.38941082790190906,
        1.0810196770057288,
        -0.30118862044716227,
        0.7788423418830002,
        1.128572817194759,
        0.009114849251214904,
        0.7871738568047749,
        -1.3337795695592443,
        -0.23506261175031642,
        0.39065388919195193,
        2.1116198822389753,
        0.4426379176286136,
