{
    "idx": 700899,
    "fights": [
        {
            "enemy": 5,
            "fitness": 90.14772932632856,
            "player_life": 56.20000000000032,
            "enemy_life": 0,
            "time": 238
        },
        {
            "enemy": 6,
            "fitness": 39.59282822853988,
            "player_life": 0,
            "enemy_life": 50.0,
            "time": 223
        },
        {
            "enemy": 7,
            "fitness": 89.47946500072774,
            "player_life": 49.000000000000306,
            "enemy_life": 0,
            "time": 226
        },
        {
            "enemy": 8,
            "fitness": 86.33574420258549,
            "player_life": 22.600000000000243,
            "enemy_life": 0,
            "time": 374
        }
    ],
    "weights": [
        0.09246638156121065,
        0.2109171848386891,
        0.6266245212467378,
        0.4735405993055416,
        0.1702467208078331,
        -0.23722686414703836,
        -1.5042315271886793,
        0.6781141830223752,
        0.052545334190123166,
        0.19017838590547304,
        -0.6944522262116921,
        -0.4841415175097483,
        -1.1229265096731484,
        -0.3967460444075308,
        -0.39830592197544257,
        1.6731546767734844,
        -0.8057154810874716,
        1.1517248017787574,
        0.559932016437503,
        1.7239396625614525,
        -1.0445985022133206,
        -1.030315122240669,
        0.8141704309363187,
        1.1976075018899768,
        0.9789682941214239,
        2.4003176955143597,
        -0.12205546904136812,
        0.08291190994711045,
        0.5443745390628778,
        0.8036182546154851,
        -0.769257138923548,
        -0.19195454190803907,
        -1.229980967262485,
        -0.909556890013497,
        0.6540108500103634,
        0.0712206038624237,
        0.16015658681328981,
        -0.5719716705965047,
        0.39043915876368673,
        0.20639052131765978,
        0.07474754020766175,
        -1.3844046351518835,
        0.7116594331119378,
        1.5706406112558318,
        -0.45326147240176967,
        3.3204809375441164,
        1.5276061907650162,
        0.20361822683502306,
        1.0784167270274072,
        0.9576548191307347,
        -0.44372135671008767,
        0.9116275060499165,
        -1.1560601646754116,
        -1.3128070450298142,
        -0.2687855116639175,
        1.9500986455649076,
        -0.43220823028151967,
        -0.9798356811858339,
        -1.2600108225333697,
        0.4120567668191964,
        0.8732619768626384,
        -1.022652437905931,
        -1.575536379939094,
        0.7295504659064703,
        0.7944945364884465,
        0.7970090766675482,
        -0.12648762002872418,
        1.4512831104105315,
        -0.6171318860776855,
        -0.04724699665641886,
        1.1413959290522278,
        -0.22734347099619487,
        -0.2080042140159593,
        -0.12602274722467124,
        -0.6617965811140023,
        -2.1153602674173886,
        0.47866527020165645,
        -1.1554698884241925,
        0.5013084563840959,
        0.5518321521239243,
        0.35721087883677505,
        -0.09184416840587838,
        0.11251137451563027,
        -0.4929221769634218,
        -0.18376803481877613,
        -1.0198485441851388,
        0.8724738179006863,
        0.7270755154609698,
        -2.780506314861915,
        -0.5436307958157275,
        0.17717490965908952,
        -0.19087525642878736,
        -0.20338285103999365,
        -0.35958171206815187,
        0.48231515600251895,
        -0.4443520583573891,
        0.4653356513166982,
        0.16347125735482582,
        1.59568208187603,
        -0.49642501734858546,
        0.8618969470588459,
        -1.172417998207682,
        -0.6199569764180933,
        -0.4875413173930056,
        -0.018594110544034703,
        0.035931295644700253,
        0.9780991217285216,
        -1.7532478981172197,
        1.6869422335235427,
        -0.8804711370365262,
        -1.2288264080460918,
        -0.03828871750935,
        0.8375787288577543,
        0.05234852319266459,
        1.223702941215703,
        -0.8953231242438657,
        0.06446381050223314,
        -0.729823879078934,
        0.306356159374818,
        0.7300922786732692,
        0.5050059713957377,
        0.6680316463443673,
        0.8985280964159618,
        -1.0991836985864976,
        0.9874886225927655,
        1.4995794031685972,
        -0.1953534835469251,
        -0.7097754341368411,
        0.11598275683045042,
        -0.5691002421146918,
        -0.9453073436164263,
        0.3461315577951214,
        0.1601355173765668,
        0.9780926909834953,
        0.02007505060683215,
        0.4858495173950724,
        -0.008759880415980484,
        1.4021452671836285,
        0.029824427081445344,
        -0.5959603375616145,
        1.7412069936387897,
        1.9446234200974257,
        -0.6040675788407439,
        -0.12754724087086394,
        0.3224621217110789,
        -0.792781611813839,
        1.3298512251072814,
        -1.3448641546926132,
        1.480002853360603,
        -0.1806468841050841,
        -0.6065857555366858,
        1.2259511251263902,
        1.4027415560418517,
        -0.7954049354087079,
        0.9737160972238337,
        1.2392746897136198,
        -0.5511886068334169,
        0.1901831954705337,
        1.1767367528970685,
        -0.047557703098986326,
        -1.1445403497632345,
        -0.11753326958973351,
        -0.05430326901395366,
        -0.20678033463289333,
        0.47510515852594,
        0.15871880648502765,
        0.02685315445082176,
        0.8256115559779922,
        0.4426988045762468,
        0.5849061692167671,
        -0.3807498704228075,
        0.14768006359790603,
        0.8092683811716368,
        -0.12714624065126057,
        0.3086131958243506,
        -0.07740472196362862,
        1.374523212659664,
        0.32156792525025485,
        0.35157341737398895,
        -0.36273704208015606,
        -1.0986334424728184,
        -0.4887802676558223,
        -0.5872738037459371,
        0.3010378792379138,
        0.28002431007944806,
        1.0127888129131497,
        -0.4320275290859986,
        -0.9107333267447547,
        0.2857257292147265,
        -0.21215258573546786,
        -0.29589398945092626,
        -0.3142976402057625,
        0.6232405179306114,
        -0.17471503012266243,
        -0.45304205007639564,
        1.6700815884188123,
        0.7099101999475176,
        1.7958895436990958,
        -0.26726669350328597,
        -1.8384531614556283,
        -0.3339762731890609,
        -1.22197829089699,
        -0.525912915532041,
        0.566794744936141,
        0.11120422428434845,
        -0.5234134110172204,
        -1.136117464766423,
        0.3592560816388922,
        0.7052614509151471,
        -1.5667400773442948,
        0.17238760154580596,
        -0.05084367696013255,
        0.8525191866326469,
        -0.5298900459939547,
        1.7990336448060962,
        -0.7847721270386327,
        -0.924443902326225,
        0.334754102839909,
        0.14320905611044785,
        0.2433128851488713,
        1.4404830524280305,
        -0.7738504191314479,
        1.515982706059717,
        -0.1003208360774644,
        0.1763270213377891,
        -1.5559890958420812,
        0.15886546419924752,
        -0.47844472857005166,
        -0.10524482205289751,
        0.2468482205728184,
        -0.48888937625313844,
        1.1545704971810542,
        1.8483715749076328,
        0.047549747282981884,
        0.5593288661110268,
        -0.7103723024888523,
        1.4843196180213318,
        0.7392478922032348,
        -0.09417258425839875,
        -0.4620016231108241,
        0.41869465471808825,
        -1.0153918887494346,
        0.9163457680040352,
        1.01238547798769,
        0.46350223286979586,
        0.16477253189570001,
        -0.23167003246451492,
        0.426799247416598,
        0.44853152161000687,
        0.6932469029023137,
        0.9461002923704991,
