run_number,method,gain_rank_avg,fitness_avg
1,1,-20.0,65.119615917814
2,1,26.80000000000025,87.10784596782226
3,1,-20.0,66.19788162462294
4,1,39.40000000000028,88.47616819497442
