{
    "idx": 701485,
    "fights": [
        {
            "enemy": 5,
            "fitness": 89.84353644806852,
            "player_life": 53.200000000000315,
            "enemy_life": 0,
            "time": 239
        },
        {
            "enemy": 6,
            "fitness": 86.25616819497442,
            "player_life": 17.20000000000023,
            "enemy_life": 0,
            "time": 236
        },
        {
            "enemy": 7,
            "fitness": 89.23946500072773,
            "player_life": 46.6000000000003,
            "enemy_life": 0,
            "time": 226
        },
        {
            "enemy": 8,
            "fitness": 86.33574420258549,
            "player_life": 22.600000000000243,
            "enemy_life": 0,
            "time": 374
        }
    ],
    "weights": [
        0.7786028169848644,
        0.7182649365106591,
        0.5554511064350458,
        -1.2103567346350528,
        -0.9813085855973186,
        0.15195626360640888,
        -2.2170254452879217,
        1.0131179383577156,
        -0.6985726705246571,
        0.7064308027964117,
        -0.041278068781720204,
        -0.9751274820055689,
        -0.8958792997758026,
        -0.21324461996803146,
        -0.45513920629433613,
        2.2111229948940285,
        0.36119729689050284,
        0.4089647477242287,
        0.06486719861021165,
        2.0491493143612622,
        -0.5121874671403244,
        0.5656479160156771,
        1.6615490301741187,
        -0.733215793136775,
        0.8830188693678767,
        1.5872147411663262,
        -1.2460070080227994,
        -0.18060372786355103,
        0.0003789251490363601,
        0.05090837483561477,
        -0.39520908102585317,
        -0.27895275308430834,
        -0.6448468391282943,
        -0.6884265384950156,
        0.9145823124755471,
        -0.35208910556622575,
        0.3910311920218514,
        -1.271095643036912,
        0.32992888686120514,
        0.6703220738374188,
        -0.8355735299275818,
        -0.7173098744147901,
        0.8346453903234521,
        0.9693955298365292,
        -0.07630598053624865,
        -0.41900950377441654,
        1.6452461094498088,
        0.14806512364735974,
        0.42504601495683264,
        0.770424824536406,
        -0.5479595962775606,
        1.5441224053589453,
        -1.687485615209515,
        -1.0311194569404416,
        -0.4268998810133217,
        1.7462797273492823,
        0.3419181493658886,
        -0.3982561031604175,
        -2.2849391575067286,
        0.46914428164509403,
        0.8585872550024518,
        -1.246671430481085,
        -1.175450517498994,
        0.24013952324292723,
        1.0962145752590613,
        0.7605904012465554,
        -0.6984080334818078,
        1.4242825120981855,
        0.5230824043919363,
        -0.8874167377695588,
        0.9456572403639506,
        -0.906093609550993,
        -0.1901792896285066,
        -0.3307461924511643,
        -0.3040066921009848,
        -1.6369007508471196,
        -0.5677208595141232,
        -1.2125006160817087,
        0.46706525945299643,
        -0.19300458054080571,
        -0.0002928978338881949,
        -0.07666011707809348,
        0.528634905921546,
        3.1438694678100885,
        -0.1330486152751362,
        -0.8396859772867695,
        -0.1273108045077198,
        0.8532761742741346,
        -0.3938020769465571,
        0.17026092928581746,
        -0.4036263562174752,
        -0.9976009611462391,
        -0.12560096214431496,
        -0.8461101507811173,
        1.1122390600704286,
        -0.7966184925392115,
        0.10039822197072637,
        0.1750006137832033,
        1.0924051378873514,
        -0.6812647332565409,
        1.1038596796707674,
        -1.6189085032402712,
        0.19267959879922622,
        -0.6448550256663526,
        0.6774472824286982,
        0.11531909234237146,
        0.0010762508654659254,
        -1.416182885185276,
        2.0181704374077665,
        -0.48079285589000326,
        -1.220061110477146,
        -0.4831739569224417,
        0.6848959995255658,
        0.03140959468541116,
        -1.2329935695619263,
        -0.12745135628404294,
        0.4769978864996782,
        -0.377477211945612,
        0.1461251903758199,
        1.20216921545367,
        0.2685429881294524,
        0.68246710890817,
        0.49558290631646307,
        -0.8549230241305072,
        1.4230183513486414,
        1.2281411640358963,
        0.4601485820091514,
        -1.2043012127420258,
        -0.4997869839301872,
        -0.1682726211667349,
        -0.10062206655844413,
        -0.20693734171288836,
        -0.3243228781627474,
        0.5367309290128102,
        0.812562979899621,
        1.0040762594996964,
        0.44524629717559955,
        1.3116971539543887,
        -0.025840800497336266,
        -0.6632166973782916,
        0.952061504680984,
        0.9151452142783814,
        -0.7977506395765726,
        -0.48197567714265116,
        -0.33955587565139195,
        0.4429972076828802,
        1.4208932780250847,
        -0.8912541123572394,
        0.8260661417448165,
        -0.3314518172214662,
        -0.27179924466238947,
        1.2500063561893255,
        1.6155573409656903,
        0.17112830117796551,
        0.5428636846207741,
        0.5225659306765129,
        0.1591928912485578,
        0.10096456459899422,
        1.2167517655743811,
        -0.925653414437374,
        -0.27088336294702137,
        0.06630356814002639,
        0.3877743167958023,
        -0.6060333042702416,
        -0.3364604016314713,
        -0.04759379577773184,
        -0.11988136617215664,
        0.6711679082698713,
        0.9693353799712525,
        0.8236852142308929,
        -0.05714014571786611,
        0.3154948764688573,
        0.607511453235387,
        0.9587780873557257,
        0.798753213948684,
        0.24065674581955765,
        -0.23226082832567166,
        -1.181532167138538,
        0.8718399954165709,
        0.10422090449742216,
        -0.3238884537501637,
        -0.5155758129751731,
        -0.4685344665080073,
        0.4677136327400123,
        -0.07775347383142839,
        1.2450106409526265,
        0.9489940330122264,
        -0.6475113873764946,
        -0.36871130187090484,
        0.6685921249689462,
        0.6409769830382799,
        -0.24365993898728985,
        0.049829809791413424,
        0.12340818114278307,
        0.09478555293635513,
        1.2472323468906772,
        -0.054700091738290005,
        -0.27030536509781855,
        -0.3247897379272861,
        -1.3193279718598478,
        -0.44360468919995577,
        -0.48155607714729337,
        -1.0037616290319002,
        1.969142939240828,
        -0.249046431477621,
        -1.2102513171384515,
        -0.6252534497813033,
        1.2620401311951157,
        0.465699673774661,
        -1.7774843963234606,
        -0.2808545906070462,
        0.3028065441911529,
        0.737931879618157,
        -0.31378886721731963,
        1.4575041210168262,
        -0.38659895210779666,
        -0.9801058320704945,
        0.307999779716976,
        1.658096445245444,
        0.11214448017233042,
        1.1793348691077574,
        -1.0155716492389457,
        1.4470506244079455,
        0.3391988041264691,
        -0.28563225249327606,
        -1.1801797908204126,
        0.7219002834854084,
        0.06703929533449829,
        0.062206748224651005,
        2.1161858712835198,
        -0.97085829240324,
        0.9934800774190506,
        2.1161908938249794,
        0.4181872629132012,
        0.5029932644680479,
        -0.5157401075525421,
        0.8848427106004134,
        1.1363274492309223,
        0.30489257776270373,
        -0.5873647810111567,
        0.9614518609874957,
        0.0011233454547977992,
        0.38325207998718014,
        0.4384112417835302,
        1.0786246650603157,
        0.6000438210714806,
        -1.116467115964571,
        0.21741905135349737,
        0.7479160122784905,
        1.9955446754995338,
