{
    "idx": 705308,
    "fights": [
        {
            "enemy": 5,
            "fitness": 89.95106227384333,
            "player_life": 54.40000000000032,
            "enemy_life": 0,
            "time": 242
        },
        {
            "enemy": 6,
            "fitness": 30.57065437104556,
            "player_life": 0,
            "enemy_life": 60.0,
            "time": 228
        },
        {
            "enemy": 7,
            "fitness": 88.69504998251863,
            "player_life": 41.20000000000029,
            "enemy_life": 0,
            "time": 227
        },
        {
            "enemy": 8,
            "fitness": 86.33574420258549,
            "player_life": 22.600000000000243,
            "enemy_life": 0,
            "time": 374
        }
    ],
    "weights": [
        0.8372144207147385,
        0.7900709639747773,
        1.261671714009776,
        -0.6665636023353119,
        -1.328982067227352,
        0.44001064512448873,
        -1.537045504653034,
        1.2478061142975585,
        0.3641168040219921,
        1.5401775384006386,
        -0.10050883405765342,
        -0.9093277242034583,
        -1.1485288304218357,
        -1.243969689689859,
        -1.0147145785618044,
        1.4475830341720148,
        1.7852407388118874,
        0.5876359050521062,
        0.7110291323520531,
        2.2416828366302255,
        -0.8910244395674631,
        0.20843882796232047,
        0.8119962082409026,
        1.9271609440537025,
        0.7321834837128578,
        1.764490631775551,
        -1.8721988227066524,
        0.05780268281920465,
        0.7009569530054444,
        -0.057297782313826304,
        -0.12288215906097946,
        -0.7314773852335869,
        -1.4456726037785341,
        -0.8245304956530387,
        1.878827393803443,
        0.5705848881714976,
        -0.01588408780854754,
        -0.19338185966760507,
        0.09631611399793455,
        0.6274279611522685,
        -0.5636129571865324,
        -0.5052429393571392,
        0.39261613012320695,
        1.3144900472629253,
        0.1344312592512642,
        -0.955487597702934,
        1.6114454470074002,
        -0.14993057787375622,
        0.3654244385353493,
        1.1635034899236933,
        -1.19068023151951,
        1.902198907252993,
        -0.29515108329873696,
        -1.890200044822194,
        -0.9073843804066447,
        2.021643225229027,
        0.3615965345042211,
        -0.3162151155806629,
        -1.8913423955859578,
        0.24599793995708397,
        1.12331866112987,
        -0.5324427372139158,
        -1.2062091192830438,
        0.460191656453157,
        0.5113561214182725,
        0.597260167314243,
        -1.3773883124696582,
        2.179058104593349,
        -0.71850873331532,
        0.5729765956062425,
        0.845084438132513,
        -0.6746487391362826,
        0.12882203793551467,
        1.0980943544638817,
        -0.7238239472784781,
        -1.2971714316923437,
        -1.1634027459193923,
        -0.4186816255269533,
        1.4270211732757827,
        0.05506507834741391,
        -0.21852854749373768,
        -0.25759571369943224,
        0.225699705545184,
        2.315719962168411,
        0.1652097286344784,
        -0.40880817342173303,
        0.2511082743131408,
        1.2499423505484997,
        0.8722741237585615,
        -2.249668093236984,
        -1.0347541842558332,
        -1.2150720643842112,
        -0.4692607852416295,
        -0.605173095557587,
        0.8354709831075631,
        -0.41392611918153044,
        -1.2985990658196829,
        0.6731205427693003,
        2.3107490325514957,
        -0.880906162816713,
        1.6891096254474876,
        -1.4356942781659288,
        1.274722080849771,
        -0.6127860469135622,
        0.47791777400921454,
        0.7646146881168877,
        -0.5278979792389075,
        -1.7182849225523218,
        0.9255650352791591,
        -0.7593257399060661,
        -0.22130148807611594,
        -1.292570919375257,
        0.8047936740161232,
        0.2104767545776755,
        -0.6245841100186761,
        -0.5304836440230388,
        0.28120002105775704,
        -0.679222845545319,
        0.1897460971072656,
        -0.05312349639748659,
        0.481408161642131,
        0.7433193188943725,
        0.3714015803328859,
        0.146961049400827,
        2.007333286185288,
        2.438686173106846,
        0.24453560859295717,
        -0.974274091923414,
        -0.5883148022865348,
        -0.1051216352025506,
        -0.8677234628766967,
        0.4791500339981498,
        0.20559696910795694,
        0.23529680334615652,
        0.8144909363399705,
        1.0641211561167678,
        0.6191071847025736,
        1.8486767886718636,
        0.42626673797226555,
        -0.7116803355216509,
        1.6284572285701846,
        2.0015192884103916,
        -0.8988831634407564,
        0.11277648456664896,
        0.18877773585661417,
        -0.6568459264207246,
        1.4257554075363983,
        -0.7042778390503667,
        1.3475623161885186,
        0.4575550920267386,
        -0.22861165315233525,
        1.7464351705757142,
        1.8567333595591524,
        -0.12458704137425969,
        1.143014892932083,
        0.8828327524003995,
        -0.591983600492179,
        2.3996696608640824,
        0.7366610216582593,
        -0.676480843780474,
        -0.8956448327256604,
        -0.16611910212809616,
        0.017789453463557287,
        -0.254686599453369,
        0.4447309305517415,
        0.5883281855604027,
        0.18390276879260048,
        0.7084627145926146,
        0.49099615495588395,
        0.29136744325989783,
        -1.5707802416515741,
        0.1467224464920355,
        0.9232731991839916,
        0.6631671313009507,
        0.26871440421686865,
        -0.49825698200597834,
        -0.6081243005050457,
        -0.6520017068082875,
        0.49197659196722454,
        -1.756377910839187,
        -0.5250987485935529,
        -0.624552347538708,
        -0.9049748027164625,
        0.7769688612272568,
        0.4058376887120638,
        0.6155262624735797,
        0.71673301113539,
        -0.7645196678674847,
        -0.05140096806963736,
        0.8368741990887714,
        0.05657952952998556,
        -0.7547177837392609,
        0.2830949755552554,
        -0.5450638883308515,
        -0.31527048186757445,
        1.1802693545543879,
        0.6035532210155904,
        -0.6701207836220151,
        -1.1949156463460329,
        -1.8846632872178803,
        -0.6520711898922221,
        0.8875075195163906,
        -0.1358866862926129,
        2.021548674225902,
        -0.5723385253653125,
        -0.8862946338566111,
        -1.184940452194853,
        0.8656466627729186,
        1.0065899412511243,
        -1.4267741079697134,
        -0.3987157105790593,
        0.19962168497715382,
        0.7961101699496528,
        -0.5064096873534487,
        1.474776248969491,
        -0.9238871148055466,
        -1.0533143013383304,
        -0.2883694205893632,
        1.3554465273124365,
        -0.7898479470901066,
        1.4378033368873844,
        -1.0450203319775495,
        1.1818315134625546,
        0.6833136343620761,
        -0.07326674150272479,
        -1.3752096032329781,
        0.3219911453631194,
        -0.9332687390612696,
        -0.21750478619909203,
        1.441087635685255,
        -1.2419240847659103,
        1.4124650491673592,
        1.0759389080686872,
        -0.009564166596820065,
        0.9500016655894679,
        -0.45979522165297276,
        0.43848222705434975,
        1.8290385784745133,
        0.5687666751655815,
        -0.4088292405970174,
        1.1399249754411716,
        0.10559212620621326,
        0.20448413831473466,
        0.9265878231081982,
        0.8393562688527061,
        0.37742370282404325,
        -0.561389696776305,
        0.7230989895495902,
        1.0153308198692534,
        1.5224013546388424,
        0.7976391146160314,
        -0.5018871282917345,
        -0.15503227141128248,
