{
    "idx": 706609,
    "fights": [
        {
            "enemy": 5,
            "fitness": 90.22027017401382,
            "player_life": 58.00000000000033,
            "enemy_life": 0,
            "time": 265
        },
        {
            "enemy": 6,
            "fitness": 57.51936107665801,
            "player_life": 0,
            "enemy_life": 30.0,
            "time": 240
        },
        {
            "enemy": 7,
            "fitness": 87.79703951986407,
            "player_life": 34.60000000000027,
            "enemy_life": 0,
            "time": 288
        },
        {
            "enemy": 8,
            "fitness": 86.95935834262663,
            "player_life": 28.000000000000256,
            "enemy_life": 0,
            "time": 344
        }
    ],
    "weights": [
        0.3875014912131346,
        0.029950766962153902,
        1.5145698649816248,
        -1.0580467913960556,
        -2.088994304346311,
        0.9085395634181722,
        -1.2673514571140798,
        1.2863139358948876,
        -0.5923466793939139,
        1.124147099394646,
        0.1577385674253495,
        -1.1589262816742294,
        -1.4936115227815618,
        -0.19879347636762165,
        -0.42353475622086395,
        2.332030744751214,
        1.7501124140990127,
        0.7212291391203515,
        0.5056878730258991,
        2.174657714634332,
        -1.314525137304387,
        0.7467310057662586,
        1.4643988895181668,
        1.539241648346556,
        1.1415963897987147,
        1.822931420787065,
        -1.3537017694535178,
        1.0173241744379538,
        0.3567199878085553,
        1.4068001209552476,
        0.43791550692102904,
        -0.6422242070345682,
        -2.723145231877416,
        -0.6497944046005006,
        1.0030379932482543,
        1.2736732017347792,
        0.3424301208680367,
        -0.8524070752059598,
        0.136098322214331,
        -0.45584589777093887,
        -0.37420560210955256,
        -0.48279804648882285,
        0.9107570186327498,
        1.5022594136352097,
        0.27529067212141833,
        -0.2211371481955583,
        1.4491152976063528,
        -0.6262608709776046,
        1.8832932425235815,
        0.9553598103656413,
        -1.112115844946551,
        1.1096663053247868,
        -2.0708420274629433,
        -1.531867205950366,
        -0.6394990917480969,
        2.231541178828051,
        0.46254704804668256,
        0.03992532522570136,
        -2.632336052603898,
        0.18165193608972913,
        1.219262994623716,
        -1.457731590091754,
        -0.23330520586985973,
        0.6793284961395731,
        0.16716081081591663,
        0.7230513483346039,
        -0.30405834607967785,
        2.669077898648204,
        -0.6758840028035029,
        -0.2885119559527834,
        0.370438718690442,
        -0.27702211125674747,
        -0.5781635026363537,
        1.002485650336308,
        -0.4703320557174532,
        -1.3258589414866861,
        -1.7954716900375813,
        -0.5502546717555725,
        0.5548986575565573,
        0.4143937993580106,
        -0.2212512468569709,
        0.047881353537627264,
        0.925098013291453,
        2.9108261652590457,
        -0.4383020352695834,
        -0.6673861840137651,
        1.261329703194762,
        -0.23216969835245718,
        -1.052974214673031,
        -2.708748801822223,
        -0.33666058051752634,
        -0.31972952873602706,
        0.13802961349984458,
        -1.4634122704267345,
        1.969287905663317,
        -0.9134713370311414,
        -1.2448713212558036,
        0.022881135290094,
        2.2609099982272975,
        -0.9013928744093884,
        1.2662685264021705,
        -1.6305918845827614,
        0.439707918367632,
        0.2172048247582104,
        -0.8075964938048209,
        0.05736506727777935,
        -0.9133474290727591,
        -1.4041305476801882,
        1.356787933527802,
        0.4379343934956975,
        -0.21159018664212487,
        -0.9213486752873095,
        0.6543463068437986,
        0.8289918870047978,
        -1.2822784577784048,
        -0.1736103897365128,
        0.4538337826923062,
        0.03755150535709925,
        -0.40475698337600313,
        0.22965996880712106,
        0.3021330233936237,
        0.3148203262498086,
        0.9061631828165272,
        -1.7900505628050523,
        1.0532551743905954,
        3.2897612509399465,
        1.7586262266209047,
        -1.5818237716188361,
        -1.1949760728773176,
        0.27316299032039587,
        0.30591118162713005,
        0.9109616576614792,
        -0.3410497548346798,
        0.6648085957781515,
        0.21113102434234926,
        1.3782635760788144,
        0.21606083121007044,
        1.9531094537235005,
        0.3312326967825112,
        0.027816502831848056,
        1.8248320904492212,
        2.3749931484992266,
        -0.7465695877484635,
        -0.18910002988891597,
        0.20849805714238645,
        -0.9256361452983555,
        0.6630716618753296,
        -1.2275888990033292,
        0.5534570759826678,
        0.31378988044962214,
        0.1527059460864905,
        1.125047420025676,
        2.0300091587634754,
        0.10944503939492373,
        0.9053165706496542,
        1.172131344381329,
        -0.4701995629227308,
        0.5990328788639824,
        0.8339035753609388,
        -0.00804993832009554,
        -1.6040918859984095,
        0.757238106134128,
        -0.7368017141848054,
        -0.5884691215271525,
        -0.3683753831369433,
        -0.3143191599849392,
        1.5813459003083656,
        -0.2634389058054829,
        -0.06273193423203104,
        0.5468748407417735,
        -1.4140978798106556,
        0.3141295653706301,
        1.1238474058630092,
        -0.22099285255833534,
        1.3257004824377279,
        -0.790813241062998,
        -0.6292312261651333,
        -0.984971470621897,
        0.8089974013330626,
        -1.4701928234958561,
        -0.25136186242107655,
        0.2975229947164072,
        0.19913132790178448,
        0.6854065158352929,
        0.30989599212990343,
        0.1867726305006149,
        1.2688995981508135,
        0.17819547178085723,
        0.5760364372352403,
        0.7884167637871398,
        1.5197225227428706,
        -0.49670604794463635,
        -0.013468852496509129,
        -0.16177431745586238,
        -0.3631290111030038,
        0.20200572757018173,
        0.43153765806022665,
        -0.3420498207803924,
        0.029581386160122652,
        -1.8454555550436433,
        -1.104740892466682,
        0.02082874837885061,
        -0.5983985197284577,
        2.2188019569154442,
        0.9164190950596454,
        -1.2349260023585642,
        -2.850590932338446,
        0.34137651757255505,
        0.19104101793025297,
        -1.9218513337564718,
        0.6029134983192493,
        0.3406333113934872,
        0.8746734618701991,
        -0.3384899590909963,
        0.2610972743382117,
        -0.5986162092025205,
        -1.4000974858848716,
        -0.1405359846900554,
        1.2126698515003422,
        -0.3998291290247786,
        1.5573251529260168,
        -1.3351115394048152,
        1.4170409270904578,
        0.6731223689827904,
        0.5064617117542131,
        -1.5257498847794901,
        1.4269868211927492,
        -0.22208444464830882,
        0.9299899222596345,
        1.9488526339572951,
        -1.2077434823811213,
        1.2151219563467601,
        1.2596076246129138,
        0.9018179695930205,
        0.7682174106845928,
        -0.5045376477807637,
        1.2414359454283987,
        1.1696629555414355,
        1.2690829124322633,
        -0.7931426376698755,
        0.36264009130851266,
        0.1745412248984019,
        0.14669341825730928,
        -0.42985446876993083,
        1.9268259139639792,
        0.17281238390757872,
        -1.0088019558687016,
        1.3819127787831904,
        0.8933087936675957,
        0.6092430786572586,
        -0.4626724008545547,
        -0.41328525875716193,
