{
    "idx": 702462,
    "fights": [
        {
            "enemy": 5,
            "fitness": 89.37275134159978,
            "player_life": 49.60000000000031,
            "enemy_life": 0,
            "time": 267
        },
        {
            "enemy": 6,
            "fitness": 66.394197933704,
            "player_life": 0,
            "enemy_life": 20.0,
            "time": 272
        },
        {
            "enemy": 7,
            "fitness": 90.99679627126204,
            "player_life": 62.80000000000034,
            "enemy_life": 0,
            "time": 197
        },
        {
            "enemy": 8,
            "fitness": 90.3266105112725,
            "player_life": 58.60000000000033,
            "enemy_life": 0,
            "time": 253
        }
    ],
    "weights": [
        0.7078448744527358,
        0.5635348783844143,
        1.0687976968064519,
        -0.9690944121373407,
        -1.4537600673930318,
        0.7454487349892914,
        -1.402368470941314,
        1.3769915331014926,
        -0.6296167515404854,
        1.3983431359136238,
        -0.37397651087582834,
        -0.5691608956777373,
        -0.9734883703185541,
        -0.7929924758400255,
        -0.7344517607468943,
        2.3421991742846275,
        -0.46946774784003026,
        0.19899207466803853,
        -0.36873080977163974,
        2.2743697168825383,
        -1.5605429839757337,
        0.6405712631036165,
        1.6708432498022256,
        0.8651850619826071,
        0.7699119717092041,
        1.5638903781191726,
        -1.4337368936931387,
        -0.17032121783174575,
        0.8024328257801139,
        0.6415573718733991,
        -0.31694242743138556,
        -0.5642686947063859,
        -0.4216980670661439,
        -0.9952759966425262,
        0.8267733429817512,
        -0.24461342147491355,
        0.11887802257337177,
        -0.9428656069692638,
        -0.06302144571879587,
        0.7423101040512107,
        -0.1968592823297808,
        -0.9751183729342672,
        0.7063042479621707,
        1.0079613484169885,
        -0.29522415388985274,
        -0.2837899699289669,
        1.8264543847043893,
        -0.11652627080910223,
        0.3866806639852126,
        1.0968220417664418,
        -0.6545112320481321,
        1.4038750476883406,
        -1.5445031571304195,
        -1.2252229297881374,
        -0.5054278950603824,
        0.9947036799234557,
        0.1976264010373174,
        -0.3511965172910354,
        -1.7810182376756885,
        1.8028735327068173,
        1.2937218617378712,
        -0.5806624712290184,
        -0.834702524154405,
        0.08822402866126743,
        0.626905873858107,
        0.3036573281096767,
        -0.49600922408867865,
        1.054336425585153,
        -0.2426991441569516,
        -0.03187002627247898,
        0.2825450788388053,
        -0.6611668770350737,
        0.37853424526622703,
        -0.3446530991880299,
        0.07187131460628982,
        -1.9654904512327678,
        0.09824341752803359,
        -0.32746288539055274,
        0.9747512096147897,
        0.23050812385574174,
        0.2829590889666529,
        0.4128105460076257,
        0.3856233573369412,
        2.3683460555882703,
        -0.03346049293551848,
        -1.0778610969051117,
        -0.7302027764259231,
        1.1002885677582968,
        -0.26846950487915594,
        -0.2159591594053794,
        -0.28953156864349316,
        -1.4516662261874185,
        0.004631123891655903,
        0.12564309047514488,
        0.3499760917266522,
        -1.1237127211408506,
        -0.6325676718446316,
        0.04875672736736644,
        1.5855463955150098,
        -0.24059465976969102,
        1.4221675460045922,
        -1.5087105808501062,
        0.5155142692319927,
        -0.14723324945471936,
        0.12656208227978696,
        0.8729113353468958,
        0.12757191688709066,
        -2.258342103951545,
        0.6830058660828494,
        -0.3623673285241522,
        -1.102415021007665,
        -0.6737594961136498,
        0.7421592461897226,
        0.19816522097973138,
        -1.1384180623516817,
        0.27924592631930717,
        -0.1001901486869325,
        -0.6341371188587387,
        0.514765164975576,
        0.269800144514828,
        0.18009302563905702,
        1.3749680198473542,
        0.4988279198784908,
        -0.9818988575423641,
        1.3860066129945534,
        1.35879700678831,
        0.306168840593919,
        -1.1191783695777482,
        0.10911180011316073,
        0.20319916407651742,
        0.1922290052050591,
        0.17252682464550195,
        -0.045483835513940196,
        0.7506812724937565,
        0.364142611944634,
        0.93093906677581,
        0.3066812688827171,
        1.5113026925002333,
        0.7119487349569529,
        -0.5110243767105769,
        1.001670675769603,
        1.0138612806554534,
        -0.5263915931483517,
        -0.3141524273572338,
        -0.2197631812066609,
        -1.2803968774156824,
        1.6596492756404835,
        -0.8388907673107141,
        1.040783471232807,
        0.12256386318112365,
        0.1649873795584884,
        1.3564105759787668,
        0.7562173155976949,
        0.04681239814114685,
        1.5339761353455619,
        0.4672583172718548,
        0.06266619374481455,
        -0.05752129214449414,
        1.0727344972733415,
        -0.678913069726915,
        -1.0383956755438764,
        0.033628066698622644,
        0.2996156224288266,
        -0.7492274639891929,
        -0.3761496981430054,
        0.1635861258855379,
        0.23191445495507212,
        0.7058372904084175,
        0.91010377277236,
        0.4824240851064789,
        0.015031912124241487,
        -0.11479780647519147,
        0.6074280886400075,
        0.9519604958774918,
        0.2675186946136904,
        -0.6749501375498242,
        -0.18862623366795436,
        -0.9047694233057081,
        0.8057652714232444,
        -0.7967253980964365,
        -0.4192298431554782,
        0.601567490884051,
        -0.39486815659331964,
        0.5691212156277424,
        0.13801136069382752,
        0.8395264185393674,
        0.48273799061969946,
        -0.6119250403781761,
        0.2015829577037549,
        0.3725792328674917,
        0.23593488916483152,
        -0.2568762282718334,
        -0.07950050908359427,
        -0.3159759830701135,
        0.3334571021127858,
        1.3387086017218155,
        -0.06615569351905538,
        -0.22247590308654835,
        -0.503354388277768,
        -1.8087726854180712,
        -0.5313945729501317,
        -0.8707985804737666,
        -0.19610273380841842,
        2.3847441619454006,
        -0.4205377084190733,
        -1.1744044405408975,
        -1.0936664173456334,
        1.0065788447106894,
        1.0338615135859281,
        -1.6253605220845568,
        -0.12164143420522106,
        0.9407478995683518,
        0.7700917951888323,
        0.3512906797415556,
        0.8342388753402099,
        -1.1890463101483397,
        -1.503879666736148,
        0.19783440868628682,
        1.1464586718478589,
        0.3226906365189001,
        1.2301525664543143,
        -0.9469779310342769,
        1.3840582006703313,
        0.5614289745517795,
        -0.06356005667386569,
        -1.0746862043744572,
        0.8272772796016143,
        -1.1771921323953984,
        -0.032109761663031124,
        0.6151291130867899,
        -1.4373939366992508,
        1.416452963708502,
        2.0909304807970495,
        0.1234189035164242,
        0.4268103355366677,
        -0.6290955892835032,
        0.7863157023695914,
        1.3300178496297255,
        0.5316961863492377,
        -0.49546017170588996,
        0.7053353372670299,
        -0.29462870288053433,
        0.37672706275586776,
        1.2216413604366723,
        1.189116319697575,
        1.2734924195882078,
        -0.61610571459169,
        0.27528886903482735,
        0.7505450402426562,
        0.4710078737428808,
        0.9186926629536033,
        -1.1162191086485782,
