{
    "idx": 702456,
    "fights": [
        {
            "enemy": 5,
            "fitness": 90.80353644806851,
            "player_life": 62.80000000000034,
            "enemy_life": 0,
            "time": 239
        },
        {
            "enemy": 6,
            "fitness": 57.37959913428285,
            "player_life": 0,
            "enemy_life": 30.0,
            "time": 276
        },
        {
            "enemy": 7,
            "fitness": 88.1626657329815,
            "player_life": 37.00000000000028,
            "enemy_life": 0,
            "time": 254
        },
        {
            "enemy": 8,
            "fitness": 89.9666105112725,
            "player_life": 55.00000000000032,
            "enemy_life": 0,
            "time": 253
        }
    ],
    "weights": [
        0.8230847541957395,
        0.5671105389338835,
        1.1159389053992568,
        -0.94104071224532,
        -1.1963574174874896,
        0.1665004600114963,
        -1.3603503310592033,
        1.1885779455825056,
        -0.2901241977492802,
        0.8034224681469742,
        -0.22288151425442088,
        -0.7845547727696623,
        -1.6061448115204284,
        -0.020630102581469342,
        -0.8282763310621296,
        2.7721445374198668,
        0.46826105045332467,
        0.4484797495869555,
        0.0889595942874298,
        2.3751790625869273,
        -1.3561353473017665,
        0.6425545361248409,
        1.3114879973589995,
        1.1008096996170014,
        0.9713352112928121,
        1.441978242623045,
        -1.576478518770201,
        0.0879741211724578,
        -0.1499580434690078,
        0.05613925605073685,
        -0.023035737235471067,
        -0.5061255179515538,
        -0.6707844648495466,
        -0.2099962960886987,
        0.7235227419762131,
        0.23571535068282254,
        0.2950062232344941,
        -1.0051258787842132,
        0.30239437101713,
        0.47245531281178904,
        0.9429173666773275,
        -0.8361262492044415,
        0.8593927894250801,
        1.1452540189085527,
        -0.207146005237689,
        -0.29651233285210493,
        2.176950696305882,
        0.26123755053867326,
        0.424877938704028,
        0.9966372860442432,
        0.2110347511860098,
        1.4137056750976935,
        -1.4472794581149553,
        -1.193713557947151,
        -0.3459866856638955,
        1.3446305158667862,
        0.5871952514711174,
        0.6300203343749806,
        -2.154742777934747,
        0.593346038766892,
        0.79276746254805,
        -0.6811510499118366,
        -1.113002977930423,
        0.5326749573587245,
        0.1582495548691952,
        1.0450484756588727,
        -0.6133163013253538,
        2.3797014545337567,
        0.9979262720193834,
        -0.21702406705281768,
        0.6363619950535595,
        -0.053680244558479126,
        -0.4276144524212859,
        -0.3306636252913186,
        0.041479104901776684,
        -2.1250659742191176,
        -0.5022405001678991,
        -0.4387377116558697,
        1.1463142264495267,
        0.3023623997613205,
        -0.029413125587247825,
        0.3625127894144094,
        0.4179740218729905,
        2.8344479287511413,
        -0.3829936570866458,
        -0.8254702757607577,
        -0.6159126879490556,
        1.1875661386931773,
        -0.07441766570357913,
        -0.45875510737311836,
        -0.5707250524756886,
        -1.424051557681899,
        -0.1444648220834503,
        -0.07241759009389864,
        1.3622193142328287,
        -1.0235319089049604,
        -1.0042944104325613,
        -0.2409424631859649,
        1.3366248897449555,
        -0.6353199370650044,
        0.7320540550972852,
        -1.7848659828153493,
        0.32862340149720687,
        -0.818300354730379,
        -0.051047006522569396,
        0.33579956249156817,
        -0.2066574898836654,
        -2.0042695886646156,
        0.8754580993512908,
        -0.4786373156050833,
        -1.2595936710487672,
        0.12424783261210941,
        0.7523565220411794,
        -0.004925146135492969,
        -1.3456709727686431,
        -0.35356339404726167,
        0.5554041237579217,
        -0.7099527695501873,
        0.052353494433977604,
        0.2814561666727627,
        0.044326630257565176,
        0.04575980486440086,
        0.796673658795685,
        -1.1461012385290406,
        1.5250528375226415,
        1.7535448964041864,
        0.18790066061020302,
        -1.3727300861141416,
        -0.5997882269596261,
        -0.10860329652130772,
        0.004221281996297281,
        0.3538249502279169,
        -0.19279448696259563,
        0.32802065425461946,
        0.7441436715893915,
        0.84438763428704,
        0.30249147538968546,
        1.5323455686633871,
        0.10320654020739575,
        -0.7636937066693119,
        0.6464319473890011,
        0.9796713518751649,
        -1.0357648814671405,
        -0.29861678820291404,
        -0.15056478784511798,
        -0.5047725834407609,
        1.2625917306882866,
        -0.8747961915503663,
        1.1304156030013854,
        0.06305568034541391,
        -0.24036932747066334,
        1.318116096509214,
        1.2052993149686793,
        0.476983355377291,
        1.1990305851175458,
        0.9907210330508213,
        0.10351948694746636,
        0.47216671574116587,
        1.0914392853533996,
        -0.8865921410961665,
        -1.5206650554647505,
        0.14423695240565615,
        0.014205320240232786,
        -0.5592653526920351,
        -0.2665978344142164,
        0.3359184313034713,
        0.7425864862406817,
        0.6942348436712834,
        0.5929989108494942,
        0.8664191679927262,
        -0.2610439025697178,
        0.01698629542155878,
        0.7147816281637717,
        0.7621654252940593,
        0.3767061556214726,
        0.04541990103786274,
        -0.2581695236686302,
        -0.7683511690457835,
        0.1594422579345313,
        -0.08041547598233487,
        -0.08473892323370628,
        0.6352569807515265,
        -0.560866449082489,
        0.27498139209372424,
        0.09965250748210594,
        1.1610765479924934,
        0.44161044628576923,
        -0.5101216567430052,
        -0.04430056212729473,
        0.6299969900561622,
        0.4727547737785017,
        -0.4888388460772765,
        -0.25182672459425154,
        -0.1516073672812996,
        0.8222177813145173,
        0.9765890126444708,
        0.44400564393515957,
        -0.35969426837701995,
        -0.6919540512889131,
        -1.5301758331836737,
        -0.901253496903452,
        -0.7500211240138983,
        -0.26772927301501065,
        0.42377873410256794,
        -0.43894159647366204,
        -1.5244233900422848,
        -0.6903796976751346,
        0.6806009912829584,
        0.30913242098910715,
        -1.9713728358554896,
        -0.5684098629503727,
        0.6126923243070321,
        0.7698354637421799,
        -0.9088270499496666,
        0.4878379274426643,
        -1.1904915949957338,
        -1.3816098747235686,
        0.3070897491197538,
        0.6340952759867668,
        0.43125079238599334,
        1.3357761823926233,
        -0.6302778904163449,
        1.3130709537167304,
        0.521554739704903,
        -0.2872434446954921,
        -1.2138008186206635,
        0.519965545724319,
        -1.0978095391164384,
        -0.2212072893702336,
        1.812149966843265,
        -1.2798666041194733,
        1.1572171052006062,
        1.358737292901517,
        0.2760752043564967,
        0.36280674451996653,
        -0.5475000766523449,
        0.626897110589264,
        1.0255224980269042,
        0.7799597976474948,
        0.11128341328545038,
        1.0397310860437043,
        -0.32509907087647005,
        0.3127900621277135,
        1.199001876269014,
        1.0326983897960669,
        1.1840670907170772,
        -0.8031735105851403,
        0.22316278446386262,
        1.0198159606101203,
        1.6482245950986576,
        1.0042950412336153,
        -0.6145301308512686,
