{
    "idx": 704187,
    "fights": [
        {
            "enemy": 5,
            "fitness": 90.08353644806851,
            "player_life": 55.60000000000032,
            "enemy_life": 0,
            "time": 239
        },
        {
            "enemy": 6,
            "fitness": 66.36521039683075,
            "player_life": 0,
            "enemy_life": 20.0,
            "time": 280
        },
        {
            "enemy": 7,
            "fitness": 91.05173296930549,
            "player_life": 63.40000000000034,
            "enemy_life": 0,
            "time": 198
        },
        {
            "enemy": 8,
            "fitness": 88.44324619773175,
            "player_life": 41.20000000000029,
            "enemy_life": 0,
            "time": 292
        }
    ],
    "weights": [
        0.2870506120643514,
        0.5414692384260553,
        0.9063396513782702,
        -0.3237795659391744,
        -0.783955155236723,
        -0.013862935488990952,
        -2.005184658288131,
        1.208949251146193,
        -0.6873579382489087,
        0.9731241688800653,
        -0.9153027548003116,
        1.2723816269230581,
        -0.8732105917945227,
        -0.5818202163450795,
        -0.42642143872671284,
        1.4180491723864452,
        -0.7364986703203424,
        1.1365473351069038,
        0.12592129485262865,
        1.271998577532263,
        -0.9364276884323872,
        -0.48582997248651855,
        1.9511974390233044,
        0.6859806083060841,
        0.692202339233279,
        3.1929771242173826,
        -0.9188662099894246,
        0.17189245949017237,
        0.6916988897324904,
        0.4110626166745298,
        -0.6809532129737641,
        -0.19355779889573627,
        -0.7619935172005308,
        0.5351245143563785,
        0.8927545478819642,
        -0.5102670619970023,
        0.21387650098805489,
        -1.10087309995003,
        -0.7802229597927514,
        2.259352500115763,
        -0.5176613643032768,
        -0.6716385329977735,
        0.8723577483880073,
        0.864252498080169,
        -0.691507002658657,
        -0.36579911819664956,
        0.773188406107948,
        -0.02643187117365927,
        -0.6186173535419975,
        0.4709320233933271,
        -0.9745854018619382,
        1.4822504438502673,
        -0.9003965051137509,
        -1.006023521837711,
        -0.21220221079800597,
        1.5808297461769791,
        0.7046911491934807,
        0.0324348034262939,
        -1.811096879787754,
        0.3591436783201641,
        0.8131310584659802,
        -1.097163500394201,
        -0.6914305104453051,
        0.7873294806323925,
        0.8237544525293862,
        0.6334224900798175,
        0.1661399704703837,
        1.0533949917784673,
        -0.5244762846124159,
        0.14174828664627115,
        1.1147160312891338,
        -0.35705553955712244,
        -0.8607393673557161,
        -0.08155066808152686,
        -0.47737644946735813,
        -1.6816927242510924,
        -0.7495460844745121,
        -0.8713466246481707,
        0.7468931293098029,
        0.49266126165683777,
        0.3153670085445542,
        0.20215485226932456,
        0.471073443214667,
        2.078924664816141,
        0.3713352067877853,
        -1.004469058724228,
        -0.5110755529260125,
        1.0051361035995878,
        -0.2580496034180845,
        -0.6564422711267659,
        -0.2563976377189828,
        -0.7259289643787863,
        -0.8668928662794009,
        0.025008183642554117,
        -0.011977207376615215,
        -0.1346685396007915,
        -0.6811976037717417,
        1.04552220502113,
        2.081987436440561,
        0.053539695916491326,
        0.6503261820576077,
        -1.659245788023683,
        -0.40078979827328326,
        -0.9204741436239146,
        -1.0187109486775718,
        0.4958728215953108,
        0.6546308932275714,
        -1.6652089021670908,
        0.623220609857112,
        -0.6143384606193796,
        -1.1667142564903943,
        -0.5082283948259133,
        0.6577421086710777,
        0.7784135212044815,
        -1.5008498967984056,
        0.522851397696076,
        -0.2924628424039081,
        -0.9838871807931788,
        -0.12306635468955782,
        0.2625272489620678,
        0.9499500803795995,
        0.7864282594817207,
        0.9496122399679813,
        -1.1025598787142936,
        1.4256735027050684,
        0.847076798359019,
        0.737285903797738,
        -0.805496485458026,
        -0.849667504516706,
        -0.8532660616238801,
        -0.0838379482242908,
        0.274816723128021,
        -0.9968964953345789,
        0.3382788820305951,
        0.15452463992140855,
        0.8695645823665994,
        -0.6838957568288848,
        1.3790088903160267,
        0.19338593152684935,
        -0.14754634188986773,
        1.1889208798585547,
        0.6607619713152666,
        0.3236651517352811,
        0.31885840471637117,
        0.5474100629831177,
        -0.40393465329428674,
        1.9616778439567728,
        -0.8328783108137079,
        1.063840826022779,
        -0.36316011584269126,
        0.41050774302499593,
        2.3413511225848187,
        2.1075644898363466,
        -0.47233682669801147,
        0.7785721568396242,
        0.24126915619187989,
        -1.4340015935416388,
        0.4613597387783087,
        0.5312434234939245,
        -0.881519123970025,
        -1.6562934954149469,
        0.6275915840212787,
        0.34076702319864494,
        -0.9527306423516343,
        -0.25107936091156063,
        0.4795866293108104,
        0.21442953529516495,
        0.7391324650163396,
        0.6309064334004016,
        0.015042732724332625,
        0.4152637929141388,
        -0.15521937710962969,
        0.23697284421890352,
        0.28722572796179846,
        -0.21498225882910688,
        0.9751389654335059,
        -0.028210049479804593,
        -0.8813176185962308,
        0.012434286091225835,
        0.45152746602884614,
        -1.0914151494646267,
        -0.5935641295356299,
        0.6773515757909631,
        0.6039756572362749,
        -0.1503160375526183,
        0.16045966072944118,
        0.007294138389507123,
        -0.7422883197712805,
        0.4448416618943409,
        1.4696321606512737,
        0.5406900820739543,
        0.33633545805473075,
        0.15145694136172602,
        -0.29652393594710075,
        0.07459885335694555,
        2.024366672549386,
        -0.5092279801646595,
        -0.8716178848953887,
        -0.1264561521156767,
        0.004085065966342227,
        -1.3809037172388214,
        -0.7989571597409619,
        -0.0764504320401734,
        0.5546142151259008,
        0.008943266498663172,
        1.0435702981696704,
        -0.764364914335229,
        0.26595756509292207,
        -0.12184585092008866,
        -1.1684673054190615,
        -0.004862098570465469,
        0.797519522752819,
        0.7914338008517267,
        -0.9754091984991589,
        0.49353099107647297,
        -0.6661108950181165,
        -1.5143825450936919,
        0.8067315811423313,
        0.021663163505188814,
        0.5341362106899114,
        1.7506094118234823,
        -1.207435900560747,
        0.8073431372931416,
        0.8601086305053366,
        1.1797934820962042,
        -0.9648621930069361,
        0.9944863424201917,
        -0.41919968879339986,
        0.19081552352714415,
        0.860020764824874,
        -0.7494065363268299,
        0.5505565721709915,
        1.4549123577597571,
        -0.5284251087292676,
        0.31240565108352997,
        -1.2663753529398396,
        1.0071301531558527,
        0.714736397968429,
        0.2989102493600688,
        0.5115863351133161,
        0.8112289838820897,
        -0.1534814882682616,
        -0.21361750078005867,
        1.224970098495122,
        0.33014268681974934,
        0.03215743022950995,
        -0.5084253541221231,
        0.6206273619606834,
        -0.31441152020002083,
        0.8180176347650915,
        0.9965825808912111,
        -1.4390200790652412,
