{
    "idx": 713611,
    "fights": [
        {
            "enemy": 5,
            "fitness": 90.6402701740138,
            "player_life": 62.20000000000034,
            "enemy_life": 0,
            "time": 265
        },
        {
            "enemy": 6,
            "fitness": 48.59282822853988,
            "player_life": 0,
            "enemy_life": 40.0,
            "time": 223
        },
        {
            "enemy": 7,
            "fitness": 87.19703951986408,
            "player_life": 28.600000000000257,
            "enemy_life": 0,
            "time": 288
        },
        {
            "enemy": 8,
            "fitness": 86.99788162462296,
            "player_life": 28.000000000000256,
            "enemy_life": 0,
            "time": 331
        }
    ],
    "weights": [
        0.9673332816441957,
        0.509504923913762,
        1.2745669163354172,
        -1.0764930582539598,
        -1.5343056568534512,
        0.7251130787398372,
        -1.4948637498183153,
        1.147099850291278,
        -0.6893106526577789,
        1.6538419346225592,
        -0.32031040878955236,
        -0.5907906177027648,
        -0.8042195579894499,
        0.3253556489427833,
        -0.6982801944784129,
        2.7824584360450104,
        2.1477735507600806,
        1.9329733905649713,
        0.100315825944777,
        1.861644323192168,
        -1.3397497719457108,
        -0.0681109371679589,
        0.974735151943268,
        2.3940793781036125,
        0.658316012943337,
        1.376219480645816,
        -1.6141903017535586,
        -0.05657182342843848,
        1.0758191377866464,
        0.3524738809647108,
        -0.46919882271265007,
        -0.5476086421579373,
        -0.18225280271256875,
        -1.3333814709614629,
        0.9470669686488381,
        0.39776637165570705,
        0.42796851882621084,
        -1.2989038130080475,
        0.020412673196823668,
        0.6645500424768035,
        -0.7772874219559238,
        -0.4480244888569001,
        1.211415358153357,
        1.4221117968414827,
        0.4366389102578358,
        -0.5562385180625605,
        1.4235834674265935,
        -0.3734490657680547,
        0.706719606037857,
        1.1668486850508406,
        -0.41570137439849486,
        1.4546887859322926,
        -1.8385082953038498,
        -0.129252840962908,
        -0.6855219203176569,
        1.824033505298447,
        0.2950741173004386,
        -0.2948085543180116,
        -1.8134934128282851,
        1.2665552034267515,
        1.022063302638374,
        -0.7392344573620064,
        -0.5679576838365002,
        0.33134018928877407,
        -0.005226094192422398,
        0.5263167853773462,
        -1.4987082608927014,
        1.172014005910275,
        -0.18543793887302498,
        -0.577467840352919,
        0.37293658773831534,
        -0.904086703977792,
        -0.6893955836340423,
        0.30696315645761546,
        -0.013355600093122828,
        -1.4287475364749962,
        -0.43326463515386454,
        0.008290341528879482,
        1.166405066353802,
        0.43136033327997947,
        -0.02292719146787537,
        -0.09121076099594805,
        0.3956625817055301,
        3.137650666618817,
        0.18329227261271902,
        -0.02431652827421718,
        -0.38081056424499377,
        0.4350629498837016,
        0.8515081818331743,
        -1.4670751640166741,
        -0.822357170872535,
        -0.6680922212618271,
        0.4325530971901311,
        -1.1424629294325017,
        0.8220545918620666,
        -0.6975146550675236,
        -1.0175508623629546,
        0.7551981462996318,
        2.972205971513717,
        -0.4985986334201779,
        0.9602758950246502,
        -1.9699811750420873,
        -0.09915500423016253,
        -0.3413961690576466,
        0.3427197684619448,
        0.9264875719372742,
        0.035208842587214004,
        -1.0289279507009785,
        0.8198141253378534,
        -0.8441251526145472,
        -1.2804090393857295,
        -1.226273884976016,
        1.5573567373297,
        -0.0822505651377595,
        -1.0843433197649206,
        -1.1011882905834365,
        -0.5196420990192384,
        -0.4054264223133506,
        0.03182000534305137,
        0.24521953722288065,
        -0.024654564866471947,
        0.11812816492324882,
        0.9264771450924154,
        -0.48867990147454154,
        1.5839060299738288,
        3.416659598544742,
        1.1742814969149682,
        -0.8179612422768616,
        -0.48275179435763904,
        -0.24209120675120135,
        -0.6671174043693074,
        0.4515046264170516,
        -0.20745386129692417,
        -0.07070159567281291,
        0.021071117159615353,
        0.7399950289694361,
        0.5046782327876492,
        1.4584444616552243,
        0.3597908534358484,
        -1.0278267223876256,
        1.06603650689263,
        1.9473268579886123,
        -0.9357158476254349,
        0.5522428017181134,
        0.21228016346989328,
        -1.1695763228281573,
        1.333926860639105,
        -1.6326021124862662,
        1.8689172072972846,
        0.6526589700961114,
        -0.1820352203169231,
        0.8828354287809498,
        1.7883943236109312,
        0.06145916318099695,
        1.5788902703520067,
        0.8827881539095432,
        -0.49012418187445295,
        1.7209764412561217,
        2.329455904099459,
        -0.37207695094083154,
        -0.8156581241740056,
        0.2720441261377949,
        0.7033560921427312,
        -0.3207220175912259,
        -0.2919213896963628,
        0.05849783773726174,
        0.035031793561485725,
        0.7237360592114747,
        0.2800717730691147,
        0.5976985462161826,
        -1.3375365740909706,
        0.024087637614800844,
        0.7719233359957669,
        -0.07430797869344388,
        0.11030042365191023,
        -0.594191641159741,
        -0.9745080040290937,
        -0.8789876802854287,
        0.40868530874932213,
        -1.6027878667224535,
        -0.24230099825239645,
        0.25459777983606474,
        0.4915243828817356,
        0.30495361022024187,
        0.647358910357567,
        0.8769479140040753,
        0.7506983281019757,
        -0.37431503947160916,
        0.16272077096167697,
        0.689121307945471,
        0.42305703788724514,
        -0.037579152028044016,
        0.3363861893068266,
        -0.671865423450748,
        0.0494846106451899,
        1.2208209267841574,
        0.32379470586885534,
        -0.31448879933412166,
        -0.2632741168531185,
        -1.7086482376162948,
        -0.31098046811382574,
        0.19901154730660697,
        -0.5949423146768023,
        1.2491977981107234,
        -0.6206646220257371,
        -1.4699453347864881,
        -1.6288846628863207,
        0.3588611427287013,
        0.4810561792077179,
        -1.489978584710144,
        -0.7715824909632016,
        0.58275120239699,
        0.882351765188909,
        0.05763566176711928,
        0.8640877570625667,
        -0.8013598573447672,
        -0.9771172243573608,
        -0.3915607049039737,
        0.9941750509267435,
        -0.975229418432428,
        0.9812611059444106,
        -1.480503738182635,
        1.6923318005058834,
        0.02034121117492249,
        0.30330987712083035,
        -1.7474058356721125,
        0.5881934968184583,
        -1.2764491965884015,
        -0.2863329537002107,
        1.0799027097374436,
        -0.9240900477227683,
        1.8869864748504923,
        1.3133705061291618,
        -0.06799590744357811,
        0.43476119353496767,
        -0.057400957026282534,
        0.7283812941902079,
        1.36217627485149,
        0.20041406085306132,
        -0.7007730170756249,
        0.7081724640664308,
        0.10348152620155086,
        0.559653503517112,
        0.229721591410462,
        1.1594390293195993,
        1.3167563147633654,
        -1.4342654121436331,
        0.5984837246825973,
        1.8607330591078002,
        2.1198796543051146,
        0.8299086979002553,
        -0.6370613857812338,
