{
    "idx": 706152,
    "fights": [
        {
            "enemy": 5,
            "fitness": 90.6402701740138,
            "player_life": 62.20000000000034,
            "enemy_life": 0,
            "time": 265
        },
        {
            "enemy": 6,
            "fitness": 66.64814186652393,
            "player_life": 0,
            "enemy_life": 20.0,
            "time": 211
        },
        {
            "enemy": 7,
            "fitness": 85.29288973525115,
            "player_life": 10.000000000000231,
            "enemy_life": 0,
            "time": 301
        },
        {
            "enemy": 8,
            "fitness": 86.95935834262663,
            "player_life": 28.000000000000256,
            "enemy_life": 0,
            "time": 344
        }
    ],
    "weights": [
        0.7865424225996731,
        0.316473586014576,
        1.67235037389079,
        -0.789118884662194,
        -1.636695084393616,
        0.5263712108200188,
        -1.4527926821421522,
        0.9123933468603854,
        -0.17426111121017412,
        1.134482008690544,
        -0.18384296743761955,
        -0.39568504693202083,
        -1.2434834245748696,
        -0.8906740707235371,
        -0.7495826225373855,
        1.4952633050898283,
        1.8244498389838768,
        0.6214388849632165,
        0.5863788982484879,
        2.51659937038805,
        -0.8777918453276862,
        0.18420750247455628,
        1.6456297416713257,
        0.8998410581757594,
        0.7094198340881561,
        2.1948474487249316,
        -1.9515808440472724,
        0.4336434971518663,
        1.4805353040601963,
        2.274175298340505,
        0.12653757050402042,
        -0.7531213185256495,
        -0.5848244043651764,
        -0.8905948116988258,
        0.6992644257758343,
        -0.3871331042241451,
        0.21678916227606193,
        -1.0405919246431587,
        -0.5682167735635592,
        -0.08977495875957689,
        -0.02363091672918107,
        -0.6974481095255693,
        0.7510285535295248,
        0.941043534213819,
        0.4443402141552275,
        -0.09380693824296855,
        2.2727056228273472,
        -0.46425203723829356,
        0.6322553535062472,
        1.5229998929836188,
        -1.0455056436238677,
        1.8783498993149186,
        -1.727323603001737,
        -1.2490590826209804,
        -0.43749093676561773,
        1.625495382616339,
        -0.04280590639841031,
        -0.1404375506065586,
        -1.526533511038059,
        0.23360297518294768,
        0.8763987293450783,
        -1.3050967157708602,
        -1.1884140082599417,
        1.2297654375002505,
        0.19988242536322184,
        0.7150826563869909,
        -1.3882747767222348,
        2.507484590618104,
        -0.7855630510834616,
        0.6836715950918429,
        1.1743788515732552,
        -0.7414041917770078,
        -0.29525379903179133,
        0.7528330687430541,
        -0.6447682481558833,
        -1.34005297543846,
        -1.112760813261743,
        -0.7604197848268952,
        1.8648366349754935,
        0.016808392498549735,
        -0.19975557002725625,
        0.1915281995072263,
        0.41724713703143823,
        3.2569466380809042,
        -0.7527636037197529,
        -0.22523579384996908,
        0.31129520699097835,
        0.7821390502411231,
        0.26910406779467344,
        -1.682689088313197,
        -0.4967036677083021,
        -0.7499474266358298,
        0.07991954197776449,
        -1.6473520002725603,
        1.3598520695821392,
        -1.0542343197244965,
        -1.7914010898572297,
        0.22342985951938074,
        2.7007389601488243,
        -1.1781050890976084,
        1.739873540387661,
        -1.0499040590423403,
        0.5219176867267085,
        -0.666486517222328,
        -0.057084811787434436,
        0.11165066891045242,
        -0.6581815370495694,
        -0.8252389541784398,
        1.0167175244574453,
        -0.05221221618548331,
        -0.32298152607739483,
        -0.9274644719568246,
        0.8617994234841417,
        1.2258249532746015,
        -1.1173773129899665,
        -0.2661424443548621,
        0.20986511895577822,
        0.0024404174801081983,
        -0.24300527529641475,
        1.548875063631981,
        -0.11848877426272875,
        0.21340228647661846,
        0.7581562825770035,
        -1.901680532211941,
        1.2438188531580756,
        2.6283331204755376,
        0.21127929938643553,
        -0.9223245364451428,
        -0.15258219207721765,
        0.040601656688352444,
        0.09050137079510777,
        0.8218975925717203,
        -0.21890710816123726,
        0.3262246024424337,
        1.312897840677878,
        0.8031263346873269,
        0.5353821853621283,
        1.7172477517915445,
        0.5584782876174434,
        -0.13380251775809246,
        1.7675297778182308,
        2.1228449844081143,
        -0.9050332077572599,
        0.31632486534760207,
        0.11320171286342301,
        -0.19980496079321683,
        0.9865001079339005,
        -0.5833520213354507,
        1.091466884924917,
        0.08072980229815588,
        0.11562850733551479,
        0.6560930882438615,
        1.678928968365585,
        0.30533622708261254,
        0.9288854016277562,
        1.231993501309732,
        -1.0469307815315885,
        0.8160954471353029,
        0.9028235869712015,
        1.0371520099563125,
        -1.4162938549847248,
        0.6960498067528355,
        0.8246878450088284,
        -0.06572216814143628,
        0.07532176440591049,
        -0.21312482121584025,
        0.861778280973289,
        -0.1343486680695628,
        0.30100680913088823,
        0.41110353016604445,
        -1.4790024015720087,
        -0.09277013226528935,
        0.8390167056581146,
        0.4964058486149462,
        0.209665277847628,
        -0.8044342151600076,
        -0.9779605967971673,
        -1.038829526448051,
        0.7700188467104377,
        -1.4555227283079544,
        -0.40587783450371206,
        0.3872224133908684,
        -0.839201445969447,
        0.4032834348188526,
        -0.010663307379590481,
        1.0643449425780755,
        0.24776450407175088,
        -0.024751954938574454,
        -0.1717319210981805,
        0.6596562669078412,
        -0.2462288978666581,
        -0.43656157045723937,
        -0.17097853118171524,
        -0.5964380335982726,
        -0.09561521036389864,
        0.030724369943513782,
        0.733434808897364,
        -0.16946327130013805,
        -0.654279363823672,
        -1.7872047611075381,
        -0.5809125274872132,
        0.515314346707948,
        -1.2125054478370338,
        2.293267783121378,
        0.6446957992526348,
        -1.3177534510779088,
        -1.3851511578069768,
        -0.12347308509315108,
        0.7905751198125809,
        -1.484643124567048,
        0.28787081068927733,
        0.463015702296518,
        0.6951509879794199,
        -0.06089900879503753,
        0.9718391665491027,
        -1.0746286384338626,
        -1.3899322186179377,
        -0.38266272869273754,
        0.6240960402043059,
        -0.45736538067902843,
        1.2472218548122367,
        -0.8064982308621498,
        1.2369270391936837,
        1.1536945030947552,
        0.3279733285509933,
        -1.4831455845630437,
        0.6723934745522447,
        -0.9661735861218699,
        0.6027060698344093,
        2.009905114551433,
        -0.6112254709825826,
        1.6651095238238884,
        1.433830792981481,
        0.5012697002866106,
        0.5587881546530648,
        -0.10168322850518013,
        1.1557647857414848,
        1.1292336972853971,
        1.5229799346277184,
        -0.9052573663519191,
        0.4920621324363108,
        0.37785866714042315,
        0.48820272464085096,
        0.788033059646635,
        1.3701508801870945,
        0.14422010199166174,
        -0.9655456511520097,
        0.9664025462874759,
        0.9655780128907067,
        0.30326853043288554,
        0.5101896902942072,
        -0.1122430445619734,
