{
    "idx": 703341,
    "fights": [
        {
            "enemy": 5,
            "fitness": 86.48559716573517,
            "player_life": 23.800000000000246,
            "enemy_life": 0,
            "time": 363
        },
        {
            "enemy": 6,
            "fitness": 22.171686262697698,
            "player_life": 0,
            "enemy_life": 70.0,
            "time": 125
        },
        {
            "enemy": 7,
            "fitness": 90.27679627126204,
            "player_life": 55.60000000000032,
            "enemy_life": 0,
            "time": 197
        },
        {
            "enemy": 8,
            "fitness": 86.2024637949176,
            "player_life": 21.40000000000024,
            "enemy_life": 0,
            "time": 379
        }
    ],
    "weights": [
        0.7727403953745877,
        -0.5015644492952632,
        0.4993067167687052,
        -0.6657690014984805,
        -0.9859298913195877,
        0.9680919062461548,
        -1.3055618067946253,
        0.5695455668456385,
        -0.8928643776657808,
        0.6409313975834781,
        -1.136624350855453,
        1.0093371799904003,
        -1.0996258299149524,
        -0.322287736686484,
        -1.0596652383537064,
        1.7956138797660541,
        -0.5282857324996915,
        1.427625124031323,
        0.4931995336690776,
        0.5608171100100201,
        -0.8637715766715307,
        -0.022507234066287213,
        1.9225343598468099,
        0.5740919333971634,
        0.7137148202736913,
        1.1294974093534669,
        -0.7640871177181935,
        0.41140769312698094,
        0.5695117826403894,
        0.2588633115690807,
        -0.5179775416486823,
        -0.13769354154403105,
        -1.0124421294372714,
        -0.23253834560225836,
        0.6700454122273733,
        -0.2709113126382513,
        0.9657680820913265,
        -0.8546356694390578,
        0.7447799498438371,
        0.3137312066718497,
        -0.363121547434927,
        -1.2634529330042417,
        0.7839164456193454,
        0.8040384044053099,
        -0.14800613977930466,
        -0.9149724437744619,
        0.8452175189096477,
        0.38505476828332574,
        0.042288632972856274,
        0.9834942305972473,
        -0.25418361939998313,
        0.9481152580527277,
        -1.0896875315309822,
        -0.7674141605632817,
        0.4418830305956659,
        2.3583210834152397,
        0.8413587406897522,
        -0.381092290475729,
        -1.6142564547113871,
        0.47612746858936283,
        0.5967458862224831,
        -1.4437981924103842,
        -1.1492430276726109,
        1.0209854785327142,
        0.2957897224366941,
        -0.20439729666535164,
        -0.46788739775238375,
        1.590714432417753,
        0.013057821244524193,
        -0.5659256260001245,
        1.1276695053784689,
        -0.1569298205899232,
        -1.2627607440616606,
        0.434859945356929,
        -0.7594001712029558,
        -1.893206400371326,
        0.9183972429637937,
        -0.8275726404071718,
        1.0223159637399872,
        0.38550286493445746,
        0.8578279594786838,
        0.36930925303689716,
        0.5481121724705468,
        0.3068059639000277,
        0.14110446115926525,
        -0.13374125707834586,
        -0.3226655040388406,
        0.8241103545826883,
        0.45073291951566724,
        -0.17614222671953872,
        -0.2531034394719472,
        -0.48025070751773524,
        -0.12626226425985287,
        -0.9199742087799005,
        0.41304041786118106,
        -0.08670108821062121,
        -0.085908015891722,
        -0.30200911632409405,
        1.80333103283001,
        -0.9389720208501366,
        1.3032645681133488,
        -1.362631020154765,
        -0.1940327690584387,
        -0.3719055576317234,
        0.046105157557451835,
        0.15208799614541801,
        0.3659033242599193,
        -1.4526353013860753,
        0.9307289632345743,
        -0.6805716421837129,
        -1.7280586449415536,
        -0.1452258516001116,
        0.6736518331451736,
        -0.25145835598858673,
        -0.7720981276569067,
        0.45219179747589777,
        0.17619193293068042,
        -0.540366908506268,
        0.035957731258764426,
        0.6587819683284871,
        0.2325954742787013,
        1.1307018663403177,
        0.22992970318497705,
        -0.9797871019014773,
        1.5479867122314623,
        1.0097054394456524,
        0.018608454422879235,
        -0.8215945126729147,
        -0.21162678619383302,
        -0.5572081584052447,
        -0.02650096811707691,
        -0.001302444930265767,
        0.05554069930271735,
        0.2677195704028927,
        -0.3238908913765015,
        0.36441865242011917,
        -0.2507316005726973,
        1.2462571303022707,
        0.8161233324834184,
        0.4096044132740588,
        1.0277248585280867,
        1.219200941000872,
        -0.4192816350347954,
        0.26591453415328464,
        0.36277572241324063,
        -0.6631685859571905,
        1.003051520810237,
        -0.6406439935449689,
        0.9047742466434023,
        -0.4535077937038966,
        -0.5839104318017775,
        1.6213556053531164,
        1.038270689289092,
        0.32720399399705935,
        0.974442406279956,
        0.2868215553158808,
        0.21116919903469444,
        1.3107604801671762,
        1.4435434293887854,
        -0.7023604164927966,
        -0.5439090423216675,
        0.14948739737933175,
        0.19929994016152427,
        -0.6484190149296507,
        -0.0579206533870235,
        0.0917767538526866,
        0.48645558010038814,
        0.018374337831539626,
        0.9482828371362991,
        1.1249949707788096,
        0.22381419613075348,
        -0.17452842150192757,
        0.10544097986230377,
        -0.047232631200769024,
        0.44762041836448996,
        0.07772651002868157,
        0.089744238651496,
        -0.4765007353132153,
        0.3064360872100046,
        0.025257046451793965,
        -0.621044609257858,
        -0.3424476174004191,
        0.13450241683462705,
        0.6638694964416646,
        -0.14063230294612067,
        0.7473134307864654,
        -0.1001380807990254,
        -0.5950488000527614,
        -0.01528517732707875,
        0.2059488368040419,
        0.16246632684784187,
        -0.06656364524033465,
        -0.21683748665684666,
        -0.45282724621454096,
        -0.3540430379337234,
        0.8591063549721571,
        0.814824749229824,
        -0.9542381839948942,
        -0.845995764866595,
        -0.8242023976328975,
        -0.533581462532833,
        -1.0469279423352937,
        -0.4446805068050897,
        1.002360602079619,
        0.269971636953755,
        -0.8338541268191584,
        -0.8348681609832347,
        0.7523298791981197,
        0.8974842891735844,
        -1.205966538501658,
        0.02163912170475598,
        0.478214392052849,
        0.7276801126508504,
        -0.7131950471883315,
        1.1911308229194775,
        -0.3133111272089396,
        -0.500927184721301,
        0.05707497852901766,
        0.7418138220377628,
        0.3721495372528897,
        0.6558000093667663,
        -0.8302381405013806,
        1.3884667296624,
        -0.3297253123335361,
        0.4550157152178683,
        -1.094399679844227,
        0.8888128087016055,
        -0.10291919298736278,
        -0.11099540310911796,
        0.6835262031558107,
        -1.3657927764569737,
        0.6230471256851007,
        1.7068930815367325,
        -0.5172269272868796,
        1.0915575241267579,
        -0.757140027406877,
        1.4398067924666664,
        0.6865452364150909,
        0.6686799760027208,
        -0.128495631730326,
        1.3029478665290473,
        -0.0707209027848836,
        0.7232672073017627,
        1.1475000661494967,
        -0.06561519339523757,
        0.9215727495838132,
        -1.1923704345377795,
        0.017309602591657244,
        -0.17617300018057527,
        1.9674010658591652,
        0.45439104480228054,
