{
    "idx": 703319,
    "fights": [
        {
            "enemy": 5,
            "fitness": 89.52283177470683,
            "player_life": 50.20000000000031,
            "enemy_life": 0,
            "time": 244
        },
        {
            "enemy": 6,
            "fitness": 30.59282822853988,
            "player_life": 0,
            "enemy_life": 60.0,
            "time": 223
        },
        {
            "enemy": 7,
            "fitness": 90.69679627126204,
            "player_life": 59.80000000000033,
            "enemy_life": 0,
            "time": 197
        },
        {
            "enemy": 8,
            "fitness": 89.95936107665804,
            "player_life": 54.40000000000032,
            "enemy_life": 0,
            "time": 240
        }
    ],
    "weights": [
        0.9833864807403765,
        0.3092251661027257,
        0.7664380407434632,
        -0.7012563160923395,
        -0.6001584657695859,
        0.5784192509133673,
        -1.4015217738282495,
        0.7481059899739131,
        -0.9617281533909843,
        0.4248750325565736,
        -0.8033861150338232,
        0.49326108927505863,
        -0.9969222495069929,
        -0.4166176680465602,
        -1.0370437157873507,
        1.4748605929884875,
        0.14990622593298986,
        1.76899857906962,
        0.5713442438085008,
        0.5136918279391303,
        -0.5424247540728978,
        -0.3879523327196531,
        1.82312893815551,
        0.8172344646377974,
        0.597412665215567,
        1.8484620514765069,
        -0.5955068015656729,
        -0.1195155202174302,
        0.5039077721758987,
        0.06802396676566043,
        -0.7112034610383974,
        -0.37786730897779147,
        -1.2630740148031019,
        -0.20125813657526898,
        0.4683722614393317,
        -0.7850529610881983,
        0.8813154916389678,
        -0.7038176018267496,
        0.2840197625919054,
        0.4685383721852807,
        -0.4686345920798366,
        -1.0905312295984384,
        0.6458550052166945,
        0.16778870074256302,
        -0.1722706963772097,
        -0.8941681818472098,
        0.5340492453368069,
        0.32654495455898835,
        0.40605445168119664,
        0.722654806101065,
        -0.0920307986274913,
        1.112591759693885,
        -1.545694516099985,
        -0.3920304040833134,
        0.510637833305928,
        1.8759769371442985,
        0.016303071105461205,
        -0.2903921856950689,
        -1.7569342079427037,
        1.0401823108906245,
        0.6716737619297728,
        -1.2552055685212644,
        -0.9766884795221448,
        0.08611017163773015,
        0.2587192933657328,
        0.7082674773894613,
        -0.5303517300514089,
        1.010664930238242,
        -0.6092729055559319,
        -0.642962107625292,
        1.0353615027696046,
        0.2164940503839482,
        -1.4141369620606465,
        0.1523572266630448,
        -0.7579345149893517,
        -1.6893099477618176,
        0.07205957463501189,
        -0.6945400590829879,
        1.2610231818447748,
        0.6535417347775283,
        0.5505441436851319,
        0.3942192097088904,
        0.3298144217739459,
        0.35216696895955113,
        0.14994894110896775,
        -0.7745515063629058,
        -0.15119381536563603,
        1.1984318925459048,
        0.335424240430079,
        -0.276007712341515,
        -0.2547266699084154,
        -0.7102193735802654,
        -0.5809769531827795,
        -0.634323729590323,
        0.3842127294340304,
        -0.1473772222851899,
        -0.5340436376462846,
        -0.3225721844553552,
        1.390911988511442,
        -0.9545078978476735,
        0.709262447221557,
        -1.3716737716417293,
        -0.7038707134873944,
        -0.7765375116268767,
        -0.0037611614854723176,
        0.09859764480970976,
        0.7915989521699731,
        -1.7240503308426618,
        0.5811200796117493,
        -0.6528975994432652,
        -1.4802146903297904,
        -0.19950592887039897,
        0.8447327647921872,
        0.6296023037971364,
        -1.255750634909237,
        -0.3193431067519392,
        0.26124628541826556,
        -0.6875921005516517,
        -0.08256750892301652,
        0.6609139674834126,
        0.24383614374931611,
        1.6839130928290502,
        0.32437748988846343,
        -0.9402982501286367,
        1.419248203269388,
        1.0625929690207898,
        0.16432173379324042,
        -1.1977106928871042,
        -0.27356795360455416,
        -0.6506809369925757,
        -0.0700060135529299,
        -0.016478509091955182,
        -0.5304435941739142,
        0.937761782547391,
        -0.16002425439325169,
        0.5395442968377483,
        0.05722598767473193,
        1.3259148144641244,
        0.7774439915121175,
        0.10665020429447414,
        0.7558600186365864,
        1.0419486902868762,
        -0.632084882070606,
        0.6039322510136925,
        0.8294771608656202,
        -0.6818196755408678,
        0.7061531100962286,
        -1.1896817545276024,
        0.49851793586932414,
        -0.45355335697453447,
        -0.9451259629423321,
        1.0238750815664226,
        1.0821061002271104,
        -0.3281722220106471,
        0.7350260744338737,
        0.013219302111671216,
        0.24268943400037354,
        0.8062948884363907,
        1.6319483027160946,
        -0.5528058076125049,
        -1.652126665987917,
        0.3939752715352561,
        0.32455333062437,
        -0.7116882694197261,
        -0.7412651271782391,
        0.4036939254347481,
        0.2787827021125484,
        0.22760584554782123,
        1.064855590505429,
        -0.3011942941207252,
        0.14723722517763305,
        -0.04312744326655292,
        0.42321522645089465,
        0.3284094960911488,
        0.8766865858338678,
        0.29953285680555025,
        0.02455089398194145,
        0.06784913746528173,
        -0.00012182053309012231,
        -0.12455979414902846,
        -0.2807711623070687,
        -0.38654130321785896,
        0.1172946408233825,
        0.6470054298671696,
        -0.19608033554268256,
        0.8205314416022726,
        0.10119073801464426,
        -0.6991403222081568,
        -0.15335537307758584,
        0.7564869638688491,
        0.4171516095228712,
        -0.42936119210779755,
        -0.17278550610720317,
        -0.2957483440433684,
        0.3533445159778733,
        1.3415091346006185,
        0.5498975579344809,
        -0.9162677864242724,
        -0.9586628001982018,
        -1.123532149547473,
        -0.5701949272364266,
        -0.4876729919548108,
        -0.0738691093813782,
        1.0902129442165,
        0.1662875114890201,
        -0.7601688887990286,
        -0.6286044757883202,
        0.8973873949856357,
        1.083200117379948,
        -1.8224202152846667,
        -0.0717113122680329,
        0.47028470020401913,
        0.7314429199400245,
        -0.7934514545799621,
        1.2073429351352194,
        -0.22217141098928234,
        -0.5580138375102941,
        0.6324693558284862,
        0.8070944784229227,
        -0.10831065179791304,
        0.9346000828716546,
        -0.9056532612269961,
        1.4871297994215829,
        -0.30594687930790937,
        0.18167081322853523,
        -0.7923063539793345,
        0.786801763792809,
        0.20758488181081625,
        0.056258084601308336,
        0.5814385322067287,
        -1.3963964769976025,
        0.5205982031227874,
        1.51243691641302,
        0.07440201459612789,
        0.033309174298511504,
        -1.0539665948720514,
        1.4082495164865367,
        0.3204003140359017,
        0.7886044633781933,
        0.21871631952130982,
        1.2182876712043345,
        0.10003339944175452,
        0.4807526677179371,
        1.3757555971576063,
        0.12663634051988737,
        1.0359014943385998,
        -1.2548589073431549,
        0.044813039709704336,
        0.2227226980563471,
        1.6923782558458682,
        0.5960184566141017,
        -0.5183909738443435,
