{
    "idx": 703311,
    "fights": [
        {
            "enemy": 5,
            "fitness": 90.33650369121833,
            "player_life": 59.20000000000033,
            "enemy_life": 0,
            "time": 266
        },
        {
            "enemy": 6,
            "fitness": 57.424050896853686,
            "player_life": 0,
            "enemy_life": 30.0,
            "time": 264
        },
        {
            "enemy": 7,
            "fitness": 90.81679627126205,
            "player_life": 61.000000000000334,
            "enemy_life": 0,
            "time": 197
        },
        {
            "enemy": 8,
            "fitness": 87.35788162462296,
            "player_life": 31.600000000000264,
            "enemy_life": 0,
            "time": 331
        }
    ],
    "weights": [
        0.5389863740183932,
        -0.4117602155169196,
        1.3490670380196716,
        -0.6613296346515742,
        -0.5004247320879465,
        0.6185928545234239,
        -0.8123097136867969,
        1.5048614675023795,
        -0.9864182106021762,
        0.38889180036219134,
        -0.7772603167997725,
        0.45291520133436713,
        -0.9962881226196528,
        -0.7605133835052398,
        -0.8848010336184161,
        1.8027120824405056,
        -0.4945991506475178,
        1.2534343255567433,
        0.44628593153097335,
        0.5164738522090229,
        -0.6372217631258758,
        0.24194168517738407,
        1.8717679006630008,
        0.3314399803271923,
        0.7829154871011624,
        1.8859168177370185,
        -0.7178254012109764,
        1.234299014445568,
        0.4835697082407219,
        0.24343781751188692,
        -0.31657244708725446,
        -0.5552927990397031,
        -1.0962788715530463,
        0.4047778236702521,
        0.9091354377118397,
        -0.15362214612223482,
        0.9297656629282794,
        -0.8743624377101262,
        0.7101962011237344,
        0.1591936826716894,
        -0.5043111825033656,
        -1.192730974677236,
        0.7884063855150365,
        0.7644717561236315,
        -0.41236477025909324,
        -0.004648070681487017,
        0.9906157246930143,
        0.3846430007701298,
        0.3775248096341231,
        0.9671099815788451,
        -0.17977767732879052,
        0.986768433522581,
        -1.169526784133754,
        -0.07014889229174169,
        -0.1327988104754634,
        1.6739939496288117,
        0.6731183035737937,
        -0.1721257496615644,
        -1.0027045986702774,
        0.4470364377570346,
        0.5962708431716796,
        -1.3485051458715371,
        -0.648970578010531,
        0.6281934699636418,
        0.27786436748348137,
        -0.2631468316518011,
        -0.39701603895026133,
        1.0125442784762215,
        0.07900156064180441,
        -0.5867704022259752,
        0.7975802566751385,
        -0.21182856410348652,
        -1.3209128311479854,
        0.22344928931593203,
        -0.6923650034641392,
        -1.8223756007734682,
        0.672458879192517,
        -0.7841770267144426,
        1.4979563500885407,
        0.44243249615731445,
        1.0413463051434326,
        -0.03231884340998557,
        0.46920117825149593,
        0.6099518063381274,
        -0.06390171776904975,
        -0.7943948737289511,
        -0.07442068397996478,
        0.9904259958070107,
        -0.2822689864025307,
        -0.4140793742570462,
        -0.15656151696085863,
        -0.5446951666881341,
        -0.2272151234606071,
        -0.61386063212901,
        0.4724516158818454,
        -0.14274905510112273,
        -0.017004690377476213,
        -0.1737351213575054,
        1.8680990389012837,
        -1.0212107374978872,
        1.3560216815882833,
        -1.5558851903791593,
        -0.10367480001792051,
        -0.4988608986572302,
        0.06733338435715029,
        0.7154952317543929,
        0.008519234780965869,
        -1.4955563750570056,
        0.894180668888643,
        -0.6357475129227077,
        -1.6048379390511818,
        0.05871413802842736,
        0.7604747212711719,
        0.15927449554124545,
        -1.4423720176929309,
        -0.6817602665443352,
        0.1584485430737811,
        -0.8281667000742429,
        0.10747192025407562,
        0.7019288624216778,
        0.034844191618457934,
        1.1065276965972277,
        0.239378711049273,
        -0.8393966032504696,
        1.4834879824875677,
        1.233324448488998,
        -0.025570905124888937,
        -0.9081473372582575,
        -0.31992054430427797,
        -0.608828194317283,
        -0.10122768932534654,
        -0.2940673193789408,
        -0.43089835204223575,
        0.38656459923398645,
        -0.2753394433270104,
        0.3885064869631042,
        -0.06246080720505878,
        1.5696882599088149,
        0.8754545598424398,
        0.6506046243622201,
        0.765532893690336,
        1.2711892637635964,
        0.1763723517610587,
        0.16519441636456692,
        0.32635301100052216,
        -0.7624225343142954,
        0.7942451899491507,
        -0.7453951481853742,
        0.6659357314708463,
        -0.5032946704419233,
        -0.7174398275405449,
        0.8616882805930184,
        1.3676037351129537,
        0.35799969346308386,
        0.901811819851851,
        0.5839437984503835,
        0.17271143205100675,
        0.9288773934793952,
        1.4233541152727256,
        -0.3006947784188854,
        -1.816669554399846,
        0.342786995100676,
        0.3250390107901138,
        -0.7220507110926302,
        -0.49351170535028593,
        0.28963215122072333,
        0.5534804667354463,
        -0.07470336558661148,
        0.9114643385797835,
        0.024224245313562917,
        -0.2820204352803199,
        -0.028854762059972013,
        0.10771051980916274,
        0.3510998497325546,
        0.5913632796054487,
        0.20108727515433134,
        0.12594585189618046,
        -0.3568732211130751,
        0.20666520555202927,
        -0.08594193407563534,
        -0.7514923616308069,
        -0.45488817717507374,
        0.07195994511803333,
        1.222389684633803,
        -0.24907510830650173,
        0.5048747228240432,
        0.003684489176348768,
        -0.4058253657602976,
        0.0943272665573906,
        1.1493683708209765,
        0.4290261075968264,
        -0.19560968519130076,
        -0.16355320524750816,
        -0.5855364956019274,
        0.43831012369741734,
        1.0923421120235806,
        -0.33103532131216984,
        -0.7511655273871287,
        -1.0994701210969535,
        -0.9193198843498958,
        -0.5108530545919948,
        -0.8534019144882425,
        -0.6537032845749137,
        0.4837024183889606,
        0.32038298081439964,
        -0.7621008150005931,
        -0.8759340156742457,
        0.8831445801026944,
        0.9491964332844289,
        -1.5941385287382817,
        -0.3105079268960452,
        0.25371238113334166,
        0.8063181808334614,
        -0.5344780032068696,
        1.0063854337296225,
        -0.11446957881733034,
        -0.9233445451461822,
        0.8820884962888709,
        0.7916673318216423,
        0.4538944172255492,
        0.6542841401278419,
        -0.8061881583360221,
        1.1742174101595957,
        0.25075869528844363,
        0.2840379991816475,
        -0.8643637663736479,
        0.7960563058125274,
        -0.40576930819842544,
        0.022683316559459252,
        0.7351602487005701,
        -1.1407696462599595,
        0.40225636582323543,
        1.581024054421875,
        0.21897098282253627,
        0.5486181683516672,
        -0.7933022030338501,
        1.3181061231792588,
        0.5183096990665442,
        0.297471400544353,
        -0.05483331332645541,
        1.2620369274164958,
        -0.14301943180850196,
        0.1692682313179876,
        0.43808164781430226,
        -0.05026881222907252,
        0.8249248723537342,
        -1.2259875782304728,
        0.04023942105648035,
        0.010680237451174517,
        1.9938177455704098,
        0.3846409801817379,
