{
    "idx": 83,
    "fights": [
        {
            "enemy": 6,
            "fitness": -5.4638318050256105,
            "player_life": 0,
            "enemy_life": 100,
            "time": 236
        },
        {
            "enemy": 3,
            "fitness": 65.85581436587435,
            "player_life": 0,
            "enemy_life": 20.0,
            "time": 466
        },
        {
            "enemy": 4,
            "fitness": 84.08033965013794,
            "player_life": 11.20000000000023,
            "enemy_life": 0,
            "time": 1141
        }
    ],
    "weights": [
        -0.6488278596314689,
        -0.22557240326356864,
        -0.20529951860048873,
        -0.41292507035553655,
        -0.11137725221046416,
        0.19223887248110505,
        -0.18670338531614486,
        -0.09396115991486487,
        -0.14343731082022507,
        -0.7326145531994266,
        -0.6001100539864849,
        0.7353944239330958,
        -0.04444201705876231,
        -0.6637530554612372,
        -1.1581473218746816,
        0.2463055542485459,
        0.6691312231100439,
        -0.766332749479667,
        0.5109522761234447,
        0.48922898436374435,
        0.3989258919903224,
        -0.409018001298752,
        -0.5458809600506219,
        0.025598246273540418,
        0.9804778873376416,
        0.8230053474434393,
        -0.07370900549010607,
        0.5927590341137401,
        0.11661005511247409,
        1.5196230000522108,
        -0.572221312225355,
        -0.3204821761375134,
        0.48224890650862823,
        -0.34476984793991655,
        -0.3000056810831163,
        0.33813873476615325,
        -0.39176790725149985,
        -0.7157792656823361,
        -0.2948818388388524,
        0.42786653557189447,
        -0.11853614043180033,
        -0.4376947447920431,
        1.171775549918292,
        -0.8629990491433985,
        0.6440012283429055,
        -0.6066489099535942,
        0.76355552098258,
        1.1038195670572457,
        -1.0914337016383504,
        -0.13003947302015229,
        1.0139583118693458,
        -0.6802022687823754,
        0.2862018310111506,
        -0.024425786813555724,
        -0.2867508286665714,
        -0.558191155650192,
        -0.2617504279556017,
        0.49171265514226414,
        0.019877136505653335,
        0.7376531671692217,
        -0.2693348386979456,
        0.7661620137885841,
        -0.6115855306636557,
        0.1027956784885299,
        -0.02076581852671286,
        -0.9057326900583005,
        0.34091816301250566,
        -0.9796339556409,
        -0.5012137909725072,
        0.1686010637396109,
        -0.41148828712732977,
        -0.8842479880520259,
        -0.8692446919548862,
        -0.4681794053128861,
        -0.2619225627757714,
        1.0853032516819519,
        0.39739924622657957,
        -0.9933340004273368,
        -0.08014912595249361,
        -0.48957719589764837,
        -0.7600272327072315,
        -0.8906232967781632,
        0.5816360880150259,
        -0.39508708849392316,
        -0.3178296948921055,
        0.7099108136402924,
        0.2764579321040793,
        -0.5512613531715865,
        -0.10117744988144745,
        -0.4032614419299563,
        0.22510518016202918,
        0.8636528531184835,
        -0.9839674606619686,
        0.580707712049533,
        0.9916297444382577,
        0.2808083202954391,
        -0.6182668673037017,
        0.2286047780112067,
        0.59520407734903,
        -0.7100759668711886,
        0.6424347813702387,
        0.7756250198464961,
        0.9546449066538865,
        -0.8426340429142296,
        0.3050595235609852,
        -0.15170275115718432,
        0.7595087508341059,
        -0.7851052620982066,
        0.5192569891327908,
        -0.7267326500925906,
        -0.9193928547033797,
        0.49343370191846225,
        0.5390651139068994,
        -1.0846630056375828,
        0.9657439571803956,
        -0.016131145689031425,
        0.2935483651853657,
        0.1040148462441802,
        -0.756224911466788,
        0.2618929244264435,
        0.5402195381711994,
        0.40678816303973164,
        0.7343369768077788,
        -0.6595458905232003,
        0.5548546309863578,
        -0.17946229812166012,
        1.1415348059919275,
        -0.4459555461804793,
        0.907358700167193,
        0.812145913078647,
        0.027600088882824985,
        0.44387350122079533,
        0.8789646306878478,
        -0.1590084241019343,
        -0.5589383997965482,
        0.2817563818417398,
        -1.0369120130161082,
        -0.5138649258695097,
        0.5420117302753916,
        -0.24694068154611742,
        -0.948847059542694,
        0.44090294461383644,
        -0.13455134867789562,
        -0.12427441964792958,
        -0.33671753205880617,
        0.004247379787876912,
        -0.3110769533455915,
        -0.29937511107532244,
        0.7008072713714036,
        -0.5922084441094103,
        0.18106234941648505,
        0.26345374529845755,
        -0.44364127824165833,
        1.7839834385855347,
        -0.39777376334254627,
        0.47136359701404484,
        0.5472742287948651,
        -0.03264190737385856,
        -0.3713183321556867,
        -0.5114887564003702,
        1.2077857241573944,
        0.5622732496142857,
        -0.6106798069500234,
        0.8043259859501053,
        -0.18944856702461865,
        0.6788004859181511,
        1.0439766285192469,
        0.01015478631599101,
        0.829179466011873,
        0.018907474358549135,
        -0.1797531524463899,
        0.5182502827626798,
        0.05785051632913453,
        -0.13478452761088114,
        -0.03133688545685838,
        1.230205244883068,
        -0.3325694639106572,
        -1.0067189732204682,
        -0.4227476501013243,
        0.011918966816428053,
        -1.0510825965440034,
        -0.31395906447358746,
        0.1345542773084754,
        -0.5518371585538211,
        -0.05682635654822021,
        0.6014105444395346,
        0.25940147869082786,
        -0.7793501009344077,
        0.10462611470640243,
        0.03825146735912513,
        0.8599736831854644,
        -0.13464810694120294,
        -0.5710830285776973,
        -0.7219017958790074,
        -0.9472597346723831,
        -0.20726035278110772,
        0.8439695609850695,
        1.0940579777052135,
        -0.21378810081598648,
        -0.3986439331902242,
        0.3609741616627853,
        -0.6302818438050464,
        0.917839101147452,
        0.54504667430312,
        0.5772283437004844,
        -0.524063981264303,
        -0.02603791242561092,
        0.39854332098402934,
        0.9364453218006052,
        -0.9215777632148208,
        -0.4709396098321732,
        0.31525842213901295,
        0.5998294389356347,
        1.156702223770675,
        -0.5307398194055919,
        0.8912429794488668,
        0.10822713162840254,
        -0.5479825677644997,
        0.9135289380078823,
        0.17050410448880127,
        -1.0196706187616171,
        -1.1186002663478987,
        0.9912669239648116,
        0.92307568649881,
        -0.33610257359130413,
        0.7050782330172771,
        -0.9406998289570295,
        -0.27384988089736584,
        -0.3917729487034266,
        -0.6144130345191583,
        -0.8102728916996597,
        -0.6857495692281426,
        -1.2225204800027882,
        0.27267938368374384,
        -0.35281786652048425,
        -0.19308081218443807,
        0.7032964381543704,
        1.1973019200404147,
        0.912157122201799,
        -0.20285320275614327,
        -0.33742650945878755,
        -0.6496171975581986,
        -0.3889601891224692,
        0.320795611228067,
        0.4122047165055766,
        -0.09782312508480158,
        -0.2266191308104274,
        0.3035320339638677,
        -0.07421404931292444,
        -0.20327799014400177,
        0.5705657288051871,
        0.892110974806823,
        0.7782762377442343,
        0.10024303018175072,
        0.6831931664540811,
        0.26565265340948924,
        0.09964908851096571,
