{
    "idx": 58,
    "fights": [
        {
            "enemy": 6,
            "fitness": -5.62040086571715,
            "player_life": 0,
            "enemy_life": 100,
            "time": 276
        },
        {
            "enemy": 3,
            "fitness": 65.85581436587435,
            "player_life": 0,
            "enemy_life": 20.0,
            "time": 466
        },
        {
            "enemy": 4,
            "fitness": 84.08033965013794,
            "player_life": 11.20000000000023,
            "enemy_life": 0,
            "time": 1141
        }
    ],
    "weights": [
        -0.7146257662375688,
        -0.578170103871499,
        0.195351465849903,
        -0.5993176372827769,
        -0.04931170392699365,
        0.04808041751291653,
        0.20693763238119053,
        -0.8415602267305107,
        0.8157795518021628,
        -0.26950334081693605,
        -0.5790633133985328,
        0.5329546412405972,
        0.633246193596995,
        -0.8004522676865301,
        -0.1956311536636025,
        0.30696209502844163,
        -0.15550623295071012,
        -0.8497320243035313,
        0.592575644836695,
        0.7533104637389125,
        0.35937976612943034,
        -0.22395491909762358,
        -0.3790824841115147,
        0.570861821564174,
        -0.48960416204076695,
        0.5264815669382179,
        -0.1330173302436897,
        0.6083702061265596,
        0.7033697455866278,
        1.2688572147521233,
        -0.7239090510092828,
        -0.18194928009593508,
        0.5324359458439644,
        0.0888810563713886,
        -0.6485619718884472,
        -0.4930302694545996,
        0.32875573989635765,
        -0.0015417415911465615,
        -0.49188664825356615,
        0.3889426306723498,
        0.23410167538202697,
        1.0215230420851535,
        1.1516716350772354,
        0.5825025207430756,
        1.020818788395525,
        -0.7024009118225468,
        -0.6217958197200941,
        -0.2785639131951691,
        -1.0060537091542767,
        -0.18404954258792403,
        0.998230367295824,
        -0.6041566710591214,
        0.4651729252887746,
        0.013143285300892683,
        0.8124680769391953,
        0.6074686772776334,
        -0.5516313476110731,
        -0.07189929957038009,
        0.5054798045967552,
        0.9859974577251336,
        0.11831589638207467,
        0.1283478929731016,
        -0.3463978964552802,
        0.2389752788250744,
        0.5702110832711994,
        -0.49805392708838814,
        0.9351901754295466,
        -0.0409822621578592,
        -0.12231580330973711,
        -0.09460691154674553,
        -0.03489418171645083,
        -0.32390243725289003,
        -0.7732307095826974,
        0.18156972088720355,
        0.034902562349198064,
        0.941584933941688,
        -0.11817677777358915,
        0.01960763229476562,
        -0.16675249134845269,
        -0.8232615797194425,
        1.1437976906774268,
        -0.44240290922258074,
        -0.28155672680933863,
        -0.3291264370976373,
        0.30902797277032057,
        0.6824526656949075,
        0.9774351600511652,
        -0.6121088107915069,
        0.2856093992681771,
        -0.16345264859649208,
        -0.12188542632427096,
        0.8436922871695904,
        0.31978561749641066,
        -0.7501602806145884,
        0.8256943825235437,
        -0.48127172786666467,
        0.10556420724291213,
        -1.1717766125594054,
        0.7386645984721906,
        -0.8851340016522,
        -0.6241752029374328,
        -0.2630071987488717,
        0.17325187381388574,
        -0.5231070248070226,
        0.54845627937449,
        -0.15224062098407717,
        -0.7306812874126524,
        0.7749196234931627,
        0.25788640101452776,
        -0.202411774268698,
        -1.0495405911555746,
        0.388076742625896,
        0.5444905828470215,
        -0.4644871976709132,
        0.9038282643174953,
        -0.9499601186247236,
        0.29756696109103276,
        -0.08765378537801202,
        0.09870266516375847,
        0.6586954366019461,
        0.48846678098968577,
        -0.23012539740970067,
        0.5901939327763559,
        0.015053735244860734,
        0.6050489568409239,
        -0.49608017373745783,
        -0.019213180963974452,
        -0.2568049719686524,
        0.6861557592572727,
        1.0077959079028818,
        0.7513452493507953,
        -0.10536757600207086,
        -0.774804262071882,
        -0.547318622049537,
        -0.750127780132494,
        0.20687396460864083,
        0.3241323861843791,
        -0.5784940450617706,
        0.15832218333769116,
        0.08334019330646684,
        1.0148660282152009,
        0.5536383713631408,
        -0.10892800320798379,
        -0.7130129118126911,
        0.5517196970931167,
        0.9599034155608777,
        1.1827505777446536,
        1.0176280004283584,
        0.26264336162200613,
        -0.6855937793772762,
        -0.2070730324131625,
        0.5473565446914853,
        0.2658236566928553,
        0.6428868027403237,
        0.6622297465066563,
        0.6278866590806702,
        0.8862838748740456,
        0.08519754124399233,
        -0.28633101872129263,
        -0.6742655644313084,
        1.3368375438983995,
        -0.4747806788444641,
        -0.7681101991484024,
        0.6275782199837127,
        -0.4464154566261794,
        -0.044786848137930685,
        0.8933377336831798,
        -0.04064592184256816,
        0.04377035377919772,
        -0.03759938338833181,
        0.3529605771033591,
        -0.6859826649525218,
        0.07783627118274379,
        -0.8680385166375963,
        1.142833089178169,
        0.9346163488166604,
        -0.5188947111139802,
        -0.8828449939569998,
        -0.13641385715487023,
        0.05267328248311069,
        -0.5760453104383709,
        -0.04989354348843462,
        -0.7227477853657354,
        -1.3309207035929158,
        -0.13471408748552025,
        0.9802927577157134,
        0.26317868164723296,
        0.5240413546663067,
        0.7925816200224871,
        -0.10008711040039447,
        -0.46076675218742924,
        -0.37732558626271123,
        -0.6487038656108204,
        -0.546713758928914,
        0.17247922844781594,
        -0.4444251931890203,
        0.7962332839893702,
        0.7280539647117139,
        -0.09023272555984146,
        -0.04772644237398563,
        0.9021695039751456,
        -0.6356263202137981,
        0.033974945280051586,
        0.6653943466894201,
        -0.08700683371271031,
        -0.31376982615028126,
        0.921109017648444,
        0.5292164703968101,
        -0.5998142565946283,
        0.5561471299882184,
        -0.511895269871619,
        0.16637966924684122,
        -0.45291340443081085,
        0.19141489364179995,
        -0.9339258407084468,
        -0.6567322214258328,
        -0.608570528602598,
        0.2177400407040557,
        0.11916111125661959,
        0.46457754097906373,
        -0.6582553658149349,
        -0.7848559819671815,
        1.103904881368984,
        -0.6439802483023976,
        -0.23774775003617948,
        0.6629131222936427,
        -1.0026568214254765,
        -0.907526805165288,
        -0.753119235239685,
        -0.956028285060958,
        -0.7534328409069578,
        0.7142180994838883,
        0.003049351459922356,
        -0.5359257148301863,
        0.3135429147119785,
        -0.5881214163341795,
        -0.34450865614045306,
        -0.030978601189532495,
        0.6986297110855699,
        0.6742319623134365,
        -0.9258872607919431,
        -0.5397700386979933,
        -0.23957909889430495,
        0.40122792588679523,
        0.5785486800109453,
        -0.31995420473539155,
        -0.9112973440666492,
        0.01937878899464686,
        -0.23906948185093577,
        -0.6831850626409682,
        0.6476070113421613,
        0.5562182111291644,
        0.9544547934703049,
        -0.9670040245639051,
        0.9703254914071884,
        -0.6318356297814811,
        -0.112021349676168,
