{
    "idx": 99,
    "fights": [
        {
            "enemy": 6,
            "fitness": -5.62040086571715,
            "player_life": 0,
            "enemy_life": 100,
            "time": 276
        },
        {
            "enemy": 3,
            "fitness": 74.90417543756777,
            "player_life": 0,
            "enemy_life": 10.0,
            "time": 444
        },
        {
            "enemy": 4,
            "fitness": 86.33310919110122,
            "player_life": 34.60000000000027,
            "enemy_life": 0,
            "time": 1245
        }
    ],
    "weights": [
        0.549001784689592,
        -0.5623890449424643,
        -0.27586318135126436,
        -0.40139688597068957,
        -0.08146528621545199,
        0.034770409928629065,
        -0.28269812325429494,
        -0.7504753566168545,
        0.7957620786812856,
        0.8637469928324657,
        -0.9227762550529941,
        0.8034831388508326,
        -0.16479615631539532,
        0.9945206676650776,
        0.1106044451509697,
        1.0302876282118245,
        -0.12121245980639901,
        -0.7764115699356237,
        0.5927288150388843,
        -0.8227143665624843,
        0.344959770352323,
        -0.4411413359938656,
        -0.7065384950590388,
        0.3897781984646953,
        0.6527158467933903,
        -0.30657725019970755,
        -0.22979337235666064,
        0.6655511088261372,
        -0.05420295743551613,
        1.036059294345212,
        -0.5426076642257031,
        -0.02115135966781011,
        0.31376148397310616,
        -0.42306652749021295,
        -0.902758696969941,
        0.6430213991444059,
        0.1850749616045835,
        -0.159760650868029,
        -0.40929603722496727,
        0.2276112996195123,
        0.7443042200567144,
        -0.4652440197443178,
        0.6854635243651003,
        -0.7579780408087898,
        0.7449045524047108,
        -0.7157382924399176,
        -0.6257807017025472,
        -0.3475342845976045,
        -1.0632045224384374,
        -0.7551002191659838,
        -0.9425210634730665,
        -0.9824925038109077,
        0.2683635352477827,
        -0.0872872123225337,
        -0.14160012542197464,
        -0.603096002055996,
        -0.38970170250828445,
        0.5086033724153102,
        -0.33049978350221254,
        0.6316366747340608,
        -0.11053725232161961,
        0.14453897441968125,
        -0.5285756107194645,
        -0.007822496207820578,
        0.6485164129953735,
        -0.7119331546921595,
        0.3371170785949601,
        0.1803996830975863,
        -0.6636115015122875,
        0.08545938789927804,
        0.37056704900282605,
        -1.0200428676192446,
        -0.6676053806889938,
        -0.5117047855792369,
        -0.22164306296010938,
        -0.9568703092372558,
        0.34376752207226335,
        -0.9250182878034477,
        -1.015511739152054,
        -0.533503420033935,
        -0.62351008622724,
        -0.3218230706159681,
        0.5456407670151069,
        -0.28133369788377444,
        0.4920290194909532,
        0.45512943828855623,
        0.9730961910781395,
        -0.2486792838150716,
        0.19918731711915516,
        0.018975502222599333,
        0.19365300443253805,
        -0.7232891628809369,
        -1.0750599148585975,
        0.5760165762691325,
        0.9517578999534384,
        0.5183238061874831,
        -0.7643610897064443,
        -0.6612318440330955,
        0.694587229520197,
        -0.9809853783788863,
        0.4843542062001545,
        0.7186660925436633,
        0.9648661057012871,
        -0.8370308151439123,
        0.5705719354204942,
        -0.7035706703732583,
        -0.5703338208747434,
        -0.7589935777862625,
        -0.4055354218303793,
        -0.555359347965173,
        -0.9481170498494925,
        -0.3631013055770499,
        0.48087035748676765,
        -0.72091657201335,
        0.7614467040340241,
        -0.30725082394779973,
        -0.40506907226634037,
        -0.04356233880632235,
        -0.03875601302605392,
        -0.04598624320868558,
        0.5118162560675013,
        0.3964627536502581,
        -0.2986840880254363,
        -0.5827488350269049,
        0.5911905598888291,
        -0.12372505356054087,
        1.0775261583935312,
        0.2464828652290293,
        0.8894783294584896,
        -0.32906887243734545,
        0.18861647307168583,
        1.1388403512426633,
        -1.1092951243162223,
        0.28213944718116846,
        -0.8025660637555412,
        0.3750184708276625,
        0.5037306454996017,
        -0.5031188747972047,
        0.3018734950432307,
        0.0646779761498328,
        0.9610735523486911,
        0.12072989767559955,
        -0.05641699925404934,
        0.000848234074112943,
        -0.8508287928689398,
        0.10189930121731562,
        -0.19819159738861963,
        0.942975228950443,
        0.40792737451105127,
        -0.4365323431840663,
        0.14938043604490078,
        0.48758663384479706,
        -0.8087933221210178,
        1.2559062034919974,
        -0.5646588823765374,
        -0.4210227191321318,
        0.22383048361712318,
        0.29737117614480857,
        -0.492060569248572,
        -0.4853841193037062,
        1.4399429787896416,
        0.47222656915173583,
        -0.4815562316739712,
        0.8328100035820282,
        -0.07747018527754465,
        0.7748725267498597,
        0.9607775289364766,
        -0.8967138843681133,
        0.9324700801428685,
        -0.022473253875235834,
        -0.26537687575877006,
        0.5540197647229888,
        0.8808324268107154,
        0.12811070161315924,
        -0.1728845552316574,
        1.0430267140531517,
        -0.5043515024897446,
        -1.0156411801223848,
        -0.1204868583255897,
        0.14668704963061313,
        -0.8954543690732985,
        -0.8696580307171199,
        -0.05004075466338017,
        -0.7919074107868304,
        0.015096606517169976,
        -0.33808718819992023,
        -0.6812064904752603,
        0.31490899575775483,
        0.2204195681227673,
        -0.1137275205074421,
        0.0655808954893316,
        -0.8593260456927155,
        -0.6625523198709389,
        -0.1323363284251147,
        0.1793818677657984,
        -0.28748223322136013,
        0.7264696833294184,
        0.8769890561438922,
        -0.35119219033744126,
        -0.36913066091705704,
        0.5148812015176065,
        -0.5905880424854741,
        0.7333563361248101,
        0.55503697794268,
        0.6118351894892433,
        0.1345816115981898,
        0.7288396342399039,
        -0.8276211658813654,
        0.7801467685438613,
        -0.778595313962626,
        -0.5752137892355559,
        0.23622556277809242,
        0.7538912903704998,
        1.0839231936104314,
        -0.6159997856199495,
        0.8726771827881796,
        -0.0430158994960478,
        0.06148685708335164,
        0.881005321963162,
        0.8657397768459404,
        -0.971887263413238,
        -1.0677426257706422,
        0.8015897494950412,
        -0.8072826369546156,
        -0.3897859663607052,
        -0.9534434583074849,
        -0.9635327229689066,
        0.40919311047962365,
        -0.1316291062465715,
        -0.9319058124259229,
        -0.7073467174423386,
        -0.7174114057066431,
        -0.2560876881262772,
        0.24329267597725907,
        -0.31681100661375317,
        0.06686921322274862,
        -0.26727518847007076,
        0.9495496118960064,
        0.8847485544506255,
        -0.507951779814314,
        -0.7989610854948368,
        -0.8452955743490908,
        -0.2696616444882072,
        -0.012596236218552746,
        -0.35627311561981645,
        -0.7859862034167727,
        -0.6903792813855514,
        0.23697056871247196,
        -0.1509678044805263,
        -0.0893361923384195,
        0.6536578610823103,
        -0.9050289504210931,
        0.9579522153441797,
        0.09135568511966327,
        -0.5240328833351495,
        -0.039317120485615545,
        -0.17939949736120858,
