{
    "idx": 66,
    "fights": [
        {
            "enemy": 6,
            "fitness": -5.4638318050256105,
            "player_life": 0,
            "enemy_life": 100,
            "time": 236
        },
        {
            "enemy": 3,
            "fitness": 65.85581436587435,
            "player_life": 0,
            "enemy_life": 20.0,
            "time": 466
        },
        {
            "enemy": 4,
            "fitness": 84.08033965013794,
            "player_life": 11.20000000000023,
            "enemy_life": 0,
            "time": 1141
        }
    ],
    "weights": [
        0.6404696428193933,
        -0.9059972225678019,
        0.3670789369052818,
        -0.4940986439600038,
        -0.31523543429477524,
        -0.7746849449178942,
        -0.22109639051914895,
        -0.05323666478138428,
        0.8178409922391504,
        -0.21367753530422123,
        0.7576061099224598,
        0.5216442453429886,
        0.9437876153240015,
        -0.8397828859487503,
        -0.8371428073760084,
        0.9174676335200161,
        -0.36923359973935077,
        -0.869729421454307,
        0.7507654230945437,
        -0.7606502786451296,
        0.412249313887322,
        -0.4884462244720196,
        -0.5087537487149648,
        0.1535715788044389,
        -0.7256634768553636,
        0.08483464291332102,
        -0.05860072393640651,
        0.9135056840500437,
        0.47785211094333374,
        0.9249813741461538,
        -0.502365818677996,
        -0.1853639325687439,
        0.48034893912967513,
        -0.6731485712190657,
        -0.8022351462515335,
        -0.7414740053968212,
        0.06634599977981545,
        -0.4308534767785006,
        -0.4119027490639649,
        0.4767613516376301,
        0.7648897555112728,
        1.2021328173709445,
        1.1700080840491835,
        -0.8488098076211805,
        0.49323275970749225,
        -0.8988292972122758,
        -0.4730149372759347,
        0.9510354402077238,
        0.4859499459337625,
        0.7587292874525812,
        -1.1528538164372748,
        -0.8690401399487395,
        0.8469579926439853,
        -0.0623212658756089,
        0.37983533362629296,
        -0.6343809809559791,
        -0.5104200937562077,
        0.6768675913790707,
        -0.2015358313412594,
        1.2537807353402526,
        0.2675619794108914,
        0.07952941716129144,
        -0.8371986012793643,
        0.04605100735818134,
        0.6728601496919746,
        0.18235031922508493,
        0.6604059346423419,
        -0.9176374201061614,
        0.563264549114266,
        -0.4218144385450881,
        -0.045137761219730135,
        -0.7777133697207433,
        -0.7704548164853222,
        0.17439469729963952,
        0.03849052325229783,
        -0.5694469839732627,
        0.6246346180404101,
        -0.1074537593206003,
        -0.5163772522025053,
        -0.4320330074274163,
        0.9323926192867144,
        -0.5133030598617387,
        0.18012318490239937,
        -0.33714622560619306,
        0.3501698839832475,
        0.7219663435493346,
        0.8609807147080697,
        -0.7785663572916657,
        0.15594984191107533,
        -0.16960100975865383,
        0.5276679918725944,
        0.7325714914627404,
        0.29913489358586043,
        -0.6002575727113588,
        0.19967727491483522,
        -0.06602172727389671,
        -0.68206311543768,
        -0.9830054720297206,
        0.8133053840200213,
        -0.7615637730930019,
        0.14085263101823736,
        0.7963833325510112,
        0.8952594951337676,
        -0.49537287772705846,
        -0.5918493294080722,
        -0.5904023903709917,
        -0.19693352097890668,
        0.5814432387808791,
        -0.4190837668575691,
        0.015304529185107316,
        0.6330998949420579,
        -0.0069555140835635965,
        0.7722107551445472,
        -0.8979479830501482,
        -0.763380327621114,
        -0.20023924447400543,
        0.17082280822507057,
        -0.2947558630389552,
        -0.09526505911225147,
        0.8538008287336921,
        -0.061941513606766335,
        0.3533706131593367,
        -0.08212141854486654,
        -0.5452182834422318,
        0.5974535925045272,
        -0.06074688398994837,
        -0.11175121057002545,
        -0.7723150397366757,
        0.5381845924065274,
        0.917029968192509,
        0.7659649010494786,
        0.47964355221217386,
        -0.9769651844235234,
        -0.663494153108005,
        -0.6078397522634846,
        0.21533409346077326,
        0.5291296184813425,
        -0.5102458881665488,
        0.36847348405164454,
        0.1784428905991694,
        -0.8444440873635934,
        0.4751302121374814,
        -0.7141474521391938,
        -0.5372321713170783,
        -0.20710082988315884,
        0.9047395327898973,
        1.0828522815337729,
        -0.25584394101640473,
        0.3893236740905745,
        -0.6335588429868971,
        -0.7363704825443985,
        1.0663320275202752,
        0.28839546443594605,
        -0.9188449815404186,
        -0.5736780502942872,
        1.190421201022127,
        -0.7388981746518396,
        0.10724809806163677,
        -0.23921460937093472,
        -0.46688655932237905,
        1.463987880359504,
        -0.4772359887320574,
        -0.5404032196286084,
        1.0275684216516963,
        0.24188779865952176,
        0.34275748226499486,
        1.0257821084575396,
        -0.8729247822935434,
        0.6529183715923965,
        0.01599545596718248,
        0.28252012112805946,
        -0.5829023320314558,
        0.10242368621067287,
        -0.11241779955579687,
        -0.36026137309089934,
        1.1032277742948071,
        0.20276948357510513,
        -0.8805296889824672,
        0.04014336304043985,
        0.281619652527312,
        -0.7645080736238483,
        -0.8958110418733726,
        0.18826242428055173,
        -1.2311764438573356,
        -0.3863920687813747,
        -0.3273456847068876,
        0.318814239095166,
        0.34961490541168033,
        0.8901454638535439,
        -0.8230326469806505,
        -0.33827820845655204,
        -0.09360561579138442,
        -0.055918909603675716,
        -0.354268216785679,
        0.2776942805928348,
        -0.3782348727076558,
        0.6591345566552511,
        0.9947195186215342,
        -0.2400260140245948,
        -0.2480851260556457,
        -0.7553900463828715,
        -0.734270128892966,
        0.0476176151264541,
        0.6373454297853373,
        0.07582423048500465,
        -0.1636071810459845,
        0.0766628864553304,
        -0.7038556666577453,
        -0.8314510314213777,
        0.7503590684437094,
        -0.4621217219566415,
        0.21334232903358655,
        0.845140170706998,
        0.2655832781243325,
        -1.0719934612968365,
        -0.9192871559566862,
        0.08279079834555904,
        -0.23298350393167871,
        0.9037066768816057,
        0.31683437408745835,
        -0.22622451640997607,
        -0.6186206631575091,
        0.7321031210368864,
        -0.36374181273175255,
        -0.11611624234100199,
        -0.6069979501299188,
        -0.9757954128898951,
        0.044022978430863564,
        -0.7077000219319094,
        -0.909703572960314,
        -0.6205038230779489,
        0.7654394969398589,
        -0.7636404528689016,
        0.1895445816358347,
        0.36517459653759154,
        -0.2304689972089866,
        -0.3601320714711081,
        0.9817648176519321,
        0.6076206899110876,
        0.46444685405747266,
        -0.38379905555628335,
        0.8438439970414745,
        0.14583593419911337,
        0.1947077625830315,
        0.2053466577389677,
        -0.5429088704018783,
        -0.7004717871975576,
        -0.09338782500593146,
        -0.20976495890329433,
        -0.2702511975453117,
        0.8217671886474571,
        -0.7294785234390901,
        1.0558346186138825,
        0.8426794941855352,
        0.5652252833743447,
        0.38732321476182574,
        -0.5319429319477044,
