{
    "idx": 700706,
    "fights": [
        {
            "enemy": 5,
            "fitness": 90.01520306650937,
            "player_life": 55.00000000000032,
            "enemy_life": 0,
            "time": 241
        },
        {
            "enemy": 6,
            "fitness": 39.888012211643456,
            "player_life": 0,
            "enemy_life": 50.0,
            "time": 166
        },
        {
            "enemy": 7,
            "fitness": 88.93946500072774,
            "player_life": 43.60000000000029,
            "enemy_life": 0,
            "time": 226
        },
        {
            "enemy": 8,
            "fitness": 86.95935834262663,
            "player_life": 28.000000000000256,
            "enemy_life": 0,
            "time": 344
        }
    ],
    "weights": [
        0.52004183689677,
        0.0757839103529864,
        1.0616508140682699,
        -0.7577722811837571,
        -0.07664937270089153,
        1.037474565200558,
        -0.49173327828422286,
        1.5132216209962674,
        -1.0384537892941523,
        0.6536654579601313,
        -0.2796111809827178,
        0.710593251267918,
        -0.701007374399811,
        -0.6715293967611264,
        -0.8316625148177296,
        1.476632402704435,
        0.0207623305711927,
        1.247505264419253,
        0.35418946164428894,
        0.3495758844091431,
        -0.29174877401725224,
        -0.7511341805959089,
        2.205507769096616,
        0.620363456150286,
        0.9929523317132642,
        1.8176098629602742,
        -1.0727412938599692,
        -0.19832331221535385,
        1.33111017304704,
        0.4431794436528253,
        -0.6718000694905425,
        -0.6713170542754309,
        -2.1097976623808545,
        0.47101347779688896,
        0.38704918643103736,
        -0.08751917484641288,
        0.46020407072001945,
        -0.4054774388933328,
        0.32205792719066473,
        -0.05261101768923835,
        -0.5512497803718951,
        -0.9893055918178385,
        1.188383368275145,
        0.27352299859888934,
        -0.3594897532436182,
        -0.3224721427562272,
        0.34262611503262114,
        -0.05136166521334009,
        0.2834267423911721,
        0.2721341227780265,
        0.524917832483974,
        1.1347116021616812,
        -1.3971042413805221,
        -0.7005281032232465,
        0.053797291427314736,
        2.1422864937496544,
        1.5163397194797026,
        0.6833515059159929,
        -2.023982120967986,
        0.6602736361367002,
        0.6185001644214854,
        -1.0712478848499873,
        -1.2649353060739876,
        0.48672135575239733,
        0.6244766881581522,
        0.3269190270816559,
        -1.179469247980665,
        0.6310700086562105,
        -0.9612103021746017,
        -0.12182450033845688,
        1.8177396104909138,
        -0.356455422435779,
        -1.1993081805973718,
        -0.06578879984214216,
        0.33103237203703745,
        -2.1105906632277867,
        1.1948784557668106,
        -0.7566882073133567,
        1.164633810048991,
        0.5053686140937655,
        -0.010839947524096366,
        -0.05099711948082741,
        -0.35132066409001717,
        -0.324398751505728,
        -0.19204322635279586,
        -0.8920750400990001,
        -0.7926755584665237,
        1.208436043122246,
        -0.09962106699227083,
        -0.6983565597881035,
        -0.24052285576704704,
        -0.26459474913151754,
        -0.5753225299256878,
        0.00023572350484374338,
        0.5909987659661121,
        -1.2059156050704727,
        -0.21364465421570308,
        -0.07623675494458934,
        1.5922963741645122,
        -0.9892599810603364,
        1.0377767712284067,
        -1.7430539627986197,
        -0.5420680779968847,
        0.415310246140455,
        0.1528717189969678,
        0.3138662471800376,
        0.411276472160535,
        -1.9556149661210909,
        0.41927345444973957,
        -0.15967537463343445,
        -1.4553063505950916,
        -0.21476591387216515,
        1.138850008080733,
        0.3140070655111242,
        -1.4145137230473175,
        -0.1874280317154861,
        -0.655089316698043,
        -0.7506906981353896,
        0.07623459928102702,
        0.5766022963469783,
        0.924899932267498,
        0.7356672205913732,
        0.07455651307349401,
        -0.8912998846510647,
        2.1517365182608357,
        1.2605077902581694,
        -0.015552554992428469,
        -1.018583937304611,
        -0.3607980161134116,
        -0.7295690247015534,
        -0.08909582636048777,
        -0.6382126107987007,
        -0.6357668828416366,
        0.05994963012457766,
        -0.09450392556105242,
        -0.17860249945040366,
        -0.2751189938874433,
        0.9888057944224328,
        0.3203583834591761,
        0.7230843265643494,
        1.8072963694118707,
        1.1165031702740968,
        -0.43985398100352846,
        0.5032676627022319,
        -0.1854726238925507,
        -0.6601174570806418,
        1.4329428125842705,
        -0.5062889637990674,
        1.9125045585952634,
        0.011841769242842165,
        -0.34028229960522,
        1.6653899595073598,
        1.2819867908359197,
        -0.5600551454750926,
        1.0185803189211584,
        0.7220283541969867,
        -0.25076227904149173,
        0.8311075250434777,
        0.9597451761029335,
        -0.5848268263712421,
        -1.824424476637196,
        0.20526163598804775,
        0.33451941181137057,
        -0.3644585121928978,
        -0.24357761671842212,
        0.5055379185922824,
        -0.2159550691985317,
        0.5568750527491804,
        0.7311788276444067,
        -0.12421399151507503,
        -0.7347703975784536,
        0.35665059751289074,
        0.7967666896757678,
        -0.2583101378800274,
        0.5794637417336239,
        0.1556558946573059,
        -0.17513519617140752,
        -1.474603260728479,
        0.24161398042514604,
        -0.04943400534434339,
        -0.309251940620111,
        -0.38389030809232727,
        -0.29257757479836505,
        0.3298006182232777,
        -0.282297313596123,
        0.6149833741600551,
        -0.522301210950081,
        -0.4036555248368465,
        0.3455180445992471,
        0.9804471584040724,
        0.6563981567536514,
        -0.26819872945747447,
        -0.21329915778293118,
        -0.5060422047404787,
        -0.2374097967289815,
        0.48295041057377647,
        0.44830629540695777,
        -0.708890526394946,
        -0.280404316018426,
        -1.2477160376684842,
        -0.7871282678780015,
        -0.9357050091168198,
        -0.4048734726616161,
        0.4094088273073381,
        0.4249121882407869,
        -0.3756328174122994,
        -0.9621584116610004,
        0.50071927777548,
        0.3261209608808839,
        -1.0031416629065002,
        -0.324588728959796,
        0.253241478373402,
        1.403155567604131,
        0.007852597539770884,
        0.6386678711642209,
        -0.6401263001499972,
        -1.2850622801501572,
        1.1623775113650463,
        1.1624785624928635,
        0.3146467504193629,
        1.2974139616143185,
        -0.8650316629004429,
        0.8213014985356996,
        0.050953480785352556,
        -0.30306776526359236,
        -1.1003758596314923,
        0.22210589181066306,
        0.15430245739063614,
        -0.07190940444883392,
        0.6019059313213725,
        -2.051140097844248,
        0.263424499764201,
        1.373556977771541,
        -0.16027072189845376,
        -0.01953746474455617,
        -1.009397329654131,
        1.415033949846623,
        0.6990251424738347,
        0.16949434322930593,
        0.44561423630115227,
        0.6699378197686653,
        -0.33910563691556594,
        -0.020182828813806966,
        0.842009022557539,
        0.44052182683893704,
        0.7425488806629725,
        -1.279426149319059,
        -0.053792074431580815,
        0.21816256340351214,
        1.937556091335477,
        0.18211809235379578,
