{
    "idx": 704783,
    "fights": [
        {
            "enemy": 5,
            "fitness": 89.83788117912033,
            "player_life": 54.40000000000032,
            "enemy_life": 0,
            "time": 271
        },
        {
            "enemy": 6,
            "fitness": 4.336560905887933,
            "player_life": 0,
            "enemy_life": 90.0,
            "time": 106
        },
        {
            "enemy": 7,
            "fitness": 87.94788221052461,
            "player_life": 38.20000000000028,
            "enemy_life": 0,
            "time": 355
        },
        {
            "enemy": 8,
            "fitness": 86.30384284030167,
            "player_life": 23.200000000000244,
            "enemy_life": 0,
            "time": 410
        }
    ],
    "weights": [
        1.088503764980455,
        -0.1845373451889702,
        -0.2265920538584152,
        0.44107223408121815,
        -0.7852312548943863,
        -0.20922732290288804,
        0.6145916225749269,
        0.23079017061655144,
        0.23288257123572856,
        -0.5110698173569677,
        -0.2056132458192191,
        1.1656502057499734,
        0.685971005329424,
        0.2060977916692831,
        0.9967319521928651,
        -0.2828208390963483,
        0.5982978316492318,
        -0.3796582653233758,
        1.8841217234688954,
        -0.27369528163787166,
        -1.6797118935282578,
        -0.42952731554449625,
        0.395574912786241,
        -1.0270072194400617,
        0.9770157563521714,
        -0.67521272693787,
        0.7293958516687475,
        0.04166562238384411,
        0.4670678123148025,
        -0.5610453167865881,
        -0.2509989696762174,
        0.9569879639247557,
        -0.7692188626746428,
        -0.39595484417581644,
        0.3853266253457356,
        0.6744246229497906,
        0.5098408725713539,
        -0.8682239607435372,
        0.994724922285033,
        -0.959063365994248,
        1.1682737770989278,
        0.4299803243874843,
        -0.6570524014155188,
        0.21975578488979902,
        -0.25312805572716895,
        -0.8718408158042474,
        -0.6754772027440396,
        -0.3898267826363342,
        0.25971812962492224,
        -0.10436640277925655,
        -0.07622511732764062,
        -0.8108506914372958,
        0.3083178612580013,
        1.6581872230365948,
        -1.054549964813201,
        0.7019600039468408,
        0.49401032069422857,
        -0.23010057433879794,
        -0.3933297382312175,
        0.018472550777583547,
        0.51403833689994,
        -0.6092995048836287,
        -0.5151066615637088,
        0.03858190497237864,
        -0.39570246620134564,
        0.9822883988421687,
        -1.1539100691736908,
        -0.5117994602099861,
        -1.1885003770246505,
        0.6312886342633061,
        -1.260321412968845,
        1.3808519732643818,
        0.3367811140180244,
        1.2044897656739255,
        1.7783732460030002,
        0.5939266231442836,
        -0.11602619613708334,
        0.30102913701269934,
        -0.20926595415805754,
        1.1365533587145888,
        -0.4647707715543803,
        0.3351577268019284,
        -0.11367274875231392,
        -0.41447445192259175,
        0.12025089871759835,
        1.812301876290893,
        0.03605384579211768,
        0.07437289709158611,
        0.7144121249790949,
        -0.2521790823418676,
        -0.7153791760415092,
        0.639849342875357,
        1.3204528251168761,
        -0.00750106071405425,
        1.5345201440010512,
        -3.0231001395334998,
        0.9043932678917702,
        -0.041528028254001294,
        0.6079617184194059,
        0.4646452862219534,
        1.083853515998758,
        0.8117176761358486,
        0.4754664613720636,
        -0.6391110975617709,
        -0.7294190062512076,
        -0.277652535251646,
        -0.2049802085678455,
        -0.8245514619375602,
        -0.05613595364013154,
        -1.6861284316372847,
        -0.3566551476743246,
        -1.1602347361942524,
        -0.536621138655139,
        0.8420363752538768,
        -0.07993412674729411,
        -0.1530438697481158,
        -0.4480579332261114,
        -0.6324091093283015,
        0.796342345524688,
        -0.6483692200570376,
        0.8194764456197652,
        0.04723154588589956,
        -0.6311834202193007,
        -0.8247985699701912,
        0.21467369665672403,
        -0.3499012056120242,
        0.4616225712266732,
        0.6955307804666153,
        0.3305487027512236,
        0.6828157229650603,
        0.282388763951799,
        1.2088018884024574,
        1.160452947529285,
        0.7645376873709836,
        -0.741858791814981,
        -0.4930321806826339,
        0.8418836625983052,
        -0.353123477845461,
        -0.23432278427478778,
        2.085357313232447,
        0.16467963939667662,
        0.7815417986717879,
        -0.09053309692007103,
        -0.9385815233113536,
        0.15981390814509097,
        -0.41570256327622346,
        0.2944481052325329,
        -0.11302665253437323,
        0.1477118003450063,
        1.0246646558341537,
        -0.3903521667246089,
        0.05609549601336386,
        1.298776692584495,
        0.13550765139961418,
        -0.6163137083938395,
        -0.6656659357321529,
        0.7728294111309411,
        -0.14405833209213417,
        1.1796387416158673,
        0.593760633331233,
        -0.015420065642620457,
        -0.2822057586598699,
        -0.03954793063250926,
        -1.0686197215858753,
        -0.8149019272769638,
        0.10053475216002052,
        1.2656234306416314,
        0.00016811500237498556,
        -0.9400769364643594,
        1.0859398779503604,
        0.6829824744484273,
        0.7387440659800103,
        -0.7354711219406335,
        -0.9595627869130643,
        0.686297827366595,
        -0.6358976116653782,
        -0.574002755699732,
        0.6084002180173149,
        0.9586918804588381,
        0.43845549523856564,
        0.5767667868496413,
        0.16302600369787382,
        0.18464369109656675,
        -0.21745957697417267,
        0.36716454793629005,
        0.2586057686235006,
        0.63881457661069,
        -0.4695757846776277,
        -0.04957863394114931,
        0.295881236593249,
        0.2945406153480261,
        0.3837388682921564,
        -0.7638901259754121,
        -0.0155066855876025,
        0.9070243753912793,
        0.13387567728552685,
        0.21379146181782854,
        -1.320499036948242,
        -0.3087633674065047,
        0.32424726323699227,
        0.2896144409458015,
        -0.05639534236854843,
        -1.0576308112902664,
        1.1978320335480794,
        0.24854950972591217,
        1.0094329441388092,
        -0.891720939033003,
        -0.6110521799876971,
        -0.4291625120892682,
        0.4017383957782198,
        0.7897675950651171,
        -0.7456126453214494,
        1.3293682315160338,
        -0.0667557793838324,
        -0.17901003651622555,
        -0.12368888629517005,
        -0.5265428537034985,
        -0.4514231297729022,
        0.8280591206619257,
        0.019769577568610544,
        -0.5387874609864988,
        -0.6801599918649769,
        0.09860023959345512,
        0.2971007955182757,
        0.8486818417500555,
        -0.586795935881977,
        0.4150857506439374,
        0.40460505136413805,
        0.1922848423836993,
        -0.9921706759850881,
        -0.5668022836040082,
        0.19949504944417007,
        0.3542841748721236,
        0.481616335265219,
        -1.1902323045512269,
        -0.6887698767712737,
        1.2414191944262616,
        0.19694015139765825,
        0.16081276303769335,
        0.5267644816348822,
        -1.0839766297279931,
        -0.4631118565389256,
        -0.37754954094533094,
        0.6714531680972685,
        0.020063727626083702,
        -0.618248080659526,
        -0.7658570274429999,
        0.3069792025794703,
        0.8871303585776493,
        1.4366617208314074,
        -0.8156861338965942,
