{
    "idx": 702537,
    "fights": [
        {
            "enemy": 5,
            "fitness": 90.66192069107684,
            "player_life": 61.000000000000334,
            "enemy_life": 0,
            "time": 230
        },
        {
            "enemy": 6,
            "fitness": 39.900133572175804,
            "player_life": 0,
            "enemy_life": 50.0,
            "time": 164
        },
        {
            "enemy": 7,
            "fitness": 89.84814186652396,
            "player_life": 52.00000000000031,
            "enemy_life": 0,
            "time": 211
        },
        {
            "enemy": 8,
            "fitness": 87.53788162462297,
            "player_life": 33.40000000000027,
            "enemy_life": 0,
            "time": 331
        }
    ],
    "weights": [
        0.6420672354977045,
        1.0254913722390917,
        0.8911094477741994,
        -0.5967419689074971,
        -1.314658236590453,
        0.21631287635598673,
        -1.2868265433857136,
        1.4232987776242736,
        -0.7304736264961369,
        1.4156390494660973,
        -0.2544034556031009,
        -0.934118251607271,
        -0.7589345669175499,
        0.016669414470618368,
        -0.8581603589544062,
        2.502258875957084,
        1.1791236241981595,
        0.7396776652299211,
        0.12155454811846424,
        2.0789788031317347,
        -1.055041605877004,
        0.44348754866969464,
        2.2917680308851973,
        1.3620194343383845,
        0.9763152227556895,
        1.6435513971516615,
        -1.603212345318935,
        -0.028416345239147038,
        0.8629678203926145,
        0.6282509371452907,
        -0.5318655200195986,
        -0.5880456468412781,
        -0.7155437174696417,
        -0.6236603193694025,
        0.7549904316350289,
        -0.22253589207023391,
        0.5735575004226094,
        -0.11346331625985595,
        0.05583925276106393,
        0.6391180068322602,
        0.032502287101465355,
        -0.8966137297387639,
        0.5905703422622031,
        0.9951939648429019,
        -0.03458101837094432,
        -0.1869351857778344,
        1.4104384407900918,
        -0.17179822728271735,
        0.6355892273553554,
        0.6651815073683687,
        -0.6620921062815515,
        1.1951576719078691,
        -1.609531736439962,
        -1.2973358592388333,
        -0.2966198751123112,
        1.1376387996761073,
        0.4355571785124566,
        -0.5158585698986179,
        -1.8910710495659924,
        0.16677066360375944,
        0.8006309462166767,
        -0.6035405164774855,
        -1.1145620878163698,
        0.24828011916834763,
        0.4441417941999824,
        0.5778284468583732,
        -0.28450397604892935,
        2.426051299009229,
        -0.005809414861473905,
        -0.12019935159045578,
        0.3564426007434574,
        -0.36448848563852926,
        -0.39750030441723394,
        0.30234737195326056,
        0.12732710383992946,
        -1.6532173001502777,
        0.2769694232956692,
        0.0440002789302977,
        1.4500449282487433,
        0.022911673156495005,
        0.2840189769089051,
        -0.20140772118933478,
        0.49128475349605594,
        2.0088079414008417,
        0.011232098533431926,
        -0.6530719200379989,
        -0.02643177300178086,
        1.1261121956747824,
        0.13429751179959884,
        -0.5230140158005672,
        -0.5993948177240086,
        -0.272906508383997,
        -0.4438413794034449,
        -0.9448292701964233,
        1.3064645280481355,
        -1.1804548279183311,
        -0.7466211380537412,
        0.2123051326554813,
        1.374312162469015,
        -0.5734976523921127,
        1.2230462763692456,
        -1.7060240442379053,
        0.6180845948210472,
        -0.9781683581893147,
        -0.13830819944176445,
        0.598826409545551,
        0.2647434495596,
        -1.2119100627114374,
        0.8179123820460998,
        -0.5438240846240793,
        -0.4734167356367198,
        -0.6126595653609889,
        1.7200359475011575,
        0.2829921028157471,
        -1.43400991680146,
        0.44368443675607905,
        0.8888693230752209,
        -0.769685499570113,
        0.40535266166030026,
        0.7053030082596751,
        0.4274833210633176,
        0.01810252332368592,
        0.5516725448032013,
        -0.780117254088821,
        1.6994504484680923,
        2.1843696729561435,
        0.3206203643360149,
        -1.3767861953956135,
        -0.3540391730336381,
        0.12630011109657144,
        -0.5148106271480875,
        0.6372038511937673,
        -0.1451921776617373,
        0.6613752687069042,
        0.336871773838772,
        1.094833728493658,
        0.464482808006901,
        1.6638317585130384,
        0.20443274501173203,
        -0.7500693026440826,
        1.0405499393293103,
        1.025824290545292,
        -1.099454715605839,
        0.19292474715910995,
        0.4438295768222571,
        -0.6205746636790526,
        1.890945434387477,
        -0.9123682103274694,
        0.7314883121369927,
        -0.38210274974361685,
        -0.1982234040813838,
        1.4210977250743348,
        1.4370782363292767,
        0.2940790080428078,
        1.256566915797829,
        1.3291481337559854,
        0.009358193179623048,
        0.43276956737765715,
        0.7564392241652571,
        -1.0172747766749493,
        -0.939920401765935,
        0.3779541922136468,
        0.6161822269176782,
        -0.2615924624320956,
        -0.4341130885115849,
        0.23818139863489474,
        0.8751505133335894,
        0.9239031866110821,
        0.729834453879307,
        1.1889799647643193,
        -0.06002876699162453,
        0.3934378290962257,
        0.673451359470072,
        2.0661915618298807,
        0.5862971875924247,
        0.7078631947296304,
        -0.2293528137947239,
        -1.209234616399107,
        0.05446157868479312,
        -0.09198477657298569,
        -0.39085757150341083,
        0.567837610216395,
        -0.03992378966308257,
        0.9514348648860642,
        0.38732061194220574,
        0.5819691490751929,
        0.4086866106961221,
        -0.619957017083536,
        0.2714882899595343,
        0.656515132843553,
        0.10776006970431891,
        -0.5407551945167568,
        -0.23724002068704286,
        -0.3583217678584293,
        0.6502199273297931,
        1.6006242206301942,
        0.4021584001216362,
        -0.21331520514749935,
        -1.171846088117365,
        -1.7937385630449212,
        -0.4879165723220281,
        -1.2360638606904637,
        0.026999701508253544,
        1.9570676020692235,
        -0.3088463182320726,
        -1.2501970938953761,
        -1.0082466231824934,
        0.8248700589999212,
        0.7072767087837252,
        -1.7010481008767164,
        -0.2146109019421526,
        0.5214681578779761,
        0.7567837902241776,
        -0.7584043527900116,
        0.9592654384476541,
        -0.883163789410261,
        -1.3580838401605964,
        0.1426039937569437,
        0.9227342559105997,
        -0.15713518068183024,
        1.1278219974961923,
        -0.8020508565719491,
        1.268542352667144,
        0.4024468030579216,
        -0.4435794527056355,
        -1.4655488136039962,
        0.5591140471735249,
        -1.3474526231336736,
        -0.09437438282372548,
        2.3320919948819157,
        -1.4426394102390958,
        1.1704114425689074,
        1.2335341405660905,
        0.3874407506571591,
        0.1356667044161312,
        -0.12523014865334994,
        0.6102609705598894,
        1.0594746285289838,
        0.7598248358204107,
        -0.6659970733053328,
        0.42918450407788433,
        0.03232237166979768,
        0.4813015582616893,
        0.8853516056495877,
        0.8995212908038265,
        1.0906083835610878,
        -0.9508971832842885,
        0.43478717405454786,
        0.9370527085361721,
        0.4346287695716452,
        1.0453146601188474,
        -0.605684530857682,
