{
    "idx": 702532,
    "fights": [
        {
            "enemy": 5,
            "fitness": 89.77106227384334,
            "player_life": 52.600000000000314,
            "enemy_life": 0,
            "time": 242
        },
        {
            "enemy": 6,
            "fitness": 57.49874178945527,
            "player_life": 0,
            "enemy_life": 30.0,
            "time": 245
        },
        {
            "enemy": 7,
            "fitness": 84.70109822612274,
            "player_life": 4.600000000000234,
            "enemy_life": 0,
            "time": 317
        },
        {
            "enemy": 8,
            "fitness": 86.33574420258549,
            "player_life": 22.600000000000243,
            "enemy_life": 0,
            "time": 374
        }
    ],
    "weights": [
        0.6891675556828596,
        0.6415430674235658,
        1.249244264562043,
        -1.0390140867584092,
        -1.2264717748246188,
        0.09675881699751022,
        -1.287521470690013,
        1.3873683806143113,
        -0.8162752797437541,
        1.33542135575668,
        -0.4735153367060376,
        -0.7114322466046948,
        -0.9853109201284866,
        -0.9556962191564082,
        -0.8402405422054147,
        2.065676276306603,
        0.8532471078216062,
        0.6416457615348758,
        -0.17780872701684122,
        2.117916121761602,
        -1.2058157854584182,
        0.5481374570455202,
        2.1004429128956295,
        0.930067928718987,
        0.7146059838834555,
        1.4149492519597555,
        -1.4084915139979468,
        0.12970780067722343,
        0.9295625732697532,
        0.7917522818311985,
        -0.2178465220221291,
        -0.8156396788799638,
        -0.5904238834357229,
        -0.8956035137358785,
        0.7564587495009014,
        -0.5398200230032397,
        0.3928727071459234,
        -0.8456565506788026,
        -0.12483838997424274,
        0.5087358666186236,
        -0.1778483109589643,
        -0.9032336969814316,
        0.9546893668511407,
        1.5306395130828934,
        -1.9467462229601917,
        -0.348633502521794,
        1.4606700124294056,
        0.14890621521444772,
        0.677986631313834,
        1.1049743499425735,
        -0.6941947418885044,
        1.1703550154863742,
        -1.4581923549590443,
        -1.0888901490406653,
        -0.6278530514071173,
        0.9851740976040115,
        0.4116803688242625,
        -0.4906302207292196,
        -2.2429920625694297,
        0.23998995366773224,
        0.6672709256576994,
        -0.5319352919917715,
        -0.5124297833104966,
        0.6331545040542383,
        0.7843792977971435,
        0.5295100937852069,
        -0.7443286562718785,
        1.1821123329570349,
        -0.19052505076036913,
        -0.17773323732953605,
        0.6351840703893662,
        -0.12265679350945202,
        -0.20466629628025002,
        -0.26456780928180085,
        -0.00499995704044201,
        -1.7456772420912234,
        -0.35149082854756536,
        -0.12931382842641675,
        1.5344543451129407,
        0.46904450558583766,
        0.3046596753450649,
        -0.14149434658057514,
        0.4062291164922208,
        3.251635345472508,
        -0.17725728007407995,
        -1.1800070267094749,
        -0.19459794781032194,
        1.0539596229705328,
        0.3390578268794176,
        -0.34971274184935286,
        -0.7040580729700608,
        -1.3899713794068436,
        -0.34109655750876516,
        -0.8382336545611871,
        1.1443703177595481,
        -1.0266623879339642,
        -0.8103550163484383,
        0.17706880343514014,
        1.4095579670567717,
        -0.7388657268259037,
        1.0043732116828947,
        -1.6377213419728964,
        0.8331061020529275,
        0.2101143953713317,
        -0.2894557862216943,
        0.27525313503802024,
        0.1414148191132726,
        -1.2741762970519308,
        0.8257341364966508,
        -0.5103167827344813,
        -1.2214488007225208,
        0.23897541540275816,
        1.101743937054492,
        0.19399833073643782,
        -1.310933722162655,
        0.18675446059230172,
        -0.14872645729451112,
        -0.8309511414289433,
        0.45809593601070664,
        0.22728046446879072,
        0.31670526237136587,
        0.0037203727377094556,
        0.5081643963808322,
        -0.7647348861383032,
        1.6128506018466324,
        1.9633966861549845,
        0.05705131682630102,
        -1.295823880343062,
        -0.11097477291137912,
        0.018856873199577573,
        0.04993189799800716,
        0.4357571425732001,
        -0.3294021111482221,
        0.886693884043186,
        0.5572958519188065,
        0.6949190176045081,
        0.25106098703716073,
        1.6636828118463152,
        0.24484246688409103,
        -0.6737994697769384,
        1.0170055717245052,
        1.0427074128719869,
        -1.0571711161593635,
        0.15023267421040892,
        0.4782521308639836,
        -0.5550218054060089,
        1.5796618797516828,
        -1.0405203227698396,
        1.0517014670084146,
        -0.024915907894945327,
        0.02274758695732018,
        1.1327161234652077,
        1.263331686287754,
        0.5951249920561001,
        1.3391319028044224,
        1.1676013045325166,
        -0.12377299213163816,
        1.2837493210055468,
        0.938478280192259,
        -0.9199007748589535,
        -0.819247860678489,
        0.44387353948420516,
        0.21056925656972805,
        -0.5200883720562719,
        -0.48740016968159433,
        0.11252296981882765,
        0.23002985167360168,
        0.935183913532647,
        0.5457332751282269,
        1.3755996619030755,
        -0.2465242428389852,
        0.22267388823013004,
        0.49096780146142116,
        0.7249982028543182,
        0.25084356598855984,
        -0.18822357168484236,
        -0.7299518894397485,
        -1.0617883811056694,
        0.31284587336464853,
        0.31297910656377836,
        -0.10595131095898283,
        0.7554972006150779,
        -0.44546801590646523,
        0.5667924055054799,
        -0.1373668169326217,
        0.8475304120121656,
        0.9384128245892489,
        -0.5446953518582194,
        0.32230636021848824,
        0.7562595961872536,
        -0.03443959579402957,
        -0.20768421179955546,
        -0.19066216328190724,
        -0.34863903518769335,
        0.30764401182046336,
        0.9587438593357428,
        0.41002170052636466,
        0.008819921380356473,
        -0.36062551810519383,
        -1.886851248893784,
        -0.5437206933665651,
        0.2604663776468538,
        -0.12659986605068638,
        2.129299445360876,
        -0.18368306359375608,
        -1.3693184260005926,
        -1.207602844545091,
        1.3660256836240643,
        0.8334785106912761,
        -1.6954188748001036,
        -0.4760090985362482,
        0.9072547598652823,
        0.9485061081916353,
        -0.5482949362042079,
        1.0226474983748362,
        -0.8313256786990049,
        -1.3071914843069248,
        0.37828597328884866,
        0.771085505749689,
        -0.1082688679509911,
        1.2156703498395331,
        -1.3215189991129976,
        1.340580063611732,
        0.03548133687367366,
        0.24111964642863465,
        -0.9844054794068823,
        0.48698252863152736,
        -1.0618599193178357,
        -0.13777680773264037,
        1.9243520212091003,
        -0.812010200823465,
        1.498555868757579,
        1.4250071311740524,
        0.08260180721307156,
        0.21646322501344284,
        -0.42854272528898296,
        0.8605243554601454,
        1.0851781616990086,
        0.540034205118034,
        -0.7567136767361194,
        0.44431236875284397,
        -0.17458688447632917,
        0.6445196954579091,
        0.881328118280214,
        1.1782412213263131,
        0.7157761741858472,
        -0.7016861138389022,
        0.13643149803743776,
        0.8319216348101944,
        0.38605081436783567,
        0.9440504447043759,
