{
    "idx": 704412,
    "fights": [
        {
            "enemy": 5,
            "fitness": 84.54140592179684,
            "player_life": 8.800000000000232,
            "enemy_life": 0,
            "time": 566
        },
        {
            "enemy": 6,
            "fitness": 85.14322890233345,
            "player_life": 7.600000000000232,
            "enemy_life": 0,
            "time": 275
        },
        {
            "enemy": 7,
            "fitness": 30.662461920298682,
            "player_life": 0,
            "enemy_life": 60.0,
            "time": 208
        },
        {
            "enemy": 8,
            "fitness": 88.74324619773175,
            "player_life": 44.200000000000294,
            "enemy_life": 0,
            "time": 292
        }
    ],
    "weights": [
        0.38507481329961335,
        0.28071632713776784,
        0.7542804356325433,
        -0.8032360088416214,
        -1.417428970222653,
        0.4014555103350947,
        -1.635884013198452,
        0.9916483285235774,
        -0.5030572857506111,
        1.2878482841669827,
        -0.10183029474323527,
        -0.5828873552000535,
        -1.4590618486857334,
        -0.8770330328992085,
        -0.9192706036903062,
        1.9999030009128005,
        1.7358501297395499,
        0.5496533191019829,
        0.6498972815049876,
        2.1379461590523015,
        -1.9580038848173236,
        0.024860734366618314,
        1.5831268464984638,
        2.1493951052170686,
        0.6189162070087627,
        1.7674025139198897,
        -1.6525123963039643,
        -0.44911818391309344,
        1.3423267222923911,
        1.4208607516936556,
        -0.20964837531081554,
        -0.5780810030050865,
        -1.4641629913714524,
        -1.0807034245340363,
        0.6990731843992811,
        0.1220990760146851,
        0.42254426183896177,
        -0.9888711717205236,
        -0.262577980522479,
        0.7023323800488325,
        -0.013090105449626088,
        -0.28346042465181476,
        0.29506934875734175,
        1.1165947829008311,
        0.43528885046628507,
        -0.03415521616361265,
        1.8511048511569475,
        -0.46794882746224936,
        0.3882376587030099,
        1.1549148082666716,
        -0.7830535454156781,
        1.854624970609599,
        -1.429894402519551,
        -1.1289497122862708,
        -0.9534983870107816,
        1.7773446810604239,
        0.6938083857645747,
        -0.2949728675349487,
        -1.8798813412588313,
        -0.237016845374597,
        1.1196769259918091,
        -0.7927598324193569,
        -0.24015470370752456,
        0.47386719830745055,
        0.6900832375763262,
        0.1630060228938533,
        -0.9893021497432015,
        1.2860234371257122,
        -0.8612502034802558,
        0.3731091594128418,
        0.8492011023565887,
        -0.9183960541773801,
        -0.058248955312251556,
        0.7618044454865281,
        -0.5935392956966162,
        -1.2702991979675116,
        0.26251715804095543,
        -0.45523215625721086,
        0.8200926187297358,
        -0.1121625654681503,
        1.0824731222476012,
        0.2510177411866957,
        0.3290932068080784,
        3.2596116803786592,
        -0.6306864219253361,
        -0.0030171601887932498,
        -0.4254451569380593,
        0.8744876209749117,
        0.3108771278017058,
        -1.8589165185491172,
        -0.7396543498933231,
        -0.7489580234817111,
        -0.12295048386154353,
        -1.0804906378254633,
        1.1692808819984755,
        -0.5322385237652851,
        -1.356606627238457,
        0.604960368429917,
        2.136863798840264,
        -1.161202833176138,
        1.2091004425380862,
        -1.5561448892672878,
        1.4723920527227568,
        -0.23578817571546654,
        0.057240739942720525,
        0.2344839395309876,
        -0.2575864499986835,
        -1.5023623402144402,
        0.7646377722311684,
        -0.9788974640539414,
        -1.1850073729260409,
        -1.0542175159923715,
        0.8907882313789981,
        1.1020770737140442,
        -1.0697528676384176,
        -0.1682430287344488,
        -0.04213497117849312,
        -0.6154508534385809,
        -0.384505167533173,
        0.5384405567877637,
        0.5088225678140569,
        0.5845784056388472,
        0.7524155350366584,
        -1.081091765465261,
        1.5343156648723226,
        2.782873657120824,
        0.6678204152564938,
        -1.40507218266938,
        -0.08814738301100711,
        0.3130126663107601,
        -0.7655845871646901,
        0.0077287233471850375,
        0.6611037543403313,
        0.33715312664542907,
        0.5805887005284193,
        0.9187364823216568,
        0.36935562457472587,
        2.4381454360172614,
        0.4632098324827175,
        -0.5864834738838447,
        1.5341727306278723,
        2.135371551942913,
        -1.770945273184811,
        0.07309151593722422,
        -0.029765791060373414,
        -0.7405661874930977,
        1.2291711230229667,
        -1.3898131903819606,
        1.6195027525422059,
        0.6131462364964512,
        0.3555608410913195,
        1.6021614283319277,
        1.8654179901838164,
        -0.13523025276981707,
        1.5837389171950957,
        1.0497243629490476,
        0.184417908570288,
        1.567260282553673,
        1.0313892500430712,
        -1.1517843164256816,
        -0.8001865956410734,
        -0.2787400622962901,
        0.2926713116668053,
        -0.09124980148635786,
        0.3609663629843869,
        0.3212713994815857,
        0.09924730556150789,
        0.3517901129056899,
        0.1905574236132868,
        0.2741789238191423,
        -1.7182257692334355,
        0.5443282716780987,
        0.6435791162129961,
        0.10983944084076629,
        0.4089597192527893,
        -0.7815469593996687,
        -0.796552258341884,
        -0.9818762589462133,
        1.006618732208475,
        -1.579074056261549,
        0.03120391131293329,
        0.61692301667784,
        -0.5234692547619589,
        0.7589924161494584,
        0.3113987257245781,
        0.8535297295625139,
        0.6896016286379514,
        -0.6237021769803495,
        -0.16503985583890501,
        0.7604179267672901,
        0.08826469632242433,
        0.4825795051815404,
        -0.2436040619614,
        -0.40479491534867507,
        -0.45312952474176177,
        0.32595680910512265,
        0.07707075943128137,
        -0.735798235114887,
        -0.9569096519310917,
        -1.7464373017554782,
        -0.8280238077870091,
        -0.01961527908259178,
        -1.1799579993586897,
        2.0781491734784314,
        -0.18340646683956213,
        -0.8303402433336662,
        -1.4135694374203216,
        0.21075847815465015,
        0.7983846976935379,
        -1.8166813794075585,
        -0.3686502649349839,
        0.3705063279817166,
        0.8570097634435757,
        0.33538264070257146,
        1.420423410236894,
        -1.036301110387794,
        -1.0004998350877212,
        -0.14299918542897344,
        1.0692308528441143,
        -0.8686536795559753,
        1.237801760235373,
        -1.1173734199891234,
        1.3750846993168542,
        0.10470885414212593,
        0.11643341064415558,
        -1.1930623670127738,
        0.6714413406838352,
        -0.9242860281774548,
        -0.14728178461126698,
        1.3888842421211385,
        -1.2014324128923277,
        1.1211484045378197,
        1.0286760128312715,
        0.13714888365106526,
        0.4486473317097443,
        -0.192808633548155,
        0.26308097368565386,
        1.6691470514759519,
        0.06590098995941458,
        -0.039920748915941565,
        0.6394303188135276,
        0.4467749035074956,
        0.8603325390273984,
        1.0098815621106436,
        1.3724843271284441,
        0.9264714380077349,
        -1.0629526755130065,
        0.6776523899534675,
        1.0578585380999426,
        1.6667334264559386,
        0.6191647278260748,
        -0.8967246272026983,
