{
    "idx": 707327,
    "fights": [
        {
            "enemy": 5,
            "fitness": 90.40027017401381,
            "player_life": 59.80000000000033,
            "enemy_life": 0,
            "time": 265
        },
        {
            "enemy": 6,
            "fitness": 57.648141866523936,
            "player_life": 0,
            "enemy_life": 30.0,
            "time": 211
        },
        {
            "enemy": 7,
            "fitness": 90.4987078342906,
            "player_life": 58.60000000000033,
            "enemy_life": 0,
            "time": 213
        },
        {
            "enemy": 8,
            "fitness": 86.33574420258549,
            "player_life": 22.600000000000243,
            "enemy_life": 0,
            "time": 374
        }
    ],
    "weights": [
        0.8837348788132838,
        0.022299412976911764,
        0.9520522533717505,
        -1.1750636823884593,
        -1.5293090806367964,
        1.5092641050732383,
        -1.548547221904356,
        1.8442212214203664,
        -0.41508607051908264,
        0.5800972301757787,
        -0.0395515102513076,
        -0.5931183866849866,
        -0.9746991405025116,
        -0.4816285879250764,
        -1.1133462457759866,
        2.7471144906232814,
        -0.8733293318922835,
        0.4602585116190191,
        -0.38479082545827326,
        2.181177908656033,
        -1.2708748819815563,
        0.10304540851251973,
        1.1674541141053811,
        1.5737714985215814,
        0.42883865915971947,
        2.0284103421881627,
        -1.3276476061679,
        0.6773429424779637,
        1.0919741553196414,
        0.34092051962426884,
        -0.3920248115046063,
        -0.6256926671402405,
        -0.6258761607874188,
        -0.5680369448297994,
        0.8105329447216224,
        0.02227675889541845,
        0.5635611946638637,
        -1.0938804494399743,
        0.5212351164590366,
        0.5646595273986723,
        -0.5044791924612241,
        -1.1331202846389228,
        0.7436751892990789,
        1.0250823140686074,
        0.647044623045089,
        0.45202092510151404,
        2.000771180964377,
        0.001107057664983895,
        0.5522098475352171,
        1.1039098071903397,
        -0.8706038090977505,
        1.6556380522994059,
        -2.2471130391320386,
        -1.014549258455431,
        -1.0017033441086405,
        1.7444511780658636,
        0.6442378582814517,
        -0.48756511111766815,
        -1.879622063706312,
        0.37606350616666634,
        0.5968011058137715,
        -1.0886966057465046,
        -1.0479215203401169,
        0.7596196505542351,
        0.7882328718308704,
        -0.02975816243620119,
        -1.262607785992959,
        1.708992998315722,
        -0.6987457648295368,
        0.046376960359424596,
        0.7955120193546125,
        -0.8578857879190669,
        -0.11259304075627273,
        0.03061705065345451,
        -0.3714343250790046,
        -1.7233104251534372,
        -1.0122073208936437,
        -0.8667815506378044,
        0.8549243952732076,
        -0.13161321112351704,
        -0.18180280357669987,
        -0.047123352478946785,
        0.4880951438499851,
        2.2554533418947447,
        -0.5029387733625499,
        -0.30079371236488794,
        -0.7304549917457349,
        1.3135314825590985,
        -0.27755127958023645,
        -1.0971097476973528,
        -0.5432549055993574,
        -1.0440759265444435,
        0.08707709854074233,
        -0.6320561700038607,
        1.0943042456762087,
        -1.1327337643695115,
        0.08364038232206751,
        -0.22214570015902066,
        1.0916033837016401,
        -0.594970026200232,
        0.7748231450132661,
        -1.816015003623896,
        0.12127498015643577,
        -0.5948131605663631,
        0.5406184401072878,
        -0.008505859063372784,
        -0.08345235009002767,
        -1.710786353501089,
        0.9953090688278532,
        -0.22357715827483715,
        -1.269760491416406,
        -0.49186780873457325,
        0.8526139687520106,
        -0.21811982827482296,
        -1.155137901937975,
        -0.4679328886895303,
        -0.024959040388597607,
        -0.7861987794636303,
        -0.17532232058664174,
        0.3381262540042783,
        0.5031945673459202,
        -0.0594844117968307,
        0.8102305947761245,
        -0.7908384274563925,
        1.1469200268446822,
        1.3729156810993677,
        0.935433493893969,
        -1.2728165726089689,
        0.01066878258744558,
        0.2735514925532316,
        0.041972464120410446,
        -0.13055446301100535,
        -0.11226007087272583,
        0.7338461520351004,
        0.49054928664633013,
        1.3095809824029914,
        0.14039480302384355,
        1.6275898413983454,
        1.2559838210761114,
        -0.33597453742604955,
        0.9933397264161028,
        0.840073656740594,
        -1.355379836651898,
        0.39083471248633217,
        -0.06714194437482293,
        -0.43894874565858377,
        1.9391503439424074,
        -0.7262062615964493,
        0.2584599316822488,
        -0.5921157072509102,
        -0.11487389010608334,
        1.5503742660762045,
        1.317973067511376,
        0.7685170581273287,
        0.7566335674033516,
        0.19026944584005884,
        -0.11468814134136132,
        1.9974403128395015,
        0.8371858257724699,
        -0.5415396972040206,
        -0.8087406809959292,
        -0.18886038148117723,
        0.3001944527758467,
        0.2911138738821748,
        -0.6877443918173854,
        0.9687444485556809,
        -0.4066353693014824,
        1.0299277947860637,
        0.43567446614538213,
        0.9248328303356177,
        -0.21389543454518786,
        0.647874186281802,
        0.6788744982263757,
        0.27753188060034606,
        0.3428457649091326,
        -0.7589703983973632,
        -0.10682976454503963,
        -0.6800883785469469,
        0.48024427207151027,
        -1.5276455984209987,
        -0.9022702266818041,
        -0.03756702066375461,
        -0.22688211722840027,
        0.8455391764198288,
        0.1721476501249836,
        0.8380055100931765,
        0.6716024316390428,
        -0.7092455675156435,
        -0.07003749220290995,
        0.780593990533502,
        0.07520746978921576,
        -0.25882883187122163,
        0.48711848790261586,
        -0.18435104070109143,
        0.04631392317793516,
        0.4826057632298315,
        0.18487368695290052,
        -0.10122281639148084,
        -0.6174311625147201,
        -1.752621768319157,
        -0.5524348862862855,
        -0.39646745888052976,
        -1.082568213409473,
        0.9163245384831189,
        -0.04339276058879666,
        -1.7430140088911847,
        -0.8332721349620715,
        1.2908464915384004,
        0.6052921847380132,
        -1.70778714119311,
        -0.06172492693192595,
        0.4632151039691722,
        0.9007572567313017,
        -0.8266966565295353,
        1.8218999734556909,
        -0.8704047689627878,
        -1.4830252819649865,
        0.2610187852278827,
        1.7507128864877821,
        0.30231406335480365,
        0.7622651490768675,
        -1.2208164672162605,
        1.2212284228430768,
        0.7373868715040809,
        -0.06817873174821959,
        -1.221099520447763,
        0.578347734287932,
        -0.4056049977778272,
        0.1317127510493791,
        1.1718959352961074,
        -1.103844630212713,
        1.5664459468538952,
        2.1368444088937384,
        -0.0940317953038019,
        0.517968194136498,
        -0.26531810159226576,
        0.7771953736269288,
        2.144797466597528,
        0.3694887839546328,
        0.5689075030340205,
        0.9877275740015266,
        -0.3332154800565917,
        0.04507109085445693,
        0.4060862100910287,
        0.9295339210552263,
        -0.0005950748181176857,
        -0.7372724554527912,
        0.9900041669678687,
        1.1082407249931987,
        0.2418417754186622,
        0.6357973783611999,
