{
    "idx": 704444,
    "fights": [
        {
            "enemy": 5,
            "fitness": 86.13480889721518,
            "player_life": 19.000000000000234,
            "enemy_life": 0,
            "time": 319
        },
        {
            "enemy": 6,
            "fitness": 30.299556426609314,
            "player_life": 0,
            "enemy_life": 60.0,
            "time": 299
        },
        {
            "enemy": 7,
            "fitness": 90.8717329693055,
            "player_life": 61.600000000000335,
            "enemy_life": 0,
            "time": 198
        },
        {
            "enemy": 8,
            "fitness": 88.92324619773174,
            "player_life": 46.0000000000003,
            "enemy_life": 0,
            "time": 292
        }
    ],
    "weights": [
        0.528235078301835,
        0.8343722562871287,
        1.00854337175139,
        0.2217260824978081,
        -0.06069761929236721,
        0.6970413575158415,
        -0.8223333752138774,
        1.001191084357348,
        -0.8359307762212004,
        0.7926314542860203,
        -1.0210256847745482,
        0.24384764520286054,
        -0.9336517825810833,
        -0.41479989768001935,
        -0.0499197925747749,
        1.8270771997967643,
        -0.11168694257712262,
        1.7929228254713863,
        0.5203674731320262,
        0.6607183814066462,
        -0.7805054710334087,
        0.018358160059324766,
        1.8535271891328473,
        0.46068591278402504,
        0.3277745526852293,
        2.0062652985930636,
        -0.9748343097893519,
        0.024380613850901456,
        0.07947126525533005,
        0.5250164131091931,
        0.004129205760355545,
        0.016498810630944397,
        -0.9737211691591896,
        0.9279150022696446,
        0.6384353736088724,
        -0.5670443175054228,
        0.29751998172061167,
        -0.3089642855983551,
        0.8318799582740981,
        0.265000549209891,
        -0.7294544362250267,
        -0.4548916977682953,
        0.7154917905963641,
        0.4207938452345523,
        -0.15325733497515842,
        -0.8939945107308536,
        0.4609082314275952,
        -0.45324378585847624,
        0.5591008524501027,
        0.5817087180517165,
        -0.05267199061459931,
        1.5566857838821044,
        -1.5533376513780681,
        -0.46912322936420103,
        -0.05064098596396452,
        1.4515638392441417,
        0.08138539281397697,
        0.3476950609563202,
        -1.4295733509019484,
        0.5890472150197469,
        0.719907001290866,
        -0.9471172792104735,
        -1.4381154283260842,
        0.6269146447525129,
        0.608265484579229,
        0.5472913452935148,
        -0.5261596045883175,
        0.8567953558685855,
        -0.29510985693753766,
        -0.1044654191188552,
        0.8078660813107107,
        -0.41565703656767894,
        -0.47093893129531467,
        0.4263389217011079,
        -0.5717186758043018,
        -1.4127015155677105,
        -0.14204008386164005,
        -0.3689990946107666,
        0.9089836856568841,
        0.7155868401143748,
        1.35631741841374,
        0.2616948342093198,
        0.40103376120535966,
        0.21770670158618186,
        0.4816148023432419,
        0.08832984801768519,
        -0.19442399963027657,
        0.8690224117051184,
        -0.1446589728548317,
        -0.5660827267498983,
        -0.7100374248130215,
        -0.5301888808421235,
        -0.2669333970034096,
        -0.6215821817705791,
        0.838738962435451,
        -0.19143606761881005,
        -0.2434386100457625,
        -0.1355918324474664,
        2.663091809385458,
        -0.8401867715453009,
        0.731464817095963,
        -1.6355369402897855,
        -0.5352706276907572,
        -0.6490342296197104,
        0.6511812079922648,
        0.10193683776611653,
        0.553496618290975,
        -1.5111453282809508,
        1.2173561109761337,
        -0.40939337547523086,
        -0.8821637686747325,
        0.03401490087496982,
        1.1064052287302397,
        -0.032039475959069565,
        -0.9564190168344747,
        0.12809250443630296,
        0.618655694376829,
        -1.2094942968984597,
        0.12246208805994949,
        0.5653057404347694,
        -0.07308719599669372,
        1.2506388252590563,
        0.3294964928807463,
        -1.083425320209057,
        1.7602365858331104,
        1.469749226000247,
        -0.2190190686412114,
        -1.0581339935771372,
        -0.48241978593277096,
        -0.25403698092095445,
        0.26554465526039667,
        0.2005387583244101,
        -0.17349902928342653,
        0.4111355601620915,
        -0.38493337793790194,
        0.4311273133972944,
        -0.34617698053581086,
        1.6397937384939443,
        -0.18973336027035165,
        0.0343945757406168,
        1.2595483596898258,
        1.2015423145821564,
        -0.3673508247770978,
        0.5242203240189314,
        0.47552194325258,
        -1.0712572763282906,
        1.5067125967883035,
        -0.3625121538884313,
        1.2295369371989808,
        -0.1900909666827139,
        -0.43988570331924015,
        0.9460443334472225,
        1.5682841408728252,
        -0.6220901384006665,
        1.1808210989031989,
        0.5365516029961303,
        0.8082682304255917,
        0.5372543437057546,
        0.4133069856205651,
        0.2984805746383078,
        -1.1643284424414353,
        -0.2001563514680373,
        0.3840715086623042,
        -0.852197392753548,
        -0.8625039246460093,
        0.32088350367750657,
        0.1412604612594098,
        0.15409589351704872,
        0.6368049096397896,
        0.1862305655051288,
        0.06732129686524416,
        0.3058950118796837,
        0.5185335029655154,
        -0.10228393736551031,
        0.6661464205057395,
        0.1354831787521621,
        -0.3145190335930199,
        -0.28892196884021387,
        0.6192319455828047,
        -0.20590533531745117,
        -0.8630010953877306,
        -0.5526951972719533,
        0.0947243175700157,
        0.6861449117967189,
        0.40424017024920944,
        0.4301629365812901,
        -0.09057821228410122,
        -0.36295391450240583,
        0.4861902862200719,
        0.2863636234816623,
        0.7123592675948195,
        0.08506551158599712,
        0.7326726553187484,
        0.0853107946262104,
        -0.3165723525839643,
        0.7507625841753597,
        0.0636753329602005,
        -0.49941446087563285,
        -0.6948418099372313,
        -1.46022925948423,
        -0.7226202098097072,
        -0.8555693626575788,
        -0.4098066245963788,
        0.471333638205942,
        0.16151851139596746,
        -0.433156039738596,
        -0.6573130769820682,
        0.46580020324802673,
        0.765450882185535,
        -1.4872614784410072,
        -0.08263327822834522,
        0.28851062119781634,
        0.8383107356971592,
        0.05225135125504914,
        1.1626845541453745,
        -0.43732431666709054,
        -0.9465596636199832,
        0.9504578207198773,
        0.5702915579752951,
        0.5110202147030151,
        1.447867305244355,
        -0.3211526645419772,
        0.9678465481265219,
        -0.0763277308037233,
        0.5063743951234785,
        -0.7674388177884972,
        0.8967312977740254,
        -0.2869856487216469,
        0.08378997570361922,
        0.9411362525685806,
        -1.6557447434858281,
        0.5523816154632682,
        2.4643811144325753,
        -0.26860089404722054,
        0.5497230196349107,
        -1.2416622168099334,
        0.8834960749880134,
        0.15672153879026013,
        0.11627516195999268,
        0.16116844264473532,
        0.7216952126562017,
        -0.5993387000800204,
        0.2121249031289685,
        1.347363456522866,
        1.2669110775464154,
        1.0302513471880947,
        -0.8581106032182639,
        -0.0665220160035406,
        -0.14223546948852173,
        1.2553180810722269,
        0.475212939379061,
        -0.06726297313199214,
