{
    "idx": 701685,
    "fights": [
        {
            "enemy": 5,
            "fitness": 90.44772932632856,
            "player_life": 59.20000000000033,
            "enemy_life": 0,
            "time": 238
        },
        {
            "enemy": 6,
            "fitness": 30.943754194651692,
            "player_life": 0,
            "enemy_life": 60.0,
            "time": 157
        },
        {
            "enemy": 7,
            "fitness": 90.50814186652396,
            "player_life": 58.60000000000033,
            "enemy_life": 0,
            "time": 211
        },
        {
            "enemy": 8,
            "fitness": 88.81968822339262,
            "player_life": 45.4000000000003,
            "enemy_life": 0,
            "time": 305
        }
    ],
    "weights": [
        0.3372044941703478,
        0.569803965727019,
        1.3217404745481096,
        -1.1203864968009245,
        -0.6656751652994677,
        0.06731226161558322,
        -0.9199529438049396,
        0.9735578396705526,
        -0.8354466487138791,
        0.6385905337568295,
        -0.5665373371910561,
        0.7297585232702385,
        -0.9300276757070595,
        -0.928370995309027,
        -0.9347378889829893,
        1.4674496884752857,
        -0.16697407623009183,
        1.2061889745609387,
        0.3207755581394084,
        0.38638578821318514,
        -1.0588132698447912,
        -0.1659438817160723,
        1.8453599651431454,
        0.8981585765995532,
        0.44793615119496183,
        1.4519718874574656,
        -1.1257464005693538,
        0.09918481408029053,
        0.15895959001714344,
        0.38284115807540875,
        -0.664672620227853,
        0.03251826142234822,
        -1.3771755120139266,
        -0.09965234576798701,
        0.8628030934066304,
        -0.3104151199298205,
        0.9209977537251788,
        -0.3382836610771105,
        0.3260969200639741,
        0.032174725883165,
        -0.6292062839440467,
        -1.308728373212503,
        1.3403580970272173,
        0.5531997999959533,
        -0.05503036394352755,
        -0.4998436512096472,
        0.8976792334828343,
        -0.25283736666301954,
        0.28760848773064634,
        0.6046080153320129,
        -0.5021171096247059,
        1.0339106194760128,
        -1.1090507635467086,
        -0.6849528053206992,
        0.2200171594137863,
        1.8311313462752434,
        0.5012117229461083,
        -0.2746183298666152,
        -1.3660417135058398,
        1.16047479445615,
        0.9961007133669142,
        -0.8847806720342748,
        -1.2206018943605084,
        0.20548331325429325,
        0.46379591315644464,
        0.3222511139363416,
        -0.6381865842791792,
        1.113458532961361,
        -0.42116738918920255,
        -0.3462558786624053,
        0.8128037150112295,
        -0.1494541362202687,
        -0.64340409686761,
        0.18124780499474485,
        -0.3153589151957196,
        -1.7456277445442523,
        -0.35364077795964355,
        -0.581747592182953,
        1.0863217154180356,
        0.5169026843149661,
        0.4014167824443904,
        0.091909215883727,
        0.5815123610990666,
        0.3173763077826139,
        -0.2907293839091045,
        -0.5874363062298846,
        -0.3751019720869977,
        1.2023288368052323,
        -0.04964088772421953,
        -0.2420003395709758,
        -0.17994469920546688,
        -1.0561841665767073,
        0.1719278135955683,
        -0.7073696845319136,
        0.6346143732584187,
        -0.4677215625581271,
        -0.5095739241534895,
        0.1560146366429552,
        1.7390714469331432,
        -0.5890796183913067,
        1.139002133064875,
        -1.3958869224840316,
        -0.3125729457218244,
        -0.8550032420013263,
        0.08041257549257153,
        0.696754871366351,
        0.39048447102190437,
        -1.2878014304537693,
        1.033477982895671,
        -0.6062653939508802,
        -0.9483556336639308,
        -0.04800139277865949,
        1.4293967283053044,
        -0.2832406368652364,
        -1.6310963010077706,
        -0.31177187405192025,
        0.7135291150377994,
        -0.8401163990339138,
        -0.10156460534784563,
        0.15019020995665372,
        0.4388109402121725,
        0.7578220943481806,
        0.14821927282436698,
        -0.9511394099132313,
        2.2334479620303824,
        1.4343803618967232,
        0.08556247592235978,
        -0.814815417593848,
        -0.11049057903496698,
        -0.6329166208830191,
        -0.007234622680080911,
        0.47947670385109425,
        -0.41998838137868044,
        0.27789181000254887,
        -0.12494644606247997,
        0.2916022932437578,
        -0.4122122355942582,
        1.1948826846935758,
        0.6234391677342137,
        0.21271942815295636,
        1.1354830414201573,
        1.1779507499894417,
        -0.34822838107093834,
        0.23027843039911525,
        0.3873708017572939,
        -0.7787256099725932,
        1.0451740855230092,
        -0.608437442893977,
        0.5378045776334485,
        -0.5423702425144208,
        -0.3116305615641016,
        0.9628400356384204,
        1.55000434379397,
        -0.10442788580472095,
        0.6408483050390135,
        0.7342767837973861,
        0.08153130230385518,
        0.6540513497456301,
        0.8090817867497727,
        -0.3734591257119438,
        -1.0704306137202437,
        0.379272301041221,
        0.33387027316308227,
        -0.4159524122591712,
        -0.4699200750961048,
        0.5467845037843132,
        0.047831836623744656,
        -0.25289429314303,
        0.47977934939901806,
        0.11796757593137822,
        0.37127925016012875,
        0.6608003769990999,
        -0.026944967418572087,
        0.1832495259090617,
        0.545623697274776,
        0.10028162484248468,
        -0.18002878568960703,
        -0.48872696281645567,
        0.3391419864464859,
        0.033909967779107125,
        -0.21664956213057338,
        -0.5083182100472955,
        -0.5068848179936125,
        0.7141943467774039,
        0.3473329764666132,
        0.4686810852906277,
        0.1212795422863884,
        -0.6735832516757629,
        0.18046546998570073,
        0.3844754678154431,
        0.3376162224704152,
        -0.1321830092308203,
        -0.2709057363982073,
        0.45787551611189564,
        -0.17213681502863362,
        1.0401546585880628,
        -0.32275633137784077,
        -0.2367033279759156,
        -1.037909832351946,
        -0.8917628582917689,
        -1.0085728503573,
        -0.9052595719481198,
        -0.30138473747318634,
        0.6152581258080211,
        -0.08783475378842272,
        -0.567723026747621,
        -1.0969912699088022,
        0.5742820529234792,
        0.8533081118483553,
        -1.593158374899742,
        -0.1771194534105918,
        0.21725712476388873,
        0.6648880712747939,
        -0.6324765558589048,
        0.7829907757627335,
        -0.8898136847259909,
        -1.179585893664043,
        0.844936388460859,
        0.6890203916518312,
        0.23312251888416385,
        0.893997228577958,
        -1.165415033061414,
        1.150574095424549,
        -0.1363844044134065,
        -0.1509485495014479,
        -1.1746162569965053,
        1.4002769158793407,
        0.34534750219948274,
        0.643591360407499,
        0.6666591172359317,
        -1.4168056775625857,
        0.5296108344519246,
        1.5228204510014525,
        0.10626725037199232,
        0.42671292369076586,
        -0.8460977501071527,
        1.186700659893019,
        0.629324798289437,
        0.09904426108216893,
        0.29758410852149897,
        1.080815845183046,
        -0.4576420727445358,
        0.05764862344996169,
        1.2045709782302012,
        0.6075067402582317,
        0.575215172641419,
        -1.3849132547586211,
        -0.25853254149143406,
        0.1962707133510268,
        1.787314725507692,
        0.726960118867018,
        -0.6065508433666323,
