{
    "idx": 703094,
    "fights": [
        {
            "enemy": 5,
            "fitness": 88.31466846406767,
            "player_life": 38.20000000000028,
            "enemy_life": 0,
            "time": 246
        },
        {
            "enemy": 6,
            "fitness": 86.01616819497441,
            "player_life": 14.800000000000228,
            "enemy_life": 0,
            "time": 236
        },
        {
            "enemy": 7,
            "fitness": 75.31982739098294,
            "player_life": 0,
            "enemy_life": 10.0,
            "time": 293
        },
        {
            "enemy": 8,
            "fitness": 90.14661051127251,
            "player_life": 56.800000000000324,
            "enemy_life": 0,
            "time": 253
        }
    ],
    "weights": [
        0.489852701762862,
        1.0349765019900619,
        1.0720313311066874,
        -1.0148568802443219,
        -1.1972788422623069,
        0.18579946571779649,
        -1.3227306223128161,
        1.1483755714683974,
        -1.1679337295705288,
        1.250024682131854,
        -0.4431626167610597,
        -0.39489959149884335,
        -1.564047810260541,
        0.29223117881976735,
        -0.7305914299245704,
        2.471458666876541,
        1.1525277097062543,
        1.0472651349353457,
        0.017323862793876654,
        2.0721668502862642,
        -1.7901077314656777,
        0.47542726355015785,
        2.459935163549271,
        1.5365472742801998,
        0.47628194949048175,
        1.799027939918379,
        -1.675058182401746,
        0.6796400930790316,
        1.0153460644933252,
        1.770911091379815,
        -0.5679028987293622,
        -0.6897668686243521,
        -0.5456073239261608,
        -0.49831126924995317,
        1.1618060226768705,
        -0.39478787073835436,
        0.07034327578775518,
        -0.5431170379723813,
        -0.13707031633483155,
        0.730500030868479,
        -0.13377056660035067,
        -0.6393080248294408,
        0.8183842426821732,
        0.6586799422021095,
        0.17650136231925292,
        -0.33960061116562357,
        1.3259086238436049,
        -0.10339395712728508,
        1.0551072068970544,
        0.8765549894550076,
        -0.4948117596075955,
        1.598778824748365,
        -1.4912875846777367,
        -1.2669300954913532,
        -0.5652404260776391,
        1.1013468703345912,
        0.5497087665746697,
        -0.5151916007183392,
        -2.353729170440578,
        0.37722261822031006,
        0.801101100848544,
        -0.2313901122145086,
        -0.29482983467422513,
        0.61501447890611,
        0.8957085069916114,
        0.4840303353633496,
        -0.9377392298908106,
        1.3601097658213368,
        -0.47200488738683577,
        -0.718343855347675,
        0.7966395947695728,
        -0.6589840765234318,
        -0.06506927781706257,
        -0.057515824472240296,
        -0.1802525769837627,
        -1.5684541996793022,
        -0.45965536920081296,
        -0.292187920218808,
        1.1286170930308244,
        -0.20135644535970826,
        0.3760775611477522,
        -0.11609082022513625,
        0.5475578293076446,
        2.3098294330706923,
        -0.4642946986487345,
        -0.758552918223896,
        -0.5696571833345667,
        1.015745789401864,
        0.37757102880650156,
        -1.1910641802739343,
        0.15525259205047942,
        -0.695663886773025,
        0.07496780057320643,
        -1.134547038796481,
        0.7542711909360481,
        -0.803486705631958,
        -0.8371451753184942,
        -0.0864778509570106,
        1.339150744234605,
        -0.8074489321917905,
        1.0480914930541052,
        -1.7369599469801478,
        0.6087197813902465,
        0.1828489186144495,
        -0.028822098453895606,
        0.5837627115386154,
        0.035930573415407466,
        -0.9588385198564815,
        1.1837557001690113,
        -0.1783557078160391,
        -0.9528854047090328,
        -0.19729437255440468,
        0.7650322797955396,
        0.18856825519598416,
        -1.6894802661657036,
        -0.22778809502490155,
        0.0026427913740873638,
        -0.6999573049280492,
        -0.22292004293087458,
        0.44225927131386644,
        0.5211066470326712,
        0.3056484224174168,
        0.7890152305764278,
        -1.1599065201406544,
        1.4519988192815716,
        1.8242852709077073,
        0.7280299901303585,
        -1.3451445875276615,
        -0.26681588301123926,
        -0.06708153992859701,
        -0.7309038465797636,
        0.028643882635026374,
        -0.028061396339449887,
        0.776107306438193,
        0.4247694740364415,
        1.03276018320989,
        -0.13092085684589563,
        1.7095420245558612,
        0.3232513722364394,
        -1.0426346774780748,
        1.6580600149873335,
        1.3956555348979929,
        -1.141770895419901,
        -0.21761160114877207,
        0.4539852652299016,
        -0.6014225769491798,
        1.6103185964011255,
        -1.0055854185474598,
        1.1857473808164893,
        0.8285106200180448,
        0.029799750286007853,
        1.7014849130454657,
        1.5947707489897962,
        0.41564788936906516,
        1.5545140745058468,
        1.1038203657280095,
        0.4524393376532773,
        0.5958127918049798,
        0.8852342193840169,
        -0.1286589673563581,
        -0.5440649823450668,
        0.304482271194384,
        0.11577478236648349,
        -0.4351970410144457,
        0.44955491923564495,
        0.26583585802503834,
        -0.009491818271716218,
        0.6153776730030023,
        0.3383036870586489,
        1.258519746883721,
        -0.19622553401615234,
        0.6200472842996705,
        0.4115379773397112,
        0.7156115968434389,
        0.2478301627204089,
        -0.7196539697269609,
        -0.7423369379439514,
        -0.2995180058957567,
        0.37225135270450177,
        -1.2744802500712473,
        -0.02120848652582609,
        0.5989358394235401,
        -0.6303048081069286,
        0.3951468512675715,
        0.0748813824987053,
        1.0120720073962057,
        0.21467942152745167,
        -0.6209017703772632,
        0.33877087627621766,
        0.7237512996153016,
        0.0583588373476939,
        -0.09827675109202838,
        -0.12005579905491745,
        -0.07948339926408263,
        -0.3345126233637228,
        1.3574839110563752,
        0.38711277096041896,
        0.1881115835123942,
        -0.26764149930713976,
        -1.219004288070006,
        -0.7530019872912246,
        -0.07746833881013077,
        -0.12952653629047542,
        1.818130444221346,
        -0.31628082470411245,
        -1.0359516975682135,
        -1.19941681835301,
        0.37335546232674444,
        0.6414683889489309,
        -1.7714681816093802,
        -0.7174104056015604,
        0.2493489909659067,
        0.8803783763145684,
        0.3234835247818089,
        1.0324192599135265,
        -1.0181881177695438,
        -1.237572379104194,
        0.2977481974824474,
        1.0677580145430912,
        -0.05801883208346197,
        0.6871353456198223,
        -0.9273320723875845,
        1.419775515309891,
        0.4369182095500234,
        0.5874768680756463,
        -0.9056633327983283,
        0.7955194826837249,
        -0.7939808153454719,
        -0.2844040921088498,
        1.4579206910950704,
        -0.9917334803259894,
        1.1826657026324818,
        1.2327747515516703,
        0.06677602757550635,
        0.7902151177022323,
        -0.31407297986867383,
        0.9988704460624968,
        1.5744311293598063,
        0.569488844986544,
        -0.8072098256714112,
        1.2093027178161917,
        0.2788036890530686,
        0.4546419570585947,
        0.7995727183133894,
        1.1003335643005556,
        0.8592150183919153,
        -0.9573247685707479,
        0.5218553764477446,
        0.8748097055053566,
        0.03808715218314754,
        0.95220020956875,
        -0.7921517428372776,
