{
    "idx": 707363,
    "fights": [
        {
            "enemy": 5,
            "fitness": 89.10283177470681,
            "player_life": 46.0000000000003,
            "enemy_life": 0,
            "time": 244
        },
        {
            "enemy": 6,
            "fitness": 84.8501190770195,
            "player_life": 5.200000000000234,
            "enemy_life": 0,
            "time": 290
        },
        {
            "enemy": 7,
            "fitness": 90.33289246928257,
            "player_life": 56.800000000000324,
            "enemy_life": 0,
            "time": 210
        },
        {
            "enemy": 8,
            "fitness": 88.49788162462296,
            "player_life": 43.00000000000029,
            "enemy_life": 0,
            "time": 331
        }
    ],
    "weights": [
        0.6309390870835172,
        0.7118948696458373,
        1.2720425404507656,
        -0.8871801679766865,
        -1.6047813091362457,
        1.2834303091842112,
        -1.3211613118749015,
        1.8139835868355958,
        -0.21406887014163153,
        0.8556577996052579,
        0.03477004819047992,
        -1.0887908747021626,
        -0.8873836504026765,
        -0.6388910691266949,
        -0.5816112961756885,
        2.111293710120971,
        0.9466572178069405,
        0.3993380563583999,
        -0.2939125118339471,
        2.245788083575948,
        -1.2545346910966604,
        0.03226284172186559,
        1.648816869558538,
        1.4396222359777535,
        0.8966941577144698,
        1.9623728916991345,
        -1.421932721471235,
        0.34536356187780315,
        0.531956552622842,
        0.18284067318528924,
        -0.21398042813838777,
        -0.44815641768993475,
        -0.38326909652624375,
        -0.8742122079767839,
        0.8485497135127735,
        0.19745331341225333,
        0.5670843391725381,
        -1.0499326536332345,
        -0.10681055473532437,
        0.5074740122985159,
        -0.4069412906806779,
        -0.4053351673744744,
        0.646946910221104,
        1.079832434919619,
        0.8595020932946883,
        0.06650388711990755,
        1.7809761171042082,
        0.00825019031530988,
        0.4620184621488748,
        0.3760997482221226,
        -0.4890326088178433,
        0.9623736943284722,
        -1.6356257374186507,
        -0.5622881875701653,
        -0.9965415926148168,
        2.4528663210727304,
        0.66685136386776,
        -0.26418978140287325,
        -1.6464840485319538,
        0.4203985534584833,
        0.4415993089718949,
        -0.767373189542229,
        -1.2553576755966276,
        0.5341371406549232,
        0.3302615712438467,
        0.28265527156793235,
        -1.2003702353915255,
        1.9429409133634343,
        -0.6258976850559246,
        0.05397901626665445,
        0.6504637079556513,
        -0.11077698847857922,
        0.006934032893549047,
        0.02972073264036887,
        -0.21478691221025303,
        -1.4238149095169816,
        -0.5494061233150828,
        -0.1300667906222555,
        0.46529356100479213,
        0.16534658220000942,
        -0.23613356270869845,
        0.27103761532803206,
        -0.06918322752513247,
        2.401695683964232,
        -0.37362926858329926,
        -0.2661453783659969,
        -0.8001668311510701,
        1.811409447191014,
        1.3994622985392133,
        -0.5916172757872328,
        -0.4039035580591863,
        -0.8394481895670572,
        -0.035218965936142176,
        -0.7154486621564968,
        0.8815328876848181,
        -1.1739615037865425,
        0.05613813104939632,
        0.35946716081651364,
        1.495011552039995,
        -0.29594160753258286,
        0.7797391572931999,
        -1.4453089101045091,
        0.08729502218400295,
        0.3879937685894917,
        0.39728324264754905,
        -0.03606226723720801,
        -0.2684130619498071,
        -1.6201042205765777,
        1.0533424479656701,
        -0.012746311582500978,
        -1.481035635960638,
        0.8772890749631178,
        1.3112812769727673,
        0.21350485862846524,
        -0.9802783021581105,
        -0.958437823159689,
        0.21072665478158148,
        -0.7096883473757264,
        0.2181069550608799,
        0.7401725041743273,
        0.0027303427626345286,
        -0.14160977191000598,
        1.070249102303512,
        -1.791824062123275,
        1.2527266473160141,
        1.5790732684641933,
        0.33071974033350704,
        -0.5704968629910447,
        -0.33730479824945586,
        -0.6669706794788683,
        -0.19936216497589582,
        -0.22847730458640547,
        -0.2218111774727115,
        0.5831689690332367,
        0.22675169640850096,
        1.240721316837453,
        0.15073746602767904,
        1.8976292569819675,
        1.0597012849560072,
        -0.6961017546644337,
        0.872765815745208,
        0.8358871555877699,
        -1.2973412144586933,
        0.3129740929610579,
        -0.02572570397679183,
        -0.21708386742008615,
        2.0307216278764137,
        -0.7234575721169046,
        1.9405345423276659,
        -0.5095590934340594,
        -0.19692684012935913,
        1.7133538800263857,
        1.1988317317367325,
        0.41426397028302475,
        1.0727342494046102,
        1.2630432800435152,
        0.31091338014973324,
        2.6046478545050986,
        1.046691303757942,
        -0.4694201372868425,
        -0.5641532968887288,
        -0.4653923272248136,
        0.6259676223408023,
        -0.39582788894697396,
        -0.0708992199221195,
        0.09677832434764685,
        -0.704840147174323,
        1.0262788433017163,
        0.3403887294980259,
        0.36557195923295616,
        -0.18802434801707688,
        0.49921101856569267,
        0.6175054772134289,
        0.8298617667071062,
        0.4396425895375341,
        -0.27219504270080863,
        -0.24566706201752453,
        -0.5405605111020589,
        0.28319642255348104,
        -1.4746432173750783,
        -0.29495044530011333,
        0.07476453356465368,
        -0.49202184387641906,
        -0.11115133940038763,
        -0.19919618181970877,
        0.9237777705928057,
        0.4727437689216777,
        -0.6248937866817006,
        -0.10955646456147934,
        0.9355901392785273,
        -0.09228196997119205,
        0.032950185622996696,
        0.7675104351770055,
        -0.13134161975076317,
        0.042742138078877556,
        0.8014118749218402,
        0.2759092917928194,
        0.007128212705940926,
        -0.2880064342278242,
        -1.5744605302396457,
        -0.7396234285356298,
        -0.009733506586018941,
        -0.5838720628891364,
        0.16407262074663984,
        -0.1644329656284136,
        -1.9228719335083884,
        -0.985669728151412,
        1.0656274296342534,
        -0.0023077230426885448,
        -1.963775985342195,
        -0.43927557713509824,
        1.0426996401273991,
        0.9982166890742955,
        -0.8125877875298695,
        1.474092563888531,
        -0.5947731628428029,
        -1.1255337051643493,
        0.132292067141991,
        2.047407205955557,
        0.35606349294735906,
        1.485278925060058,
        -1.112109428865639,
        1.1618778105101397,
        0.6094072687766867,
        -0.18577548731634752,
        -1.4454595195345998,
        0.5358693643510625,
        -1.149795554730579,
        0.6161506520392199,
        0.9745511911781425,
        -1.2007869027304077,
        1.5788816377209207,
        2.0294598330645135,
        -0.12914987655457325,
        0.7079654416250741,
        -0.5400861122234917,
        0.6344867957199589,
        1.9356646981337664,
        -0.1562240468366236,
        0.2638880094070787,
        0.7182181602259817,
        -0.2787232759257086,
        0.47065546034142236,
        0.26657634081575776,
        0.974535647056587,
        0.9436291890836624,
        -0.668858150026865,
        0.8928660784054964,
        0.9818080325363747,
        0.38075553156044817,
