{
    "idx": 707386,
    "fights": [
        {
            "enemy": 5,
            "fitness": 90.37936107665804,
            "player_life": 58.60000000000033,
            "enemy_life": 0,
            "time": 240
        },
        {
            "enemy": 6,
            "fitness": 84.89598249381268,
            "player_life": 5.200000000000234,
            "enemy_life": 0,
            "time": 277
        },
        {
            "enemy": 7,
            "fitness": 66.53193985886487,
            "player_life": 0,
            "enemy_life": 20.0,
            "time": 237
        },
        {
            "enemy": 8,
            "fitness": 89.04324619773175,
            "player_life": 47.2000000000003,
            "enemy_life": 0,
            "time": 292
        }
    ],
    "weights": [
        0.7451292324837037,
        0.7981264994061484,
        1.1377890156050299,
        -1.0564684322276168,
        -0.40213705146142587,
        0.515910982597634,
        -1.6336327858187412,
        1.8561991652035366,
        -0.12681726999512816,
        1.4173473591727186,
        -0.3663740314593509,
        -0.8088051638120166,
        -1.7713739361642933,
        -0.7028570546078662,
        -0.8103889743940004,
        2.5163510898293255,
        -0.6020875139614191,
        0.47655344694031304,
        -0.34845675934003906,
        2.2332430981913944,
        -1.204415382613837,
        0.5706249285136324,
        1.3323893476185578,
        1.485543842021606,
        0.7128624597578375,
        2.19312044453442,
        -1.4069377580906839,
        0.5886281867390235,
        -0.19993513528251794,
        0.48871329792439205,
        0.43357210904421667,
        -0.29807216835324035,
        -1.0624674544362325,
        -0.44940325727672337,
        1.1977747378366792,
        0.13434800839465144,
        0.5043786347890067,
        -1.078755725724471,
        -0.6161694915959175,
        0.5009119535176001,
        -0.4171880159273049,
        -0.9931372990646672,
        0.5286450204474855,
        0.9483387429691463,
        0.40582434709233206,
        0.4681347670328523,
        1.6217225497176169,
        0.12948376017150276,
        0.7246402345641172,
        1.0239531395045554,
        -0.6882804374493655,
        1.2079288930452243,
        -2.189575357301439,
        -1.153180659461713,
        -0.7664597032998,
        1.7504802645879176,
        0.95037091488421,
        -0.3493467907575584,
        -1.918080947255996,
        0.3445305909588871,
        0.49829638772469886,
        -0.5521723895133925,
        -0.37698432835029205,
        0.6802182869462473,
        0.3855821485087144,
        0.10486627210250468,
        -1.0689124839993995,
        0.8862309615173967,
        0.9522477744727318,
        0.1969095698373406,
        0.6341965656318469,
        -0.23786628126843318,
        -0.524960488294055,
        -0.019446090918146634,
        -0.6407952598868113,
        -1.6270947617551157,
        -0.7648746730868966,
        -0.07523387566721168,
        0.8802100802022497,
        -0.21931407316888457,
        -0.20459699632201422,
        -0.31601341476336703,
        0.16096630806344953,
        2.5548805598263162,
        -0.14804857209302918,
        -0.4239314341121795,
        -0.14233976978307178,
        1.0656772276148214,
        -0.29569009984588557,
        -0.7450358292449344,
        -0.7095246279926348,
        -1.1816003321395085,
        0.4132291880182575,
        -0.5886624645361107,
        1.0538168494775788,
        -1.0311756508040681,
        0.12876277121934884,
        -0.255423969300787,
        1.4132169522245848,
        -0.3048066364478104,
        1.3281096522412317,
        -2.225725565009048,
        0.412721232724206,
        0.048036616181704,
        0.49595109241106294,
        0.35626636742648266,
        0.14559751489268988,
        -1.3422613582008873,
        0.8064706718318699,
        -0.4151709130798541,
        -1.3832571981518822,
        -0.3255561869004718,
        0.9469053342359666,
        -0.08261678660387084,
        -0.907134872653279,
        -0.6223576048907967,
        0.47787906604894104,
        -0.5896508341935621,
        0.00323937841917752,
        0.5296105723053023,
        0.07278162879795964,
        0.17321340135834257,
        0.8771717960355156,
        -0.6963665589154361,
        1.002103576983158,
        1.4608597098259613,
        0.7909059608863466,
        -1.271849750178413,
        -0.2800532582187263,
        0.6869894495140313,
        -0.09844612949257707,
        -0.10760563260634343,
        -0.02330699589488354,
        0.3105929245411838,
        0.6050193282869241,
        0.9161330276865677,
        0.09791383733524314,
        1.355662949295442,
        0.9532360801323746,
        -0.47106908791268914,
        0.6998293119779216,
        1.818673364937731,
        -0.3253507390522048,
        0.020103206021124947,
        -0.18089681146065822,
        -0.2947873488455701,
        1.3266425877044252,
        -0.8642327609221958,
        1.8758704728470716,
        -0.5473930589214964,
        0.21455715258187003,
        1.518844488108136,
        1.13570665464087,
        0.8528319483498166,
        1.1128903468536182,
        0.2004544762916806,
        0.1494653514861094,
        1.3569438850224123,
        0.9029689268282901,
        -0.29911160223999606,
        -0.6739568503512124,
        -0.09043896074432162,
        -0.1596667759174208,
        -0.21954512441978244,
        0.6704121061640754,
        0.2262498059062061,
        -0.2752992046307722,
        0.9866283031682077,
        0.9279100334450827,
        0.7491790159106203,
        0.13948645341334856,
        0.04142676796590078,
        0.5449686472762199,
        0.8778280747194952,
        0.18794762124324257,
        -0.6137187228143586,
        -1.0848883222669414,
        -1.266705967162914,
        0.23540412912163902,
        -0.7190080816596637,
        0.3160844242278422,
        -0.549147506509387,
        -0.5462433349563312,
        0.25832821816738055,
        -0.2982249782982847,
        0.814931893724871,
        0.589007109836041,
        -0.5819851685459355,
        0.38901933538615524,
        0.849680277680805,
        -0.2685175606405387,
        -0.05665025621195608,
        0.2338529151951958,
        -0.007213091129479904,
        0.3505457019914563,
        0.6357669701348246,
        0.3219975617738524,
        -0.08436229247892693,
        -0.6621694609170865,
        -1.7429261188806024,
        -0.43044513441742477,
        -0.13697319418023995,
        -0.374243519282956,
        2.0301005617059555,
        -0.2023211474882297,
        -1.7915748973769796,
        -1.0969846552643072,
        1.0817535690882838,
        0.455319623348599,
        -1.8754688881508221,
        -0.6763342479557158,
        0.7340267649942516,
        0.8867917531026386,
        -0.86127075169611,
        1.8591260505920337,
        -0.8216225864899196,
        -1.5943144848468842,
        0.42883545580980675,
        0.8184955761712223,
        0.3770147185710226,
        1.5000651143744788,
        -1.1381780425860724,
        1.078395369960519,
        0.21713849353719597,
        0.013526550140520885,
        -1.6206355817692328,
        0.46743259273084814,
        -0.4265076140239266,
        -0.11177435842351782,
        0.8618226516013888,
        -1.1856275917005241,
        1.1279562657117166,
        1.626266863490117,
        -0.04817417595344996,
        0.7512207661223571,
        -0.1670635471925861,
        0.9211005705126946,
        0.7687944344823026,
        -0.12460980745360177,
        0.28924738449713544,
        0.959684844064139,
        -0.2604287125183863,
        0.2771360092955034,
        0.3763970859176385,
        0.7601731665768394,
        1.102027495781767,
        -0.5167752343761506,
        0.9145012959340129,
        1.08086058358245,
        0.16931993344780533,
        0.9928741681592191,
        -0.6940329823225078,
