{
    "idx": 709817,
    "fights": [
        {
            "enemy": 5,
            "fitness": 89.5723788863094,
            "player_life": 52.00000000000031,
            "enemy_life": 0,
            "time": 278
        },
        {
            "enemy": 6,
            "fitness": 48.64341372532799,
            "player_life": 0,
            "enemy_life": 40.0,
            "time": 212
        },
        {
            "enemy": 7,
            "fitness": 90.20814186652396,
            "player_life": 55.60000000000032,
            "enemy_life": 0,
            "time": 211
        },
        {
            "enemy": 8,
            "fitness": 88.81968822339262,
            "player_life": 45.4000000000003,
            "enemy_life": 0,
            "time": 305
        }
    ],
    "weights": [
        0.31508101619303713,
        0.9967237765916895,
        1.1955599775037256,
        -1.1190011795653183,
        -0.9103401500835094,
        0.9105221420432407,
        -1.415752851316113,
        1.9453659751230628,
        -1.522992533586415,
        0.13397396665501987,
        -0.04317827487851149,
        -0.6241052996117535,
        -1.7120693272317458,
        -0.4602001676062836,
        -0.48081439979215645,
        2.1663544880925745,
        1.8502837225875197,
        0.8981307019019519,
        0.6533495403761916,
        2.23741794809604,
        -0.5451858407013441,
        -0.1983360597143912,
        1.5141184174915974,
        1.4818621183347773,
        0.5830128256611367,
        1.9580504199207587,
        -1.1284100713960346,
        -0.22099591538566804,
        0.7127559134807355,
        0.5706863594444012,
        -0.3485091570335468,
        -0.9435734884632689,
        -1.31268344759054,
        -1.1245207737168466,
        1.2153962870426946,
        1.3060092628379665,
        1.465157474726582,
        -0.8009743726663202,
        -0.4080904688553592,
        0.5168309156693277,
        -0.3925997312679803,
        -0.5961301725637794,
        0.6239308776161743,
        0.19247340111391428,
        0.21283380167927862,
        -1.2633201789349606,
        1.8000972016567411,
        -0.03928522305504598,
        1.0019881840447509,
        0.7049906114230068,
        0.6817991923979266,
        1.5177372017430975,
        -1.4308511106923383,
        -0.6589413479975134,
        -1.0418738525751603,
        1.639054506860099,
        1.1833954479840225,
        -0.869547994867775,
        -1.904963171543871,
        0.49079250958841053,
        0.9340679211820164,
        -0.9402171733939433,
        -1.1039729828538238,
        -0.18489639447798922,
        0.14285702445287202,
        1.2625212204446203,
        -0.6906428770494643,
        0.5912458872595578,
        0.23580843330036783,
        -1.0297505690039368,
        0.6927904556473102,
        0.1096829554472099,
        -0.3534469760682186,
        -0.02349047823861071,
        -0.5285131377565657,
        -2.8071377209530635,
        -0.03564520359828598,
        0.7849936690923871,
        1.1360835666808478,
        0.41055580707616657,
        0.5284474343233807,
        -0.013538588681043212,
        0.28472431882081595,
        2.8751039103263736,
        2.4652721961307007,
        -0.692144838859654,
        -0.9007070619298296,
        0.8554559894474639,
        -0.010089387961884091,
        0.342930482740287,
        -0.26273626653228543,
        -0.9248568520967366,
        0.06382139203891604,
        -0.23738917406023213,
        1.1931462306997256,
        -0.6812452510632165,
        -1.6581769605405958,
        -1.2369921954678225,
        1.1520915577675894,
        -0.6353372081881093,
        1.1480269626145645,
        -2.337978496989194,
        -0.05805769046925882,
        0.20707527739228926,
        0.3570323831488737,
        0.0025015050849782547,
        -0.015007862332952537,
        -1.4963920633948153,
        0.7418251303726027,
        -0.6106440462673569,
        -2.071047730768935,
        -0.8132235097350016,
        1.3394127835150522,
        -0.028027768680469557,
        -1.4258230316282865,
        0.5615782119415723,
        0.8583701810041295,
        -0.8978453978733472,
        -0.060426428670645335,
        0.12032016276130926,
        0.31752540087376047,
        -0.16872474130617932,
        0.5232459067815403,
        -1.3416739215060538,
        0.8193639336803212,
        1.3018546714504402,
        0.4677997037821655,
        -1.761652886189834,
        0.001019991331980788,
        -0.023518436518578954,
        -0.3528235358103069,
        0.32890726363175044,
        -0.19776031114745923,
        1.1738703991449564,
        0.9721340763406933,
        1.234502746034215,
        0.36996576347513765,
        1.3982997779433517,
        -0.5727976826689355,
        -0.03291381576803641,
        1.1143054470190012,
        1.3989571697571288,
        0.35744174811505786,
        -0.3951883523841023,
        -0.34438575260385296,
        -1.4831741779342718,
        2.7177735553764126,
        -0.7132124802870207,
        2.0250700172304152,
        -1.3424324969368386,
        0.05265930341738698,
        1.3168447065538118,
        1.3579949111264582,
        0.33428564125315585,
        1.5963518007378201,
        0.8551500862276248,
        -0.6089460537129338,
        1.3179807684779392,
        1.5687605970269194,
        -0.6248260983847598,
        -0.6965520234622479,
        -0.13743068247268095,
        -0.18973515094526858,
        -0.4884843078770716,
        0.8943059775132689,
        -0.07461626851998407,
        0.9473425595198817,
        0.594206092408185,
        0.09160822466057353,
        0.15042354638260588,
        -0.0822200458121807,
        -0.30999620288373547,
        0.3573594051143011,
        0.8165524490528578,
        0.41062769054757275,
        -1.1833625582395568,
        -0.362242907813882,
        -0.9113241626814819,
        0.5966973390042017,
        -0.51196100033956,
        -0.9246429528040794,
        0.7421522455144485,
        -0.3466361235655184,
        0.24011036922646545,
        0.25478606590325603,
        1.0354265484665186,
        0.7462231094911348,
        -0.4863149340829801,
        0.12514875499116973,
        0.14044162904650773,
        0.18491395624352527,
        -0.5537642473633815,
        0.43599862281656054,
        -0.5305535369336738,
        0.23636178253146367,
        1.534740911155564,
        0.26927740894966795,
        0.5158588371083543,
        -0.4793241615676133,
        -1.479119803926111,
        -0.6681993715923678,
        0.08031688751356136,
        -0.13551693029018028,
        -0.5043236800730088,
        0.7398111891926169,
        -1.022147968986146,
        -1.3155158005273113,
        0.6243547424167755,
        -0.3154413034221156,
        -0.8888471786149131,
        -0.6533644453251571,
        0.6830719677290832,
        1.2587149941662634,
        -0.12431986970204134,
        0.45901024682682423,
        -1.276043271922583,
        -0.5225371767099256,
        0.7165790546893277,
        0.38629350338811763,
        0.26030781678519116,
        1.4438804802364995,
        -0.9199011618190078,
        1.073681354697918,
        0.08947580500885313,
        -0.00900072570804647,
        -1.2613159099324824,
        0.6442332062716621,
        0.5158887209281953,
        -0.03028265891873272,
        0.26596749685509324,
        -1.3879160958152714,
        0.8463482510277307,
        1.5593422729820547,
        0.2383797991795691,
        -0.2086494392438673,
        -0.7624277358198316,
        0.8828373819532296,
        0.3969390321949161,
        0.18042408228139886,
        -0.1677470666433578,
        1.646237501683407,
        -0.5258819472356748,
        0.16045270188770164,
        0.9754679225254476,
        0.08842096070140866,
        0.27228836231835324,
        -0.8760014819513589,
        2.422662231055708,
        0.8689980341527964,
        1.3889376783436094,
        0.16955606020119424,
