{
    "idx": 712484,
    "fights": [
        {
            "enemy": 5,
            "fitness": 89.72772932632856,
            "player_life": 52.00000000000031,
            "enemy_life": 0,
            "time": 238
        },
        {
            "enemy": 6,
            "fitness": 39.44704041507838,
            "player_life": 0,
            "enemy_life": 50.0,
            "time": 258
        },
        {
            "enemy": 7,
            "fitness": 87.02772932632855,
            "player_life": 25.00000000000025,
            "enemy_life": 0,
            "time": 238
        },
        {
            "enemy": 8,
            "fitness": 88.81968822339262,
            "player_life": 45.4000000000003,
            "enemy_life": 0,
            "time": 305
        }
    ],
    "weights": [
        1.1280346514870285,
        0.7116995653220883,
        1.1991397489921092,
        -1.2501361276266836,
        -1.435517377014692,
        0.4211570545138221,
        -1.1977200922892444,
        2.036415523822567,
        -0.9042175422277814,
        0.8318661652041538,
        -0.05998267944622861,
        -0.8773996110687861,
        -0.8227059567856398,
        -1.1051070713388993,
        -0.8235055613952348,
        2.8561393880384602,
        2.2559895847541114,
        2.043737588096115,
        0.6942675152850569,
        2.609584166400215,
        -1.9557544726500316,
        0.1298042376661237,
        1.3653665678862805,
        2.3807466485577287,
        -0.049689232134536326,
        1.3747617864753037,
        -1.514069465794838,
        0.8221027154225844,
        1.2523587128726472,
        0.550782120785393,
        -0.20093322348890888,
        -0.6186432916898641,
        -0.6990382990194315,
        -0.4051225265430022,
        1.5539144847318296,
        -0.13424147317599552,
        0.5318733313719087,
        -1.1741191959666903,
        -0.3618885394148089,
        0.23116719788145915,
        -0.6057287173342287,
        -0.43473852045048866,
        0.11385892438157968,
        1.1082153119509157,
        1.0455457104711794,
        -0.4630365166843618,
        1.0492284805538945,
        0.6992115991989891,
        1.4127311772079119,
        1.5069534206166484,
        -0.9593025445582842,
        1.351507186747271,
        -1.9108595432918054,
        -1.2777419973536888,
        -1.3256531835322087,
        1.195473396448704,
        0.07511939410242956,
        -0.46292058534381003,
        -2.313119775340034,
        -0.12578950202203965,
        0.307354790198808,
        -0.9837074501995726,
        -1.1701543494725455,
        0.7856689861848127,
        1.0687164916775125,
        0.6526370465662799,
        -0.5695610802950861,
        1.273561681195609,
        -0.5547339391279265,
        0.1278153460004964,
        1.0123707588307809,
        -0.08098526761507055,
        -0.23245636357182825,
        0.640030815456681,
        -0.1878142066363316,
        -1.1297163653323983,
        -0.7875757735637864,
        -0.4973235039034598,
        0.22086200320604396,
        -0.39218843316256324,
        0.8593651985027922,
        0.614962004829543,
        -0.4058506774784115,
        2.921841941950285,
        -0.236004635509788,
        0.22034082057993776,
        -0.1395751114078741,
        1.0076369782260186,
        0.5620421867579137,
        -1.7151309356628415,
        -0.18949459864197205,
        -0.49561480282741854,
        -1.1065391192244278,
        -1.129200041128605,
        0.31583104662940203,
        -0.5985312848973363,
        -0.5028373916268468,
        0.07671985646710783,
        1.2937671827020272,
        -0.4036249278275384,
        1.3911212809599236,
        -0.9162033764486115,
        0.1614551343230928,
        -0.25206370077793816,
        1.0648324173183392,
        1.4609462962679292,
        -0.21311623480715955,
        -0.9829291595637696,
        0.9617871718168954,
        -0.5966720356744837,
        -0.631780847340022,
        -0.9031101950035629,
        0.9511492726728019,
        0.279612781271371,
        -0.4458117563512055,
        -0.304876741959347,
        0.11640057449125212,
        -0.22514720506314373,
        -0.3222721087851478,
        0.35900682934100897,
        1.5313026990386462,
        0.5177581265738047,
        0.5195328694989283,
        -2.3854482840790054,
        2.052039095468492,
        1.0059899366826215,
        0.19747299103049007,
        -0.9454767214452213,
        -0.4936847972946529,
        0.09428976865625122,
        -0.9813722531724384,
        0.34088529122513944,
        0.8038694341661634,
        0.6594811174357779,
        0.6851669843876393,
        1.0357359333977754,
        0.1506685973061213,
        2.020238374086981,
        0.6697175960520549,
        -0.5395225320853146,
        1.4464904450586036,
        1.7856287038095242,
        -0.3899645190821128,
        -0.3109107137876133,
        -0.19669022940370662,
        -1.3280514075344054,
        0.45996497284318116,
        -0.9179572842360412,
        1.0812107182857436,
        -0.1885390428391454,
        -0.05753409165158866,
        1.2335288818118928,
        1.5061205701479699,
        0.13561214590287637,
        2.1188027999198615,
        0.2310789986785151,
        -0.4021782384677055,
        2.420501522293731,
        1.3349463359912568,
        -0.3738531064904878,
        -1.2714126231225304,
        -0.31521979765751407,
        0.7461750876369203,
        -0.5690171870631416,
        0.8675341852004487,
        0.8981327414140391,
        0.17193125452724967,
        0.8377720842007785,
        0.3414820304976897,
        0.21382660370024065,
        -0.9349460636525792,
        0.27775665835097446,
        0.4994218629498798,
        -0.10808847331337013,
        -0.008456290484295304,
        -0.4589444155502939,
        0.26132246243061374,
        -0.8041089267558399,
        0.9689985644983483,
        -1.2431835797358903,
        -0.6522783396780143,
        0.5506478794260441,
        -0.6363360187375816,
        0.5853735807249021,
        -0.07819840273498771,
        0.6939908811036396,
        0.4827024371751819,
        -0.44959308942679466,
        -0.45870093312931143,
        0.6936757794165859,
        0.8417458915688816,
        -0.326893081593834,
        0.23042072822223017,
        -0.7764407464703548,
        -0.713859060948265,
        0.4845313415820062,
        0.01345561857781949,
        -0.5535020888553699,
        -0.6161759149250707,
        -2.033169969877405,
        -0.7337955651606273,
        0.24141327749717295,
        -0.0547717833414385,
        2.4679646281226093,
        0.5058224178101963,
        -2.0580345396018727,
        -1.591052612720739,
        0.5832831598662271,
        0.7512006761141958,
        -1.3789927126295407,
        0.16807618017267523,
        0.4095707259581687,
        1.043102400279739,
        -0.6379952004395105,
        1.2428794875887428,
        -1.2222988082815425,
        -1.238174080401868,
        0.44673028803314996,
        0.45881414098129913,
        -1.0009439818687913,
        1.3700778564890292,
        -1.1160196054565448,
        1.694943651211651,
        -0.34068354899829567,
        -0.13944607513446414,
        -1.1260661825797098,
        0.6004172659855643,
        -1.1772040913322988,
        0.03767847799603791,
        1.5954210623823255,
        -0.9113400807106663,
        1.200656241049066,
        0.3697729175167986,
        0.2822013809779601,
        0.9673774457479943,
        -0.8253944713797704,
        0.9241211928836407,
        0.716561926734321,
        0.3355174240353656,
        -0.8676826317087178,
        0.8413079131904097,
        -0.26453503322791316,
        0.07345076595403181,
        0.46794160829457293,
        1.1375411645772633,
        1.0760396847094653,
        -1.0158346133815939,
        0.7713752440732302,
        0.7197939558651912,
        1.2023634512626802,
        0.3317320002235076,
        0.2050964822859102,
