{
    "idx": 712464,
    "fights": [
        {
            "enemy": 5,
            "fitness": 87.69105438238982,
            "player_life": 35.20000000000027,
            "enemy_life": 0,
            "time": 340
        },
        {
            "enemy": 6,
            "fitness": 48.544678884642295,
            "player_life": 0,
            "enemy_life": 40.0,
            "time": 234
        },
        {
            "enemy": 7,
            "fitness": 90.63679627126204,
            "player_life": 59.20000000000033,
            "enemy_life": 0,
            "time": 197
        },
        {
            "enemy": 8,
            "fitness": 89.20878821817867,
            "player_life": 48.400000000000304,
            "enemy_life": 0,
            "time": 279
        }
    ],
    "weights": [
        0.9019669417632697,
        1.2044361288812602,
        0.36060910322964873,
        -0.8466260653238336,
        -1.398470500962772,
        0.31861460817320375,
        -1.2835566300848196,
        2.0345815842606494,
        -1.0493304129178045,
        1.3626947151033697,
        -0.5077796594568773,
        -1.000104203683136,
        -0.8469492964230299,
        0.08767772021800017,
        -0.6780324814996471,
        2.8854653577949634,
        2.397611479850588,
        2.0715260213469993,
        0.6309397706637219,
        2.454373655254371,
        -0.9350082393644581,
        0.18985937856234292,
        1.1763229092421688,
        2.480444100447235,
        -0.08318438163613687,
        1.3889744251618212,
        -1.7150398663616924,
        0.7012395170869865,
        1.1417578953806626,
        0.7944690420916853,
        -0.34515269842149543,
        -0.6862043309572881,
        -0.6148778277767325,
        -1.229468106675624,
        1.1470480842510857,
        -0.48915265836058064,
        0.7361656416369335,
        -0.45592073570021,
        -0.530681771829183,
        0.35013337840414405,
        -0.6772359298560382,
        -1.08771739222698,
        0.4450524606725778,
        0.9231060941005969,
        1.269769252598974,
        -0.4668494392908096,
        0.8018112893119783,
        -0.1596044768556948,
        1.3149397727233736,
        1.34831952994926,
        -0.6119436195503125,
        1.5080963122134265,
        -1.883735717917475,
        -1.4158988690708048,
        -1.0097065933707254,
        1.5667175045582915,
        0.36501012451086795,
        -0.7489561925191722,
        -2.242247612226464,
        -0.07290260052728212,
        0.4935198311043638,
        -0.8161682842181393,
        -1.5660857714937326,
        0.7951301670128625,
        1.111841941571917,
        0.670799722925285,
        -0.6657586850455737,
        1.3542671493222922,
        -0.5849658019356849,
        0.16895107104936352,
        0.8209155366695697,
        -0.49168048376649215,
        -0.40854045417674056,
        0.35430775222786376,
        -0.25500237011213084,
        -1.4136400639196556,
        -0.6911823287061307,
        -0.38000454477179046,
        1.8134080852482504,
        -0.34142495674966133,
        1.1011728152876912,
        0.18613802918929281,
        0.6099825030066542,
        2.756193641182385,
        -0.44509464865758086,
        -0.6551008441483296,
        -0.2097077520950869,
        0.9430957493820773,
        0.5636179228235858,
        -2.263695052091441,
        0.2792305181908349,
        -0.8028265843068016,
        -0.1232021290210175,
        -0.8345684422090689,
        1.314665205915934,
        -0.6449744421306817,
        -1.1054110047813044,
        -0.3047529425230343,
        1.3449755522000506,
        -0.45266698502489183,
        1.5012439835690405,
        -1.0847258454926207,
        0.6579161365377697,
        0.055590555695609084,
        1.0807474123087188,
        1.3830759514368898,
        -0.21062596766032207,
        -1.0472802336352487,
        0.9706601232110507,
        -0.9312357711332133,
        -0.7717814938076679,
        -1.0599091598198476,
        0.8438090527166864,
        0.17150992292590894,
        -0.6021511988214243,
        -0.38446941832142645,
        -0.026394593183659748,
        -0.5285906635171573,
        -0.219080745902078,
        0.7842675859431488,
        0.8266375885570948,
        0.5285850902539974,
        0.9723688197984426,
        -1.9991609838606528,
        1.9669156464409967,
        1.1402939810098003,
        0.20729555181911588,
        -1.2585304399616661,
        -0.15935995613061613,
        0.3173492446556685,
        -0.8743333618055047,
        0.25037968974511193,
        0.9372355121774077,
        0.68755354765297,
        1.090215471732073,
        0.5276038770126787,
        0.18778694411539246,
        1.8832135819985694,
        0.5606388127174617,
        -0.05302795867561402,
        1.7788250404633328,
        1.7470292026140242,
        -0.7141396471931607,
        1.1232576457622492,
        -0.21435379815917965,
        -1.604413905670937,
        0.6067684797421518,
        -1.300875677007923,
        1.6175383897140208,
        0.19756805027500876,
        0.14354762108607158,
        1.240152630823478,
        1.739603318790408,
        -0.48209959922375256,
        2.169854689654965,
        0.6388084412708834,
        -0.3222142013144569,
        1.279202435482278,
        0.7619631394363845,
        -0.34769980151460267,
        -1.5398890303991146,
        -0.40607595134711866,
        0.7607215155354479,
        -0.43585616722839843,
        0.3771441924114674,
        1.0423120751838533,
        -0.031188009344661198,
        -0.17089716902859223,
        0.5566384772680051,
        0.4391277969243852,
        -1.0718702278107917,
        0.5153834925560593,
        0.7318503232190028,
        0.2787421028710819,
        -0.17541298029601718,
        -0.2879190498594263,
        0.9597843123769068,
        -1.3840073684582423,
        0.7488564869331661,
        -1.2266497331729123,
        -0.14119230280373601,
        0.6122815108520095,
        -0.538578316437951,
        0.1987604201856768,
        -0.022201323166333407,
        0.5422502169537419,
        0.7830519748485884,
        -0.411926630545116,
        -0.30173524138122937,
        0.6523662848511443,
        0.6127506690158475,
        0.004273436949467881,
        0.29988828153899216,
        -0.6118396297513206,
        -0.5647389389286842,
        0.4882857145670708,
        0.29482587998548804,
        -0.5309455765870421,
        -0.6775884116963554,
        -2.5269541305674057,
        -0.8136407809175574,
        0.10872520715810631,
        -0.5270613422070544,
        2.257284038643283,
        0.5537900611684472,
        -1.2403500907680818,
        -1.7157653208501065,
        0.9856666590539017,
        1.5642281822842354,
        -1.6377513704172182,
        0.524692215695942,
        0.8823394622562176,
        1.558827252365334,
        -0.5299316899900705,
        1.718570617069078,
        -0.9932697458117261,
        -1.0497670110995077,
        -0.3172116605684808,
        0.7764996336664124,
        -0.9419959229875404,
        1.3924724084291853,
        -1.0547750747937017,
        1.6749321838022304,
        0.7719802366783539,
        0.48803361125936306,
        -1.0560840206187856,
        1.190794179691789,
        -1.1399440032706343,
        0.20847920589052987,
        1.7362849576573296,
        -0.8816924415651604,
        1.0956077413779102,
        0.647371262756728,
        -0.3685778642849488,
        1.0882768074402216,
        -1.1617722968852966,
        0.6980658800488011,
        1.0741437888180516,
        0.22985098535453988,
        -0.2853478329949578,
        0.9203082098833552,
        -0.22457210788543802,
        -0.1762945388112629,
        0.5914614955818418,
        1.0104143696914756,
        1.090382537661754,
        -1.6147804966357022,
        0.7874504917716415,
        1.2689070445112407,
        1.4460311430948287,
        0.44998983911515356,
        -0.7829157209549987,
