{
    "idx": 712471,
    "fights": [
        {
            "enemy": 5,
            "fitness": 85.88443510891828,
            "player_life": 20.200000000000237,
            "enemy_life": 0,
            "time": 462
        },
        {
            "enemy": 6,
            "fitness": 30.462665732981463,
            "player_life": 0,
            "enemy_life": 60.0,
            "time": 254
        },
        {
            "enemy": 7,
            "fitness": 88.83289246928257,
            "player_life": 41.80000000000029,
            "enemy_life": 0,
            "time": 210
        },
        {
            "enemy": 8,
            "fitness": 89.88322890233346,
            "player_life": 55.00000000000032,
            "enemy_life": 0,
            "time": 275
        }
    ],
    "weights": [
        1.2090851082879561,
        0.9878486123924789,
        1.3125595402284334,
        -0.9944183629476462,
        -1.3910758195972879,
        0.33533780846967687,
        -1.3017371747523592,
        2.1054362517705045,
        -0.5526958935723877,
        0.7626737843045519,
        -0.3264085294995002,
        -0.9906970373242648,
        -0.7774346556959161,
        -1.1299621189224471,
        -0.5071792380076103,
        2.917614056719469,
        2.4368317608897905,
        2.1466279684419654,
        0.6011173035195415,
        2.592118777512719,
        -2.391592427387296,
        -0.142426183216365,
        1.357274554365141,
        2.293242535463451,
        -0.0038760565059571157,
        1.2770204379646952,
        -1.6868456900039641,
        0.7018737144695603,
        1.3316421767737256,
        0.4645751962999772,
        0.060671557986287386,
        -0.920092324079091,
        -0.7257702382484902,
        -0.5602262303706036,
        0.5484175308282502,
        -0.279211087617352,
        0.5122592203634565,
        -1.1546004069307494,
        -0.1414326238822175,
        0.3494507864809338,
        -0.6266712596454201,
        -1.241229319554347,
        0.9397128472715246,
        1.049812764217162,
        0.5882675585730003,
        -0.32797727962570355,
        0.599903984368757,
        -0.20124254487587562,
        0.6935055312122502,
        1.3709213033839205,
        -0.819435016570688,
        1.7766259057678107,
        -1.6637630491014859,
        -1.3382897792544375,
        -0.7967040539085071,
        1.4879865255547526,
        -0.16840070459749124,
        -0.6956584705615186,
        -1.9313459729477906,
        -0.16218903522875933,
        0.34521904192279074,
        -0.9110640077145635,
        -1.268644818743541,
        0.6781129195413567,
        0.9796923978625174,
        0.5123827696373112,
        -0.4050238284354246,
        1.3005155854886334,
        -0.5481523525099954,
        -0.1750389907497933,
        0.9561484079082155,
        -0.5474328058657498,
        -0.22840670748274133,
        0.3154576640281583,
        0.24474459109790161,
        -1.4589427301580065,
        -0.19932958486804833,
        -0.526025758962055,
        0.4056776870067702,
        -0.3539011023190515,
        1.045990994318173,
        0.6487430665274043,
        0.07050593130530691,
        3.275142215171944,
        -0.7630300699641234,
        -0.9279447366334198,
        -0.1560644607955441,
        0.9326763883641909,
        0.20790480647999907,
        -1.9950159419239906,
        -0.1478999092259387,
        -0.46757499665176155,
        -0.16202479373618053,
        -0.4618713918528218,
        0.3449004118116586,
        -0.747091190491478,
        -0.9148027263139498,
        0.008770086834624283,
        1.4116521548731542,
        -0.406333855302743,
        1.5969942621788042,
        -1.184842362044069,
        0.8023258691182223,
        -0.5056990539446734,
        1.8832863362661905,
        0.7162496740163313,
        -0.15360280933079873,
        -1.3581276145667565,
        0.9279917182104092,
        -0.5342871490109482,
        -0.44299893324318174,
        -1.2001589664322205,
        0.8553745180011644,
        0.22612146993557242,
        -0.5484319166778988,
        -0.3140312798458345,
        -0.23537855655745205,
        -0.6958441015702161,
        0.18310497301350362,
        0.7695854991773922,
        0.24431763044952748,
        0.3461244123614676,
        0.4370426085676739,
        -1.1337961421539462,
        2.5267517173237533,
        1.0838571858928165,
        0.020044961132554596,
        -1.3280335708373487,
        -0.4526120556255718,
        -0.1813815620699236,
        -0.9752657697658875,
        0.23197536673630642,
        0.9164744476880332,
        0.6270871141362047,
        0.631223171299917,
        0.8843699856118429,
        0.2863144976839501,
        1.7247390493445534,
        0.44948566166686393,
        -0.560776975997027,
        1.2032720578925116,
        1.6848043312304495,
        -0.7560506032168857,
        0.14903277534352066,
        -0.35715272019974886,
        -0.6627287964049524,
        0.6670332838881778,
        -1.0678191306772273,
        1.149271189749447,
        -0.059204769744748253,
        0.03670066474737936,
        1.6335113151860157,
        1.3239847220984262,
        -0.42746200456132827,
        2.1148561473695002,
        0.7006683773877505,
        -0.713598435504564,
        1.968503093025023,
        1.3579579790676035,
        -0.32746635176463645,
        -1.2456800641086432,
        0.15878834457185362,
        0.5790945173632897,
        -0.319867856139986,
        0.30763974120262355,
        0.9892835133612721,
        0.27841437646345046,
        -0.0033717191936440682,
        0.6772665386526243,
        0.3725665502848493,
        -0.32029847587630655,
        0.1300758143498743,
        0.5605075586042485,
        0.5517661539225611,
        -0.10561287731477188,
        -0.6831316901501273,
        0.5421862494058312,
        -1.291222846912088,
        0.7029425951017456,
        -1.3059781112760596,
        -0.09877964716176296,
        0.6067287357425618,
        -0.542268497048558,
        0.5071620602118168,
        -0.0705718707168472,
        0.7685989023523309,
        0.656528703334265,
        -0.7162956212445625,
        -0.39367958648979196,
        0.44339696069594464,
        0.8151835794529688,
        -0.05980153923143777,
        0.5728531592036405,
        -0.8395045582711134,
        -0.7615570983118453,
        1.0617101441424366,
        -0.14239290454278428,
        -0.48282007691077883,
        -0.7502615166383032,
        -2.157112759266373,
        -0.5642463471209598,
        0.057370275780693994,
        -0.30987863485224454,
        1.8825034353743222,
        0.3823384601757839,
        -2.0410592297168266,
        -1.2619812406005417,
        0.4157169949587547,
        1.1549618030807367,
        -1.5908046747562405,
        0.24339682999496884,
        1.0343456062945606,
        1.1143092782317152,
        -0.7095704307118441,
        1.0622133854941607,
        -1.1881211971257415,
        -1.118753493042455,
        0.7604029849505393,
        0.7335760071584397,
        -0.7481773447854287,
        1.355383319406469,
        -0.6377985888185226,
        0.9502771884994223,
        0.7636305909619303,
        0.15322927063024558,
        -1.2688834755072347,
        0.6103302999542047,
        -1.034229636143672,
        0.4295315486450751,
        1.7817319127725435,
        -0.6628123459942306,
        1.091609041258298,
        1.125968656729662,
        0.23521124375272823,
        0.6650818101176013,
        -1.1581657515919952,
        0.8606171535188201,
        0.5575613913555548,
        0.544232833556674,
        -0.9794789038896654,
        0.7295933039482886,
        -0.3407129533732486,
        0.16423313595070915,
        0.6140054565489764,
        1.3073355755809377,
        0.9582150423827419,
        -1.3136911245570977,
        0.6327305564242297,
        1.040880990036193,
        1.487149985851515,
        0.5811197025921402,
        -0.7483675393129652,
