{
    "idx": 712880,
    "fights": [
        {
            "enemy": 5,
            "fitness": 88.49642023266135,
            "player_life": 41.80000000000029,
            "enemy_life": 0,
            "time": 294
        },
        {
            "enemy": 6,
            "fitness": 48.648141866523936,
            "player_life": 0,
            "enemy_life": 40.0,
            "time": 211
        },
        {
            "enemy": 7,
            "fitness": 90.74814186652397,
            "player_life": 61.000000000000334,
            "enemy_life": 0,
            "time": 211
        },
        {
            "enemy": 8,
            "fitness": 87.53788162462297,
            "player_life": 33.40000000000027,
            "enemy_life": 0,
            "time": 331
        }
    ],
    "weights": [
        0.8755009123475611,
        0.23008316868388032,
        1.124406250166112,
        -1.2068362902448908,
        -1.840938755560376,
        0.38175835820227105,
        -1.1242802111493129,
        1.9044846747312085,
        -0.8652317144199713,
        0.7801273345904413,
        -0.3668583987292913,
        -0.6864309406211693,
        -1.212277724313428,
        0.2599722021681713,
        -0.13360160526048656,
        2.606072698542352,
        2.260207908085865,
        1.9559107794194774,
        0.47881393005083134,
        2.4926336914993654,
        -1.6534773100443785,
        0.08259461035753088,
        1.2011737444432156,
        1.9856262032462602,
        0.19038131073764147,
        1.360685548243328,
        -1.7074305827143708,
        0.3878723102436961,
        1.1373005969836576,
        1.0536133611438308,
        -0.6256789668169017,
        -0.8981945566851933,
        -1.4236050724933222,
        -1.3197946597949397,
        0.7217056093977811,
        -0.4652153955842181,
        1.019357921199546,
        -0.9225351076193593,
        0.11910496682988679,
        1.2557254479737243,
        -0.9520997928688337,
        -1.123247364577524,
        0.3642714921454529,
        1.0303943405693914,
        0.9979384866188629,
        -0.9084867605056697,
        0.7976399131348628,
        0.5570981913264624,
        1.3458289680573263,
        1.7024563242249384,
        -0.8243041768594966,
        1.266276805863341,
        -1.703804189219145,
        -1.3736377123941108,
        -1.067573417527575,
        1.7972079454940044,
        0.5685086277351161,
        -0.6931092155470858,
        -2.2574244140647095,
        0.1355716615032946,
        0.2763475117269327,
        -0.9933077548341935,
        -1.3543548378342833,
        0.5655059688397837,
        0.6224654781133283,
        0.7521812318443496,
        -0.0973122466224012,
        1.4586835821651263,
        -0.3995845233489637,
        -0.09263623109792998,
        2.3272324499263277,
        -0.9188910904503453,
        0.16162729060974731,
        0.1490723296975499,
        0.11269786543445566,
        -1.0151649459256926,
        -0.1874475546446827,
        -1.1331656458824282,
        0.7804165245869097,
        -0.30602740611399337,
        1.237300868935772,
        -0.07759217898789512,
        0.4398594445247217,
        3.505594287701865,
        -0.5186508753713527,
        -0.9098284642443778,
        -0.07561411086990558,
        1.1709726363913961,
        0.3717250706383108,
        -2.360772844163361,
        0.24619975082752543,
        -0.04570472140475784,
        -0.8422873084094726,
        -0.44367655638571285,
        0.10027085220278163,
        -0.6091623037034406,
        -0.9265930397539965,
        0.199301100575812,
        1.9231619728393945,
        -0.5074805229730232,
        1.0463392597401107,
        -0.9232458293914158,
        1.4932353406137557,
        -0.3927415863795145,
        1.08673839778676,
        1.4127009071934025,
        0.09710411746558709,
        -1.2762635436091632,
        0.8360596056513291,
        -0.5444452993123018,
        -0.38283725839110855,
        -0.6709812626322414,
        0.8879196727569354,
        -0.08977380718600597,
        -0.6256498974673659,
        -0.30052782198439254,
        -0.26998704899414516,
        -1.3570590232170807,
        -0.742395560800553,
        0.06916166685695933,
        1.3721797276836274,
        0.6575104428060852,
        1.1555944674777567,
        -0.44997109258558815,
        1.994246448563063,
        1.2751233050623456,
        -0.45936169661209625,
        -2.493317643243502,
        -0.4684128296392425,
        0.06471001502305879,
        -1.0583739917211032,
        0.6832815465796377,
        1.1071243028195674,
        0.5270835497178351,
        0.7845192569132629,
        1.057207952714371,
        0.32361582209803563,
        2.428918057300889,
        0.6084236589189153,
        -0.014876135649005407,
        1.296898916409953,
        1.878125031214103,
        -0.7366511119875295,
        1.3252454396037203,
        0.2709105653619608,
        -1.5437403407468488,
        1.0085843460084436,
        -1.4039467471574583,
        1.1283488595367002,
        -0.05618157672624397,
        0.19086191345955394,
        1.5928651553182727,
        1.8513996065839247,
        1.1143282586867005,
        2.018542610250538,
        -0.2046863942813861,
        -0.24672182168989332,
        2.3150339893023304,
        1.525524652777681,
        0.1962621781862644,
        -1.4257148341442865,
        -0.6294613834892507,
        0.5977233400670473,
        -0.5940000833063845,
        0.4468131720102913,
        1.3124659833799477,
        -0.006744582892856517,
        0.12276985956703204,
        0.7595910461574374,
        0.10093457899459232,
        -1.1472413226257754,
        0.48003169669997736,
        0.762089082918427,
        0.5491308473826803,
        -0.07110695326932087,
        -0.5036351042947823,
        -0.05338869141440376,
        -1.4141766667053224,
        0.8470768793109618,
        -0.7916862105007649,
        -0.8431731307092865,
        0.40368356896897234,
        -0.5168099172678604,
        0.5699447290848619,
        0.032302337400171945,
        0.4712858210509799,
        0.528397269430427,
        -0.505769630720805,
        -0.03266613928479774,
        0.3119119169904329,
        0.659177158391782,
        0.07698841320428443,
        0.6615032759584075,
        -0.7588958128236992,
        -0.743937927650201,
        1.3658159050656038,
        0.5516510484371024,
        -0.4501649128926024,
        -0.79557766313765,
        -2.2348340198950716,
        -0.5166014252511024,
        0.3858831030489788,
        -0.787361865089654,
        2.184395714195465,
        0.8522936426711354,
        -2.027766739133769,
        -1.8342817546638484,
        0.6232339919969858,
        2.467664907633259,
        -1.351010081967281,
        0.9024826231216811,
        0.001769811778551178,
        1.5834322541278887,
        -0.8225828682349089,
        1.2884262481732485,
        -1.2113294429193182,
        -1.2736673409801786,
        0.6267734910964988,
        0.583663174958309,
        -0.4334648926999144,
        1.562821803004924,
        -1.0767968571134567,
        0.8824947314957571,
        1.0062479073266302,
        0.6888072407471917,
        -1.364206944073123,
        0.5231697822299476,
        -1.2147400879492862,
        0.6572281655135963,
        1.8508326666665962,
        -0.9356971136293126,
        1.1070546541914645,
        0.9617402529831,
        -0.07528015449335235,
        1.0689646505324697,
        -1.1723971647757625,
        0.8370783876153824,
        0.44746547170410667,
        0.6334332249608756,
        -0.56909974193316,
        0.375780969400212,
        -0.05890593577431235,
        -0.5164370112535466,
        0.7741610776441468,
        1.010737834510731,
        0.9067240086948745,
        -1.4061881860703063,
        1.3032426277122418,
        1.2192208209868316,
        1.0456989373560093,
        0.3577906559358966,
        -0.2729026412789842,
        0.49985127663292955,
