{
    "idx": 709638,
    "fights": [
        {
            "enemy": 5,
            "fitness": 89.55275134159977,
            "player_life": 51.40000000000031,
            "enemy_life": 0,
            "time": 267
        },
        {
            "enemy": 6,
            "fitness": 75.5361681949744,
            "player_life": 0,
            "enemy_life": 10.0,
            "time": 236
        },
        {
            "enemy": 7,
            "fitness": 88.16835394814498,
            "player_life": 35.800000000000274,
            "enemy_life": 0,
            "time": 224
        },
        {
            "enemy": 8,
            "fitness": 88.81968822339262,
            "player_life": 45.4000000000003,
            "enemy_life": 0,
            "time": 305
        }
    ],
    "weights": [
        0.04957312349363907,
        0.8713875870712797,
        1.1376468995204452,
        -0.7851003368578977,
        -0.7882752602305881,
        0.7018400293754085,
        -1.3909529623492987,
        1.944342695344197,
        -1.1685457074299834,
        0.7008961436012924,
        0.14706246038671975,
        -0.18335840359435987,
        -0.9085785293825409,
        -0.8924956063468443,
        -0.5434173109347608,
        2.2369606719518664,
        2.0137636445342175,
        0.8064670635624495,
        0.5918673382805608,
        2.903898456510739,
        -1.3740434235122332,
        -0.3082212012121856,
        0.9721580067729602,
        1.4173272198359226,
        0.6490423516913664,
        0.6602324791582456,
        -1.1471902840754122,
        0.22786398315011408,
        0.8225764601689526,
        0.8896259515771867,
        -0.6020018754541332,
        -1.520589799742931,
        -1.4568325710379937,
        -1.032717381581045,
        1.2781430080873308,
        1.0642135052804678,
        0.2755311994950979,
        -1.0947310591639312,
        -0.28147703127880086,
        0.209285352170598,
        -0.2706261372758285,
        -0.5961127632219734,
        0.5890517103839954,
        0.25765962570783607,
        1.3389065964432,
        -1.409238220354196,
        1.8109484348666212,
        -0.30481653965156025,
        0.7204450487752754,
        0.6753155356716353,
        0.2685561770107917,
        1.9659982257589255,
        -1.0086607604388829,
        -1.2637471111837724,
        -0.7824083849383707,
        2.042005777429579,
        1.0607767350653512,
        -0.7053774402195947,
        -1.8959965444320979,
        0.46037998344032566,
        0.9335042737595715,
        -1.363547506011204,
        -0.9598244206474122,
        0.08871792960777494,
        0.056687638324247544,
        0.7983058463369882,
        -0.6902065632149021,
        0.8146101188447895,
        0.3756130977341387,
        -0.8806589028958627,
        0.4961752899413199,
        0.05853716756090038,
        -0.13470757896923763,
        0.10705590296199374,
        -0.4208268940010057,
        -1.5516309074194838,
        0.02158181930940783,
        0.13773314398770217,
        1.3439625969333104,
        0.13228974971916363,
        -0.6363505364067756,
        0.12771806784712697,
        -0.09717750187383312,
        2.8101659369492733,
        -0.1284814298778814,
        -0.761489712655826,
        -0.7510857406862887,
        1.0351644086837517,
        0.6914098814152084,
        0.4712146059058907,
        -0.14196374690294705,
        -0.5511138847562383,
        -0.28657328385774317,
        -0.5456887703902779,
        1.0284667875969162,
        -0.7316091973511685,
        -1.4526440000876637,
        -0.17851824105273845,
        1.0613869785418175,
        -0.7541850742196939,
        0.5172493681834354,
        -2.429187144417946,
        -0.19328335523910672,
        0.40512957876596156,
        0.24409053426535066,
        0.18285240415313883,
        -0.036995565826643054,
        -1.338019823767782,
        0.6495026500158736,
        -0.978546906469044,
        -2.177548745712216,
        -0.6900845134792754,
        0.8322107340877857,
        0.04033836728905596,
        -1.488392533219742,
        0.19435292042252034,
        -1.094731898514239,
        -0.7143578427997808,
        -0.021675830391650913,
        0.11443993823221121,
        0.46394437376211406,
        1.0695885793387205,
        0.9547095373386523,
        -1.6940916241617479,
        1.0123839536825596,
        1.157315276780759,
        0.7309985466080231,
        -2.0592928296032382,
        0.2569907101543175,
        -0.19000030117230227,
        -0.47697599790454653,
        -1.0982605005923332,
        -0.0545224789253253,
        1.0702940608885572,
        0.8886889412945935,
        0.9315021859967223,
        0.5937824357171224,
        1.6620087135968857,
        0.35392210851586003,
        -0.19359545541260417,
        0.5009874784852626,
        1.9922826499031856,
        -0.6206501501638777,
        -0.09620128485099579,
        -0.46676527378836985,
        -0.7892190404570826,
        2.7079882304081484,
        -1.0097981473970048,
        1.5349640555215471,
        -1.4289354433511097,
        -0.3363288619123943,
        1.5797486058247183,
        1.637985203570535,
        0.3519334831438265,
        1.3328532935883028,
        0.9224003378321762,
        -0.7280507573743994,
        1.1716801347273675,
        0.48755645553938454,
        -0.6998603914601381,
        -0.7355807680796367,
        0.4730471104174949,
        0.3737762938593956,
        -0.47130604858252917,
        0.40951840866879496,
        0.10423093149678472,
        -0.14469526115577128,
        0.595281349619134,
        0.052649010910970934,
        0.14990311439835244,
        0.39687386557515214,
        -0.10020832228801639,
        0.47352437202739517,
        0.8546263111619818,
        0.30316832888992024,
        -0.9000578739596368,
        -0.9109175833907358,
        -1.2906761332983492,
        1.0145925176620485,
        -0.4801218402099174,
        -0.843025161390562,
        0.6192146237052403,
        -0.03510381577217539,
        0.8513471081645236,
        -0.23583048351620314,
        1.4233434903588873,
        0.883766102623775,
        -0.3498452493076751,
        0.11408217895904382,
        0.5102787763025399,
        0.27118657357898224,
        0.014742096863562495,
        0.02383623316095717,
        -0.64049096681732,
        -0.3001867860075104,
        1.7103001065428476,
        0.7098674638942312,
        0.2105213572618403,
        -0.5245594834314344,
        -1.68842744349868,
        0.04272887180690495,
        0.21461605606887346,
        -0.021103697349528883,
        0.635899212073209,
        1.4825499537877542,
        -1.2120432111086779,
        -1.3553221768579498,
        0.47780268981317964,
        0.4534493237764791,
        -1.0521721128850419,
        -0.595103286865445,
        0.7089804077166313,
        1.6788623841759651,
        -0.0710783208709707,
        1.007574249505044,
        -1.2584940463116332,
        -0.5419906608046882,
        0.8453953661051496,
        0.5663864375670247,
        0.4246457615083901,
        1.4951476913641333,
        -0.7979267961310486,
        1.6816328931573177,
        0.05619356594955946,
        -0.17779112827624816,
        -1.1368477153280194,
        0.4796284417447614,
        0.8861669232082567,
        -0.022764910523084922,
        0.2211572902212695,
        -1.2938109580759936,
        1.0684977501351467,
        1.7108586084200648,
        0.26565309861089903,
        -0.16022970267656866,
        -0.5901876436522784,
        0.6588371046511842,
        1.1086812371820371,
        1.076591186113699,
        0.14440876682595835,
        1.9744099561413608,
        0.04265976018972355,
        0.4716716965686395,
        1.8389531300016082,
        0.006072684587498749,
        0.22325315107691712,
        -1.4304093970115161,
        1.4086020550848313,
        0.9258721219831169,
        0.6598882485223274,
        0.18300432421780954,
        -0.8570781057885365,
