{
    "idx": 709619,
    "fights": [
        {
            "enemy": 5,
            "fitness": 90.26157804100166,
            "player_life": 58.60000000000033,
            "enemy_life": 0,
            "time": 270
        },
        {
            "enemy": 6,
            "fitness": 39.64341372532799,
            "player_life": 0,
            "enemy_life": 50.0,
            "time": 212
        },
        {
            "enemy": 7,
            "fitness": 90.201682633452,
            "player_life": 55.00000000000032,
            "enemy_life": 0,
            "time": 200
        },
        {
            "enemy": 8,
            "fitness": 89.82322890233345,
            "player_life": 54.40000000000032,
            "enemy_life": 0,
            "time": 275
        }
    ],
    "weights": [
        0.24432977236140496,
        0.9453367255991203,
        0.9906149092590919,
        -0.9206247288299755,
        -1.297356972983679,
        1.0263716759386459,
        -0.9307654700126351,
        1.0926357560110596,
        -0.905028906079407,
        0.6999004461794296,
        -0.05863709962362734,
        -0.5656576462360552,
        -1.488775501611644,
        -0.31425891901349456,
        -0.20342259187831688,
        2.3075206037797966,
        1.8466828206405617,
        1.0549561191656993,
        0.6376579690944915,
        3.494364492693816,
        -1.3725772610613556,
        -0.3565274055343274,
        0.8126152660329617,
        1.4552291200861103,
        0.6676868045561559,
        1.0426884144849007,
        -1.0791989459650955,
        -0.200321353666038,
        0.8109868262141154,
        0.34744054480767683,
        -0.47784984095486194,
        -2.2068712142663265,
        -0.9772396081996826,
        -1.0985089811205135,
        1.3536883597388982,
        0.012695564018720143,
        0.8807460762713502,
        -1.225712431761802,
        -0.2868760116788861,
        0.9662962617799924,
        -0.33954773553566925,
        -0.26549350692234863,
        0.36189261145949236,
        0.28280896369277114,
        0.9216190974944833,
        -0.813583855176892,
        1.718984141242217,
        0.0621958623550423,
        1.084698695811549,
        0.3209997157352527,
        0.15543074922542313,
        1.6075506303970615,
        -1.4227373502653597,
        -0.3646951563713922,
        -0.9116430254620687,
        1.9585922835187657,
        1.070090758889685,
        -0.6521282740549088,
        -2.1898453748464504,
        0.7471159746791267,
        1.4177459137607336,
        -1.0044564054862704,
        -0.9964213409773451,
        0.17195279034769145,
        0.6625251844530059,
        0.8736039140917006,
        0.2983779654576481,
        1.664435767050556,
        0.45588360243500037,
        -0.8536214584557118,
        0.7973063789275822,
        0.20349749163772946,
        -0.04091760350396986,
        0.2621748396473681,
        -0.911812384067977,
        -1.7894989267654542,
        -0.03960260268618497,
        0.10535379578847033,
        1.5634888492740207,
        0.3888504343881844,
        -0.7280446726239875,
        0.1568308884371712,
        0.360298984716405,
        2.811818041872419,
        0.1015110724696487,
        -0.9676404233510868,
        -0.8661351692052643,
        0.8111858472495207,
        0.17179896507512005,
        0.2137799432798497,
        -0.15807303139006212,
        -0.4886592681617567,
        -0.09750825800203322,
        -0.3397620204957209,
        1.1314442124250499,
        -0.6429817987657468,
        -1.512138222954548,
        -1.0591539508152947,
        1.044888504603452,
        -0.8215797388480583,
        1.1312188605323763,
        -2.3891658700897653,
        0.3493385149472284,
        0.4523683912844934,
        0.18580864576042078,
        -0.11784238032245098,
        -0.10905764747093694,
        -1.182172191739047,
        0.8077098723941383,
        -0.3842584398175165,
        -2.0562167334359143,
        -0.4229795247290231,
        1.3544345315193809,
        -0.14647136904694838,
        -1.6596041689160748,
        0.5132632647082978,
        0.23188598844315425,
        -0.8409598276926261,
        -0.1281401662541349,
        -0.05742892092414233,
        0.2840287480441748,
        0.29401583385604746,
        0.5672283227555311,
        -0.8609995326750826,
        0.9643370740961325,
        1.2093114963551508,
        1.074474727368285,
        -1.7641020771852514,
        -0.09908427128609654,
        0.15658826756969066,
        -0.649454997424808,
        -0.37610611282281314,
        0.9876376052257348,
        1.070541442176457,
        0.7726148100309822,
        1.010775672669217,
        0.001388358585177149,
        1.3640093132000017,
        -0.2246009957503169,
        -0.6305687041464714,
        1.2334951809695036,
        1.880324020111151,
        -0.5543743822245041,
        -0.30565146079260574,
        -0.12785190093795143,
        -1.3325310170140288,
        2.82183934909134,
        -0.7829357639663245,
        2.676145992461403,
        -1.3103025233993901,
        0.037534424918099,
        1.342026027141691,
        1.3504032594827078,
        0.4549233145900366,
        1.1240448602656605,
        0.8608907656578537,
        -0.4206308421023507,
        1.142865603414456,
        1.8907114087143664,
        -0.7710481015432199,
        -0.7485391020148358,
        -0.01778605828349908,
        0.2785129254154608,
        -0.5591564887936353,
        0.14477818774024198,
        0.3719433847923007,
        -0.02059796314082936,
        0.5752568769884938,
        0.07922697813630927,
        0.17779451153337553,
        0.3378510357978066,
        -0.32470295464898113,
        0.40553903238598776,
        0.70812376465823,
        0.777057625892547,
        -0.7706700113794219,
        -1.0814603466233572,
        -1.295694284334177,
        0.4544586533809686,
        -0.7131253068558173,
        -1.0802584324355191,
        0.4029226411163331,
        -0.3607499738872498,
        1.6362214763593168,
        0.31424138220097025,
        1.086800095050666,
        0.6239008457666322,
        -0.3529558387180958,
        0.2327168472392127,
        0.5961134876443068,
        0.4172195473785364,
        0.30584211085764024,
        0.0604363944485463,
        -0.8129705864314205,
        0.023769973508162998,
        1.579002844437427,
        0.125169065735956,
        0.03157320105359941,
        -0.38370832888042744,
        -1.3994442388306911,
        -0.6773513962653883,
        -0.009942462069660235,
        -0.6566152141621484,
        0.09638173273162945,
        1.2063945604921953,
        -0.8376435445074119,
        -1.5333246342287499,
        0.11537235909945477,
        0.8784972418628778,
        -1.3355377487487223,
        -0.4040573179527135,
        0.9410672597014917,
        1.7109568340782455,
        0.05861499501210636,
        0.9037416807498639,
        -1.1517745850192993,
        -0.7584833343053108,
        0.31794468841824997,
        1.336647541578721,
        0.37939838065061504,
        1.5930263089674146,
        -0.8485723016773261,
        1.6639700160221844,
        0.06904217760058445,
        0.5427308484585762,
        -1.1968843293405738,
        0.6870904812339573,
        0.8774450327348728,
        0.2644860728806574,
        0.47791780804987494,
        -1.2828840527704244,
        1.228711530887061,
        1.8293189149908053,
        0.24065525186073317,
        -0.20488434656231108,
        -0.5897858168235488,
        0.8210680986899245,
        0.844127115894499,
        0.7670425667528609,
        0.24482850567345435,
        1.9818110720673405,
        0.12028036320923374,
        0.3408582070489453,
        1.660488576779505,
        -0.020567030737052655,
        0.4607847463816422,
        -1.0858192937658748,
        2.358792759846921,
        0.8489992782724323,
        1.391004133140225,
        0.3402144708298509,
        -0.5039809794664828,
