{
    "idx": 713162,
    "fights": [
        {
            "enemy": 5,
            "fitness": 90.38772932632855,
            "player_life": 58.60000000000033,
            "enemy_life": 0,
            "time": 238
        },
        {
            "enemy": 6,
            "fitness": 85.83282822853991,
            "player_life": 12.40000000000023,
            "enemy_life": 0,
            "time": 223
        },
        {
            "enemy": 7,
            "fitness": 89.67289246928257,
            "player_life": 50.20000000000031,
            "enemy_life": 0,
            "time": 210
        },
        {
            "enemy": 8,
            "fitness": 39.21925648420767,
            "player_life": 0,
            "enemy_life": 50.0,
            "time": 324
        }
    ],
    "weights": [
        0.6844798612731584,
        0.6403513475821733,
        1.0490316022356407,
        -1.1611638798949562,
        -1.371635489176825,
        0.3431736458695762,
        -1.4294157698331933,
        1.0977386362879624,
        -0.8894434155363522,
        0.9535185024961242,
        -0.886507707835326,
        -0.6356114478330287,
        -0.6036851394005112,
        -0.7905362117666157,
        -0.01902440673856509,
        2.7235991713769323,
        0.6322532347011838,
        1.8730294144794772,
        0.18695212900471325,
        2.3910122027549296,
        -1.2387029498379938,
        0.06658505903466651,
        1.5808572028599894,
        2.1635127348116447,
        0.8289602230702622,
        1.875861830025912,
        -1.6461070590298092,
        0.13822307602711165,
        -0.014608177500087974,
        0.4293943236922413,
        -0.4326755001072055,
        -0.4999975439522965,
        -0.9737185964902614,
        -1.1945343696613135,
        0.9245516654552587,
        -0.02156557786294043,
        0.4307972537410111,
        -1.5022953109305466,
        0.3693946354696827,
        0.8139029086747356,
        -0.40277168664500546,
        -0.6076075796736422,
        1.0028535535722316,
        1.0458836879916869,
        0.039840554800112976,
        -0.4295961925154379,
        2.031830070954984,
        -0.2004758331445139,
        0.5576463774505931,
        0.8536663065523193,
        -0.9254183808916351,
        1.8097843229474362,
        -1.0132458752780806,
        -0.9668287635592143,
        -0.4361293714445701,
        1.6466248972658768,
        0.4652751098662256,
        -0.3607765916131673,
        -1.5147389827926394,
        1.9444492918285647,
        0.8243630842004471,
        -0.8180890929412407,
        -0.938902934335905,
        0.7562416951806816,
        0.6090291503892394,
        1.285628631950396,
        -1.16541410002414,
        1.7136272553560983,
        -0.16503330135644997,
        0.2918959512072806,
        0.7757564493888155,
        -0.1800822768486579,
        -0.6498383223018432,
        0.6592746592491593,
        0.27930865730103815,
        -1.3091124996383434,
        -0.5387989682031102,
        -0.33371833845890925,
        1.1674433047675594,
        0.9901940012620879,
        -0.031293403807597375,
        -0.012413881543210794,
        0.3562352194108037,
        3.3404666600004362,
        -0.06986114634520073,
        -0.4055223792657477,
        -0.35881912067647165,
        1.5152096167147069,
        0.34164939670816097,
        -1.3194442506667963,
        -0.5099179257762262,
        -0.5455609038680428,
        -0.18845106841718864,
        -1.6923497436709123,
        1.1146957642697626,
        -0.7624932521793794,
        -1.0994442726160851,
        0.13064187252301865,
        2.0484506392386637,
        -0.6773356275082867,
        1.0750028965945237,
        -2.180675921242268,
        0.22372338125374355,
        -0.2975287033533903,
        0.4702568094338775,
        0.3570745773875407,
        -0.14794366699950717,
        -1.270932796127861,
        0.5368608620678647,
        -0.5686028175202369,
        0.10040315446829007,
        -1.2985596489174889,
        0.925723948922248,
        0.1521820198965948,
        -0.9133137869720146,
        -0.2235726890405287,
        0.12354917451882683,
        0.1479185095010941,
        0.08480269485298633,
        0.43283945730813034,
        -0.16951316719899498,
        0.24567568283931862,
        0.9890762841463852,
        -2.0634393379703693,
        1.3815484628292016,
        1.55924495135891,
        0.5153290822405461,
        -1.0613925068612806,
        0.10782995217292299,
        -0.1784930279536963,
        -1.038371651847155,
        0.5150323967759471,
        -0.6072077488130565,
        0.6165001381372941,
        0.596467755068379,
        0.9730098393534696,
        0.3805316043211335,
        1.8151991389863895,
        0.40156376630597357,
        -0.7651923455581643,
        1.4274058056342689,
        1.8533539514434167,
        -0.8189730771002037,
        -0.07790844430179855,
        -0.09466395534566545,
        -0.6949838977584325,
        1.7216391439500212,
        -1.0264615367858143,
        0.9765265964724611,
        -0.13843956249568662,
        0.2257829298503735,
        1.1987151186513458,
        1.545429837355545,
        0.4120462438103513,
        1.539071848258002,
        0.8897425447373418,
        0.20617584398704375,
        1.8140018619109244,
        1.149954723568601,
        -0.3611257832070835,
        -0.8261872797883169,
        -0.2527768604644104,
        0.07378764263937924,
        -0.5369674493164547,
        0.5565962339773571,
        0.4320436074236871,
        0.3519274809893209,
        0.8221706001001756,
        0.31890376123964626,
        0.6296130230011546,
        -1.0407257866145239,
        0.18151141928240894,
        0.7454544854947207,
        0.3504922971963279,
        0.5207018333659273,
        -0.5992591455470886,
        -1.0182073361137163,
        -1.108071976256709,
        0.7746525322304725,
        -1.4920296555837553,
        0.006144813464079357,
        0.38599869368079454,
        -0.0838947823436022,
        0.7393562015377333,
        0.3724264372934909,
        0.5763136907489665,
        0.5556893723484587,
        -0.6154567955265782,
        0.30815515304220814,
        1.1526410147767738,
        -0.14936094311761416,
        -0.11029939682780235,
        0.17353125659895058,
        -0.16396183772764705,
        -0.6286598586305466,
        1.192429659139608,
        0.11893932383261105,
        -0.5044350377581384,
        -0.6473666759811689,
        -1.5348773605060186,
        -0.885943500921,
        0.02041139876394815,
        -0.9725686386357084,
        0.22196517243846717,
        -0.9987606943643589,
        -1.7174943625265715,
        -1.3875263442702566,
        0.4840851301032052,
        1.2031279751637831,
        -1.3886612120251138,
        -0.3051774437154698,
        0.6454271175132239,
        0.7845137160821472,
        0.09724425880782478,
        1.1235857581632909,
        -0.9325217412683193,
        -1.3412075671298491,
        0.786703366416382,
        1.1425205293296,
        -0.8537037406743352,
        1.0821367854624013,
        -0.6945104398887972,
        1.575794953799493,
        0.33924710001102254,
        0.13042784486115028,
        -1.1602743367170312,
        0.4924689000257866,
        0.4898744351618632,
        -0.03451991261489272,
        1.8138595504745012,
        -0.9461084936148688,
        1.2479007787913365,
        1.419634491199855,
        -0.08547088101795798,
        0.4485779572912196,
        -0.6797579956874623,
        0.7041282483410404,
        1.9687374654821295,
        0.3375772196105729,
        -0.7520949579294097,
        0.7122793563437294,
        -0.4984772309192733,
        0.5515288353763285,
        0.7930857114360182,
        0.9330223358104277,
        1.5043925564713307,
        -0.808690540464951,
        -0.0025096340615327964,
        1.1290516733766767,
        1.4499267100610582,
        0.862971316832477,
        -0.6345169449278811,
