{
    "idx": 713170,
    "fights": [
        {
            "enemy": 5,
            "fitness": 89.59936107665804,
            "player_life": 50.80000000000031,
            "enemy_life": 0,
            "time": 240
        },
        {
            "enemy": 6,
            "fitness": 75.50693855665945,
            "player_life": 0,
            "enemy_life": 10.0,
            "time": 243
        },
        {
            "enemy": 7,
            "fitness": 88.33504998251863,
            "player_life": 37.60000000000028,
            "enemy_life": 0,
            "time": 227
        },
        {
            "enemy": 8,
            "fitness": 86.99788162462296,
            "player_life": 28.000000000000256,
            "enemy_life": 0,
            "time": 331
        }
    ],
    "weights": [
        0.9334740643742547,
        0.6807543464291981,
        1.0947323369935427,
        -1.2491354904089322,
        -1.4530427440497424,
        0.04678198259902328,
        -1.454714429703589,
        1.327615383865759,
        -0.9678615792737678,
        1.0381524927071386,
        -0.11381201871509328,
        -0.4686476952993431,
        -1.0488213997149025,
        -0.740606427617768,
        0.009765873750570456,
        2.540321220464554,
        0.5021114888830264,
        1.9387797450426711,
        0.05746217869484998,
        2.5003380552524126,
        -1.208796756064714,
        0.21882160693300326,
        1.1943508406543775,
        2.1221676964719918,
        0.8095379149239704,
        1.9589525870272724,
        -1.3788040060750144,
        -0.12721685623345375,
        0.015118281623492123,
        0.4332052701383821,
        -0.19352028362032306,
        -0.5649153653967649,
        -0.5115203226809144,
        -1.1599093281648434,
        0.846278205366078,
        0.02431042288678336,
        0.2759831275443954,
        -1.5331498864224256,
        -0.35487804225980923,
        0.3259348712137268,
        -0.1993637926638695,
        -0.5609311461595051,
        1.0896103896542624,
        1.2109130656650469,
        0.7511211611012844,
        -0.8118269295324239,
        1.5964872477226153,
        -0.27500422793233636,
        0.8532089510442346,
        1.01760734722462,
        -0.8048430018316883,
        1.7158971866440857,
        -1.8383065625145392,
        -0.6068058548525952,
        -0.5193150292384717,
        1.4287791684214635,
        0.44852118538336444,
        -0.04131603621538625,
        -2.0569856283894605,
        0.7098878980249564,
        0.8776369211775705,
        -0.7702837360109849,
        -0.4617249850198876,
        0.7300195824684116,
        1.2398490620206062,
        0.3039795269633631,
        -1.1063300236826243,
        2.6729965428235594,
        0.1373678465640315,
        -0.06338618223580389,
        0.15374214292843347,
        -0.22555736751206865,
        -0.5950748715592477,
        0.7999228400840365,
        0.26408377457161414,
        -1.384056423982066,
        -0.3201910380601948,
        -0.6181329584484667,
        1.1829613110869883,
        1.0978861518255618,
        -0.04609376513447166,
        0.1947070650832441,
        0.44517637976356095,
        2.9841477607832516,
        -0.5551730298315521,
        0.12805004108063178,
        -0.5067647999210445,
        1.4105092585597792,
        0.3886889419130568,
        -1.4349486194351384,
        -0.44429195981167896,
        -1.1855577482628272,
        -0.37320323091554114,
        -1.5899693014975853,
        0.8481414248442876,
        -0.6139013999255367,
        -1.0003641580089178,
        -0.0912882628674415,
        2.4818588410910163,
        -0.07748344501719012,
        1.253138405067243,
        -2.199639337301099,
        0.19755019327400442,
        -0.25850571390189925,
        0.5073340174740408,
        0.40740568657694526,
        -0.1162791129302869,
        -1.439783829222832,
        0.410893800544124,
        -0.4801047121492733,
        -0.32436699084628706,
        -1.2672053763658786,
        0.9396276658431039,
        -0.5677590669321164,
        -0.9602770451093674,
        -0.8213307422911824,
        0.0775821005887263,
        -0.6997611471359665,
        0.06847234617772757,
        0.3396614876820865,
        -0.060540967227407344,
        0.20902843410559482,
        1.14557106228949,
        -1.834827631292743,
        1.3555952531670388,
        1.4715041088467489,
        0.08965796254831553,
        -0.8814231459548961,
        -0.10657970062807968,
        -0.16441110592372113,
        -0.08998608045712492,
        0.131254164056905,
        -0.01618608096314339,
        0.03910176812394338,
        0.5408028528903064,
        0.7607261258915294,
        0.35428640923680865,
        1.2535463217507306,
        0.07007236165539711,
        -0.894479415740383,
        1.4113568746351781,
        1.8598336274004559,
        -0.6791057669993433,
        0.22740785365484228,
        0.009092753403573425,
        -0.7776576736716488,
        1.5999941759021234,
        -1.1567536968826189,
        1.0968552449437408,
        0.6982655672874141,
        0.012942614835311513,
        1.4043209902200102,
        1.4833101351376317,
        0.3881735376348212,
        1.4210764790641661,
        0.5212470077572489,
        0.2583515836046266,
        1.8282192917730646,
        1.1340829690982615,
        -0.5540302639686236,
        -0.9019855474618946,
        -0.09618851487345766,
        0.026500535624632882,
        -0.4651282874132373,
        0.10152834424659075,
        0.10834999165854642,
        0.4627348781062693,
        0.9134433190762147,
        0.43336902758998586,
        0.5166749134297336,
        -1.069784987034664,
        0.37876365545634433,
        0.8312540037343088,
        0.8113210128876817,
        0.5690816890016603,
        -0.3496026506024302,
        -1.0605658072665782,
        -1.0210903041244843,
        0.6811170925118855,
        -1.4675497329946072,
        -0.05733230540120423,
        0.38645350327205913,
        0.5052663767038161,
        0.7269905249691218,
        0.5610787402721541,
        0.4907455214331734,
        0.33535172335435054,
        -0.2872031723849895,
        -0.5055989550506462,
        0.8343574716675485,
        -0.11182141908443766,
        0.17460332903196332,
        0.18722197310943073,
        -0.08958831479931523,
        -0.09613903484265171,
        1.3805156571270258,
        0.20911692827534775,
        -0.3767790582849673,
        -0.4044087603008757,
        -1.5958087445580864,
        -0.4192925607344673,
        0.27583086588510936,
        -0.43504100937957496,
        0.23793684661825376,
        -0.5546996559487996,
        -1.7887639900917935,
        -1.3832715348780886,
        0.007949825113587366,
        1.1258624213805712,
        -1.679347344699022,
        -0.3304491523413763,
        0.5136557979342105,
        0.8063057392877038,
        0.1301699577849333,
        0.9707278906268745,
        -1.1612666332450774,
        -1.1087158737970106,
        0.7269854860258932,
        0.934529984053913,
        -0.7159165120980688,
        1.5494008240443733,
        -0.8935247423461815,
        1.5787157929419462,
        0.34740280518134603,
        -0.05665227247556604,
        -1.4075338537534545,
        0.886617288588238,
        0.4820450440936976,
        -0.2697962647421464,
        1.113603698227256,
        -1.4912822582148202,
        1.1090205406618177,
        1.161877444630839,
        -0.19579474084386378,
        0.5888656735290115,
        -0.5668311886170739,
        0.7599564864306066,
        1.0540688468860462,
        0.36387235421891706,
        -0.8439488062633,
        0.4971199745111851,
        0.6084322000295814,
        0.5056547610848243,
        0.416009548334626,
        1.4016244571190979,
        1.283840861278742,
        -0.928116317877758,
        -0.043119096047665846,
        1.0558083143221948,
        0.10233698114341913,
        1.033698863213153,
        -0.7805768287030427,
