{
    "idx": 708674,
    "fights": [
        {
            "enemy": 5,
            "fitness": 88.09788117912034,
            "player_life": 37.00000000000028,
            "enemy_life": 0,
            "time": 271
        },
        {
            "enemy": 6,
            "fitness": 48.601837298482245,
            "player_life": 0,
            "enemy_life": 40.0,
            "time": 221
        },
        {
            "enemy": 7,
            "fitness": 89.17946500072773,
            "player_life": 46.0000000000003,
            "enemy_life": 0,
            "time": 226
        },
        {
            "enemy": 8,
            "fitness": 86.99788162462296,
            "player_life": 28.000000000000256,
            "enemy_life": 0,
            "time": 331
        }
    ],
    "weights": [
        0.6062702512880178,
        0.9872862925863647,
        1.296800283443254,
        -0.7250563329635551,
        -1.17778992452087,
        0.33417718508307565,
        -1.5508306833880257,
        1.1671377947999186,
        -0.7195167203242688,
        0.859491911095942,
        -0.3402229070871575,
        -0.771971827304724,
        -1.2766040714564844,
        -0.6866939476131699,
        -0.4370236417058051,
        2.8684256578360854,
        2.0678956342052452,
        0.7927919582925151,
        -0.17672592208441448,
        2.3140285481000724,
        -1.18101643486916,
        0.061055061497308244,
        1.2556509652441208,
        0.3025240797548917,
        0.5945745079696501,
        1.5613117353267378,
        -1.2424659534593228,
        0.08489793431181457,
        0.394198568098129,
        0.6267063427797814,
        -0.586547014553656,
        -0.5844063464217601,
        -0.4959513532757077,
        -0.7215094386900245,
        1.1645164792348706,
        0.1975216031185604,
        0.5647172156691027,
        -1.0595050543341638,
        -0.3841510238652397,
        0.4026061675613519,
        -0.43228457503310336,
        -0.43956808452367013,
        0.8338600327256953,
        0.7852120866138286,
        0.07668549009850409,
        -0.7599837644782736,
        1.8698172746258566,
        0.006471722830671059,
        0.5806494239130324,
        0.44891533786656124,
        -0.5083740581691072,
        1.8499738438724471,
        -1.5615826851841914,
        -0.9471636052582277,
        -0.820406302175308,
        1.043570702345311,
        0.6155366610084546,
        -0.6296076720806308,
        -2.037162777060818,
        0.6723458340513763,
        1.2407047344292523,
        -0.8210663395569936,
        -1.0680495118457913,
        0.40161542145550255,
        0.5766373293611857,
        0.8515837583155768,
        -0.4671561755000516,
        1.1994522765133964,
        0.3248732912685531,
        -0.16067367095048277,
        0.5023773386155947,
        -0.4780260966356433,
        0.2105413171236758,
        0.013220636660533094,
        0.12538227134316257,
        -1.5400025665235857,
        -0.2850511713207362,
        -0.22077313475913066,
        0.9554245405840796,
        0.3545970689654358,
        -0.2502750750672682,
        0.3602861566756834,
        0.38829778068879445,
        2.684445348982524,
        -0.25164347044202584,
        -0.8840308162896034,
        -0.6186624332828845,
        1.1199238633910142,
        0.1425647076787632,
        -1.2687425173270395,
        0.16812681152521833,
        -0.8314474589172443,
        -0.005760592555273607,
        -0.8203267019359918,
        1.4562855945305064,
        -0.37679722161021456,
        -0.9558747487363202,
        0.736919943571048,
        1.632133701316196,
        -0.39098019372647985,
        1.3140389427788892,
        -2.002715517958396,
        0.2098628102860898,
        -0.015552055280429744,
        0.12427707811547992,
        0.652858631353365,
        -0.21578543524218866,
        -1.5198207075148256,
        1.079834780588575,
        -1.102977820439193,
        -0.8616778401400649,
        -1.1915094671750375,
        1.1962032771475197,
        -0.14495687565529594,
        -1.0253965965554472,
        -0.4784270831388198,
        0.10305961920474759,
        -0.7671833446595505,
        0.036279283339422576,
        0.4588531280989216,
        0.07639569709722449,
        0.2512388761276686,
        0.6553723756847355,
        -0.8390380639458661,
        1.3963994818308887,
        1.931440701428441,
        0.38599979944599583,
        -1.2921558519218055,
        -0.73432759797931,
        0.047347571951219775,
        -0.4321271313096321,
        0.4242394245201012,
        -0.26497868577824213,
        0.7851504963355007,
        0.3675191522496851,
        1.0536181629684345,
        0.5579091718061103,
        1.5943985650048405,
        -0.138880993219718,
        -0.9990973364088676,
        0.6188416116554004,
        2.0640974033883888,
        -1.2805629036609592,
        0.2063362829622989,
        -0.1088998285976342,
        -0.7600647518647882,
        2.044399670567036,
        -1.1852981269494915,
        0.8143879087621229,
        -0.6656069718422175,
        -0.0047002962615924,
        1.3135700497133769,
        1.5509688803634163,
        0.5165790048114135,
        1.8313972066379494,
        1.0155571136484554,
        -0.20932327997799965,
        1.788192397949204,
        1.1521836553476812,
        -0.9063306168588621,
        -0.661354730276458,
        -0.5398431685189297,
        -0.15831033941563866,
        -0.2172853197226268,
        0.14641583813519782,
        0.35734592761025297,
        -0.030913734585779503,
        0.5283919198780849,
        0.6940458179135449,
        0.46992677534051375,
        -0.5030422393142294,
        -0.09074440675854986,
        0.5165439555409813,
        0.592365731955439,
        0.5875199379100743,
        0.20412612208506137,
        -0.2078578632036113,
        -0.7447239079363946,
        0.5827056275847616,
        0.09068207499576027,
        -0.44957049142537103,
        0.9196339978636621,
        -0.3813188109293137,
        0.7140330122699555,
        0.207333074840927,
        0.826943414404584,
        0.7755403415136091,
        -0.47322248992715743,
        0.03862051217283287,
        0.5246451200727071,
        0.16039907693908428,
        -0.4042514976933435,
        0.49407390340401963,
        -0.5644545295694181,
        -0.5279815248719131,
        1.9465981196799695,
        0.39080562888012,
        -0.47827301386680576,
        -0.6011752915001563,
        -1.7438320502341733,
        -0.5301856727776156,
        -0.8113915854677459,
        0.05313451312866266,
        0.04268700250490437,
        -0.13966104605283758,
        -1.2336869797875356,
        -1.16424918604277,
        0.8171813762685889,
        0.3296105536157934,
        -1.7264140623758482,
        -0.36928610228366177,
        0.21841026804021954,
        1.0241551699207743,
        -0.5578786937856529,
        0.9123676115854775,
        -1.0495253928368564,
        -1.0417131956936034,
        -0.03545417649327308,
        1.0508045199264495,
        0.29174388342230184,
        1.2185381787932734,
        -1.6001221685451357,
        1.3172016775863882,
        0.17536652464028396,
        0.06360857392455392,
        -0.9968959732215676,
        0.824585072936363,
        -0.4723125713190371,
        0.12821943702820418,
        0.9860464754472725,
        -1.295187008040641,
        1.4561694314470544,
        2.053728565981489,
        -0.08023937331926864,
        0.12563397482341193,
        -0.8325125732732391,
        0.7183219178067852,
        1.3885189189713332,
        0.6199653892417952,
        -0.8072278685912938,
        0.906905325906102,
        -0.04703583174590292,
        0.541038512817221,
        0.7613349751493985,
        0.5230143183843265,
        0.13381434725211275,
        -1.0700262826104034,
        0.0696651291714088,
        0.45958011031004814,
        0.24521777691152435,
        0.6856945371776695,
        -0.8286739605883642,
