{
    "idx": 704659,
    "fights": [
        {
            "enemy": 5,
            "fitness": 90.92353644806852,
            "player_life": 64.00000000000034,
            "enemy_life": 0,
            "time": 239
        },
        {
            "enemy": 6,
            "fitness": 84.8681175227165,
            "player_life": 7.000000000000233,
            "enemy_life": 0,
            "time": 341
        },
        {
            "enemy": 7,
            "fitness": 66.31642023266132,
            "player_life": 0,
            "enemy_life": 20.0,
            "time": 294
        },
        {
            "enemy": 8,
            "fitness": 88.17288973525115,
            "player_life": 38.80000000000028,
            "enemy_life": 0,
            "time": 301
        }
    ],
    "weights": [
        0.36522385741222985,
        0.79555064602865,
        0.5889860264464026,
        0.011665609124175573,
        -0.8946258292253458,
        0.5384072981612754,
        -0.683399783268538,
        0.7465271842973318,
        -0.04069380825780567,
        0.748477047573948,
        -1.012240003385355,
        0.7551017154826225,
        -0.8558262263346491,
        -0.7667704497061028,
        0.16201177492143207,
        1.7022909206493797,
        -0.19756944357948733,
        1.5926001270854007,
        0.4971815236667735,
        0.813692272058672,
        -0.8365971956776891,
        -0.057522799097489356,
        1.8410958248832654,
        0.47897284431854154,
        0.292087089642132,
        1.1065660142898814,
        -0.900660977938725,
        -0.4755791979933244,
        0.28331837332633836,
        0.1019998859136234,
        -0.5650419581671703,
        -0.9551472489648015,
        -1.3304908062871132,
        0.3789177303907139,
        1.6985585950491566,
        -0.6496548529436613,
        0.9406674531008007,
        -0.7743587021506171,
        0.46082526994941186,
        0.33038232206406254,
        -0.9423353313475413,
        -0.882671486394439,
        0.7216539438570003,
        0.6629288178121585,
        0.031762653575132895,
        -0.7983961069514556,
        0.812108035764222,
        -0.887062316235131,
        0.6352409656322034,
        1.2690471854188397,
        -0.39464624883357863,
        1.3626039860532948,
        -1.3904767234657658,
        -0.048814892415959654,
        -0.07502477255450543,
        1.3751645524518223,
        0.7169819054370031,
        0.662631949225333,
        -1.0145020371335263,
        0.52848158694072,
        1.0164424320053245,
        -1.5759668416592447,
        -1.0258991788969587,
        0.6821839880282867,
        0.3426399057276346,
        0.3415125236044716,
        -0.5054915461954295,
        2.7335744629889733,
        -0.1281248132282022,
        0.2842121598434994,
        1.6815400878667808,
        -0.15533907957402426,
        -0.602243411312716,
        0.9252178322555202,
        -0.5562577728798902,
        -1.1252224911244453,
        0.45048916546388074,
        0.011692487052321787,
        1.5225893765911092,
        1.0370624421677197,
        0.9557700392587998,
        0.3397523194283316,
        0.5431572932535451,
        0.25983702273610615,
        -0.5560993854224588,
        -0.12455598487691251,
        -0.7008345974813286,
        0.5893160346692852,
        0.5169392040459955,
        -0.9960208810181734,
        -0.48300687794321007,
        -0.5411715292915609,
        -1.1199496224916223,
        -0.5155662610208533,
        0.8383190496152277,
        -0.5301946449291529,
        -0.46719811827874164,
        -0.7213160674617549,
        2.544920818888946,
        -0.9246473345760025,
        0.5977524614949149,
        -1.197790535482108,
        -0.24707811392201098,
        0.08200505992382613,
        0.03982053350365036,
        -0.35957730954382305,
        -0.07822762979017775,
        -1.5871122878161492,
        1.0858221539580886,
        -0.43468730700593955,
        -0.8820900702265889,
        -0.24279234785321235,
        1.0841643103711887,
        0.5606266083177496,
        -1.1079947867583315,
        0.05987373167844206,
        0.4988854250514645,
        -0.9767448512379686,
        0.203788382984273,
        0.5283554633125139,
        0.48334255520490504,
        1.3213195780098042,
        0.2814259517564203,
        0.005025118025240988,
        1.939270847971462,
        0.5625792474737672,
        -0.359950067803458,
        -0.8907222067005675,
        0.5230763133884507,
        -0.1018273985864402,
        -0.08496547020125995,
        0.1170312663991468,
        0.12194757313338078,
        0.15927988840346857,
        0.42260853765090495,
        0.6948072783733391,
        -0.19410827435603212,
        1.332367009085074,
        -0.4543009308465316,
        0.16400965701956302,
        0.7202961717333571,
        1.2215021358021023,
        -0.5325644221921301,
        0.9526309461429991,
        0.5671977940161365,
        -1.21976522577135,
        1.3080795681311863,
        -0.05517914171019257,
        1.3191125358286595,
        0.013396649580959555,
        -1.3048785977881983,
        1.4922503458041927,
        1.0724393361982907,
        -0.46225731604893894,
        1.174790248127184,
        0.23895681393761267,
        0.6759125502879569,
        0.7369828308606835,
        -0.21542907040784773,
        -0.6186645124877592,
        -0.8211834010426949,
        0.5373265763628384,
        -0.1701900801153119,
        -0.9799854942967106,
        -1.1875999569992928,
        -0.05232242121468242,
        0.8384155580982553,
        0.4088084847443231,
        0.5458204846223608,
        -0.3721080012625494,
        0.11763612716971941,
        0.2055832408520885,
        0.5086114559529153,
        0.18716647173419004,
        0.32435081047366315,
        0.10569450728841384,
        -0.025446353222618703,
        0.156642182418542,
        0.2963039675753372,
        -0.6864549053989569,
        0.41313428814666214,
        -0.6033176108448864,
        0.09417679500737919,
        -0.08408514266707943,
        0.12595631527603887,
        0.6323675430249094,
        0.29162361604734244,
        -0.24146994301312052,
        0.42439441028501257,
        0.02241795377456897,
        0.6801083154625784,
        0.22280247406837167,
        0.22174495242473427,
        0.04135482192914655,
        0.23598918027677385,
        1.2044575852761576,
        -0.14409187259466255,
        -0.31956335210058917,
        -0.48065443518824297,
        -1.21349901325326,
        -0.5039376287464327,
        -0.8398118740115378,
        -0.44230620339714705,
        1.032876144477439,
        0.6904567858725994,
        -0.5535025945899782,
        -0.6416319533300799,
        -0.36430675606459395,
        0.7892677351952727,
        -0.6840725057605386,
        -0.3424348934126674,
        0.24750120480827645,
        0.5872602404098872,
        0.6879278108851294,
        1.3883176697697057,
        -0.7689635760530067,
        -0.7569437205124607,
        1.0313025311140778,
        0.35800600216270023,
        0.18967083059096032,
        1.173899599700434,
        -0.405291163257371,
        0.8907140907395182,
        -0.3843701391611442,
        0.5199866878991054,
        -0.9530649064033919,
        0.7614420706230535,
        -0.7143481721648121,
        -0.15363993254953906,
        1.0813539383579456,
        -1.7576130930060376,
        0.40819576676562264,
        2.014909742595013,
        -0.04148129201046771,
        0.34542639072038317,
        -0.9084845365495212,
        1.2087761835297606,
        0.6249413406022654,
        -0.3201566436017981,
        0.1485102792730288,
        0.8703631132952674,
        -0.7784073578749692,
        0.5163985802105293,
        0.8764393560075646,
        1.5890164360811883,
        0.7200749406697061,
        -0.6600092597172414,
        0.057789241513916845,
        0.07485356765048763,
        2.300095153745959,
        0.5426919453868554,
