{
    "idx": 703796,
    "fights": [
        {
            "enemy": 5,
            "fitness": 92.16704314910982,
            "player_life": 73.60000000000025,
            "enemy_life": 0,
            "time": 180
        },
        {
            "enemy": 6,
            "fitness": 84.94254710353532,
            "player_life": 4.600000000000234,
            "enemy_life": 0,
            "time": 249
        },
        {
            "enemy": 7,
            "fitness": 66.63870783429057,
            "player_life": 0,
            "enemy_life": 20.0,
            "time": 213
        },
        {
            "enemy": 8,
            "fitness": 86.33574420258549,
            "player_life": 22.600000000000243,
            "enemy_life": 0,
            "time": 374
        }
    ],
    "weights": [
        0.5959563739122403,
        0.8855756493324809,
        1.2644473046535303,
        -0.7548949990519144,
        -1.0915967763367187,
        -0.022140939814637,
        -1.6152705880464342,
        1.0521550230622554,
        -0.7525375331861857,
        1.5023084925076666,
        0.37590006093197387,
        -0.8102305733137249,
        -1.0814404748281086,
        -0.30413582116524435,
        -0.7510281951537416,
        2.6761464193926052,
        1.4316704242577907,
        1.4119625734885655,
        0.5220056627515508,
        2.3985033074283697,
        -1.8071488600814374,
        0.3687705580977384,
        1.5193337717186453,
        1.5241473029166228,
        0.9203560812847487,
        1.9631942191577147,
        -1.6617333120944053,
        0.12490991055775337,
        0.928417908207607,
        1.6668272947212373,
        -1.1436273703200928,
        -0.3610547792350135,
        -0.39389144177723634,
        -0.8626574520963367,
        0.7078798955054334,
        0.28011126356975885,
        0.6084613901915555,
        -0.594007480630455,
        0.054506731865369557,
        -0.015230420337339477,
        -0.15495896648978041,
        -0.8374433121162151,
        0.6655196405203262,
        0.748232125894422,
        0.054103831934478194,
        -0.8756550175341612,
        1.265256675003568,
        -0.11310534959889046,
        0.3216583227277355,
        0.7548274016067746,
        -0.8033222004149398,
        1.572837173769205,
        -1.1927713560861595,
        -1.0068170734998676,
        -0.6294529479455614,
        1.3742585551007256,
        0.4965819408631495,
        -0.12211770755593347,
        -2.193551408200083,
        0.09340716589132364,
        1.035853884463041,
        -0.9496641651206545,
        -0.6055985494016114,
        0.11007677685767855,
        0.9429681404037799,
        0.8663523955943602,
        -1.0280678896814062,
        1.7700826890618053,
        -0.6112127141261074,
        -0.20392150456553,
        0.9450286984895871,
        -1.0479566933645683,
        0.3387864380457089,
        0.44029598571639816,
        -0.2200913095274701,
        -1.255950332794468,
        -0.5448746500408486,
        0.168503790099561,
        0.6596912738872027,
        -0.17493368283288613,
        0.8447083164666601,
        -0.027303560378765565,
        0.7924203437182292,
        2.918041417153853,
        -0.32451289161164343,
        -0.45568515742078275,
        -0.24678116124779614,
        0.9982538630348511,
        0.5301167874492632,
        -1.788725283436687,
        -0.54025563156223,
        -0.333953642682908,
        -0.30372884705035585,
        -0.7500729614500814,
        0.7998105800987596,
        -0.7568216807322969,
        -0.8272527844904657,
        0.3563950891958068,
        2.288099280889167,
        -0.9722486520867353,
        -0.2789033161044144,
        -1.4605410078835344,
        0.599709922813654,
        -0.2549029840074773,
        -0.08917426430681488,
        0.7936867581224218,
        -0.20550253204702876,
        -0.908289878616136,
        1.4932975004081386,
        -0.41060659344907363,
        0.17419659218647734,
        -0.8072027553229733,
        0.8781786407629281,
        0.24038712120083577,
        -0.9044791267242451,
        -0.3754728604305017,
        -0.12064535432697274,
        -0.5488135532445028,
        -0.07315102078231084,
        0.6809721075070535,
        0.18312133322304308,
        0.03670165512789558,
        0.9694271970121825,
        -2.6456417173684574,
        0.8329138484062888,
        2.5128912716135994,
        0.6861876990151989,
        -1.3290972432881751,
        -0.028392923841805293,
        0.38709716833983654,
        -0.8913953378693257,
        -0.9275221230305355,
        0.7128555537145254,
        0.313301975693974,
        0.41949600292986744,
        0.7240780257914486,
        0.19579609328165914,
        1.924426358989684,
        0.5619734048736716,
        -0.9274089293486435,
        1.459259412780642,
        1.8131651812730691,
        -1.0557754027207416,
        0.08289945531083706,
        0.6755328168835885,
        -0.6804221839476906,
        0.8361218213321157,
        -1.4376507347000838,
        1.4170129709760717,
        0.296623718638222,
        -0.27350577922590225,
        1.4229273229594601,
        1.5356165821365324,
        0.34513109085392946,
        1.2524731872933457,
        1.1763806298804216,
        -0.08281668265989328,
        1.6150481639612215,
        0.9504643004109367,
        -0.5671551428498687,
        -1.0851529564089621,
        1.0346108987171692,
        -0.22582135623875343,
        -0.2733692995550302,
        0.5742602717994576,
        0.17589289726690083,
        0.10694256969287823,
        1.1472016462176167,
        0.33052135135004984,
        0.2972806867143483,
        -1.893630919105485,
        0.44719904046158365,
        0.7292990621128941,
        0.2536748164839062,
        0.7067710788046548,
        -0.841094971559017,
        -0.7893674520674159,
        -0.5394526273467937,
        -0.01959930754104657,
        -1.4640772720818787,
        0.32711197579676443,
        0.3520227608732207,
        -0.29451480039443595,
        0.4559718543107286,
        0.2923498177151151,
        0.7423256543330052,
        0.802833312611515,
        -0.39471359042583526,
        -0.15725275201631272,
        0.7322960241658181,
        0.4474416374303945,
        -0.1083056978067779,
        -0.22657303322075092,
        -0.40203693163956267,
        -0.18741747626681493,
        0.3967202631888701,
        0.3082857396822224,
        -0.46672137272813163,
        -0.8692784377967309,
        -1.7444220193308533,
        -1.0811344928201974,
        0.0395081000955059,
        -0.21581106509618725,
        1.934215483264372,
        -0.7404191652685241,
        -1.126918921954535,
        -0.9609863486748483,
        0.338204402579963,
        0.8639509547688778,
        -1.557063638079933,
        -0.2822081634448045,
        0.3435855011789528,
        0.6027671510923078,
        0.3084789121457147,
        1.1771746683933935,
        -0.8750419895843351,
        -1.2910951303191083,
        -0.07532987183247915,
        1.0141486607527337,
        -0.8949933172670244,
        1.1258962298504396,
        -1.147803863542789,
        0.765840935985055,
        0.5708352396799227,
        0.5955288789338998,
        -1.3834088168671121,
        1.1720161937558609,
        -1.0665546817760945,
        0.20089121440959043,
        1.7854782051831377,
        -1.7891021492429373,
        1.152356104775974,
        1.3120844358354615,
        0.05318298701403615,
        0.6031012350353685,
        -0.38385602395995033,
        0.7399353427787144,
        1.720229066851059,
        0.40973396371485454,
        -0.8694659987666357,
        0.5085759574771342,
        0.19578713188461247,
        0.6580408215031663,
        1.0459059483472029,
        1.0082069523769315,
        0.5443981712368198,
        -1.0934988909832652,
        1.0113051750430777,
        0.8765656559655002,
        0.021075821213836502,
        0.8244822111868888,
        -0.9759721072057403,
