{
    "idx": 714018,
    "fights": [
        {
            "enemy": 5,
            "fitness": 90.61936107665805,
            "player_life": 61.000000000000334,
            "enemy_life": 0,
            "time": 240
        },
        {
            "enemy": 6,
            "fitness": 66.77964417492167,
            "player_life": 0,
            "enemy_life": 20.0,
            "time": 185
        },
        {
            "enemy": 7,
            "fitness": 88.87504998251862,
            "player_life": 43.00000000000029,
            "enemy_life": 0,
            "time": 227
        },
        {
            "enemy": 8,
            "fitness": 88.86324619773175,
            "player_life": 45.4000000000003,
            "enemy_life": 0,
            "time": 292
        }
    ],
    "weights": [
        1.1033805249632338,
        0.46532052041336974,
        1.3834891392758033,
        -0.3739179073227231,
        -1.559899793282585,
        0.6248851431669759,
        -1.0943366159094825,
        1.3094248627065703,
        -0.6440018535580441,
        1.1361588311748563,
        -0.2055496660936167,
        -0.6308071469999619,
        -0.5543567331054537,
        -0.657725892916678,
        0.05473388570156385,
        2.6747346979974207,
        1.9574158256336216,
        2.1353587479061225,
        0.8849206546615701,
        1.9135400816022192,
        -1.2017429079088755,
        -0.05223165096291765,
        0.887473495938315,
        2.48273554518301,
        0.6182778553116206,
        2.2400298457477,
        -1.934917155051078,
        0.07207829373280303,
        0.47968983777721,
        -0.8651360793177596,
        0.09136585715291709,
        -0.6794203263676788,
        0.0003643627583196016,
        -1.693067359272325,
        0.7946376257006341,
        -0.7230784845158529,
        0.17583143285620845,
        -1.5651867858642516,
        -0.13244141462804251,
        0.46265952672362065,
        -0.5873707450284676,
        -0.5779479327370954,
        0.03909070386399402,
        0.9833544140636804,
        0.05157042330614229,
        -0.5565211755630982,
        0.9943953730145878,
        -0.22738176062521498,
        0.21389179935640973,
        1.0017700869898278,
        -0.6340816745025689,
        1.2661484081065912,
        -1.7988053464996279,
        -1.0297280427192768,
        -0.8388211870915657,
        1.841161945381128,
        0.3672789896724732,
        0.062386870886039975,
        -2.294718240898816,
        1.2132251182502387,
        1.1806193373973592,
        -0.9046847885829532,
        -0.8028832603698512,
        0.47771926505008416,
        0.09180708911061519,
        0.4755525306345643,
        -1.1688155777802514,
        1.0812202108121518,
        0.2829584929668247,
        -0.4579783413333582,
        0.503476245664612,
        -0.9337275818312203,
        -0.8997798592495484,
        0.6299778419971928,
        0.07119423461798835,
        -1.220517228081922,
        -0.1271324099331959,
        0.02575566276577075,
        1.3337987580988144,
        1.3734130701961857,
        0.9705249658364571,
        0.1444324694370864,
        0.1513497775808734,
        2.7283401435044357,
        0.11448780710441596,
        -0.4580204688722988,
        -0.27766125623745463,
        1.0960628440584401,
        0.7916191872441817,
        -1.0694130367137933,
        -0.8028189410743893,
        -0.11102750239805394,
        0.12157719631892142,
        -0.9433433099969344,
        0.9623434117364867,
        0.3264307424131356,
        -1.1962287979693726,
        0.708973208811565,
        2.0854773453513284,
        -0.6732041627237291,
        1.1459123028947888,
        -0.7434349357566881,
        0.15311607569938168,
        -0.5552364739890256,
        0.2950916778037068,
        1.0816881811857024,
        0.2735125975441681,
        -1.2239676974495766,
        0.5897443206725621,
        -0.4466969825695259,
        -0.8135267701206044,
        0.2423283720252677,
        1.3957093680141568,
        0.050936742369548614,
        -1.1373047482058456,
        -0.3373651035735693,
        -0.3102533484275608,
        -0.6652555187043991,
        0.20177389876159263,
        0.3110041581803035,
        0.023839282623514285,
        0.7306818602894256,
        0.8368923641154498,
        -0.37362212429897756,
        1.3755301692209978,
        3.32534563037234,
        0.568167386524867,
        -0.8850836846818857,
        -0.0014562876475243125,
        -0.2859033739359531,
        -0.25967216955844985,
        1.142007152972157,
        -0.3311590238077019,
        0.07788036483089979,
        0.32327320454144515,
        0.5591758903945605,
        0.48938995996641277,
        2.3383504483273176,
        0.19366839248942197,
        -0.3356643534228049,
        1.3047720532166962,
        2.0477648007051634,
        -0.6479361924481359,
        0.9443341488619736,
        -0.15690702356894876,
        -1.1338406659100886,
        1.1468545120679163,
        -1.375206343754318,
        1.4102117359663642,
        0.6653291615908004,
        -0.2044656130900617,
        1.3764803374867873,
        1.075625447681441,
        0.7913663070019826,
        1.5383955955143664,
        0.7207001462766424,
        -0.13833939438287685,
        1.685024650830369,
        1.6461148178224276,
        -0.19876299169956885,
        -1.0583518223857544,
        0.4532593205453204,
        0.5308336647559032,
        -0.1992553880191599,
        -0.23152985263664105,
        0.08386345513913396,
        0.43295660784894097,
        0.1167798053378095,
        0.7507296266582424,
        0.6745701027363112,
        -1.045856146675201,
        0.39280848801271345,
        0.9999643577314136,
        -0.23619292099526337,
        0.14629680335765016,
        -0.7747216474101174,
        -1.0049329605910873,
        -0.7641317707159497,
        0.3806192857953865,
        -1.134456206509759,
        0.03730489371105719,
        0.39266898753594326,
        0.9024291830713488,
        0.299593048639297,
        0.21495081892787568,
        0.8734347914635384,
        0.7289433601357578,
        -0.3470665795074301,
        0.381307430711932,
        1.1266968314988246,
        -0.6333059000261784,
        0.26305384140987403,
        -0.8527192307588125,
        -0.8394930897518491,
        -0.35822354834226755,
        1.2671988025846306,
        0.6323284594281005,
        -0.6921130049884858,
        -0.6156294313369849,
        -1.6669873306260523,
        -0.6197949686396401,
        -0.05329292241675394,
        -0.19555595958228192,
        1.2475414069075585,
        -0.5704651200834032,
        -1.5373742151575407,
        -0.8611038702930699,
        -0.15709044938807645,
        0.8943932144678923,
        -2.0366733092618636,
        -0.458767636289163,
        0.8214365679416534,
        0.7486898417049981,
        -0.026156305797245177,
        0.8221184592547975,
        -0.9106270224345165,
        -1.16020213377063,
        -0.291880030786231,
        1.3782441307056514,
        -0.8045110334289111,
        1.6456982678258334,
        -1.6074390399567116,
        1.5966471984593855,
        1.638704865777284,
        0.19956139471219803,
        -2.0557101405297407,
        0.2597935339458563,
        -1.306796743538214,
        -0.3860484254347851,
        1.0375756698796237,
        -1.276032834026769,
        1.713850881413874,
        1.525166390443423,
        -0.28039560693740584,
        0.586081167149919,
        -0.3931555910409862,
        0.6531502607158532,
        1.390373383306221,
        -0.020703645804117696,
        -0.740976767981317,
        0.6012444977844209,
        -0.10252557867333273,
        0.43197466242190186,
        0.46307107169722694,
        0.9620897133961215,
        1.3138314847537382,
        -1.1599827881062157,
        0.9497201984665506,
        1.3982626855866465,
        1.7193148146424955,
        0.8489594268395552,
        -0.5644244846635198,
