{
    "idx": 714016,
    "fights": [
        {
            "enemy": 5,
            "fitness": 86.86586946817495,
            "player_life": 26.800000000000253,
            "enemy_life": 0,
            "time": 335
        },
        {
            "enemy": 6,
            "fitness": 66.60183729848225,
            "player_life": 0,
            "enemy_life": 20.0,
            "time": 221
        },
        {
            "enemy": 7,
            "fitness": 89.35946500072774,
            "player_life": 47.8000000000003,
            "enemy_life": 0,
            "time": 226
        },
        {
            "enemy": 8,
            "fitness": 89.9666105112725,
            "player_life": 55.00000000000032,
            "enemy_life": 0,
            "time": 253
        }
    ],
    "weights": [
        1.3508938888114574,
        0.6895364461285715,
        1.4327062014363632,
        -0.5474613919117549,
        -1.5501606867127922,
        0.27010298543954364,
        -1.2307772651809983,
        1.7251572161203277,
        -0.9032654669751702,
        1.2418381668700185,
        -0.2396063995420888,
        -1.0576369499858358,
        -0.9224950786907313,
        -0.7420775314570744,
        -0.569437833506395,
        2.83929922811788,
        1.9428787737877788,
        2.6055742724889353,
        0.6618112860170051,
        2.028835087570965,
        -1.299525897913924,
        0.014077866758313778,
        0.8376531912846169,
        2.630000352335042,
        0.19349417721682266,
        1.9619792322304481,
        -1.490850018636747,
        0.06354211995419934,
        0.28736028524547264,
        0.2871125698114105,
        -0.19627725541781904,
        -0.6541991547548112,
        0.05120719223197294,
        -1.1216931105544474,
        0.7379325747889975,
        -0.3753925382844236,
        0.6615216804515369,
        -0.9548764972064908,
        0.059424923089696775,
        0.6223099605609232,
        -0.4903343882453847,
        -0.3232554803666362,
        0.05025899120159996,
        0.9771065983632623,
        0.11303900703862091,
        -0.3623394649126265,
        1.066206425974455,
        -0.12965615616961054,
        0.1689099824800465,
        1.4562658036504972,
        -0.4476471913502275,
        1.5955706490953143,
        -0.8152092342782472,
        -0.788446463441102,
        -0.9784526037999264,
        1.5572945658750084,
        0.4770614891622194,
        0.2738323957955842,
        -1.808130263439367,
        1.1778818814037995,
        1.0695474969399323,
        -0.6869899681350697,
        -1.085725950983395,
        0.8255831428795001,
        0.09170596998340688,
        0.6584926008332901,
        -1.505397622219617,
        0.8915646240536599,
        0.5102697504466998,
        0.7984803071870006,
        0.46171141090970136,
        -0.8920208346067403,
        -0.895665078956116,
        0.37592163770629994,
        0.14791702655852076,
        -1.2189811777414998,
        0.04120422148785745,
        0.3731969381834529,
        1.354991188036638,
        1.124501651184599,
        0.4722199209582083,
        0.36461779228829594,
        0.33396344911493253,
        2.9392482284324006,
        -0.1785482857347985,
        -0.6007483561138915,
        -0.18880657978952478,
        0.8474940993659081,
        0.7108803178657548,
        -1.207598349689186,
        -0.0993544088447284,
        -0.48571338016045107,
        -0.25531657482905656,
        -0.7905550740495806,
        0.32548693797552397,
        -0.7975514631730475,
        -1.244050878054747,
        0.36501689664176057,
        1.7430518636248842,
        -0.6441606891730527,
        1.1484572383126679,
        -0.5401221183514083,
        -0.029829094754136018,
        -0.40678487554057996,
        0.6504280289582685,
        0.7018341327200327,
        0.1307301896006906,
        -1.314031823243438,
        0.5634090687652196,
        -0.7326327161896988,
        -1.0914509002636839,
        -1.3206686400386727,
        1.0931001754316987,
        0.46255558852499096,
        -1.0459017547887886,
        -0.009567211249431662,
        -0.2789321976070412,
        -0.3102003395980882,
        0.08701795004509782,
        -0.0939456975578674,
        0.3824264063833315,
        0.7783550485402536,
        0.9086927630978311,
        -0.3457096597265724,
        1.4125133779391712,
        3.3246256143883053,
        1.2244010253812971,
        -0.9819227687031626,
        -0.06123922875170037,
        -0.41317058967915204,
        -0.7441516040733627,
        1.102738947455532,
        -0.3324623801580204,
        0.3474242764251054,
        0.0023253847537426098,
        0.724306311385029,
        0.39886065148301314,
        2.30271867659781,
        -0.22208251135604665,
        -0.5743481392678103,
        1.323799821954782,
        2.1357330506622896,
        -0.6990975663392058,
        0.9434359100173191,
        0.30260980464365334,
        -1.2644650358637342,
        1.2584540867276737,
        -1.4035451230138123,
        0.8804890157307662,
        0.5456961223067217,
        0.061791090615465075,
        1.2195518725727676,
        1.2132863812794576,
        -0.031159533572166137,
        1.4523279067892454,
        0.7150201388745527,
        -0.32689321379937186,
        2.0439008569010326,
        1.6398286275897374,
        -0.5260344102969486,
        -0.8613088024814327,
        0.34598930567826464,
        0.4507148979330498,
        -0.37563212049088834,
        -0.36776930515591555,
        0.4928363879278376,
        0.4297570687195385,
        0.748936938250802,
        0.6545625628076152,
        0.3360619671229957,
        -1.1836424236228633,
        0.13741526841859245,
        0.9155098447322977,
        -0.21857884068612954,
        0.019114325987671793,
        -0.9643669353187535,
        -1.177316576662698,
        -0.5049738070303438,
        0.06286913438615489,
        -1.3849756437388439,
        -0.29152511764642774,
        0.16070495672408266,
        -0.1201910991536185,
        0.4366570600720547,
        0.07904690077863594,
        0.823816296652047,
        1.0313110630331193,
        -0.8743415962867388,
        0.13212248101220914,
        1.2546944131078916,
        -0.5341173494118183,
        -0.09314944380606632,
        -0.6445320006464383,
        -0.7434017618510144,
        -0.2842370884918954,
        0.9771914369139019,
        0.49766594697193645,
        -0.26409252869341676,
        -0.4973923580347066,
        -1.6212230662634144,
        -0.4496501650251028,
        0.3043989531664486,
        -1.0414064281157882,
        1.154716772923407,
        -0.6781168280380319,
        -1.2368688705790305,
        -1.7144961923870063,
        0.0901009995468977,
        0.49953892599801125,
        -2.2777259170403603,
        -0.21582148907366122,
        0.5591222192259886,
        0.6417998090377,
        0.0881175409647073,
        0.9472306899242069,
        -1.1224619842804253,
        -1.2969546753980221,
        -0.017831586980821924,
        0.8214035493327269,
        -0.948396005683103,
        0.7552435187882411,
        -1.3285188273705357,
        1.0914787794627994,
        1.4421413742720819,
        0.3659593783055517,
        -2.047974073294432,
        0.35931428865514004,
        -1.4158392673324816,
        -0.3151968510816752,
        1.1061722631658755,
        -0.7471026327610543,
        1.6451989020491111,
        1.1817916148167686,
        0.23838128749499934,
        0.4188365600383077,
        0.23745170979416663,
        0.5777385098211815,
        1.6220439790043613,
        0.39220440942797674,
        -0.734851197518333,
        1.108922839946047,
        0.14565008724247333,
        0.515625759682586,
        0.1671987756785151,
        0.9738885679111483,
        0.5110993217086877,
        -1.0547509535781283,
        0.8664493689042339,
        1.5576693237818129,
        1.8790581909902888,
        0.7405182598882444,
        -0.670623045804568,
