{
    "idx": 700671,
    "fights": [
        {
            "enemy": 5,
            "fitness": 90.41982739098297,
            "player_life": 61.000000000000334,
            "enemy_life": 0,
            "time": 293
        },
        {
            "enemy": 6,
            "fitness": 39.482547103535296,
            "player_life": 0,
            "enemy_life": 50.0,
            "time": 249
        },
        {
            "enemy": 7,
            "fitness": 90.57679627126204,
            "player_life": 58.60000000000033,
            "enemy_life": 0,
            "time": 197
        },
        {
            "enemy": 8,
            "fitness": 89.16324619773175,
            "player_life": 48.400000000000304,
            "enemy_life": 0,
            "time": 292
        }
    ],
    "weights": [
        0.28083186376638475,
        0.1314238451187897,
        0.7140410453865105,
        -0.6187664135772986,
        -0.4982916338240915,
        1.2978145083311108,
        -0.6675483667992045,
        0.5967730411188839,
        -1.0125862985365524,
        0.4840555760094904,
        -0.35719889648809133,
        0.6735171740938152,
        -0.591263905651642,
        -0.7066651761631614,
        -1.1012162618405301,
        1.4289771418739505,
        -0.46074252736300425,
        1.3808592483849809,
        -0.15641428433568155,
        0.2986455455969739,
        -1.0141936459110648,
        -0.024793173464949587,
        1.9479765771158397,
        0.48879599108616323,
        0.06717485722391536,
        1.178788464212036,
        -0.7327754315249662,
        -0.19372553656307911,
        0.3119720308601731,
        0.8318012909402078,
        -0.4764629439070056,
        -0.4243524581723653,
        -1.4677029594122049,
        0.5058934906624353,
        0.4320454639467464,
        -0.024563220739380803,
        0.3801875656035377,
        -0.45452926684969713,
        0.16691054956434978,
        0.477443935134629,
        -0.13457908774101282,
        -1.0087430569069706,
        1.109797073224286,
        0.37879901212219824,
        -0.3441260024240096,
        -0.7949136214281708,
        0.7374348381048359,
        0.4851267096384849,
        0.4862469585948764,
        0.3822794971237841,
        0.5248547848182945,
        1.0740190299152756,
        -1.3511015882497333,
        -0.8574554381117685,
        0.17383432562276716,
        1.8384215880805157,
        -0.007003310692370576,
        0.345447188470642,
        -1.3971800680510968,
        0.27309403766829576,
        0.9215422580552298,
        -0.9664503332123406,
        -1.084851443773661,
        0.3890693061776054,
        0.821767010858244,
        0.19354040109477416,
        -0.3343605836423025,
        1.0053101092620167,
        -0.5097115894887435,
        -0.21458406512685646,
        1.4152067760568836,
        -0.4661883687306011,
        -0.6129397946606825,
        0.47535362548595644,
        0.315544263870876,
        -2.0560032053016526,
        0.8736444690487644,
        -0.877006523838486,
        1.0551636697299625,
        0.39940472645223124,
        -0.30127673978011954,
        -0.2860571967576937,
        -0.024522609824781078,
        0.2500656549764765,
        0.0067180887296358245,
        -0.93384295069116,
        -0.360856139499491,
        1.3415734378717676,
        -0.47154135917482654,
        -0.46100740125996276,
        -0.19805624260226412,
        -0.7708774292281342,
        -0.1458814743324073,
        -0.013420077123135324,
        0.7558143213535454,
        -0.9003604030223652,
        0.11257276580292946,
        -0.3189956082849655,
        1.971992430436513,
        -0.991052038373621,
        1.3973104288210882,
        -1.3892036441862097,
        -0.5964141988210302,
        -0.31730168803703457,
        0.13977067024934786,
        0.3288635443661703,
        0.7788770813726305,
        -1.4826661969558366,
        1.2296816197707783,
        -0.26224987220937385,
        -1.4822406930833063,
        -0.029826349273554556,
        1.415320026423592,
        -0.0834146985527258,
        -1.3564649625004312,
        0.29620106536281987,
        -0.59876116141162,
        -0.1528065779684003,
        0.16506770368366136,
        0.6140775767080615,
        0.4941343634178506,
        1.1967263455258643,
        0.7225552525236363,
        -0.16698009093758218,
        1.9639626232117575,
        1.496396274028247,
        0.14237592513974565,
        -1.042648432297202,
        -0.2634286763508043,
        -0.5399796504698056,
        -0.5958819124075613,
        0.6279002875572779,
        -0.9644495845394917,
        -0.21985166657570776,
        -0.15193667311832987,
        0.2734498875850473,
        -0.5267866506575404,
        0.9783354953528494,
        0.25759606509953853,
        0.30261066983037316,
        1.3214464399351575,
        0.597163312995757,
        -0.5002715571642188,
        0.26942518176622254,
        0.1690061032036307,
        -0.6881012832040931,
        1.2061508675710662,
        -0.36581097383042294,
        0.7966710615091455,
        -0.054548691793754045,
        -0.2913237672839535,
        0.8796679208195869,
        1.298888776106748,
        -0.08408301350166032,
        1.238757101195275,
        0.5477782672761192,
        -0.16884302097222353,
        -0.03903884902672765,
        0.9301856749081737,
        -0.5999887796833338,
        -1.7737591875887289,
        0.355086265197714,
        0.16113561810441518,
        -0.688659674422201,
        -0.12557742040793118,
        0.4938317727177253,
        -0.07625131665028748,
        0.09975066776841049,
        0.9816368028253455,
        -0.3256329547863136,
        -0.5010471460809776,
        -0.2240675795485394,
        0.6833833420002456,
        0.018084541968173246,
        0.6136667305427566,
        0.18632232934040788,
        -0.19536410353213304,
        -1.4481519222471009,
        0.22850209128949067,
        0.12537620820291068,
        -0.594879726273705,
        0.2784897443530364,
        -0.013385868649481159,
        0.436149838777149,
        0.32922180148251284,
        0.7057709988593067,
        -0.34540093799794025,
        -0.42562432597442296,
        0.8258284521776762,
        0.3945956135350873,
        0.1440173073615386,
        -0.3370256384138805,
        -0.37219976540238303,
        -0.5200383179504966,
        -0.2382439865631859,
        0.5415846373589182,
        -0.17295674369368547,
        -0.14401295653560034,
        -0.7501153486335748,
        -1.323671038532271,
        -1.1155514119502636,
        -0.8419516458522268,
        -0.2884064693833256,
        0.3063072029171998,
        0.39677121593730397,
        -0.4345535153487875,
        -1.0067295354606014,
        1.2023829984710623,
        0.5656280415613385,
        -1.4227049462780814,
        -0.39418283641761476,
        0.42508062207999064,
        1.4352831127537986,
        -0.8580182552832911,
        1.3035022953766537,
        -0.6931786681653664,
        -0.6696901874640564,
        0.8716428754899282,
        1.0403179561087885,
        0.2786366823463714,
        1.417533812141589,
        -1.049332952407726,
        0.7807422777909879,
        -0.2885112880683922,
        0.18499714337236187,
        -1.122382859917683,
        0.77958613645153,
        -0.7552087563368195,
        -0.38429893384902664,
        0.49656615090144807,
        -1.763370893723008,
        0.734168397773168,
        1.448853935363701,
        -0.677291657250352,
        0.29757565931871294,
        -0.8062700683044229,
        1.1607209732198405,
        0.7996905453245754,
        0.2331768748088273,
        0.016652512665038942,
        0.642491828034765,
        -0.03450418818955177,
        0.1305894490153961,
        1.691518806700776,
        0.6954266787026162,
        1.3009047225230495,
        -1.217525603894851,
        0.38297528079234716,
        0.09414453256463504,
        1.9449528139500558,
        1.1160323414700184,
