{
    "idx": 702663,
    "fights": [
        {
            "enemy": 5,
            "fitness": 87.02935744741231,
            "player_life": 29.80000000000026,
            "enemy_life": 0,
            "time": 384
        },
        {
            "enemy": 6,
            "fitness": 84.95165549623893,
            "player_life": 5.200000000000234,
            "enemy_life": 0,
            "time": 262
        },
        {
            "enemy": 7,
            "fitness": 30.65289246928253,
            "player_life": 0,
            "enemy_life": 60.0,
            "time": 210
        },
        {
            "enemy": 8,
            "fitness": 90.08661051127251,
            "player_life": 56.20000000000032,
            "enemy_life": 0,
            "time": 253
        }
    ],
    "weights": [
        0.7893069286014972,
        0.6354450342398253,
        1.2364686733796242,
        -0.5105347082199287,
        -0.980328676937434,
        0.011840052745841347,
        -1.468614498545285,
        0.9520525431110355,
        -1.098042685226857,
        1.5192826691414034,
        -0.44040562422993795,
        -0.005358478206398426,
        -1.3686196701301818,
        -0.09756636662056734,
        -0.9656685953028304,
        1.9307797786596095,
        -0.7510488820893814,
        0.553997738994853,
        -0.18166695414261394,
        2.1729948661110363,
        -1.3960512638046483,
        0.5464874994051627,
        1.4357234766437212,
        0.9860180840986807,
        0.8591880408933221,
        1.2626361760631166,
        -1.540799698634598,
        0.41159522629547274,
        1.1562254376280183,
        0.2893706371673109,
        -0.47482742339126527,
        -0.5579910671713723,
        -0.5328523884989079,
        -1.0325420520976372,
        0.8492746877181325,
        -0.5983389765554207,
        0.16284199234527286,
        -0.8139864593570937,
        -0.0008743666297418573,
        -0.12625557594025544,
        0.013795122721056444,
        -1.0845584430632724,
        0.866020613609074,
        0.8261814482856216,
        0.282350823168293,
        -0.23670836735160397,
        1.3220840019170328,
        -0.28340959954281947,
        0.5916466276713382,
        1.0829673852676864,
        -0.18859383139325409,
        2.066686427786688,
        -1.6006001767652573,
        -0.8512743970936225,
        -0.7504278470011971,
        1.0868161705902404,
        0.45884329886719183,
        -0.3737108972873442,
        -2.3011704424675634,
        0.3209048287611126,
        0.7567429444331442,
        -1.0164884202542963,
        -0.9820049984174641,
        0.5263658649562283,
        1.1760171756511346,
        0.3996942333045649,
        -0.6374348461749685,
        1.404346705012099,
        -0.7326653382656172,
        -0.2817520057662008,
        0.8324119005258487,
        -0.5105971824986164,
        0.09553349719309312,
        0.4027147545487161,
        -0.20781004558417376,
        -1.9137914693247193,
        0.09753108752288855,
        -0.030150259620207148,
        0.8878010166139645,
        -0.3064215009696789,
        -0.06584631166445362,
        -0.1381332875640755,
        0.4719508719736917,
        2.599394783555186,
        -0.291399794336879,
        -0.9256821880724182,
        -0.5398791118972696,
        1.0182814764445336,
        0.21325742928771932,
        -0.2029201081437972,
        -0.6857549021555258,
        -0.5989905204248119,
        -0.04054959087276984,
        -0.829665084343228,
        0.1736309644173424,
        -0.9658868670374097,
        -1.0133235049326215,
        0.1433764722014887,
        1.4436794830546278,
        -0.4401509858408743,
        1.3046235094070395,
        -1.9297055225379074,
        0.2859078311500094,
        -0.8036337778180022,
        -0.04040498436954352,
        0.4453328428787626,
        -0.19417292572941974,
        -1.5759589730208405,
        0.9854672048019716,
        -0.5433352041177468,
        -0.9935377168312892,
        -0.5269818794502913,
        1.1321542378028324,
        -0.13008780889927316,
        -1.2625574810054174,
        -0.2772192913897399,
        -0.25124737374356654,
        -0.8893628661062382,
        0.0915342513798334,
        0.4328420509304721,
        0.3340688861063911,
        0.013171042404332658,
        0.44494893063005303,
        -0.6599149425483108,
        2.1797340010082626,
        1.4920025303479332,
        0.22390384572775696,
        -1.4989803350155346,
        -0.28900406453239685,
        -0.34523041292253526,
        0.045650982263451906,
        0.4324958912189205,
        -0.1536686208049686,
        0.6424511259803566,
        0.480540429652739,
        0.8855004350222229,
        0.7979824340251529,
        1.914750512061121,
        0.3642578990645541,
        -0.7549158032134241,
        1.2298415778960519,
        0.8703127356787712,
        -1.3375870564826797,
        -0.4989302192317363,
        0.4410534010272203,
        -0.7426100081002314,
        1.4449753629261246,
        -1.4750632379899131,
        1.0388148041885603,
        0.35955734759154656,
        0.19069431486315358,
        1.6207350504599376,
        1.3644626469425778,
        0.19186165951229794,
        1.028625487775019,
        1.1019039174594196,
        0.5600217601963409,
        0.6391988933412323,
        0.891841068628237,
        -0.4124903729586319,
        -0.7848097029578981,
        1.2202512769988303,
        0.2696261760155076,
        -0.7186055991052523,
        0.5676047664406665,
        0.16314431146789654,
        0.6932966827150528,
        0.8296316088975821,
        0.9113312190774729,
        0.7281220289109729,
        0.06806762419552186,
        0.02051855250822049,
        0.5455364681800542,
        0.7334519929352421,
        0.5069671996159179,
        -0.8230342830442275,
        -0.4874100412821424,
        -0.8351455517170417,
        0.16699193510249907,
        -0.8573061361197897,
        -0.09126278547438646,
        -0.4687104011040664,
        -0.525176400330012,
        0.9355940070117071,
        -0.0688609823724613,
        0.9993022549697972,
        1.0696969182601173,
        -0.5404943827739113,
        -0.17763557824542622,
        0.710901386262757,
        0.1859999247458879,
        -0.06043073504753288,
        -0.21089291896763485,
        -0.252653209207602,
        1.170428520217898,
        1.1911387121285846,
        0.23600066640493186,
        -0.007371221607776958,
        -0.5304565530072429,
        -1.7207942987939904,
        -0.6185101671737084,
        -0.6752095365762862,
        -0.09140796067695992,
        2.205376330342526,
        -0.3422600585524471,
        -1.0396593699822991,
        -1.2944784504228495,
        0.6353449957332991,
        0.7589056695707379,
        -2.1142716856927537,
        -0.19229174654075515,
        0.5418524258845354,
        0.7249218596062431,
        -0.6845260116402002,
        0.7059243623967671,
        -0.7988690342195628,
        -1.4650018831164955,
        0.08099805907665131,
        0.9910135433998138,
        -0.029848995990314472,
        1.131868040621206,
        -1.2714056334152282,
        0.9651637895730117,
        0.6102816249021438,
        0.1868718354965966,
        -1.3403310213432542,
        0.7286328148389982,
        -0.9653227287685295,
        -0.0935989469937318,
        2.260979543985539,
        -1.2549471622404795,
        1.1279842045067394,
        0.9910629481931574,
        -0.024736860265472276,
        0.09094530676557572,
        -0.28896550069019544,
        0.6760325342460304,
        1.11939921369548,
        0.872741698963016,
        -0.7502668291532784,
        0.8671885131118346,
        0.08073833745180395,
        0.6317805404748605,
        0.7242597808398534,
        0.950249561368669,
        0.3287828330842382,
        -0.43812411328626977,
        0.4575387097242799,
        1.1658407195693787,
        1.9778284155008157,
        1.4271737364631223,
