{
    "idx": 706405,
    "fights": [
        {
            "enemy": 5,
            "fitness": 88.09003982910276,
            "player_life": 38.80000000000028,
            "enemy_life": 0,
            "time": 327
        },
        {
            "enemy": 6,
            "fitness": 84.71598249381267,
            "player_life": 3.4000000000002344,
            "enemy_life": 0,
            "time": 277
        },
        {
            "enemy": 7,
            "fitness": 30.662461920298682,
            "player_life": 0,
            "enemy_life": 60.0,
            "time": 208
        },
        {
            "enemy": 8,
            "fitness": 90.07936107665805,
            "player_life": 55.60000000000032,
            "enemy_life": 0,
            "time": 240
        }
    ],
    "weights": [
        0.5268507978610791,
        0.10995998814768417,
        1.759362562060936,
        -0.7264977708314797,
        -2.614419929337789,
        0.9109659476940644,
        -0.6281866041720144,
        1.4200485995329182,
        -0.6841911606701853,
        1.1846664937701619,
        -0.17486666257944616,
        -1.1755943822886301,
        -1.0489084978193568,
        0.01249023579556613,
        -0.63436750914758,
        1.9309776002346701,
        1.5786843918276379,
        0.3211354092278519,
        0.24529071455206575,
        2.755561120589337,
        -1.2571891351253937,
        -0.07550697260067599,
        1.6115052712931803,
        1.0558850507096762,
        0.9729868000875006,
        2.1375869023075613,
        -2.341137816578292,
        0.4114548602808976,
        0.69147377186247,
        1.6867822702042934,
        0.20079416549463347,
        -0.484663760863823,
        -0.2541892520941852,
        -0.8735284894464546,
        0.7715646012928302,
        -0.39521331995503833,
        0.07897933396518368,
        -0.29814508916975724,
        0.14401109619614366,
        -0.09879416271171094,
        -0.6924094841466786,
        -0.9059859344423178,
        0.8527393357901676,
        1.2469311369007896,
        0.3187765207624985,
        -0.18253772038700472,
        1.9751475656126523,
        -0.48675400621128895,
        1.588549188328266,
        0.8094523096075302,
        -0.9388368022476175,
        1.6370576195177178,
        -2.244370051343946,
        -1.2332372511553762,
        -0.36698244096751637,
        2.103482899534988,
        0.6935851982604178,
        0.2867987938793466,
        -2.324436419890016,
        1.1751292873879644,
        0.4718166236816004,
        -1.2973775945027874,
        -0.4529257922732895,
        1.0785268107978032,
        0.7675631851090887,
        0.7427231047008982,
        -0.9183809793624833,
        2.3832074270477497,
        -0.9324816956058933,
        -0.4797239599512334,
        0.6104785497384566,
        -0.09045790516240648,
        0.22778651490247212,
        0.9797289756881162,
        -0.5104127062004077,
        -1.3409351051234772,
        -1.503379344011672,
        -0.6062142986734406,
        0.8852335508984052,
        0.6148215164123454,
        0.03153579577131045,
        0.12385897071593195,
        0.2974005708298228,
        2.9878075776286286,
        -0.5856447989548739,
        -0.17395962861379888,
        0.9075435181897569,
        0.1261321235111688,
        -0.10703414621596921,
        -1.7624340594190508,
        -1.0763868522758278,
        -0.6520439873399605,
        0.17964698533912746,
        -1.886017861676834,
        0.7025718678508367,
        -1.1102857422556487,
        -0.9815879706766482,
        0.051066398584634624,
        2.098299003136488,
        -0.4096018740020618,
        1.823180774326957,
        -1.7780455578697871,
        0.013135838233707037,
        -0.18984831190098336,
        -0.43801541350132245,
        0.43233200895269425,
        -0.5865254254862095,
        -1.1056161723299955,
        1.4647441746601155,
        0.4760983094117256,
        0.030195398823261416,
        -0.544876073089696,
        0.8762120047172,
        0.42351878844450447,
        -1.3987164367164269,
        -0.31534891508166907,
        0.35820490252798387,
        0.15803996494539488,
        -0.4388838516244831,
        1.2194319642598306,
        0.030257295040293092,
        0.14209937975122047,
        0.8288365180843857,
        -2.033017123512261,
        1.1420569541717147,
        3.3709126850668003,
        1.0956924811988118,
        -0.8739987902714761,
        -0.1618678154666767,
        0.28547570821407686,
        0.10533403792115871,
        0.31426187378208953,
        0.5356501501209363,
        0.09727785578087728,
        1.4074714605177843,
        0.7329919685668679,
        0.8235324517005747,
        1.4603281106045527,
        0.1573435197470339,
        -0.5887420915861156,
        2.211293021102312,
        2.087353852298833,
        -0.8758215676396931,
        -0.13857343125346705,
        0.14092562177937806,
        -0.9253026250072808,
        0.8900714849544155,
        -1.0201786692394514,
        1.1152422682422565,
        0.3776739559205585,
        0.5773558585778444,
        1.1050527629366973,
        2.0822475551768003,
        0.22479810051831642,
        0.5278271704408013,
        1.7937643768646363,
        -0.4383881381467223,
        0.9839017970142688,
        0.9276988051399075,
        1.0003799160975935,
        -0.6735810066159353,
        0.02160278589632459,
        -0.21110889997486829,
        -1.183754389484163,
        -0.33423519364137527,
        0.10652388903663364,
        0.41427277141576346,
        -0.4161405347878002,
        0.0847074896313233,
        0.5578456298609651,
        -1.2394514128510539,
        0.8447784694152938,
        0.872053248828689,
        -0.20986540225295322,
        -0.12722356159490258,
        -0.8624477489413849,
        -1.0862272509054782,
        -0.5351346989517808,
        0.5255726469301749,
        -1.2462650073240997,
        -0.483217835279557,
        0.164902816556049,
        -1.1000973343368725,
        0.5639929661226767,
        0.026975908166791795,
        0.8619730073555132,
        0.6722397473839955,
        -0.431155354534792,
        0.30176641569277485,
        1.3146432004246296,
        -0.5027967202452525,
        -0.2684057750113237,
        0.20729634587875675,
        -0.4624042208510884,
        -0.2940363115141629,
        0.1890586305954989,
        0.5452589004486894,
        -0.3227132608355492,
        -0.8164997871971196,
        -1.85802807497478,
        -0.9146573041607948,
        -0.7055623240321693,
        -0.19208572199435547,
        1.9875884181927161,
        1.1568394221219125,
        -1.3484663694738122,
        -3.13731574257122,
        0.37621168843672914,
        0.9505153630075615,
        -1.8543040865390203,
        0.8775631315171245,
        0.4005046408515442,
        1.0757782040976518,
        -0.06785730728852035,
        0.832518805581483,
        0.13921607479450288,
        -1.641133303410554,
        -0.07397300310048686,
        0.8425414958144823,
        -0.5713212477340689,
        1.2824637211030157,
        -1.4516375622314364,
        1.8262251954983912,
        1.8977453796460093,
        0.08207563001106588,
        -1.3721765895633276,
        0.5189775126332501,
        -0.7917711482038632,
        0.9217963788973969,
        3.0149506096371126,
        -0.2948148974072831,
        1.3415718975013398,
        1.4379515333343986,
        -0.49027132851377325,
        0.6053484998677191,
        -0.400699685067403,
        0.9946385364163639,
        1.1210100345788983,
        1.6060838668657533,
        -1.0305277648995157,
        0.3524231372042629,
        0.5676214408868153,
        0.13133813594976232,
        0.8388301190699242,
        2.0923737076362396,
        0.13658671141347234,
        -0.735522724251276,
        1.3016676497794475,
        1.177964166169489,
        0.3014418773775039,
        -0.16037293250043647,
        -0.4128201439887727,
