{
    "idx": 709709,
    "fights": [
        {
            "enemy": 5,
            "fitness": 89.65936107665804,
            "player_life": 51.40000000000031,
            "enemy_life": 0,
            "time": 240
        },
        {
            "enemy": 6,
            "fitness": 57.470570912488576,
            "player_life": 0,
            "enemy_life": 30.0,
            "time": 252
        },
        {
            "enemy": 7,
            "fitness": 89.17946500072773,
            "player_life": 46.0000000000003,
            "enemy_life": 0,
            "time": 226
        },
        {
            "enemy": 8,
            "fitness": 86.95935834262663,
            "player_life": 28.000000000000256,
            "enemy_life": 0,
            "time": 344
        }
    ],
    "weights": [
        0.13101055848767135,
        1.5419190062095747,
        1.5749437739542993,
        -0.4417095638547089,
        -1.0085107647506015,
        0.7043017937638376,
        -1.5865013238683212,
        1.9257099199383287,
        -0.8743024160029381,
        0.5852105831032058,
        0.8910879025287813,
        -1.0678189017340858,
        -1.193671892955185,
        -0.12851730508627468,
        0.1270384681442891,
        2.5490378965049407,
        1.9953021092544247,
        0.45125953365834576,
        1.0201147069841512,
        3.2560281504955726,
        -1.505541420798835,
        -0.3324331300941273,
        0.8150801839188624,
        1.3349162122518066,
        0.69932406410409,
        1.330313898322823,
        -0.9687154178193464,
        -0.21684480179211577,
        0.7317633317405576,
        1.6911896989841089,
        -0.45707057699703113,
        -1.1551401797162455,
        -1.8427448879530985,
        -1.6040218517240366,
        1.177305294389344,
        1.0731400985043889,
        0.8304048201762253,
        -1.0240890817224482,
        -0.26849240946854885,
        0.5814960445185933,
        -0.27378419429923906,
        -0.5954714316557099,
        0.5429436328923767,
        0.34112043867210856,
        0.10946463389913672,
        -0.3840799500547011,
        1.8159603950130685,
        -0.14164432712289704,
        0.7765856923528188,
        0.6256524022665921,
        0.4077795057649121,
        1.4363386201598798,
        -1.1840527019971259,
        -1.2522875474052897,
        -0.7501155455551977,
        1.9035882164596027,
        1.038188488285972,
        -0.5178483247103749,
        -1.9335287483015986,
        1.118041842319307,
        1.5500043896924505,
        -0.9437486119832493,
        -1.072986685422364,
        0.025868486844578216,
        -0.1269574969576882,
        0.9546770010336341,
        -0.6969662569893732,
        0.4759413690459682,
        0.5592698392951586,
        -0.7357268301028088,
        0.8696582470175609,
        -0.021178623962507442,
        0.5038860310502852,
        0.9668491322275409,
        -0.3876997026774489,
        -3.0849668262322893,
        -0.29835759458892075,
        0.29113868344161214,
        1.2268054689203676,
        0.3372376716658538,
        -0.9430847261211984,
        0.02570625969585978,
        0.21643715427793675,
        2.853788328663243,
        -0.02157453236487944,
        -0.2747391958365119,
        -0.6319724157217088,
        0.6906237852040853,
        0.07852052754967244,
        0.17284594467734654,
        -0.0630253772888974,
        -0.775361683279192,
        -0.2843225646199983,
        -0.6562434444615414,
        0.9859561608014089,
        -0.6280489639325921,
        -1.2366203056362421,
        0.6128964532911862,
        1.0284853066591697,
        -0.4080168667064069,
        1.0139386702687527,
        -2.567435790878735,
        0.027546459427779793,
        0.20709263367860975,
        0.26862997512231096,
        0.2801128847688873,
        -0.3553076985771092,
        -1.2483294670480207,
        0.6177399229322145,
        -0.47913242478674506,
        -2.48866293390747,
        -0.7674666305465079,
        1.2563903015534328,
        -0.20479507468273309,
        -1.3725574750404095,
        0.5457748418445912,
        0.6973300897950785,
        -0.8180785390338693,
        0.05878148871316169,
        -0.03768303574165618,
        0.30756225453840236,
        -0.06262581751016007,
        0.4331968530792534,
        -1.1830980690787385,
        0.7011069021873921,
        1.1453160416147785,
        0.39906112111627495,
        -1.7658317152669314,
        -0.313009879035653,
        0.10064917080789734,
        -0.30040244815828104,
        -0.21195796533753353,
        -0.13370675690743855,
        1.0897295875649207,
        0.5835316277428244,
        1.1629041798440891,
        0.059084730581212434,
        1.4584302132923035,
        -0.17271794765121878,
        -0.5924565518516149,
        1.1721945325161673,
        1.8363463633712518,
        0.3115363221411184,
        -0.01500990170815382,
        0.5060669737634411,
        -1.2784797204640903,
        1.238643069917083,
        -0.8200678057344961,
        1.8027314565007377,
        -1.0869854715403926,
        0.3776576086878318,
        1.2925972818091347,
        1.2639183491938695,
        0.22816059705518077,
        1.162324205736388,
        0.3750155910642966,
        -0.6918278460049129,
        1.6703889283655937,
        1.7177349336497882,
        -0.29456759443588654,
        -0.5372521753683492,
        -0.35161977316763177,
        0.03543955556342525,
        -0.6551978415401856,
        0.2108462814643171,
        0.02610059045196983,
        0.16360597524521497,
        0.6224111984592344,
        -0.1309321011458982,
        0.03452565231061544,
        -0.03928727598380399,
        -0.31410249285087477,
        0.7817797422694669,
        1.7445223534082337,
        0.25752721165748604,
        -1.1606784926204412,
        -1.106324843209842,
        -0.8728145551430886,
        0.6877729368907909,
        -0.2789282651581577,
        -0.620453922509364,
        0.7719630707489257,
        -0.2627211078589876,
        0.4988444543611201,
        0.46830920658637315,
        1.257700831825092,
        1.4467217251624631,
        -0.5293941655745661,
        0.2656548207411177,
        0.1466654834998598,
        0.3170763054241794,
        -0.39447568875325684,
        0.20928135037281814,
        -0.9362396975829322,
        0.1569395196406391,
        1.5232965885300256,
        0.1275794129816952,
        0.5884250964172683,
        -0.3890540864630168,
        -1.6890783437737127,
        -0.5439984413784483,
        0.4892631285809123,
        -0.2756210696311956,
        -0.5714825181771981,
        0.07228203490987617,
        -1.6565860300146635,
        -1.55140675291986,
        0.2638613642055879,
        -0.13339946715240117,
        -1.1487876679544868,
        -0.4039767265294136,
        0.7615070512059815,
        1.2570770863415255,
        -0.3132082560506974,
        1.1332529106582194,
        -1.3778643353967421,
        -0.7528886064486804,
        -0.20406912010696945,
        1.0657584186551827,
        0.5430420509405606,
        1.614800156649497,
        -1.2790744783006354,
        0.9979726769399065,
        0.07251834978392688,
        -0.051214379689306797,
        -0.9770896913401399,
        0.7488513390141927,
        0.6720114139181986,
        0.21476156662535972,
        0.30486953385298154,
        -1.2924272598112985,
        1.1489334795105224,
        1.5012798666636646,
        0.2331930392674105,
        0.0636923511263883,
        -0.7431731287486444,
        0.8857903045845925,
        0.976929635090374,
        0.1373665973461396,
        -0.041750772152134866,
        1.1992948695738797,
        0.29369262924067996,
        -0.006974525728407691,
        1.6003389339090328,
        -0.15257704417361145,
        0.3307017843138849,
        -1.2620648439542659,
        1.1612417819356846,
        0.8124014829936694,
        1.6854156106442062,
        0.363022785323915,
        -1.0319007586961166,
