{
    "idx": 708845,
    "fights": [
        {
            "enemy": 5,
            "fitness": 87.79052820481508,
            "player_life": 34.00000000000027,
            "enemy_life": 0,
            "time": 273
        },
        {
            "enemy": 6,
            "fitness": 39.53193985886487,
            "player_life": 0,
            "enemy_life": 50.0,
            "time": 237
        },
        {
            "enemy": 7,
            "fitness": 87.4438995977956,
            "player_life": 28.600000000000257,
            "enemy_life": 0,
            "time": 225
        },
        {
            "enemy": 8,
            "fitness": 88.81968822339262,
            "player_life": 45.4000000000003,
            "enemy_life": 0,
            "time": 305
        }
    ],
    "weights": [
        0.5747720811934984,
        0.9957619752468186,
        0.9768580131999223,
        -0.8064243694452092,
        -1.3110452765889087,
        0.07015941268717585,
        -1.2143071808068073,
        0.9580700176763892,
        -0.6504280827349693,
        0.9235019923950926,
        -0.631377348448737,
        -0.8351770067226347,
        -1.150348748539182,
        -0.8106187868841219,
        -1.0058527496727245,
        2.204365706264435,
        1.9611354663596237,
        0.48836559626531695,
        -0.07360708454217121,
        2.168578062042227,
        -1.447688277345841,
        0.06189685944278712,
        1.274372442398315,
        1.3561561694847495,
        0.7575778343615751,
        1.498954842393284,
        -1.304845733646517,
        1.1305277237804212,
        1.0732668064022428,
        0.7277759478354731,
        -0.7152994984654016,
        -0.44172846717030356,
        -0.7256744131706159,
        -0.21472188195760145,
        0.9857904314988639,
        0.2331227709889374,
        0.3617754723610752,
        -1.0808685375019353,
        -0.32314679065570173,
        0.7625627602309077,
        -0.43708239620004097,
        -1.2034576549663862,
        0.6428450498699441,
        0.7592627142115757,
        0.5746979926288548,
        -0.33781733148500437,
        1.8419862797324615,
        -0.2867890895822867,
        0.3415084319786104,
        0.7482857058547644,
        -0.3765837612536753,
        1.652885010847266,
        -1.6393818366217239,
        -0.8562912700107261,
        -1.0410199494140562,
        1.1573234899788165,
        0.5299504310869413,
        -0.558142783342074,
        -1.8240520489828813,
        0.5422482280384692,
        1.2569743053902498,
        -0.8477363998694081,
        -1.14509143762192,
        0.42753661612120025,
        0.7895364127774042,
        0.6671785699231644,
        -0.5266085126589586,
        1.253207878369978,
        0.6245767321008575,
        -0.5735959115318803,
        0.6570800909001017,
        -0.16539377068008504,
        0.7166284016738651,
        -0.24355488831830743,
        -0.5674643755031652,
        -1.287942405858072,
        -0.19252409554900599,
        0.4079593471882435,
        1.5408208550657545,
        0.5555086253085562,
        0.08610726380070699,
        0.43831060063716343,
        0.3201343039005503,
        2.6148018654466223,
        -0.12314847544805238,
        -0.909539036612034,
        -0.5927466527598844,
        1.048655608264152,
        0.17545850057849766,
        -0.46214059221037684,
        -0.5663940426283773,
        -0.4781771966553197,
        -0.22807481961759046,
        -0.4929940293782641,
        1.0344601133961053,
        -0.9290426202114372,
        -0.6469195660571864,
        0.454377799633075,
        1.3652752028301627,
        -0.6362541251730653,
        1.0940581489686059,
        -1.8169187456896083,
        0.12456616535412825,
        -0.31194117462188736,
        0.352270837224091,
        0.31321949921356457,
        -0.3079670581818653,
        -1.3731317481211267,
        0.6691750927403595,
        -0.45549856757725826,
        -1.40166941995758,
        -0.34727067672736944,
        1.3313940512829199,
        0.19582471503778748,
        -1.276015968231394,
        -0.18588767874150183,
        0.17961895487867535,
        -0.5793562598945927,
        0.13795932451363685,
        0.6018637093340519,
        0.14790092960557275,
        0.24612471398084135,
        0.12285680509659631,
        -1.4529870366466426,
        1.003695032090259,
        2.0878230098399424,
        0.9621757728662017,
        -0.7042595262206538,
        -0.09397671991855736,
        0.12102218516150613,
        -0.4430962447676543,
        0.07554573744452246,
        0.06874551406958304,
        0.9492412570265125,
        0.550632830095921,
        0.8930984300173616,
        0.1920884579434134,
        1.6567069827448713,
        -0.20964623426472206,
        -0.2512488339011389,
        1.17854975944067,
        2.067841625259163,
        -0.624819633337915,
        -0.28284511669822776,
        0.08161433973810596,
        -1.151767385965732,
        1.7381864599314918,
        -0.9856344785018516,
        1.8421024820681402,
        -0.5490365854615552,
        -0.41252139771691027,
        1.4292921609529476,
        1.30397180250403,
        0.654317180030944,
        1.37177281929444,
        0.7615536960965643,
        -0.2702389279908746,
        1.6798982434436769,
        1.501813592110305,
        -0.5146426779044269,
        -0.45428440586951563,
        0.4404227919283373,
        0.41482030133088177,
        -0.18654187513044534,
        0.6685521160815425,
        0.27657299230955595,
        -0.149923932015065,
        0.8967609596614216,
        0.4403775250064434,
        0.15279521129825072,
        -0.5607294038157353,
        0.37290520534463856,
        0.6464987666335367,
        0.798103562561241,
        0.9689705103809969,
        -0.9683573350477896,
        -0.38568942265885736,
        -0.8236921446821228,
        0.7791844955385365,
        -0.48032646290930703,
        -0.7815607454905601,
        0.6719631637184763,
        -0.2966194966508183,
        0.3051410871159935,
        -0.3363489701301338,
        0.6798436592178813,
        1.0160645311286203,
        -0.49685584955550577,
        0.06851249988981303,
        1.1383465110409068,
        0.3159368145332765,
        0.03727885218455122,
        0.31917735503390265,
        -0.6483312556000054,
        -0.49144152880567693,
        1.7237804421641516,
        0.28554192574836357,
        0.1117720621422266,
        -0.28427045939982876,
        -1.5711630899689961,
        -0.3825692487365516,
        -0.4495129225272239,
        -0.38853267523939206,
        0.5286215495178628,
        -0.431910835412218,
        -1.1364142430533966,
        -1.5480731796034113,
        0.6066612116578376,
        0.4980380283948007,
        -1.9871049556359384,
        -0.11113995073556118,
        0.4380141995058377,
        0.726133724141964,
        -1.0781566717638087,
        0.9494718464264978,
        -1.048825595566405,
        -0.6892495623166853,
        0.09390291207377247,
        0.8665958578293574,
        0.27010796207655735,
        1.3392340929437963,
        -0.7845184428401168,
        1.4478831942053592,
        0.17547305949115904,
        0.22379047890965859,
        -1.359286696844895,
        0.9431255577732326,
        0.8406878177091368,
        0.22712662335187153,
        1.024827118688702,
        -1.1797913152883617,
        1.4854443287509949,
        1.6886322137276182,
        -0.010268091964876616,
        -0.12650080262160857,
        -0.8849414774520783,
        0.8364306795899635,
        1.148761199101633,
        0.9957064621741851,
        0.3360465703818648,
        1.253791785574103,
        -0.2897202668853585,
        0.3617045650073413,
        0.7536596104737947,
        0.9316287110726511,
        0.20278770708867894,
        -1.0195429033389134,
        1.18496693372302,
        0.37236242138209474,
        0.1373641000021107,
        0.3408357173153628,
        -1.0745646785974463,
