{
    "idx": 708822,
    "fights": [
        {
            "enemy": 5,
            "fitness": 89.6387417894553,
            "player_life": 51.40000000000031,
            "enemy_life": 0,
            "time": 245
        },
        {
            "enemy": 6,
            "fitness": 85.14322890233345,
            "player_life": 7.600000000000232,
            "enemy_life": 0,
            "time": 275
        },
        {
            "enemy": 7,
            "fitness": 89.91289246928257,
            "player_life": 52.600000000000314,
            "enemy_life": 0,
            "time": 210
        },
        {
            "enemy": 8,
            "fitness": 89.9666105112725,
            "player_life": 55.00000000000032,
            "enemy_life": 0,
            "time": 253
        }
    ],
    "weights": [
        0.4531656493227043,
        0.9305573033981036,
        1.0281691938342943,
        -0.29507394637664036,
        -1.2001883461186404,
        0.3700000841125436,
        -1.2310875103082721,
        1.4327056336886026,
        -0.9124507103640674,
        1.172611941520517,
        -0.556614674422588,
        -0.8866572765862781,
        -1.0928685087318981,
        -0.6665448224799642,
        -0.07916817771886145,
        2.2398173285018146,
        2.150396299428475,
        0.7259020092907125,
        -0.0781792705480491,
        2.427444664816087,
        -1.4029447964163837,
        0.10650196550300813,
        1.344406334526369,
        1.4107981175109168,
        0.713178687756111,
        1.4415251191556593,
        -1.2177342171260832,
        0.7099419266273059,
        1.0360017584232986,
        0.7037298030970096,
        -0.6411800907314167,
        -0.33407754516701904,
        -0.7460871078847129,
        -0.2763618888274533,
        0.9972176246067208,
        0.20013198327788426,
        0.41844625884393144,
        -1.1258142220240632,
        -0.3487977531475019,
        0.6974611190713744,
        -0.45306010537445784,
        -0.23690753197478862,
        0.6790255965787221,
        0.7447224108064023,
        0.48631899398059886,
        -0.3744913066966642,
        1.8155219792551573,
        -0.3508582669977141,
        0.24714139352357622,
        0.7808094635279162,
        -0.11077863707907348,
        1.8861465374601099,
        -1.6210020007631634,
        -0.8507435088397224,
        -1.077252990229573,
        1.4094298298225956,
        0.6100468949933125,
        -0.6346260758449056,
        -1.8969066767757297,
        0.496543152381995,
        1.2436586867778017,
        -0.7595962491592196,
        -1.3595941564203353,
        0.47344085486774445,
        0.6532044229132201,
        0.5535960018099105,
        -0.5838470023012309,
        1.2769301543069667,
        0.6503536316616971,
        -0.5979560833992887,
        0.5850556827470662,
        -0.32769396476160484,
        0.29175108841419584,
        -0.38175092330180466,
        -0.532864475606072,
        -1.4041313282008816,
        -0.21144097235584156,
        -0.1978499013050406,
        1.3018680610240048,
        0.6790237916729637,
        0.22696885112157542,
        0.37770541979764616,
        0.477998111219973,
        2.57785528429912,
        -0.21977637244487266,
        -0.7885468628753417,
        -0.5403989218943374,
        0.8854531033257952,
        0.25633953940098103,
        -1.296829107258464,
        -0.5356843116474563,
        -0.5814553522247581,
        -0.2778275335321182,
        -0.34725649516753704,
        1.0405757857620548,
        -0.8379406797734033,
        -1.1484871496418665,
        -0.03403389235562707,
        2.1919564441319035,
        -0.45984581043274536,
        1.0160554804219983,
        -1.8460990207230028,
        0.12935924596879173,
        0.28759786466177556,
        0.39223033228965903,
        0.5373863263595999,
        -0.03602604226073832,
        -1.246011850855186,
        0.7776018327254888,
        -0.5133177201513592,
        -1.3669509552354284,
        -0.32306977143423654,
        1.157966273099447,
        0.05652350350233243,
        -1.287920405007701,
        -0.1818194372348012,
        0.19788603887991574,
        -0.6066581293209423,
        -0.04374872142632119,
        0.6313432979020274,
        0.14164614520150334,
        0.5764786538078374,
        0.23906792752692485,
        -1.5181422667964388,
        0.9545452181688799,
        1.4183977832105643,
        0.8925591945287092,
        -0.6393366800878467,
        -0.22976723543972571,
        -0.1837721920893725,
        -0.3516276486337279,
        0.31341154499298846,
        -0.11293787766983931,
        0.7344527427464937,
        0.5200605652667735,
        0.8494452428505479,
        0.12907399174149708,
        1.6543035528847962,
        -0.048166103250674025,
        -0.39014478675382486,
        1.1973909929260187,
        1.8197882681342545,
        -0.6340375045177855,
        -0.13681756603440648,
        0.21022783185080665,
        -1.059427423331438,
        1.8825085409991946,
        -1.1058829404570107,
        1.7865830941176015,
        -0.5367329905996436,
        -0.3557312947744208,
        1.2572015829843493,
        1.2482405236443552,
        0.6789449413760142,
        1.2786825193869968,
        1.1721652506065514,
        -0.24123659642048018,
        1.8516626312284408,
        1.375376180524157,
        -0.44281402503975975,
        -0.30048282961990913,
        0.3852004906695874,
        0.28051490141245905,
        -0.19240486248720234,
        0.5946355653417551,
        0.0918077236384838,
        -0.1525904985341076,
        0.4831955879342283,
        0.3777499187663718,
        0.30399253960555284,
        -0.5756945356239598,
        -0.16674308927642262,
        0.3312238914189405,
        0.5081622805113759,
        0.998878992073186,
        -1.023991805001785,
        -0.45011912825362155,
        -0.8927998752003363,
        0.562862401775701,
        -0.23601991203884073,
        -0.7725446415881271,
        0.6506398435142444,
        -0.34281971290894186,
        0.3298729709747883,
        -0.3378093966227018,
        0.5691895989255374,
        1.0042990645011858,
        -0.39406554561005497,
        0.07817504367282334,
        0.9159638018291527,
        0.15417675814570747,
        -0.5507163966558323,
        0.27054151387789604,
        -0.47127268007590467,
        -0.48244330302001864,
        1.6459497211824194,
        0.3352994330189298,
        0.11424906750409697,
        -0.29092752679623785,
        -1.7768473243961738,
        -0.33069006581469906,
        -0.5984840765708715,
        -0.5417593836238115,
        0.6514030176738137,
        -0.38147217896903324,
        -1.148205670363993,
        -1.7535792675732622,
        0.6011207688512228,
        0.5026384828335676,
        -1.722150666567209,
        -0.12544517418783352,
        0.15251933062994935,
        0.7438482839630184,
        -1.075565922023215,
        0.8587364333489088,
        -0.9615240383414909,
        -0.8140412306916683,
        0.06911986877359112,
        0.851134297005127,
        0.28703764493451306,
        1.3583206367872374,
        -1.1444372539597196,
        1.5577627196374737,
        0.1772409821151793,
        -0.3500682651498471,
        -1.4017177822868379,
        0.8257113609973616,
        0.6530488779052142,
        0.1648110545506108,
        1.0367046658550036,
        -1.3488669564011806,
        1.4789128774732414,
        1.7928597322626516,
        0.2996373392066163,
        0.03935637298286676,
        -0.9272937806041012,
        0.829035228136768,
        1.037971242853689,
        0.6905632446066909,
        0.261074776633156,
        1.5480685503614986,
        -0.23407744343997638,
        0.3893460150216542,
        0.8084279046250055,
        0.8517570065971135,
        0.33201014932765327,
        -1.2347499229151602,
        1.1181526704015226,
        1.1978866465837763,
        0.13631863214236206,
        0.3706906210238111,
