{
    "idx": 710607,
    "fights": [
        {
            "enemy": 5,
            "fitness": 89.27061166337205,
            "player_life": 47.8000000000003,
            "enemy_life": 0,
            "time": 247
        },
        {
            "enemy": 6,
            "fitness": 66.76355803717006,
            "player_life": 0,
            "enemy_life": 20.0,
            "time": 188
        },
        {
            "enemy": 7,
            "fitness": 90.69679627126204,
            "player_life": 59.80000000000033,
            "enemy_life": 0,
            "time": 197
        },
        {
            "enemy": 8,
            "fitness": 88.06878821817867,
            "player_life": 37.00000000000028,
            "enemy_life": 0,
            "time": 279
        }
    ],
    "weights": [
        1.217326620619599,
        1.2380304632482,
        1.339398942978899,
        -0.19262727482605574,
        -1.0063147732635453,
        0.16298608478371573,
        -1.3729166736431198,
        1.1307080017276856,
        -0.6898080712881087,
        0.39546183983039385,
        -0.37422969987108623,
        -0.5033192091569588,
        -1.2557445599815487,
        -0.9469819720995434,
        -0.8489993595492067,
        2.5409484193362006,
        2.2354975415118554,
        1.3550108703258759,
        0.9389417208505433,
        2.533950508459116,
        -1.0941784965762877,
        -0.1971187985859847,
        1.6453851701197337,
        1.696848048884884,
        0.4305848295299177,
        1.7192565683490861,
        -0.9885917235548941,
        -0.21068811925479208,
        0.6813852731749916,
        1.1870379018794892,
        -0.2783716079931256,
        -1.0714672319752374,
        -0.5500914130344292,
        -1.0693169912572174,
        0.8572252210788381,
        -0.02478380163166488,
        0.2076129131967007,
        -1.3342158090824294,
        -0.6705023549645942,
        0.20923207884765987,
        -0.5854542147834095,
        -1.243311952768834,
        0.6925092906599063,
        1.0896569878098012,
        0.451598565825047,
        -0.6237463340003554,
        1.6219573942764354,
        -0.4917693158229869,
        0.3479004671404229,
        1.233893988133469,
        -0.4414630210630962,
        1.5784847281566312,
        -1.6213502207121029,
        -1.1224659247721192,
        -0.5584354663087496,
        1.924228858762972,
        0.37928475320414046,
        -0.5675452239834436,
        -3.0185712531341835,
        0.24109438473409184,
        1.0793043847789625,
        -1.415743584820977,
        -0.3651920887177015,
        0.5503589701452409,
        -0.05605852802312257,
        0.5913857427990078,
        -0.6039208758890424,
        2.0737314297675145,
        -0.8548759936419241,
        0.21229996814230503,
        1.2957999114499557,
        -1.2139906087953114,
        1.2618074361784384,
        -0.05160865527532779,
        -0.04390854042526786,
        -0.8460068476166893,
        -0.8350272327587623,
        -0.25452137540396397,
        1.3538867661596288,
        0.17062016758477458,
        0.9819342874678534,
        -0.06501474099052859,
        0.5539297795322198,
        2.4294991220514395,
        0.0020439976408093696,
        -0.8776801537053801,
        -0.3238085795449971,
        1.4093199936360072,
        1.3725323526940147,
        -1.9052759795939214,
        -0.6183721851392298,
        -0.6342886112453456,
        -0.4089359053134942,
        -0.6630907225732698,
        1.5258035903521012,
        -0.023240329394322082,
        -1.1110696391107457,
        0.36694208455114324,
        1.8779218774816553,
        -0.6488653671526963,
        0.4551111495142199,
        -2.102976336730251,
        0.11302247506365455,
        -0.5054890501732295,
        -0.09041902440974137,
        2.229249516080313,
        0.13851312072327054,
        -1.497965039538639,
        1.4443977960344108,
        -0.5219082321076989,
        0.1496251008986819,
        -1.2423281960466526,
        0.9255720541239038,
        0.044259329325940164,
        -1.0948248945668835,
        0.35260764257326277,
        0.5385672959776459,
        -0.4603014439449261,
        -0.15694856121378137,
        0.36291547344357433,
        0.11408731383877901,
        0.017010370702232727,
        0.40468475463087406,
        -0.7951464576312458,
        0.7864092548094513,
        2.952468182475353,
        0.37034543272827875,
        -1.8658692534194077,
        -0.1561703400831486,
        0.0676758076048907,
        -0.5684473823307907,
        1.0621452468053865,
        0.7034290733182189,
        0.8414185628885543,
        -0.4938739901800321,
        0.8513729107434286,
        0.2715627277950429,
        2.435809331521812,
        0.8708720986300394,
        -0.7477083131822395,
        0.10551356182359597,
        1.5141601577317187,
        -1.01788708605247,
        -0.4967677080752894,
        0.46931356578491035,
        -0.5192499228081149,
        1.373397203691587,
        -2.3443302744021794,
        0.9216693132907486,
        0.6713930978716873,
        0.41040969177819636,
        1.96718108812318,
        1.6680798999815507,
        0.752943976336261,
        1.210300091532372,
        1.1319184345100244,
        -0.29976980182960494,
        2.4734167161735687,
        0.4663362096510579,
        -0.3006081918971766,
        -0.8930179106515708,
        0.46392300867281444,
        -0.0033061410244173,
        -0.5723677056929197,
        0.3627365427743595,
        0.28225901553397,
        0.40455463504488043,
        0.9791393678076791,
        0.8914851706223362,
        0.4198185881776907,
        -1.249186096250795,
        0.23066954961511182,
        0.4393878628210075,
        0.5462987844229263,
        0.514579755270674,
        -0.21748998856174886,
        -1.2253645401074686,
        -0.9492156249208826,
        0.7026817484186185,
        -1.6783767764478301,
        -0.5702336575979762,
        -0.8768433796783229,
        -0.2112728963415309,
        0.16924748128364916,
        0.09246355935520026,
        0.34603427644792517,
        0.9034306559289373,
        -0.4280814055297121,
        -0.08862494635285746,
        0.767167366051867,
        -0.7459199307799784,
        -0.5420324404625231,
        0.5662808625404857,
        -0.24881788790729548,
        -0.08092791689747034,
        1.156737109883594,
        0.3335217923934055,
        -0.11635519377971719,
        -0.3205727747397425,
        -2.116306881716244,
        -0.5204826072336701,
        0.07948076548749186,
        -0.7049669455874122,
        0.46804046639407626,
        -0.722990301097774,
        -1.2687200283950941,
        -1.4845732159069687,
        0.2844536696046628,
        0.8916917047286067,
        -2.0454514874747978,
        -0.2319855544715822,
        0.49470218667862004,
        1.2311499506702048,
        0.15943321257275223,
        1.057578469225385,
        -1.3736774488047416,
        -1.066043914651554,
        -0.17881245511443675,
        1.5373272047061328,
        -0.8070961230264889,
        1.2355632468785918,
        -1.9294628217773038,
        1.2250516430139855,
        0.6845441027241086,
        -0.17739060140042762,
        -0.9763322827879886,
        0.19109944727785416,
        -1.040312195317945,
        -0.030017019535332784,
        1.1987510143826796,
        -0.9273943025926468,
        1.3795043207028144,
        1.303921565078931,
        -0.46844924224229967,
        0.3173125208784746,
        -0.0832844498419447,
        0.1907052992409204,
        1.2679955806822614,
        0.4609214019740688,
        -0.498115823996383,
        0.9579540776349964,
        -0.028871951499610284,
        0.4492533899719877,
        0.4515825351232473,
        0.8569925653527946,
        0.18294454359222806,
        -0.8198844959027246,
        1.383415907218976,
        1.0725640428972985,
        1.7176458306549147,
        0.7137944565337486,
        -1.0240409542973685,
