{
    "idx": 703853,
    "fights": [
        {
            "enemy": 5,
            "fitness": 89.83520306650938,
            "player_life": 53.200000000000315,
            "enemy_life": 0,
            "time": 241
        },
        {
            "enemy": 6,
            "fitness": 39.80150296873418,
            "player_life": 0,
            "enemy_life": 50.0,
            "time": 181
        },
        {
            "enemy": 7,
            "fitness": 89.82192069107684,
            "player_life": 52.600000000000314,
            "enemy_life": 0,
            "time": 230
        },
        {
            "enemy": 8,
            "fitness": 86.33574420258549,
            "player_life": 22.600000000000243,
            "enemy_life": 0,
            "time": 374
        }
    ],
    "weights": [
        0.1535113974913461,
        0.18899735575930954,
        0.6227941624681167,
        -0.05501864383874273,
        -0.5998284796004881,
        0.19527440289795792,
        -1.383146901645274,
        0.47904753370209263,
        -0.41992600252379864,
        0.7957903356013285,
        -0.5502275348357094,
        0.5997178535452119,
        -1.018767682516034,
        -0.6649562354855291,
        -0.506506736521931,
        1.483200552412089,
        -0.22436214825566672,
        1.4331973859632297,
        0.2863930539654902,
        -0.019349904269371672,
        -1.071814351457628,
        -0.17913756470003273,
        1.7558775485460747,
        0.6745772880332437,
        0.44503500768425486,
        1.5198058900910587,
        -1.2312334034098538,
        0.311417793523359,
        0.2999713633060962,
        0.7528150283960898,
        -0.4744935309357494,
        -0.3963027279681427,
        -1.0181279757135149,
        0.768044539874554,
        0.9994650149620903,
        -0.4598840565107325,
        0.5060193766467929,
        -0.47581153460309006,
        0.18134570956261298,
        0.475506809560086,
        -0.6302315842119726,
        -0.4141474884010099,
        1.0462648178246639,
        0.38600100817686916,
        -0.29325331664244003,
        -0.3514956945830362,
        0.7777422853682244,
        -0.2999995126082714,
        0.03867872651437346,
        1.075529805689012,
        0.006692560336945154,
        1.5266332728869765,
        -1.1282081798742352,
        -0.6201682971928332,
        -0.019342135200101918,
        1.7976211761712815,
        0.47788710509906096,
        -0.18837470849861326,
        -1.1475250749574408,
        0.33816895377994766,
        0.3465056191586294,
        -0.9640713282267795,
        -0.9977296800980122,
        0.04401798153308953,
        0.6170666449819525,
        0.48490993619463574,
        -0.5541320335968766,
        0.932917472882263,
        -0.1270611768579227,
        0.09630536733736837,
        1.1073949934683232,
        -0.2701638060654931,
        -1.2033119012678577,
        0.09458335166768399,
        -0.588685132573282,
        -1.6042983731253249,
        -0.06589735512860255,
        -0.6447589725546794,
        1.1859737296252109,
        0.4962898522003021,
        0.6081156610609146,
        0.4062510939871988,
        0.45481076685040894,
        0.7225189792147778,
        -0.028005715403658704,
        -0.40289883080182193,
        -0.2855516709033731,
        1.0393009906862718,
        -0.0947964903680816,
        -0.17228058324935824,
        -0.11916333277091093,
        -0.7915411223033583,
        -0.4056864529512032,
        -0.4079530715667078,
        0.6781439119539975,
        -0.5273513821101377,
        -0.221924156387171,
        -0.11387917901762348,
        1.3166628728447787,
        -0.6978087131411101,
        1.1539913306426686,
        -1.6247483845389685,
        -0.5808665924663312,
        -0.8170192744137618,
        0.6039838907091194,
        0.533646066932175,
        0.3993181053407602,
        -1.0843040695378852,
        0.8078578314705372,
        -0.8500391393493094,
        -0.9246245102692827,
        -0.06482040969007226,
        0.6115342245971972,
        -0.5298003031821512,
        -0.9577627502156534,
        0.0743191801092991,
        -0.5747242281781861,
        -1.3701367917130345,
        0.24167319695481804,
        0.5794603319934394,
        0.02954230598849511,
        1.5560342415226722,
        0.4412074152507308,
        -0.690550637917441,
        1.5173300075454816,
        1.2928267593365883,
        -0.03181381356877254,
        -0.810196388789385,
        -0.6335018138634334,
        -0.7360566037576713,
        0.2997095996338992,
        0.5395083028841603,
        -0.3599386739696747,
        0.3570401869188049,
        0.02858755050710423,
        0.6129967340760002,
        -0.28013606489192366,
        1.5180488175584057,
        0.07190511326032846,
        0.6414661302664235,
        1.5942832106322586,
        1.1065072244485832,
        -0.6818660097335367,
        0.408507373517052,
        0.49597791765713484,
        -0.8384017939590669,
        0.9624431857121865,
        -0.21939047917094393,
        0.5763424164486588,
        -0.2896915013453289,
        -0.689500463617155,
        0.9499511192763711,
        1.2326292964747707,
        -0.4183830120643538,
        0.9422791043946427,
        0.4701250448046762,
        0.12474997853221464,
        0.6588113107182102,
        0.8957332168884208,
        -0.5659841351754428,
        -0.9843206455947431,
        0.7325063045760397,
        0.16118832361861796,
        -0.3857644969205073,
        -0.40199801706818894,
        0.32628140671832995,
        0.3456170584914738,
        0.02889414172315144,
        0.4796544596594792,
        0.39444796485024664,
        0.06204777224187513,
        0.18446854310872485,
        0.4796680347015336,
        -0.09307452911439781,
        0.7349119811830322,
        0.18128601722496493,
        -0.16593498666280104,
        -0.8601948962566464,
        0.20291193627433382,
        -0.3146879248850206,
        -0.8150111346923966,
        -0.6406470091145597,
        -0.27581985281408805,
        0.6420275501265047,
        0.06839089681010224,
        0.502993766651993,
        0.1903494338377139,
        -0.8433719274855295,
        0.35601349179652153,
        0.6742034457929894,
        0.39171837461184195,
        0.2704429478265262,
        0.7220089949353713,
        -0.5273057239157019,
        0.01468291462410825,
        0.8126764147325749,
        0.27917711827913794,
        -0.0766952006054073,
        -0.8611201677351866,
        -1.1082614219662452,
        -0.9405243605009841,
        -0.6817092336312074,
        -0.7743095084362261,
        1.6267890484151866,
        -0.003150886356059146,
        -0.8034705832374435,
        -0.9942288579033404,
        0.7470086323246008,
        0.9883088481664715,
        -1.38257872522218,
        -0.22151425009712825,
        0.8565653537151221,
        0.9645266428790674,
        -0.6257292331479803,
        0.8903208926960943,
        -0.4804756999054526,
        -1.3273883835579257,
        0.4471562959339064,
        0.7515197895855127,
        0.09423363347759314,
        0.7989330608988932,
        -0.9172800258032446,
        0.6024087936308863,
        -0.17647413062467626,
        -0.1803801386834523,
        -1.241002455498583,
        1.4287220195757626,
        0.2753753277431037,
        -0.09973506457961262,
        0.5891406025336565,
        -0.979155453955586,
        0.36624206205369203,
        1.6015409522837953,
        -0.7317682565050629,
        -0.1216118363726168,
        -1.0355553059295015,
        1.20254323176428,
        1.2320937648524195,
        0.18270693828545168,
        0.017528367202445803,
        0.7807973381930015,
        -0.021098669221749758,
        0.6831122841868605,
        1.001477198002338,
        0.5504150316665467,
        0.5256213639616272,
        -0.4907034517809826,
        0.628735770039502,
        -0.12792858272809368,
        1.1911573907268447,
        0.7666307664965081,
