{
    "idx": 712789,
    "fights": [
        {
            "enemy": 5,
            "fitness": 87.43641489804764,
            "player_life": 31.600000000000264,
            "enemy_life": 0,
            "time": 306
        },
        {
            "enemy": 6,
            "fitness": 21.818216449707915,
            "player_life": 0,
            "enemy_life": 70.0,
            "time": 178
        },
        {
            "enemy": 7,
            "fitness": 89.35946500072774,
            "player_life": 47.8000000000003,
            "enemy_life": 0,
            "time": 226
        },
        {
            "enemy": 8,
            "fitness": 86.95935834262663,
            "player_life": 28.000000000000256,
            "enemy_life": 0,
            "time": 344
        }
    ],
    "weights": [
        1.2256298956511498,
        0.5515552396660216,
        1.4586690655127557,
        -1.0929530574008772,
        -1.456179258723932,
        0.2885860775970153,
        -0.9765933375525646,
        1.6150634324546225,
        -0.9386011242238067,
        0.7849199529523067,
        -0.42065831658305103,
        -1.051856181427038,
        -0.5003933165780249,
        0.2948866971028587,
        -0.5977544809634031,
        2.970158408761186,
        2.545879952607044,
        1.8285508977415121,
        0.562960895255438,
        2.764640104235664,
        -1.6485722151354205,
        -0.004790895141787739,
        1.2616793159790192,
        2.048867344910163,
        0.06909092555986829,
        1.4948379523609914,
        -1.596317143090691,
        0.5715086983670018,
        1.4828280736941228,
        0.2999816256331431,
        -0.5222327958727431,
        -0.9340002975624143,
        -0.8328952480503515,
        -1.2661961580234629,
        0.939439904557327,
        -0.8548559529791321,
        0.47125852099897025,
        -1.119765847564698,
        -0.14565168030159042,
        1.087325956045711,
        -0.814745245654321,
        -1.1126729805682163,
        0.4782803866820265,
        0.9337756995897952,
        0.6055452160000914,
        -0.724534908459416,
        0.96304473102802,
        0.618441128617373,
        1.0005042443694991,
        0.8143487102211642,
        -0.6767198757701071,
        1.557229794549034,
        -1.8324557485931818,
        -1.2806298271563465,
        -0.9142939822668512,
        1.5551929676522465,
        0.4565883879099682,
        -0.6287931845651176,
        -2.3338967069597976,
        -0.28875054636732705,
        0.27642837720077557,
        -1.1676861750158058,
        -1.5609987080005263,
        0.1193314947918139,
        0.9766978052536776,
        0.7847356878784528,
        -0.1188644977749659,
        1.1714164569184675,
        -0.7907553118928471,
        -0.10884894365595917,
        3.047965153028092,
        -1.2107698396624262,
        0.2095453754184924,
        -0.16197299265261333,
        0.467681898182629,
        -3.038104878305066,
        -0.8314775719999625,
        -1.0763313379682715,
        1.175520799484536,
        -0.23774947194842425,
        0.9430953538908224,
        -0.13714351396044655,
        0.008693670358255912,
        2.906768954137275,
        -0.4389880287082816,
        -0.8631949253020396,
        0.15609567057645563,
        1.1777855337605272,
        0.009273300406181989,
        -1.3643683424940083,
        0.33959586269667164,
        -0.6694685537372803,
        -0.9705937661753276,
        -0.5090165205948747,
        -0.01246856224812104,
        -0.40981495653301747,
        -0.5931850302098584,
        0.8063847330897481,
        1.9285111337132956,
        -0.6728429024095574,
        0.9118250699779197,
        -1.5281637046341492,
        0.950602629749316,
        0.8459242574728004,
        1.3724702900404966,
        1.0358587157356698,
        -0.3823031046877085,
        -0.9806783860637793,
        0.7454135498381348,
        -1.5192183401153783,
        -0.06927047519033663,
        -0.7914660582341487,
        0.697643101079655,
        0.27956536690253037,
        -0.7451024777932458,
        -0.4819790535186713,
        0.2551615529929247,
        -0.91277943748002,
        0.6379617180822228,
        0.9083499650995238,
        1.3694825596040616,
        0.5622046400345228,
        0.25845519396671585,
        -0.5293288590836991,
        2.179644131537336,
        1.2021648285716655,
        0.3526139049637787,
        -1.250821480498335,
        -0.7159511300971239,
        0.31212915092002846,
        -1.1272969264035826,
        0.7135092778956572,
        0.9124670043987166,
        0.3361991772692007,
        0.5749564183430276,
        1.238307788407992,
        0.18276439398474084,
        2.010995478183658,
        0.5003471850203349,
        -0.013619360447092131,
        1.2245220690586196,
        1.8890020013044366,
        -0.23748982795211404,
        0.6623770153667803,
        -0.27662210823049427,
        -1.1390553450982264,
        0.6531528034935783,
        -0.9394592251450471,
        1.0331028890723217,
        -0.16470714806853848,
        0.06316661854262455,
        1.5892375594939558,
        1.634803513383975,
        0.1791125173932532,
        1.8898341761915682,
        0.8796606705331007,
        -0.33158516390082743,
        2.2692831339055393,
        1.569671721515494,
        0.014607946593827588,
        -1.7894621719191304,
        -0.7825981826541147,
        0.47366020936423925,
        -0.5244458026584146,
        0.2212363604985979,
        0.9026146585305528,
        -0.10017547479385386,
        -0.12080374143029776,
        0.6756918723980789,
        0.2741383628835721,
        -0.34668520060000085,
        0.2855963380739628,
        0.7774919863467702,
        0.24482510066060814,
        -0.1429786486891087,
        -0.47184760311736557,
        -0.09026763459811776,
        -1.6152614019807527,
        0.5902139743513654,
        -1.4781777058437886,
        0.6500950185162532,
        0.41249504456828306,
        -0.3726417099604253,
        0.44105934217216003,
        -0.047220315402113605,
        0.7142890820205515,
        0.774014787414066,
        -0.37432815428377164,
        0.08426439317483114,
        0.23767654042792968,
        0.6967573254112306,
        -0.13628207219220081,
        0.3811817036106964,
        -0.7409972254486055,
        -0.6467326779251626,
        0.2524465974696275,
        0.22583345973372332,
        -0.6534539652498887,
        -0.7194093140013166,
        -2.48375587716611,
        -0.7122965656184198,
        0.12367537128764858,
        -0.8407940803404147,
        2.1818017918641424,
        0.33838709354603363,
        -2.3201768333407933,
        -1.4090809028853861,
        1.0214884012724337,
        1.097586854446868,
        -1.653437025833561,
        0.3116655378663671,
        0.23509619686505323,
        1.5769201695351882,
        -0.48896578869974455,
        1.2532956706102358,
        -1.187331604911626,
        -0.9492784264061128,
        0.9255880459741379,
        0.38922616909220425,
        -0.4931372872892893,
        1.4096499846813175,
        -1.152660386820612,
        0.9049157551238097,
        0.07609639673934762,
        0.06965588108721807,
        -1.3467051263365615,
        0.3128875934506636,
        -1.0260263037036477,
        0.3797824744243185,
        1.9088639003023078,
        -0.7940850298608484,
        1.2283043944065577,
        2.4533458614644226,
        0.5307885683501639,
        1.0846596828869248,
        -0.6222684014434695,
        0.8374228850085174,
        0.6272021290598413,
        0.7811147890497996,
        -0.13630644681887924,
        0.7419222392612842,
        0.5646590598647786,
        0.14987778120716017,
        0.46597346325016975,
        0.6839116132148836,
        0.8847509075001723,
        -1.7675955381111468,
        0.885361180193585,
        1.3314008811276108,
        1.541455762979802,
        0.5556506038972746,
        -0.6692694975708098,
