{
    "idx": 701754,
    "fights": [
        {
            "enemy": 5,
            "fitness": 89.41052820481508,
            "player_life": 50.20000000000031,
            "enemy_life": 0,
            "time": 273
        },
        {
            "enemy": 6,
            "fitness": 22.09472522156157,
            "player_life": 0,
            "enemy_life": 70.0,
            "time": 135
        },
        {
            "enemy": 7,
            "fitness": 89.90389959779561,
            "player_life": 53.200000000000315,
            "enemy_life": 0,
            "time": 225
        },
        {
            "enemy": 8,
            "fitness": 86.95935834262663,
            "player_life": 28.000000000000256,
            "enemy_life": 0,
            "time": 344
        }
    ],
    "weights": [
        0.8927098364354484,
        0.5504273621583413,
        0.9805898560913316,
        -0.9225206799875946,
        -1.5732018700126498,
        0.16011206403728445,
        -1.511623227677026,
        1.8575073815053313,
        -0.35165284720205225,
        0.8251571371503691,
        -0.2211606469855601,
        -0.7806411101262859,
        -1.0958241927125387,
        -0.364225239855758,
        -0.8061369427736267,
        2.2713656060575067,
        0.3169097960570627,
        0.5357499809258855,
        0.2901702445145659,
        2.243393671493516,
        -1.3597118600912668,
        0.7784948977870043,
        2.1362218862988906,
        1.0588856396880504,
        0.5927761524991115,
        1.613966339269435,
        -0.9401403300581765,
        0.2304885189871615,
        0.2202600175768653,
        0.35753908171441107,
        -0.4916943975197327,
        -0.8040509502721331,
        -1.2660679329968998,
        -0.7500279049090227,
        0.8302282186145662,
        -0.7343727455683142,
        1.1167046290125076,
        -1.3563152406744277,
        0.216033311154195,
        0.4995634121220105,
        -0.5322948800430105,
        -1.7987492887866894,
        0.5634770825924195,
        1.1001582604174798,
        -0.4132614723957227,
        -0.21099032323389283,
        1.711975247902361,
        0.3630899828719268,
        0.24331116688044177,
        1.0453744453926102,
        -0.91528623650284,
        1.6279530422886723,
        -1.6954336655778866,
        -0.968195957843083,
        -0.863161657290237,
        1.638218777440028,
        0.001057199455103297,
        0.6360739621572206,
        -1.829238260791386,
        1.1785633088875267,
        0.4959478944741889,
        -1.4966485434285368,
        -1.1302080515632489,
        1.0962854232213668,
        0.8790994303794729,
        1.2070658687904914,
        -0.6013302559981184,
        2.1862052169374633,
        -1.097887918448548,
        -0.20716763545299974,
        0.6944892769604732,
        -0.6380627663471171,
        -0.4649698384558421,
        0.044044076941942144,
        -0.19303835578950168,
        -1.8481315726134886,
        -0.5437031114054195,
        -0.548110179338938,
        0.311772535496829,
        -0.1534878922443479,
        -0.2100176766213364,
        0.323145498011895,
        0.5072472167689525,
        2.73897681927909,
        0.06328418096457286,
        -1.1348178469364414,
        -0.656793997249774,
        1.2386031574411733,
        0.8754938172151586,
        -0.06920427657073333,
        -0.67774645474042,
        -0.36644286626522127,
        -0.11039251473105104,
        0.10095297534927858,
        1.441713473860857,
        -0.9738894018649125,
        -0.6484525823511609,
        0.39199215989472735,
        1.4359619657453064,
        -0.905912762651315,
        1.225439616162671,
        -1.8520902596386577,
        0.13523895394992086,
        -0.10722822182922684,
        0.08166314854181986,
        0.751342197670426,
        0.21864717722898644,
        -1.6206209317167846,
        0.5650536139391695,
        -0.997371387911624,
        -1.3147040402751182,
        0.09303633301427083,
        0.8034010954684366,
        -0.05368975675262115,
        -0.8883848460556977,
        -0.43204807788672817,
        -0.498997252424212,
        -0.5414003055038534,
        0.2728368853542351,
        0.0652028884440218,
        0.09966785259050505,
        -0.18172648345010994,
        1.0764622405409536,
        -0.7464732951230278,
        1.125019760541219,
        1.7778561874733279,
        0.7117299814176572,
        -0.7941340219659456,
        -0.8582849968192595,
        -0.1449401880693445,
        -0.41636150466647504,
        0.40395071529559423,
        -0.3874194361231433,
        0.9766706648823567,
        0.7356800455006534,
        0.7548065040535044,
        0.4924567352019267,
        1.5459378351891961,
        0.07054765022847798,
        -0.6525396807867084,
        0.8802498581983208,
        0.8332695268871068,
        -0.5904296386849155,
        -0.6408768145550978,
        -0.1932499928365033,
        -0.3671110718000291,
        1.528048919013562,
        -0.9194280275270604,
        0.3982010947521889,
        -0.3619034638633067,
        -0.015024758507169684,
        1.5264725067307123,
        1.1928637911589715,
        0.44111941520031955,
        0.7363288091635924,
        0.7226364075552572,
        -0.2718007025223611,
        0.8398807743754151,
        0.7531354446886475,
        -0.814223635834961,
        -1.6907627392913525,
        -0.14325572089894936,
        -0.5280526975682067,
        -1.13547801507756,
        -0.23237374896068613,
        0.7029135299435014,
        0.6219240146859741,
        0.4847117197993548,
        0.5266043526279206,
        0.9288735723216031,
        -0.23366896721916558,
        0.27077826087311735,
        0.5604265350462379,
        1.0507659269047944,
        0.6022045876293344,
        0.5360736422175907,
        -0.20597459345828492,
        -1.021956436930235,
        0.603360329287199,
        0.0033257548706308315,
        0.729948760299548,
        -1.0567934360462825,
        -0.5047343203951956,
        0.39663306826697353,
        0.32151425052036087,
        1.121043518990851,
        0.6180738583285404,
        -0.2635080317136128,
        -0.002405994331172584,
        0.7815902652236743,
        0.7642828175783075,
        0.19337407765828518,
        0.212273930861958,
        -0.2767988603569579,
        -0.06763478066336671,
        1.37639875086777,
        0.22342841329348065,
        -0.17591857188336402,
        -1.0900790085190009,
        -1.3461784379902522,
        -0.889690340129242,
        -0.5705498020498998,
        -0.45500608969821443,
        0.3778408805500269,
        -0.2725216259037737,
        -1.1576171977051182,
        -0.9562685923835063,
        0.512692743497372,
        1.1969153864731064,
        -1.9783009316136468,
        -0.38296682700820883,
        0.42158410260038814,
        0.6451897126751301,
        0.09358512710923383,
        1.221982590653558,
        -1.0973923545006339,
        -2.0099434268951084,
        0.3827008518518778,
        0.9656354683940622,
        0.08286590284334919,
        1.1323448620768521,
        -0.914743491538997,
        1.5347655056435052,
        0.5336335463842969,
        -0.18590435165091065,
        -1.1158273791279998,
        0.5791143824581282,
        -0.8022763362373686,
        -0.1552242938899586,
        1.815339942142431,
        -0.9047978476922428,
        0.9721586749050719,
        1.744475191549495,
        0.0023999357555837195,
        0.2511910025472058,
        -0.8240665194042847,
        0.8043536183266402,
        1.1924965231114892,
        0.5071855946649841,
        -0.5912423968752227,
        0.8940526531106888,
        -0.012794707884945557,
        0.3983446979308382,
        0.5163331670953395,
        0.6291908067908751,
        0.7216920862459375,
        -1.1629045122484143,
        0.30487430323429854,
        1.3517290175449976,
        1.9868651347412887,
        0.33476303827477566,
        -1.3469372215987638,
