{
    "idx": 701770,
    "fights": [
        {
            "enemy": 5,
            "fitness": 88.75788117912033,
            "player_life": 43.60000000000029,
            "enemy_life": 0,
            "time": 271
        },
        {
            "enemy": 6,
            "fitness": 48.34751081973135,
            "player_life": 0,
            "enemy_life": 40.0,
            "time": 285
        },
        {
            "enemy": 7,
            "fitness": 89.35946500072774,
            "player_life": 47.8000000000003,
            "enemy_life": 0,
            "time": 226
        },
        {
            "enemy": 8,
            "fitness": 87.13935834262664,
            "player_life": 29.80000000000026,
            "enemy_life": 0,
            "time": 344
        }
    ],
    "weights": [
        0.6795083571501982,
        0.2896913222387779,
        1.2672230362569576,
        -1.0391141928468541,
        -1.4027385750004797,
        2.293873397001711,
        -1.5667751133069336,
        1.7613887644183777,
        -0.4000940063436882,
        1.0545104431089745,
        -0.32500500920034525,
        -0.7711244923369767,
        -0.7834178542021764,
        -0.45899385874399623,
        -0.8154389668985297,
        2.4659134474173214,
        -0.8139445804131797,
        0.3259490333095867,
        0.3971982933688926,
        2.134185004986396,
        -1.2839654302715557,
        0.5484960224971193,
        1.5320120883126525,
        1.0908651297866399,
        0.29719330373643,
        1.7542988768004089,
        -1.133205861896613,
        0.15455751436759443,
        0.32902314071367506,
        0.44461892875751513,
        -0.40394535993262254,
        -0.5244818340832308,
        -0.6041794564202233,
        -0.5478894818505523,
        0.7087704890247222,
        -0.6122034966230764,
        0.09451756054177898,
        -0.7665809274186313,
        0.3309159136349027,
        0.9244262951094652,
        0.0440265368491834,
        -1.6938134008754764,
        0.7943721162620146,
        0.9102562803369716,
        0.009061972044239058,
        -1.1460967769209476,
        1.8072363153642834,
        -0.2996582429847569,
        0.2346889503022916,
        1.3731042689805033,
        0.15436004884341178,
        1.6161506709142124,
        -2.139591027641598,
        -0.7355280896273179,
        -0.7380769529219957,
        1.7598197517408205,
        -0.30428899256483094,
        0.6048917686046176,
        -2.0075487284229516,
        1.3758597390785439,
        0.04857624794731588,
        -0.8167151521292759,
        -1.123629014664801,
        0.7281572231557457,
        0.5630933217856443,
        0.7922986186295463,
        -0.588549762040348,
        2.1423194374537102,
        -0.10517948838154842,
        -0.5295201039337286,
        0.587649862263557,
        0.44415764024710785,
        -0.8535717865161361,
        -0.22307689850665505,
        -0.20014959621212852,
        -1.428071807131278,
        -0.610903032643467,
        -0.43841956142402283,
        1.05218761975816,
        -0.048222662464755976,
        -0.2073081832002854,
        -0.09750011823539007,
        0.5347822477668238,
        2.3379950047577482,
        -0.47374826367273576,
        -0.5976262629638949,
        -0.8418837961911817,
        1.1539280023279879,
        0.056569666454297056,
        -0.12906903717096896,
        -0.4690067538240053,
        -0.13426582898989492,
        -0.11158676103664726,
        -0.22479598300535672,
        1.2119586087706706,
        -0.9789413071296806,
        -0.8468847113770747,
        -0.005588279314236333,
        1.3430333171692868,
        -0.7462123071116524,
        1.2549802020222822,
        -1.6763342897058555,
        0.6818288048985777,
        -0.7125195773070792,
        -0.008048869163076136,
        1.0706696233419688,
        -0.2969483068865978,
        -1.504145439553512,
        0.7218231150291072,
        -0.5681075180660844,
        -1.4652825845156336,
        0.161515031173374,
        0.7202285449280539,
        0.4492974005876179,
        -1.301172699237135,
        -0.5893659197054514,
        -0.46479847668119156,
        -0.565371686018827,
        0.6357734580487738,
        0.4951071798344002,
        0.16085216709976935,
        -0.41232862821061045,
        0.7839512506111772,
        -0.6745586747139392,
        1.417021689478731,
        1.921086067301568,
        0.6227095812093668,
        -1.3181322132926614,
        -0.17247942896628263,
        -0.2308351181112471,
        -0.21161163211167575,
        0.607400573001342,
        -0.14300551185096091,
        0.2734389135221618,
        0.4037561549235841,
        1.085752895950437,
        0.7881575799466211,
        1.366151924527973,
        0.17007277772200946,
        -0.6011721840274339,
        0.7284239528996037,
        0.9852304915719644,
        -0.6708873932548316,
        -0.29855571411308784,
        0.21837807391609826,
        -1.2975688395115996,
        1.626737948260089,
        -1.1657340449464761,
        0.6489717754827534,
        -0.4834834081560859,
        -0.03408560252612484,
        1.5050544394926886,
        1.5728683511596202,
        0.2649743403778957,
        0.8848811110220023,
        0.7504027811530001,
        -0.21875179557668614,
        0.6289328459744555,
        0.81808895780159,
        -0.29869030946121194,
        -1.72448097096808,
        0.37860197108998317,
        0.0474216078085412,
        -0.4623958954932399,
        0.48911374332949914,
        0.39743097026607893,
        0.3322005741836147,
        0.6874703419086585,
        0.4290643818286672,
        0.7966947219868655,
        -0.38864857272543696,
        0.562973122430195,
        0.5816818171473064,
        1.1319925350025752,
        0.4688239152947996,
        0.6156473131911596,
        -0.35311361258230595,
        -0.9933423763135563,
        0.4218306796375337,
        -0.29354130890130253,
        -0.22932867811896535,
        -0.4625442953160044,
        -0.6887159510804303,
        0.4371268272127779,
        0.3028119876057425,
        1.6487525232745734,
        0.9373409085012794,
        -0.26158477836878585,
        -0.032264323823873085,
        0.6774138971746955,
        0.8989854975905884,
        0.4784273229728992,
        -0.4247167007014842,
        -0.14212681241974862,
        -0.05166841308294229,
        1.108769333858817,
        0.3948030812937383,
        0.03190184570669928,
        -0.9158462710625954,
        -1.1125420179280532,
        -0.8501743531121579,
        -0.9938717284061365,
        -1.1898327575309695,
        0.5297163457914642,
        -0.35933587612050233,
        -0.5254749942791807,
        -1.0148202290254027,
        0.6752250115273317,
        0.3262388387414769,
        -1.9344526361622159,
        -0.5368405103189097,
        0.3954346888833354,
        0.47960633724649715,
        -0.4100354762391199,
        0.8972300095353231,
        -0.4335951066646573,
        -2.7138267895354495,
        0.47016792436045896,
        0.8816574796975729,
        -0.22116260647622094,
        1.1146507400452512,
        -0.7838822946634046,
        1.2171960524434913,
        0.35145519947057713,
        -0.13141973624926132,
        -1.44319734800792,
        0.001471359639373275,
        -0.951086617789512,
        0.023571199191847546,
        2.464171066918432,
        -0.9520110057207596,
        0.9703009550679692,
        1.9760246306730245,
        0.0220935139982915,
        0.4302453456931961,
        -0.49799394158409854,
        0.938159967958762,
        1.2064640448603532,
        0.5402095033723034,
        -0.5170959196547182,
        0.8487380125849376,
        0.056670223270438455,
        0.3259199151610468,
        0.6234160198496888,
        0.6181256465773622,
        1.2481511691031457,
        -0.5895345164000863,
        0.2829577956697217,
        1.1220729349874032,
        1.6586458629520582,
        0.5888806608611183,
        -0.7821702818109552,
