{
    "idx": 700281,
    "fights": [
        {
            "enemy": 5,
            "fitness": 87.19645558296867,
            "player_life": 30.40000000000026,
            "enemy_life": 0,
            "time": 345
        },
        {
            "enemy": 6,
            "fitness": 57.4165036912183,
            "player_life": 0,
            "enemy_life": 30.0,
            "time": 266
        },
        {
            "enemy": 7,
            "fitness": 90.36679402095825,
            "player_life": 56.800000000000324,
            "enemy_life": 0,
            "time": 203
        },
        {
            "enemy": 8,
            "fitness": 89.9666105112725,
            "player_life": 55.00000000000032,
            "enemy_life": 0,
            "time": 253
        }
    ],
    "weights": [
        0.3119340092568683,
        -0.37737869804277424,
        1.2030125067929693,
        -0.26480341583864564,
        -0.6132038202936907,
        0.5644635156488556,
        -0.9616698532101818,
        0.607689228108923,
        -0.5973468882047883,
        0.7149089215640182,
        -1.0552187574071197,
        0.3016150614531022,
        -0.892079006266883,
        -0.6863435578614658,
        -0.6739552777323843,
        1.6039569149941177,
        0.18190044345203377,
        2.124262265209852,
        1.1850253840400464,
        0.7402980200106827,
        -0.5783737520014307,
        -0.2026331025602344,
        1.592087192475773,
        1.5757605325071897,
        0.588605574238444,
        1.1022228526048354,
        -0.559716393274712,
        -0.30667048538946756,
        1.4031608694265716,
        0.18997579894437944,
        -0.9530452842393696,
        -0.07860098830126971,
        -0.8215290281774563,
        0.5800966527859384,
        0.4692153524274064,
        -0.6331607529958988,
        0.49154624350548787,
        -0.5217613916179744,
        0.28007362950674036,
        -0.12647757421219807,
        0.20624544613121246,
        -1.286691016115181,
        1.274545925612383,
        0.8443111365906439,
        -0.34978497331356617,
        -0.9851370348095042,
        0.7406332246304129,
        0.33733546146347954,
        -0.03209543262877264,
        1.3262179369457967,
        0.22385166092504172,
        1.5003807611095963,
        -0.7670568566656766,
        -0.8202612843343899,
        -1.1364668651959648,
        1.82928792667948,
        0.04917395189375291,
        -0.5275962250890225,
        -1.5281841090644637,
        1.1024080765042221,
        2.1073088375068845,
        -1.1310546023920192,
        -0.9583060149587307,
        0.19337793123856445,
        0.9654866146537677,
        0.3716320631019167,
        -0.3763368217090168,
        0.8581811380348293,
        -0.9303212723767045,
        -0.35588190138941744,
        1.379788100071748,
        -0.07306716016033164,
        -0.7575862160363029,
        0.3575360977305545,
        -0.5020004921250788,
        -1.7575299015001593,
        0.8215465212038058,
        -0.6700731322176707,
        0.7004830061046355,
        0.13743719827926423,
        0.10490199637779357,
        -0.28721261721583285,
        0.6885464388668404,
        0.5238497876853867,
        -0.14201109643856594,
        -1.6593490769976396,
        -0.7531456663402867,
        0.6344327418286418,
        0.31055751918778357,
        -0.7238393678906646,
        0.5138461979072533,
        -0.16318040397441988,
        0.060100910746974136,
        -0.6886100709340878,
        0.4845987642933197,
        0.7505808942733043,
        -1.1904535260808298,
        -0.4130434751470947,
        1.0896691699248833,
        -0.3568305666871668,
        1.1273906494226584,
        -1.460080324659666,
        -0.03949484111848228,
        0.19916695315173125,
        0.6163502554268081,
        0.5722234542999368,
        0.9344473074877824,
        -1.3210738683925671,
        1.0988424241656571,
        0.2833262784390896,
        -1.0086317874526418,
        0.08098400439417207,
        0.6402416733621306,
        -0.8129029386553943,
        -1.2954196277001637,
        -0.9433709111829293,
        0.882309402885783,
        -1.3846485954363927,
        -0.16935601603910438,
        0.738560657683415,
        0.11097224816992748,
        0.1555932290156689,
        0.7809708006091644,
        -0.5850877159252805,
        1.7431210913417985,
        1.0767022573474994,
        -0.21665478336003505,
        0.14202430403994495,
        -1.4523461214019506,
        -0.5831169595142814,
        0.005602768175365468,
        0.19910887199061297,
        -0.4829871488109091,
        0.12693025095996383,
        -0.32330107036556294,
        1.0898712910919217,
        -0.25352967843649493,
        1.0747992611629045,
        0.08888276141328072,
        0.6042470250476719,
        1.1363808667179898,
        0.5927299127038267,
        -0.2264035438715596,
        0.4799509918438567,
        1.6662885841109192,
        -0.8314694590273687,
        1.01104503976506,
        -0.8162413239229883,
        0.9364937833466934,
        0.1454811991318789,
        -0.48789087116475766,
        1.2351129866553254,
        1.320876763501671,
        -0.5923154642054547,
        0.9909532444394168,
        0.19926663318789395,
        0.2968222524015467,
        0.11310997669281034,
        0.12239746960820357,
        0.25908181326319724,
        -1.9243182397480922,
        1.0584283522501754,
        -0.6196995178823885,
        -0.13433436830013085,
        -1.085395537262036,
        0.34516224602518497,
        -0.17496041016565742,
        -0.5331730157839025,
        0.3820695643731246,
        -0.6260108584264001,
        -0.04217836013956172,
        0.2357619238318725,
        0.36386231483769094,
        -0.63650511180626,
        0.9425450863577263,
        -0.6590884303271235,
        0.054484211411824864,
        -0.4546243629247134,
        0.1620684603697249,
        0.1554078801334027,
        -0.6481914371400828,
        -1.013160766555196,
        -0.7594644484655972,
        0.8573657485744328,
        0.10103802036704926,
        1.3729658353898202,
        -0.3542598993888416,
        -0.5552494205487324,
        0.6206994618430666,
        0.32729890367551207,
        -0.0795492505026244,
        0.3461513033398602,
        1.0155976190402292,
        -0.24176971938037278,
        -0.20086567586214163,
        0.8089152828136259,
        0.03701647402813346,
        -0.619481385839006,
        -1.3526412148754445,
        -1.118434165191815,
        -0.5540639448110802,
        -0.19810155768675894,
        -0.40439264940480824,
        0.47991786234929207,
        0.9678320557357585,
        -0.3017827850449498,
        0.046987827734696896,
        0.31934196420959443,
        1.4266446711230008,
        -0.5001242544833712,
        0.4876819328897073,
        0.43915815125779856,
        0.8003166263738022,
        -0.44107930248431715,
        0.6862156820771385,
        -0.7981897401664496,
        -1.0324154759364277,
        0.38373084605701324,
        0.7795073042695997,
        0.2932493491326931,
        1.6708100835729378,
        -1.0348334525234768,
        1.3214788041883,
        0.0980778315196685,
        -0.24728585792285276,
        -0.9295931660793463,
        1.0011199545889347,
        0.8509105623138316,
        0.7612472017685661,
        0.4376249458049815,
        -1.1607268822137256,
        1.9377031889065757,
        2.6455062873662194,
        0.07361537689435026,
        0.4518798716306142,
        -0.04548915250448336,
        1.2738993995425747,
        0.76760977560498,
        -0.11105791703272513,
        -0.16429586393523504,
        0.578898346453297,
        -0.354064283145227,
        0.2163752993550607,
        0.6222083920572707,
        1.2706758648977639,
        0.15569014464709388,
        -1.3397238552293151,
        -0.28057858083836934,
        -0.26061040295150917,
        0.837099114672499,
        0.47125330718652825,
