{
    "idx": 704030,
    "fights": [
        {
            "enemy": 5,
            "fitness": 20.523027637110317,
            "player_life": 0,
            "enemy_life": 70.0,
            "time": 650
        },
        {
            "enemy": 6,
            "fitness": 87.03616819497442,
            "player_life": 25.00000000000025,
            "enemy_life": 0,
            "time": 236
        },
        {
            "enemy": 7,
            "fitness": 88.81504998251862,
            "player_life": 42.40000000000029,
            "enemy_life": 0,
            "time": 227
        },
        {
            "enemy": 8,
            "fitness": 86.95935834262663,
            "player_life": 28.000000000000256,
            "enemy_life": 0,
            "time": 344
        }
    ],
    "weights": [
        0.5836929162581332,
        0.6417848513364501,
        1.1862985997185438,
        -0.5481487073583127,
        -0.9263227507709693,
        0.0004034548746175287,
        -1.4289572336898821,
        1.0397078619381483,
        -0.13500848376569313,
        1.2650872422917578,
        0.3543127355380753,
        0.8807251734122833,
        -1.1436486940442416,
        -0.27538497527190314,
        -0.7570089528802613,
        2.6640562970144774,
        2.1062216549298984,
        0.6150952017734396,
        0.6586707002893641,
        2.675347783409323,
        -1.7865232779090607,
        0.042191459268934806,
        1.4229914898724731,
        2.202209017952082,
        0.3067346537371058,
        2.021096225916898,
        -1.6766346202695923,
        0.5109155845112611,
        0.9941779331695176,
        1.0638932232021268,
        -1.4674569972852396,
        -0.4593236860798354,
        -1.2791259363715999,
        -0.7835140552734349,
        -1.0270076994783968,
        0.1522328325302792,
        -0.3111423637352408,
        -1.2173691975190362,
        -0.5282979038413869,
        -0.04371848675319551,
        -0.22444332003111078,
        -0.5848603621621099,
        0.8935763092317254,
        0.5992215117797234,
        0.6271446858467014,
        -0.841576467616977,
        0.9328826232247421,
        -0.2075463571868294,
        1.268878287614027,
        1.1023353726698153,
        -1.0717615950266097,
        1.3500278762906472,
        -1.7993400429722473,
        -0.9672522133651602,
        -0.8173725471543105,
        1.2862828919821934,
        0.10570027320919959,
        0.6274299994771455,
        -2.109461178076394,
        0.04166713863610931,
        1.162242483390872,
        -0.5202436897454886,
        0.2538932557530273,
        0.482507280575765,
        0.49015503433650265,
        2.3642941892359985,
        -0.9521361161040581,
        1.3423819440800395,
        -0.7008592609066918,
        0.275040250313102,
        0.940832803275697,
        -0.7800509547489113,
        -0.2481432926054752,
        0.42921696039607626,
        -0.5658549231480996,
        -1.2411895123645404,
        -0.07894459510058721,
        -0.27505009468573954,
        0.8232561364081818,
        0.6045674095659506,
        0.5038773109503735,
        -0.20243456882550295,
        0.7156384078882418,
        3.18827405800545,
        -0.2558830363378213,
        -0.7532787050144589,
        0.11208260514136552,
        0.8284039461813353,
        0.7084277239220425,
        -1.6080396506897472,
        -0.8070642315800344,
        -0.47974218758648224,
        0.1278407711796809,
        -1.6379610343792075,
        0.68777657132273,
        -0.4454075784184615,
        -0.5593975727538677,
        0.31371642374369924,
        2.1013901489055007,
        -0.7019632998034973,
        0.8697549146352103,
        -1.9865543821345004,
        0.09491554473315691,
        -0.7141811938583977,
        0.319225554608622,
        0.6150770859076651,
        -0.25603012314303,
        -0.8905257987012807,
        1.3796643719027186,
        -1.0269280504332319,
        0.43123710151349287,
        -1.039713340074294,
        1.1129730972917928,
        0.4114381438579028,
        -1.0046970720801571,
        -0.32712115398210284,
        0.16728041672739713,
        -0.6941346177586762,
        0.00900693659487669,
        0.32466735859353724,
        0.9274503385963719,
        0.7178239850769688,
        0.3963986386594347,
        -1.5686138630239743,
        0.9794028372222426,
        2.5536004892954924,
        0.2542934436772058,
        -1.422020749639438,
        -0.990170080428743,
        0.3327153472757567,
        -0.6462221791124575,
        0.24235100754969416,
        -0.033248226997835674,
        -0.033217311389107884,
        0.5899000724292052,
        0.656347705101906,
        0.4867648161506659,
        2.1027629027767576,
        0.2788803026174527,
        -1.0115928270612782,
        1.4415898071989066,
        1.4452820664971713,
        -1.4578100080046057,
        0.1246472771787357,
        0.13491222376298792,
        -1.0582904310775685,
        0.6162050132100438,
        -1.6610774374746253,
        1.3835318629830549,
        0.6887194176874414,
        -0.5912612983330406,
        1.2843297733093744,
        1.7364324639404138,
        0.42489852005351686,
        1.1892881409454932,
        1.1805568484495303,
        -0.14118195855013352,
        0.8282347163564475,
        0.7343274763855281,
        -0.7572911373904883,
        -0.630065459301513,
        1.1200186953074007,
        -0.05056940494962174,
        -0.4942282436276805,
        1.4643754399219997,
        -0.11789685961456384,
        0.569287278383092,
        1.0186946009777988,
        0.6238404023529128,
        0.0987589831737005,
        -1.5463384381780554,
        0.41566878224274345,
        0.6523429050643866,
        0.6630609856349464,
        0.7215807073671406,
        -0.5466496274544765,
        -1.0244174918946067,
        -0.7586561869210393,
        0.5610980066295056,
        -1.47610462405946,
        -0.20449947526853193,
        0.38733388924332834,
        -0.5817037009037399,
        0.6163198243942326,
        0.4206373422165528,
        1.0494267406937938,
        0.07449790238766772,
        -0.46968097369151796,
        -0.1379659126977158,
        0.4625170553319211,
        -0.2066837592203163,
        0.28932007837778095,
        -0.333307803460036,
        0.05913567370905247,
        -0.28052678589016133,
        0.5150759294919165,
        -0.02380255560050551,
        -0.12673356227954546,
        -0.7242997155807059,
        -1.6607889765684616,
        -0.6191433182451976,
        -0.022754191406598945,
        -0.14742881499566252,
        2.1203417397433726,
        -0.8187396771289897,
        -0.760105069552155,
        -1.0392282930624115,
        0.7252489731692222,
        1.191060820645253,
        -2.047342030036654,
        -0.2643100964306371,
        0.31663323543048316,
        0.9164426585360745,
        0.25961971152973756,
        1.344233686326114,
        -1.0322067581543422,
        -1.5438875001139785,
        -0.11754770130207073,
        0.7274093679977606,
        -0.5344032469392438,
        1.2661429687823345,
        -1.3699630308350517,
        0.9085151735607194,
        0.7837103798374458,
        0.4579519185356912,
        -1.2743636341210773,
        1.2583423967225127,
        -1.4063448325576178,
        -0.30337324785890496,
        1.7481683138569921,
        -0.6655986774295362,
        1.1052713561988,
        1.7664965076066173,
        0.5172363416952033,
        0.3836597893578306,
        -0.50523025624449,
        0.7229026957424376,
        0.7952601713015011,
        0.522158631618213,
        -0.8567087889879832,
        0.6692436516350503,
        0.07711381989760233,
        -0.07597879025456958,
        0.6977082022819403,
        1.1164288493824546,
        0.8667307816805905,
        -1.0083897081861333,
        1.0234600189952343,
        1.4042771194049286,
        0.7004530692229516,
        0.8015564383749199,
        -0.7530298115646658,
