{
    "idx": 703931,
    "fights": [
        {
            "enemy": 5,
            "fitness": 88.17794861721985,
            "player_life": 39.40000000000028,
            "enemy_life": 0,
            "time": 318
        },
        {
            "enemy": 6,
            "fitness": 48.43931836898447,
            "player_life": 0,
            "enemy_life": 40.0,
            "time": 260
        },
        {
            "enemy": 7,
            "fitness": 90.31402398497818,
            "player_life": 56.800000000000324,
            "enemy_life": 0,
            "time": 214
        },
        {
            "enemy": 8,
            "fitness": 88.81968822339262,
            "player_life": 45.4000000000003,
            "enemy_life": 0,
            "time": 305
        }
    ],
    "weights": [
        1.0665245801935512,
        0.3047331991929915,
        1.2079820929914837,
        -0.29326925126934233,
        -0.24845768535863166,
        0.19244035783223626,
        -0.7231059266641614,
        1.0850452868785665,
        -0.8391122893963774,
        0.20263752477177732,
        -0.3316229073373643,
        0.87260822407994,
        -0.8697160924789715,
        -0.6720317600492345,
        -0.8018006322244203,
        1.3400088016935199,
        -0.40306731071235,
        1.7342782923381033,
        0.43292665839159755,
        0.11366556399140834,
        -0.9017674783819324,
        -0.20178268160047177,
        1.8371265440375213,
        0.39279262262041337,
        0.23050480897836367,
        2.4544961958706693,
        -1.325469247322686,
        -0.1374721122899466,
        0.7373869152819307,
        0.33805527697808174,
        -0.6009324264582068,
        -0.9761929245479843,
        -1.0324020671526166,
        -0.2663017399643785,
        1.1148966045658242,
        -0.5177882566019153,
        0.47645554258766754,
        -0.7253480986323089,
        -0.030682852474238187,
        0.024177755343287418,
        -0.3541716822267873,
        -0.834645664894247,
        0.5213274519097097,
        0.2857163481967909,
        -0.33110963580682395,
        -0.29627386382998677,
        0.5443125454376924,
        0.8469843527724281,
        0.2195235218977823,
        0.35296832492060387,
        -0.20892048790536677,
        1.5058253365635226,
        -1.2950989184901398,
        -0.3353742124172371,
        -0.20688583943945327,
        1.574250670163747,
        0.6880591217141223,
        0.22017218074872663,
        -1.7671577961053426,
        0.7203439575624971,
        1.2706444573720193,
        -1.0122267550341018,
        -0.03388690399133915,
        -0.1325531670787736,
        0.5785185287642677,
        0.6550141955291331,
        -0.35022072922615155,
        1.0975652017340929,
        -0.361985784107814,
        -0.29994694684801965,
        1.0242586532028268,
        -0.4113707036661842,
        -1.2395550368618948,
        0.0020288207702422317,
        -0.7132463124360887,
        -2.0569500195938826,
        0.14746930891428747,
        -0.6858336599162371,
        1.3745940514710804,
        0.5559034969610381,
        0.19674557085526267,
        0.27983377216532934,
        0.33046310501000226,
        1.1959527063792263,
        0.18955597027150867,
        -0.7698114957767387,
        -0.09262056917413158,
        0.8772924697435998,
        0.24556350759242,
        -0.6072115188621716,
        0.018677832683392737,
        -1.3104150414044777,
        0.3454641751075535,
        -0.2193121222206869,
        0.5862773464510803,
        -0.4150819166492695,
        -0.3584044049226333,
        -0.237689701991374,
        1.8713438076172881,
        -0.7961946507570036,
        1.4494288849898505,
        -0.9810816346307851,
        -0.15270067128092024,
        -0.47486673224232673,
        -0.3965047044815877,
        0.46807580968355866,
        0.6846061169352746,
        -1.2638500048612948,
        0.33511996311852227,
        -0.5754454777490552,
        -1.394677346111328,
        0.04028387970887906,
        0.3719145159519929,
        -0.697733909857721,
        -0.948852960902363,
        -0.05545468462666993,
        0.031106564575439657,
        -0.6313070309685,
        0.24755083699665573,
        0.3335723351104364,
        -0.20637516552569646,
        1.2363962183789776,
        0.6149391806022891,
        -1.1919978713765864,
        1.3322646875013446,
        1.2991442790485115,
        0.26620205455179147,
        -0.9834828914933408,
        -0.9564790249422473,
        -1.104719109256525,
        0.21711205224175223,
        0.8204557235136543,
        -0.4048701615382604,
        0.14350753916052061,
        0.02982707610287294,
        0.5340789738184141,
        -0.14169063683473987,
        0.963856842922816,
        0.1996094551045378,
        0.08289485502717109,
        1.2344907242652141,
        0.867484294489254,
        -0.6508738185849531,
        0.35698104157571714,
        0.5959310704754142,
        -0.46112543246349114,
        1.006243320824598,
        -0.9146308189565853,
        0.3970988413260202,
        -0.4261667669623937,
        -0.005903147364819561,
        1.019636555312375,
        1.5430580936518146,
        -0.6319407222706651,
        1.6124201396777578,
        0.6943979474253391,
        0.48219942932317506,
        0.6333536154818462,
        0.5725464693229362,
        -0.6319605325028339,
        -1.030966161218862,
        0.41169257617806976,
        0.5569394629217302,
        -0.3821702053231979,
        -0.0939263165248436,
        1.062705253119205,
        0.4779573685981636,
        -0.3467636740342297,
        0.41020291960840144,
        0.4881396399810289,
        0.27372706639176353,
        0.13384181871759757,
        0.2583739842531115,
        -0.45711124874461573,
        1.1232241052626812,
        -0.052997369157881814,
        -0.14749492905995876,
        -0.9122718524589185,
        0.06066138274553823,
        0.2127825489654478,
        -0.9463707156678214,
        -0.31389544809075043,
        -0.04356615203850604,
        0.6793055923526595,
        0.7283463234651926,
        0.6110342170835702,
        0.2779748552579085,
        -0.852525093860939,
        0.445056235927786,
        0.8241576573415623,
        0.903119864972837,
        -0.36642263524297813,
        0.40480995335528924,
        -0.5871474556260855,
        0.2587260675179866,
        0.8928443641707494,
        0.8129414389151931,
        -0.7611826981644783,
        -0.6855099898587316,
        -1.6296930731954364,
        -0.7377369383342499,
        -0.5451616424568407,
        -0.4149201414477868,
        1.4647763499354025,
        0.309883550536176,
        -1.0836312664117072,
        -0.8770153871981716,
        0.08968007132840584,
        0.27745285431501165,
        -1.0855700959505146,
        -0.2878332796851959,
        1.0769248559534692,
        0.6831540958401726,
        -0.6974807273951259,
        0.8006076619079594,
        0.0391358811604242,
        -1.4466498254424953,
        0.7463302157713689,
        0.6847955917800385,
        0.3015502905900662,
        1.058346322128663,
        -0.49655153054126666,
        1.6305212668820377,
        -0.15069040590936778,
        0.12470766732092735,
        -0.8269959772854257,
        1.4591787601598576,
        -0.34072830147955463,
        0.10467902773484888,
        0.11520719199027352,
        -1.23358548699682,
        0.5992894370117416,
        1.6769805646785751,
        -0.07430675221621784,
        0.11748205212525423,
        -1.14897416962115,
        1.1475509567864444,
        0.9445642034810283,
        1.101856720910234,
        0.12281358279949628,
        0.7505844068410492,
        -0.375987709490654,
        0.15343985005003852,
        0.9881522584229616,
        0.04544535779781289,
        0.9371250440999097,
        -0.9058942021711089,
        -0.03930525603440898,
        0.21418284579715807,
        0.6878491028112788,
        0.7654594366586057,
