{
    "idx": 700593,
    "fights": [
        {
            "enemy": 5,
            "fitness": 90.33853908213779,
            "player_life": 58.60000000000033,
            "enemy_life": 0,
            "time": 250
        },
        {
            "enemy": 6,
            "fitness": 30.67212383121042,
            "player_life": 0,
            "enemy_life": 60.0,
            "time": 206
        },
        {
            "enemy": 7,
            "fitness": 89.01289246928256,
            "player_life": 43.60000000000029,
            "enemy_life": 0,
            "time": 210
        },
        {
            "enemy": 8,
            "fitness": 88.81968822339262,
            "player_life": 45.4000000000003,
            "enemy_life": 0,
            "time": 305
        }
    ],
    "weights": [
        0.7357238085634366,
        0.49167598623079384,
        0.3070971813542011,
        -0.4988534295169438,
        -1.3163247273298562,
        0.5031353595494172,
        -1.645263921885937,
        0.19261401997681776,
        -0.5037405464426408,
        0.8979445933228687,
        -0.22529994670288997,
        -0.5730727806975453,
        -0.3451322903766086,
        -0.4310275284834729,
        -0.6881599139889014,
        2.2510101172773704,
        -0.6554209219054528,
        1.1331052125141823,
        0.8064203483590572,
        1.671517176512873,
        -0.37966462579598953,
        0.45681347491903646,
        1.0935423719801942,
        0.6425360224727448,
        0.5818177771401337,
        1.5873610201611235,
        -0.7233169773150158,
        0.23003715530923158,
        0.2900140041496654,
        0.3764751934607867,
        -0.046438983707528025,
        -0.06124790372696465,
        -1.284328864804557,
        0.0015845204495593956,
        1.4018589097996799,
        -0.022030118334778886,
        0.22821864733045755,
        -1.0270412192495981,
        0.2101707453688373,
        0.7610092500437811,
        0.42317606779369077,
        -1.4830605932898187,
        0.6259444921983409,
        0.5448145797462582,
        -0.4338787708145649,
        -0.8065312915325497,
        1.4775523287088559,
        0.04991813974387302,
        0.9150051298053512,
        1.7295492131110997,
        -0.26929056859402173,
        1.3936410439117237,
        -1.2632552283441,
        -0.9439208223798313,
        -0.2741026842902958,
        1.842133606155281,
        -0.07501936762333247,
        0.1537090685953311,
        -1.2039563551345815,
        0.29550763036633,
        0.9249894902817265,
        -1.1086136369747361,
        -1.3217148298966188,
        0.7021739687077294,
        0.5319035947090058,
        0.31548159563398714,
        -0.07512266958851971,
        1.3986947986553984,
        -0.20425214804517172,
        -0.05195604434012116,
        0.4980930387614426,
        -0.3620785703171167,
        -0.20094108587415893,
        0.02237681595342292,
        0.15948599521749537,
        -2.077736278213678,
        -0.9725125435918122,
        -0.8254852417735354,
        0.39488706991752975,
        0.5675915027103478,
        0.2558981423280408,
        -0.35348050412325227,
        -0.17915263547117322,
        3.705363869019718,
        -0.4101292238694981,
        -1.1507473484327995,
        0.6484241043807455,
        0.5030995957963489,
        0.8249827410032489,
        -0.4156078628605562,
        -0.20113656103003605,
        -0.5897764731877824,
        0.2282818597058916,
        -0.703587419846638,
        0.16643860530568189,
        -0.34773587273187445,
        -0.09693628515567626,
        0.4988329983819327,
        1.3042648839359585,
        -0.7888668532939717,
        0.9318830817393414,
        -1.5067510381832425,
        -0.2629495948558118,
        -0.011931017851830497,
        -0.14153333999995502,
        0.4379248015916158,
        0.9808204654914955,
        -1.9296924594215634,
        1.1805331801170984,
        -0.06828265044433326,
        -1.013852173470047,
        0.03123471589510659,
        0.8247665083411341,
        -0.009087217425896743,
        -1.5161845393526494,
        -0.602190166564249,
        -0.05870596637840987,
        -0.9784527732299934,
        0.40263869847551975,
        0.5313374948275063,
        0.04108633097845202,
        0.513949833106799,
        0.6472787688873639,
        -0.9431260019763973,
        1.3530593625672573,
        1.745416579212625,
        -0.251852246054413,
        -0.9424809490262438,
        -0.3928668379037267,
        -0.719693253480493,
        -0.07555768056601983,
        0.44968903918980885,
        -0.16589834863156455,
        0.6742503561965865,
        1.498459874822788,
        1.1635618760081843,
        2.5157555534307345,
        2.040966543089823,
        -0.06400705828033333,
        -0.3839847021169021,
        1.1744602961339372,
        1.4198152092651295,
        -0.6317264445258921,
        -0.20004283039766346,
        0.5289517587159456,
        -1.1009197922141,
        1.041727521215459,
        -1.025808041741977,
        1.997101497974632,
        -0.46881563753733824,
        -0.4458998799529208,
        1.338150923324059,
        1.5341313501045561,
        -0.6674707094843196,
        0.8619067258901671,
        1.1216560159710103,
        -0.24933749450627146,
        0.054706827553239676,
        0.8299304274767242,
        -0.430239594441165,
        -1.166704420341122,
        -0.06521347856451337,
        0.1413505684298675,
        -0.7772357823645388,
        0.2319161837353215,
        0.468964225260318,
        -0.39224665303991724,
        0.816148483180847,
        0.34762941600291497,
        1.1196308685669063,
        -0.15551095633386255,
        -0.08208820477923962,
        0.7671896983258637,
        1.8380391354164451,
        1.0245260433318064,
        -0.026683991508691624,
        0.05930369988756938,
        -0.8650917029939255,
        0.24310501399342538,
        -0.08952954799364735,
        0.007867689129073985,
        0.5702326392799,
        -0.06850175267540695,
        0.11694358571301205,
        -0.022841865726007632,
        1.3627859322679035,
        0.4087119402076805,
        -0.5832973134880913,
        -0.03034156899472147,
        0.5241086972277552,
        0.4357384577294907,
        0.0032748016168845234,
        0.45486074034801327,
        0.04053504084671516,
        0.6452418755641414,
        1.4707907198497632,
        0.4380262297074381,
        -0.19780591342810874,
        -0.45849701873153303,
        -2.019196048353069,
        -0.621837682993729,
        -0.9118273919950961,
        -0.7650632202188591,
        0.8448293271686387,
        -0.19059393957318607,
        -0.8277343568232585,
        -0.9955591263372613,
        0.5250635314024537,
        0.709447796731011,
        -1.2587661268991919,
        0.24279871090039779,
        0.1568375826186639,
        1.528813553176345,
        -0.5866718617224683,
        1.3076669798090141,
        -0.9605490975433281,
        -1.1022942919255492,
        0.5559241637315175,
        0.7637995747033546,
        0.26935798211239864,
        0.8370212468652345,
        -1.0053204646387015,
        1.0871977608815706,
        -0.02889226209120544,
        -0.028361054263695396,
        -1.0509974273438416,
        1.4178040762918322,
        -0.4054647679145206,
        -0.2833361219375652,
        0.539809199861889,
        -0.6969963508413315,
        1.0958873011576575,
        1.921358775460705,
        -0.2983976866957264,
        0.3833685750454392,
        -0.7725406030637177,
        1.19818716437384,
        0.727069362806872,
        0.7736275446952479,
        0.3387790127381584,
        1.0100472779979552,
        -0.5402364065468652,
        0.7004588403036899,
        0.7845343914423457,
        0.44042741334065333,
        0.8512931257578298,
        -0.6157372627097373,
        0.3526829187277689,
        0.8331455004706498,
        1.7044379906857576,
        0.5894628789448241,
