{
    "idx": 705371,
    "fights": [
        {
            "enemy": 5,
            "fitness": 85.94465396891134,
            "player_life": 20.200000000000237,
            "enemy_life": 0,
            "time": 435
        },
        {
            "enemy": 6,
            "fitness": 84.77598249381268,
            "player_life": 4.0000000000002345,
            "enemy_life": 0,
            "time": 277
        },
        {
            "enemy": 7,
            "fitness": 66.63870783429057,
            "player_life": 0,
            "enemy_life": 20.0,
            "time": 213
        },
        {
            "enemy": 8,
            "fitness": 91.03669509194096,
            "player_life": 63.40000000000034,
            "enemy_life": 0,
            "time": 201
        }
    ],
    "weights": [
        0.9872832891938729,
        0.9948374888910515,
        1.032979113303107,
        -0.7273114385599944,
        -1.341353075618295,
        0.5215219814998354,
        -1.5142769307820445,
        1.21748241790334,
        -0.16006228454337088,
        1.4218280928509142,
        -0.26162329404382767,
        -0.9299261186507586,
        -1.5033223013058292,
        -1.3347662929216337,
        -1.2979200850523729,
        1.4440470076636716,
        1.8277693377008501,
        0.30969778446191076,
        0.4550263872529453,
        2.410537255163188,
        -1.1982580256433248,
        0.4912163740946542,
        1.3525647682633242,
        2.4657619897627447,
        0.8293996195397847,
        2.1804201221819057,
        -1.954894746605946,
        -0.11322647696402333,
        0.8906790931898205,
        -0.22368791684706604,
        -1.0127407826917374,
        -0.5258442600073718,
        -1.413139999415448,
        -0.9600632562897615,
        1.2757299556043957,
        0.8809653148931428,
        0.11621092474718159,
        -0.7741022839730383,
        -0.04855121829066629,
        0.6796489633267916,
        -0.5214872240224933,
        -0.5228146275406064,
        0.05023538992537857,
        1.2139901078083704,
        0.20249770591067826,
        -1.1259065955423235,
        1.6556085275891266,
        -0.1828266076930986,
        0.31061584693076566,
        1.284863506683535,
        -1.1971430378837198,
        1.8494365669091475,
        -0.2097476535647954,
        -1.3663503708038398,
        -0.9884339833582142,
        1.8931223325559245,
        0.5054489078038177,
        -0.1316868071493812,
        -1.6415140268715163,
        0.5095850745765119,
        0.8990281868216078,
        -0.7039640923747891,
        -0.9151715813098436,
        0.7236972324026989,
        0.37235928778539606,
        0.8818597326750499,
        -1.2158917499221793,
        1.4435659472618116,
        -0.6665779295491855,
        0.369256898627625,
        0.5670405335176275,
        -0.9271852345285437,
        0.05521901404841144,
        0.6007556050174958,
        -0.6578691282575011,
        -1.4696153667376222,
        0.19350474053966218,
        -0.49438643748307143,
        -0.18916980682025464,
        0.11388937798105533,
        -0.039177688343346846,
        -0.13045886554460231,
        0.4025379299507809,
        2.1853963105249092,
        0.06691066754104033,
        -1.0305554511286932,
        0.16919848443187416,
        1.2648077549143295,
        1.2544371196340607,
        -1.7776355436010292,
        -0.9866141859647904,
        -0.7865552006071763,
        -0.26250209412921505,
        -1.2111881540417955,
        1.3655485481822922,
        0.02758453800955456,
        -1.0659164456040682,
        0.5335235445537246,
        2.34926586929765,
        -1.0997320233428638,
        1.229026741203493,
        -1.1507725097762107,
        1.4500444345064436,
        -0.7625644178257318,
        0.4086818690799726,
        0.7603331321421003,
        -0.5267304811953972,
        -1.811225356383588,
        0.6071397590134503,
        -1.1717871156802449,
        -0.27286211864139054,
        -1.217427776881385,
        0.7401768262122561,
        0.05742629635314187,
        -0.8583678373396588,
        -0.5587652815116,
        0.15884196425222646,
        -1.0816081879864927,
        0.0521792734551023,
        0.20099597564686916,
        0.6273995457982181,
        0.655142060622742,
        0.7535711841179183,
        -1.2914873403813831,
        1.7869547302850755,
        2.6868877077642495,
        1.1448520767667232,
        -1.25644774052693,
        -0.28423225245199907,
        0.12230456718871831,
        -0.9474602016683618,
        0.292590980347419,
        0.22203341760058887,
        -0.06882847370654283,
        0.5546354297773695,
        1.0131757838153483,
        0.13051186950100194,
        2.4589714825321107,
        0.9034917043889701,
        -0.9481702353330321,
        1.4023960351671758,
        1.1779033347852677,
        -0.8477898356433906,
        -0.038784338884651534,
        -0.36571263436275053,
        -0.6476344301399644,
        1.5548155740445613,
        -0.9040754446107648,
        1.3341183312145235,
        0.36666967445287846,
        0.10304643645071829,
        1.764400358492245,
        1.7752438615828872,
        -0.25679431724422525,
        1.3773413126849205,
        0.9596031261947897,
        -0.3503013944008172,
        1.553635620118489,
        0.6905915844965366,
        -0.3968426893600973,
        -0.8349841555747132,
        -0.45641502167881925,
        -0.21087153715773085,
        -0.07456259691157578,
        0.07628831071438164,
        0.5417843350262816,
        0.8634860014187111,
        1.1982870332338202,
        0.6865068273240366,
        1.1526191313005179,
        -1.7266699839727075,
        0.6134870506283241,
        0.7663870657949933,
        0.4949450217274237,
        0.29267464821096384,
        -0.9476586242693956,
        -0.3955277785077951,
        -1.2575475041702935,
        0.4579388429509703,
        -1.5901306323690862,
        -0.14055591114864113,
        -0.49488850022784436,
        -0.6881833479376921,
        0.7798734236092327,
        0.6086855068620345,
        0.5045314513572393,
        0.6582882330021806,
        -0.4952719123195792,
        0.37661327285803975,
        0.9535604123199527,
        -0.040694027887846165,
        0.0844495496937994,
        0.0989690218323454,
        0.49310326060832665,
        -0.4595158970099701,
        0.8965046963922824,
        -0.12268389701032685,
        -0.7238399667819904,
        -1.220235774903197,
        -1.9084536038045965,
        -0.676976585749133,
        0.9842655114617941,
        -0.6032393396820588,
        2.1229705773873455,
        -0.2845847377005612,
        -0.9747887947158496,
        -1.2529180765381875,
        0.3048137256032565,
        0.8940382959469201,
        -1.3722196462092813,
        -0.32094829638139094,
        0.2799741808882413,
        1.1062360859470497,
        -0.042797840099146126,
        1.4183819160367426,
        -0.6690018201170878,
        -1.213539430972076,
        -0.2981227947202107,
        0.9786605065957128,
        -0.8164477859576001,
        1.2334372819087172,
        -1.0075183559372634,
        1.458962617087762,
        0.7066710317287594,
        0.3252204639383681,
        -1.3332458998507082,
        0.6547896095321712,
        -0.6618408868968869,
        -0.17920543840014772,
        2.1214695263669885,
        -1.010409254188559,
        1.0108392145192011,
        0.9672530095077476,
        0.0951091541959295,
        0.32228074309661126,
        -0.7404919924103031,
        0.5454466470864267,
        1.7753095001785766,
        0.9050266498659394,
        -0.6263912294185292,
        1.0600996174815367,
        0.21805175529976661,
        0.12548981832615394,
        0.7522613563899734,
        1.2190247909558627,
        0.14204088776348034,
        -0.23480533673669932,
        0.3508284103643244,
        1.097434971767683,
        1.8552287827893597,
        0.8190405012785229,
        -0.9427939408725934,
