{
    "idx": 704314,
    "fights": [
        {
            "enemy": 5,
            "fitness": 88.40157804100166,
            "player_life": 40.000000000000284,
            "enemy_life": 0,
            "time": 270
        },
        {
            "enemy": 6,
            "fitness": 30.795993312923205,
            "player_life": 0,
            "enemy_life": 60.0,
            "time": 182
        },
        {
            "enemy": 7,
            "fitness": 88.34772932632855,
            "player_life": 38.20000000000028,
            "enemy_life": 0,
            "time": 238
        },
        {
            "enemy": 8,
            "fitness": 87.19935834262662,
            "player_life": 30.40000000000026,
            "enemy_life": 0,
            "time": 344
        }
    ],
    "weights": [
        0.7550792265116237,
        1.0596680686323356,
        1.8605370426069017,
        -0.8933598801547049,
        -1.2767484501605166,
        -0.02863021225452807,
        -1.4415037667456505,
        1.256407152552986,
        -0.5128630380395045,
        0.898307168009884,
        -0.09684287681402134,
        -0.7731545983149034,
        -1.4073687023271533,
        -0.9430086252684825,
        -0.799930646558816,
        2.7393004943532233,
        2.393353225409296,
        1.459351612051511,
        0.6260920069161316,
        2.3823486819929323,
        -0.9097373894539341,
        0.21368273560916007,
        1.1926586827283225,
        1.3929378698313426,
        0.6761195367274697,
        2.0411097989698166,
        -1.3844080912789631,
        -0.005390569910236627,
        1.1895869533680685,
        0.573172283016869,
        -0.33502691480951285,
        -0.5553828407614838,
        -0.5318813268667044,
        -1.212435635142601,
        0.9344984552610108,
        0.27434431651888125,
        0.0802605718689628,
        -1.1247350698820398,
        -0.4778709916024727,
        0.17180843547445918,
        -0.2778406866520922,
        -0.7487722971249757,
        0.635184248538394,
        1.0107142205409776,
        0.2802641420610499,
        -0.3741588189781438,
        1.7434284425667894,
        -0.49284560218322787,
        0.22192910177673797,
        1.0380740561610406,
        -0.7790555759724607,
        1.7511490608193687,
        -1.4787335622725075,
        -1.0431211131462563,
        -0.6678915606187994,
        2.0899617799436534,
        0.6561185113602983,
        -0.16893409204082924,
        -1.9942289049219717,
        0.2024631171014259,
        1.2354167175350546,
        -0.8408514290666517,
        -0.6016779684774387,
        0.4257271661225546,
        1.098990413824094,
        0.30713651083539084,
        -1.0895468217795403,
        1.581853886479917,
        -0.7005035747185174,
        0.15531556674193564,
        0.3568482675904486,
        -0.890999454105624,
        -0.27770555118649587,
        0.6032634336266925,
        -0.5041015451301089,
        -0.9528997298073066,
        -0.6052488031907438,
        -0.44158266953891534,
        1.1834516402549466,
        0.16555211675603673,
        -0.16303343592020259,
        0.23781521684877538,
        0.4323423757013691,
        2.2152412871797087,
        -0.5397467471565562,
        0.1682730070872433,
        -0.4195181240468763,
        0.9027010897539473,
        0.8576977016379954,
        -1.6797277236756065,
        -0.4526502942956307,
        -0.7144198805715287,
        -0.037002524606258254,
        -0.5735479601516108,
        1.2852150393774642,
        -0.44637779272864286,
        -1.2151322618291536,
        0.05935321419261056,
        2.1108417589287667,
        -1.0033219195400693,
        1.161078586132998,
        -1.234388167060732,
        0.12381699841472496,
        -0.5167397707059304,
        0.18004890259735057,
        0.6828018062817371,
        -0.14263996488350808,
        -1.3738112417725654,
        0.6454126360230378,
        -0.7684994384065682,
        -0.6161457605776783,
        -0.8721643097306607,
        1.0271815842094227,
        0.8330967806436474,
        -0.9059586362078912,
        0.42415990129604714,
        0.667474680441149,
        0.10566949867894346,
        -0.278567975520078,
        0.3545041289661916,
        -0.11040877577605634,
        0.3114623094271186,
        0.8065573710157219,
        -1.0222765535588259,
        1.8046628008386976,
        2.4558273161862028,
        0.2018257810491428,
        -0.871959673041278,
        -0.4230123581290979,
        -0.008290656154922799,
        -0.9291302132908908,
        0.2168225290205182,
        0.6415974150896534,
        0.6021195376452413,
        0.4650541643336256,
        0.8496050528549568,
        0.3087144181233291,
        2.353285059914944,
        0.5167004418813121,
        -0.8275772485313833,
        1.5823475477521494,
        2.0541158028550446,
        -1.5607284883713408,
        0.24619577867521752,
        0.044651679032809706,
        -0.7770490518526011,
        1.5893108262848035,
        -1.0236373662271758,
        1.4541354285395538,
        0.11591785664714953,
        -0.06256106673740669,
        1.642541549791605,
        1.4488853198540301,
        0.33446410088332773,
        1.4659800887317058,
        1.0836883449667785,
        -0.06758681086094781,
        1.6585820500461894,
        1.054341605058551,
        -1.0229121065419124,
        -0.5865115882819367,
        0.9395113671457314,
        0.4456968314573483,
        -0.4993109819585294,
        0.3967985385430469,
        0.3270314044514885,
        0.47356733474856116,
        0.8235851960441558,
        0.36870413752728104,
        0.4773817401659385,
        -1.1828814707058708,
        0.7100567250293743,
        0.5486634639520798,
        0.2525831179950029,
        0.2255895228160132,
        -0.6507931462137504,
        0.22175799487678016,
        -1.2870966166918532,
        0.7834832061902947,
        -1.4023442857459902,
        0.07770562463895056,
        0.708574552857567,
        -0.4905082074612966,
        0.08959874555294396,
        0.05056463307629897,
        0.8142701769840547,
        0.813127505057351,
        -0.6952895265547671,
        -0.24469204860690186,
        0.7535150353806008,
        0.26102242990301305,
        0.1319326680317058,
        0.09031730523934775,
        -0.5473249326678348,
        -0.29628576243151405,
        0.6159325179530989,
        0.3255675389421209,
        -0.35451935555820907,
        -0.1283019903589091,
        -1.874580392178392,
        -0.7435135684382099,
        -0.023506445757257594,
        -0.6782441159098125,
        1.8549933217922778,
        -0.41084015204065544,
        -1.0373311322151288,
        -1.6183492648976452,
        0.028072107879265545,
        0.9062275230475536,
        -1.731169433253127,
        -0.040163683004044146,
        0.513237524750311,
        0.6507064045876939,
        0.38513136019870037,
        1.2425384092688874,
        -0.53962604393502,
        -1.411800674765268,
        -0.14191580386417962,
        1.1192903666763552,
        -0.43972260847609596,
        1.1510457200253528,
        -1.267936321501103,
        1.1656047112718906,
        0.5605217016896911,
        0.13413748835723432,
        -1.7657467472464368,
        0.7394701073939245,
        -0.8517484386664402,
        0.06584822092745857,
        1.4943353628304692,
        -0.7090023154370113,
        1.370940638698926,
        1.5198220008495293,
        -0.060557425544963774,
        0.5834494118748996,
        -0.6716830431599143,
        0.40452201914289176,
        0.6565048221151836,
        0.47180053613320466,
        -0.792160774287209,
        0.4332526194181311,
        -0.5286380786919275,
        0.22562667553391094,
        0.5386852033578922,
        1.3079122018759575,
        0.13606253244930874,
        -0.905711359927949,
        0.17838888572288225,
        1.0003938519483753,
        1.9367967238296206,
        0.8380335297848328,
        -0.9265174781708476,
