{
    "idx": 704339,
    "fights": [
        {
            "enemy": 5,
            "fitness": 83.82140592179684,
            "player_life": 1.6000000000002341,
            "enemy_life": 0,
            "time": 566
        },
        {
            "enemy": 6,
            "fitness": 48.45482255552044,
            "player_life": 0,
            "enemy_life": 40.0,
            "time": 256
        },
        {
            "enemy": 7,
            "fitness": 90.62669517527554,
            "player_life": 59.20000000000033,
            "enemy_life": 0,
            "time": 199
        },
        {
            "enemy": 8,
            "fitness": 89.9666105112725,
            "player_life": 55.00000000000032,
            "enemy_life": 0,
            "time": 253
        }
    ],
    "weights": [
        0.4224263648972233,
        0.7970555766048635,
        1.3486193822393342,
        -0.7710637584647142,
        -1.5020239607804486,
        0.3237444675730816,
        -1.6020353656115525,
        0.9841612666374541,
        -0.49960276540565746,
        1.1211958167191953,
        -0.2055396612401032,
        -0.38006110804027543,
        -1.3249547338320313,
        -0.3851077718400808,
        -0.9585914799823576,
        2.103297151284222,
        2.2948973862046387,
        0.5935273492036148,
        0.652073151491749,
        2.0718260203628382,
        -1.3463356817720276,
        0.013693414433821246,
        1.3448020131663052,
        2.071027467780044,
        0.5946235158617301,
        1.9269662463985044,
        -1.4485475777146104,
        -0.3646587555788698,
        0.9868796702703949,
        1.5558672760759327,
        -0.5838681306428941,
        -0.6186936321036488,
        -0.6945304833766314,
        -1.17023855042005,
        0.6299967981451995,
        0.47741509843208246,
        0.7493394998825095,
        -0.8785879030527768,
        -0.3301167129355032,
        0.4110972483110887,
        0.18082430993473358,
        -0.46036464339794075,
        0.6991066166646758,
        1.0884362644806134,
        0.37176861217665835,
        -0.9356654151363257,
        0.9184571977875164,
        -0.31451960560784115,
        0.3791134313412817,
        1.012346090419499,
        -0.6376096391954746,
        1.6970936486871684,
        -1.6199312016952634,
        -1.473931139808799,
        -0.5592286441468858,
        1.3064042067630601,
        0.6281005265116708,
        0.01798763891843927,
        -1.9823052899824563,
        -0.19665738421195392,
        0.8810214198744157,
        -0.8263670105224313,
        -0.5878855830303855,
        0.293193346286622,
        1.1113234394480205,
        0.6675547291315377,
        -0.7553594782896286,
        2.4926630641084238,
        -0.3088235404021056,
        0.3081112874189976,
        0.6535879591034703,
        -0.8216051866032609,
        -0.18630138441779004,
        0.5399848008455667,
        0.005059342593002475,
        -1.4294014353574378,
        -0.7571617900263432,
        -0.33194056199647065,
        0.8499059586580809,
        0.007362016434564699,
        1.1484212026256189,
        0.253526495082624,
        0.8336409198673835,
        3.372872540051369,
        -0.22222073643734724,
        -0.7563808461087351,
        -0.3752771266380456,
        1.2650914186414521,
        0.820824694743211,
        -1.658342480231014,
        -0.830474983398994,
        -0.3001552289438289,
        0.10348670950546615,
        -0.8778405245820852,
        1.3340619502314364,
        -0.6434426475523584,
        -1.5569454862947754,
        0.46150233461357243,
        2.2827491533001933,
        -0.9363699110536068,
        1.085972744497545,
        -1.9319517771143222,
        0.21452669282690356,
        -0.6104965398224766,
        0.36853891904576647,
        0.8385662953399983,
        -0.25872052166897314,
        -1.0301344334900915,
        1.123939789274244,
        -0.29332892489756934,
        0.05253927462599545,
        -1.1155258492323608,
        0.7270898803003808,
        0.12303501966917302,
        -0.8665866298082596,
        -0.38209776347977836,
        0.253787947087374,
        0.1159765092098882,
        -0.053033699458272014,
        0.4094574496057971,
        -0.01772198360490446,
        0.1510883801458887,
        0.5341993080443241,
        -1.227000596582153,
        1.5399156777486789,
        2.0331153819472108,
        0.40523955178197296,
        -1.5854248495056007,
        -0.959279471612913,
        0.14346734200106875,
        -0.9790127503527858,
        0.1659568318006202,
        0.5620208303570056,
        0.2815670602223223,
        0.17880746895469152,
        0.9587410421815398,
        0.6135018803220355,
        1.9376652214500778,
        0.2696328799260972,
        -0.6181652412804319,
        1.4989832925734148,
        1.4976755113055529,
        -1.368481850822063,
        0.10648141382069608,
        0.043974855606348215,
        -0.7531477032305958,
        1.7839965614961202,
        -1.9393568341256386,
        1.4743275829382312,
        0.7563630344341592,
        -0.0019488827640138512,
        1.6161363869861196,
        1.4292871437890455,
        0.34087846422495743,
        1.1802047472339015,
        0.950154222626933,
        -0.16009007614727583,
        1.5988309768109021,
        0.9035128991697049,
        -0.16235973620104374,
        -0.6596299127628885,
        0.9390148990787329,
        0.13050212238470432,
        -0.04742640428420884,
        0.5492085368241737,
        0.4099043952112629,
        0.15996067379073745,
        0.28914982540706263,
        0.3522643094114297,
        0.4915258560285324,
        -1.0056911433395315,
        0.5812173000077214,
        0.5089404520352976,
        0.14969169198155247,
        0.7261902433103397,
        -0.881062878582935,
        -0.7325368923646887,
        -0.9887916373816275,
        0.7768240213879357,
        -1.6377091125008472,
        -0.14737503139129202,
        -0.48647136472674224,
        -0.5452291353735343,
        0.506619598350116,
        0.44617761642782966,
        0.8125089658212453,
        1.0103354673474365,
        -0.644284590688041,
        0.30109193280619034,
        0.8052255424348977,
        -0.045264545756482547,
        -0.3614047020363884,
        -0.050502357636503986,
        -0.3140307871332996,
        -0.4461061672738256,
        1.3177737501877294,
        0.21355412257082443,
        -0.600880537568862,
        -0.8507325751792503,
        -1.9400592080678607,
        -0.7823583505668628,
        -0.10138720444867562,
        -0.9019025195495188,
        2.229470393611461,
        -0.9999106803606087,
        -1.509739615332352,
        -1.128467884576641,
        -0.024646915761452462,
        1.177933147740274,
        -2.0010525265535453,
        -0.246875866603496,
        0.568793920940238,
        0.9351413330879977,
        -0.2038215855458834,
        0.7930978403887754,
        -0.6674037954498208,
        -1.2242335178065287,
        -0.03479209850021944,
        1.0475060852992448,
        -0.49438649901539183,
        1.370724434615559,
        -1.1495428043961882,
        1.418146606896422,
        0.5933564155543457,
        -0.15191969268128455,
        -1.2290090973625618,
        0.6762501605170715,
        -0.7097018005584133,
        0.03535896792255967,
        1.4685415950953717,
        -1.1489523875795724,
        0.9992604845553045,
        1.3899564973969385,
        -0.023440810429532152,
        0.320535681032909,
        -0.16939299222617837,
        0.795324346524309,
        2.062589944694282,
        0.29819629980377405,
        -0.4372749137856166,
        1.1545683578387276,
        0.295828792131578,
        -0.008052809744878124,
        0.6594446111032808,
        1.2064878193545614,
        0.26898494192847744,
        -0.9313770205021429,
        0.7695537420321609,
        0.9254268078151003,
        0.4358539334846382,
        0.7603289637692654,
        -0.6632585422711655,
