{
    "idx": 711450,
    "fights": [
        {
            "enemy": 5,
            "fitness": 85.70968459414688,
            "player_life": 19.000000000000234,
            "enemy_life": 0,
            "time": 488
        },
        {
            "enemy": 6,
            "fitness": 12.706695175275508,
            "player_life": 0,
            "enemy_life": 80.0,
            "time": 199
        },
        {
            "enemy": 7,
            "fitness": 89.54814186652396,
            "player_life": 49.000000000000306,
            "enemy_life": 0,
            "time": 211
        },
        {
            "enemy": 8,
            "fitness": 88.80324619773175,
            "player_life": 44.800000000000296,
            "enemy_life": 0,
            "time": 292
        }
    ],
    "weights": [
        0.5863358549076435,
        0.4161818706157261,
        0.9970578987262825,
        -0.1913005646590876,
        -1.8962974380809212,
        -0.029662666916963024,
        -1.8414735093464834,
        0.7681727840134577,
        0.1210205041348063,
        0.8304401951395775,
        -0.15555066960778366,
        -0.6479062770420793,
        -1.2307366430173055,
        -1.4847102010219704,
        0.4485973145908966,
        2.5523384131213644,
        1.7504009691710263,
        1.151685388663252,
        0.42704096528426533,
        1.9962557125325102,
        -1.2118090454757984,
        -0.14041383150671533,
        1.3748232820683868,
        1.7433349641742817,
        0.19069230706097298,
        1.1464142622066047,
        -1.2750409084694043,
        -0.4360839023004769,
        1.0058840206322905,
        3.159195216910435,
        -0.8577386750398094,
        0.05055292412917923,
        -0.7082264492156187,
        -1.0476717931505541,
        0.5839178102227744,
        0.05608144753413126,
        -0.2335214488801426,
        -1.2973255492012523,
        -0.5131318242383578,
        0.9004696900912378,
        -0.3250459964382391,
        -1.2161137861171336,
        0.6560915085683579,
        0.8201205324165427,
        0.4511472386870502,
        -0.5404958568112124,
        1.6505192543345601,
        -0.6246557179995205,
        0.8610689741495917,
        1.080756467448919,
        -1.0457284316269362,
        1.4480293942710576,
        -1.3610797387090263,
        -1.2814341468976085,
        -0.9262134658706144,
        2.6585000275189046,
        0.4719100758614198,
        -0.4754058371148265,
        -1.5721201755760499,
        0.1049822848876557,
        0.7976706091566487,
        -1.5384683789177824,
        -0.5160806913734091,
        1.222161521117167,
        0.0910864339075005,
        0.6054917878648549,
        -0.5551085440704612,
        1.8296422158187775,
        -0.8877689172586753,
        0.111385162299584,
        1.0632567241423712,
        -0.8587798350807023,
        -0.4599512161352022,
        -0.17863986982151342,
        -0.1652553446769198,
        -1.2697205874660096,
        -0.6113383562762787,
        -0.3026826107374019,
        -0.20646169325956806,
        0.8009390486172578,
        1.0606565441797664,
        0.09566104776444584,
        0.8016264197311682,
        4.298806811621906,
        0.048669305680071565,
        -0.2398392825498952,
        -0.9274680830769719,
        1.2590776286864387,
        0.8101208442853781,
        -1.8773197629623044,
        -0.9775783978452902,
        -1.1032989744890933,
        -0.5595150055911862,
        -1.0998823570660412,
        1.1177123137842524,
        0.4299485522871587,
        -1.3309190547874419,
        0.5034092992441856,
        2.9314642687170407,
        -0.5331407685136553,
        1.230584085124458,
        -1.5795341498095878,
        0.30105501388059175,
        -0.3068311818958416,
        -0.041033095186386405,
        1.132326046358396,
        -0.19973572926986932,
        0.61175696662563,
        1.1671420693812762,
        -0.9395664575795964,
        0.5892088075334606,
        -1.7499834054148158,
        0.6226893728907267,
        1.0716282251599665,
        -1.3619657568350398,
        -0.08207515551769708,
        0.4278391209925966,
        -0.15153214028603632,
        0.4842537856263611,
        0.40077083606319464,
        -0.6634449081163767,
        0.12236779660766117,
        0.9335672121894245,
        0.6887020905507549,
        0.9710434659966566,
        2.704329708315091,
        0.36057606782605045,
        -0.8792079857672608,
        -0.7691067416629042,
        0.11527817394424986,
        -0.8673324683846741,
        1.166684777600884,
        0.2062196719614467,
        0.2283769168324679,
        -0.06094648141109579,
        1.0985034258406592,
        0.9934135594635518,
        2.639652921673293,
        0.10013950347028974,
        -1.2034640812982913,
        1.650274323374613,
        1.0328187149429384,
        -1.7752919792908755,
        -0.6704678500373192,
        0.6060356527297281,
        -0.2810792125482862,
        0.5629954799895535,
        -1.9032398963361066,
        1.0228336684472403,
        0.8177036789807043,
        0.3325440944078589,
        2.03850817071982,
        1.623285399801478,
        0.7642129516893188,
        1.22849969117205,
        1.056419705480861,
        -0.5934334126101602,
        1.2386740208437057,
        1.1193363868431654,
        0.1338473053725262,
        -1.349728334526679,
        1.515738521522797,
        -0.7875140398225629,
        -0.13257534394865703,
        0.8342961654258672,
        -0.2144273789237619,
        -0.016960739317971523,
        2.475844274438993,
        0.681126215700086,
        0.1485488491525389,
        -1.6061884704297336,
        -0.02677874928322499,
        0.3704115146866309,
        0.51544540511359,
        1.1762874480575698,
        -1.233963836640782,
        -1.1356159549579115,
        -0.8174440329609189,
        0.743481258039,
        -1.535042343701729,
        -0.9480286339594821,
        -0.4058155976218223,
        -0.4870585000901175,
        0.6975164528781689,
        -0.11578117780717355,
        0.8144649515527194,
        0.40698026757147987,
        -0.4040966723704108,
        -0.32065583507670864,
        1.0951086845290008,
        0.36222598386752863,
        0.03301526991404207,
        0.08524138033297604,
        -0.47096548448894776,
        -0.10186163964777573,
        0.9044746945708114,
        0.09738343737896193,
        -0.15589408974656177,
        -0.21153145175153934,
        -1.7455257833388287,
        -0.5897643347614948,
        -0.036926313721038745,
        -1.396417419073223,
        0.4825732990182457,
        -1.0850934195885378,
        -0.5574782614246646,
        -1.6298134916491602,
        0.12099536694598345,
        1.660642377580588,
        -2.243742156839315,
        0.6311296097133345,
        0.7146476009347122,
        1.6870950251205301,
        -0.10184196788958169,
        0.1457620855910563,
        -1.479567430945288,
        -1.2598558031293308,
        0.016524549644892042,
        1.4876156485415468,
        -0.5919276073225515,
        1.7760733602032317,
        -1.7114908975938405,
        1.7795991366883719,
        0.5081175499072424,
        -0.188548498757247,
        -1.1931519620713065,
        0.2737003536255745,
        -1.1698581878127965,
        -0.33779799846132486,
        1.3599576611753992,
        -1.5082046519751333,
        1.0280366369378644,
        1.1507439269378636,
        -0.6232054945381016,
        0.9455917876383182,
        -1.1347128777571833,
        0.4944729388917843,
        1.8293401106278113,
        0.47455441378683266,
        0.13212966519802402,
        1.0724892405644277,
        0.20757956191236843,
        1.0273572407407858,
        0.4170182999834464,
        1.2432057396724252,
        0.11611229689491193,
        -0.39175017827992953,
        1.218030045526212,
        1.4891012165114994,
        1.6906034143772393,
        0.2697774230932171,
        -1.038320715408352,
