{
    "idx": 707546,
    "fights": [
        {
            "enemy": 5,
            "fitness": 86.58110614572688,
            "player_life": 25.00000000000025,
            "enemy_life": 0,
            "time": 372
        },
        {
            "enemy": 6,
            "fitness": 39.5489615464343,
            "player_life": 0,
            "enemy_life": 50.0,
            "time": 233
        },
        {
            "enemy": 7,
            "fitness": 90.8717329693055,
            "player_life": 61.600000000000335,
            "enemy_life": 0,
            "time": 198
        },
        {
            "enemy": 8,
            "fitness": 89.95936107665804,
            "player_life": 54.40000000000032,
            "enemy_life": 0,
            "time": 240
        }
    ],
    "weights": [
        0.5822826897996922,
        0.8896690726015241,
        0.544101222804656,
        -0.04384101707197058,
        -1.490513483336574,
        1.1199004624489377,
        -1.4665579172063385,
        1.6963766097769557,
        -0.4320843560477015,
        1.869325264626675,
        -0.556956742315544,
        -0.7109503649173896,
        -0.8976413286099386,
        -0.6188859004617531,
        -0.4437425466086651,
        2.703772850494745,
        -0.5319417366416465,
        0.6203730546611208,
        0.3093034584465272,
        2.259778075950163,
        -1.577648955984134,
        0.2827860754847349,
        1.664910399215879,
        1.9662144041624603,
        0.5189893518388802,
        2.0041194104983253,
        -1.3916155203849117,
        0.11147334202789311,
        0.3850337749237887,
        0.030219892583497186,
        -0.5192292936764831,
        -0.35106263714648406,
        -0.6113289146727938,
        -0.7391033314321245,
        0.880053379704124,
        0.05625511800635079,
        0.3214964314789013,
        -1.0861438429765766,
        -0.27489030951373183,
        0.09345241200065871,
        -0.5476988913501578,
        -0.4957942978635462,
        0.6890928404683477,
        1.2422560996882108,
        0.6293180670292469,
        0.8828186651960869,
        1.9341568141306744,
        -0.07325502137891202,
        1.0102134672925223,
        0.5829698170839284,
        -0.7365925161138795,
        1.7425610672616958,
        -1.411036296032388,
        -1.0415159173514663,
        -0.971380707536643,
        1.8682730973620367,
        -0.3571993673552486,
        -0.24160897916446192,
        -2.1219920004360544,
        0.33833171371472254,
        0.5861535210151584,
        -1.1989393943953819,
        -1.172936516598312,
        0.27044816787155657,
        0.7099343750214411,
        -0.24820148888356086,
        -1.2409538478069477,
        1.1348654519307364,
        0.8400288519378744,
        0.07480997827658623,
        0.5434758299521697,
        -0.2178775979070391,
        0.16076291711041704,
        0.018229400460123557,
        -0.36925083510479845,
        -1.6061190639740548,
        -1.1106636365013174,
        0.1263542500621035,
        0.736180017905839,
        -0.3260964250919967,
        -0.39313381589852536,
        -0.1454629136492263,
        -0.21425565450793244,
        2.5622657092894103,
        0.15648281031148104,
        -0.19567757589617757,
        -0.9358981616022837,
        1.7176025888497015,
        1.558779876613137,
        -0.6211077027289682,
        -0.4619551707290043,
        -0.8672417349421121,
        0.5654120237660678,
        -0.7429335810961704,
        0.8762411718336511,
        -0.910278750188795,
        0.12649985974606395,
        0.5409162059053527,
        1.3380156843863387,
        -0.42778425481833415,
        0.7033033861487776,
        -1.2349938653855415,
        0.6911810116769582,
        -0.5630838812678444,
        0.48698190085933024,
        0.18829581494538625,
        -0.4180156787826811,
        -1.6398370303162704,
        0.6760282207269735,
        -0.2566906047303268,
        -1.3846958359221118,
        -0.41670712349784506,
        1.1960801820327747,
        0.19370190086004113,
        -0.8128506382280791,
        -0.7531713613066294,
        0.3483420290914031,
        -0.31405481933958673,
        -0.2379083061214875,
        0.6042862141641759,
        -0.7433441050348182,
        0.07679324898138606,
        0.8160647192865402,
        -1.8751331430459945,
        1.0947904538266824,
        1.406768161274716,
        0.6057152847588998,
        -1.2440212249500653,
        -0.9773074572808951,
        0.8412689340760969,
        0.18518471427104646,
        -0.19741172514675723,
        -0.24528918922699341,
        0.8581733827927315,
        0.7905952912984522,
        0.7987282500618428,
        -0.1163378358508344,
        1.775977592457371,
        1.0506220353913889,
        -0.46079755842833814,
        0.9053899467891902,
        1.788456369634471,
        -0.38027754458015234,
        0.6810873369060472,
        -0.04559404149786646,
        -0.9945002015319625,
        1.2236061926052193,
        -0.7165842574165032,
        1.6486548406934227,
        -0.637044952530447,
        0.15773893590171134,
        2.1917310475010687,
        1.3248048853897354,
        1.0705839827717512,
        1.0357914619848865,
        0.3755877746662384,
        0.14380119256263396,
        1.1871677371037832,
        0.9070546192341501,
        -0.5921697340331894,
        -1.0187388378994573,
        -0.07551052917535003,
        1.7871795677494384,
        -0.6973063693750815,
        0.7897335826387902,
        0.4127781861950584,
        -0.33758665010778055,
        1.0230382068239554,
        0.13802707151803548,
        0.5561195289963007,
        -0.2735405757515087,
        0.5441777682786798,
        0.525823693934018,
        0.12668980957666365,
        0.40043536425739057,
        -0.3603683824221591,
        -1.0482056358420475,
        -0.9376492269899486,
        0.40780661583845806,
        -0.10368664267405389,
        -0.7725258619222657,
        0.2311318768123777,
        -0.5912743868924533,
        0.08034127111718939,
        0.10540955869309919,
        1.103575143930257,
        0.3921809959671185,
        -0.38440527953761905,
        -0.24381468186298094,
        0.991874307827513,
        0.3404694067618528,
        0.001363479058020707,
        0.32038118248179664,
        0.30368435394021415,
        -0.180138565418623,
        0.5426934175612241,
        0.1608974883078393,
        0.1270807871605977,
        -0.25573978524401714,
        -1.7386402373891519,
        -1.0133686850326087,
        0.26541745749563694,
        -1.372234056712641,
        0.2619140833009016,
        -0.36108088919861014,
        -1.3110113822198592,
        -0.8853642016514783,
        1.3315893561363168,
        0.6912151213982337,
        -1.1941137976637632,
        -0.6665036881419764,
        0.6822322129436418,
        0.7795944432711069,
        -0.8575088187043687,
        1.1818483612794664,
        -1.2255097805786823,
        -1.1363261461281475,
        0.3934374990882746,
        1.894463893133431,
        0.12417961221151189,
        1.6221795914038757,
        -1.4850658201494202,
        0.9509778277942775,
        0.6576294387764331,
        -0.38542424021158356,
        -1.2734850875897736,
        1.1660546804982443,
        -0.4645673058642505,
        0.3704159785461583,
        1.2850095226273017,
        -1.2444565729798136,
        0.8689357406904314,
        1.9072312267510587,
        0.23175758709056582,
        0.9479989651132519,
        -0.6882042482052892,
        1.000589134923012,
        1.8948831341913173,
        0.3356326977189052,
        0.0781107040718518,
        0.7498525077032138,
        -0.1085749929996195,
        0.24403542074643206,
        0.38519983856999707,
        1.0422839980420577,
        1.2192397905339478,
        -0.7294863596761478,
        0.7187504241945175,
        1.1026106816914298,
        1.0345526642404308,
        0.9953506016317742,
        -0.7100426743040084,
