{
    "idx": 707543,
    "fights": [
        {
            "enemy": 5,
            "fitness": 89.58693855665948,
            "player_life": 50.80000000000031,
            "enemy_life": 0,
            "time": 243
        },
        {
            "enemy": 6,
            "fitness": 85.07165549623893,
            "player_life": 6.400000000000233,
            "enemy_life": 0,
            "time": 262
        },
        {
            "enemy": 7,
            "fitness": 66.31982739098294,
            "player_life": 0,
            "enemy_life": 20.0,
            "time": 293
        },
        {
            "enemy": 8,
            "fitness": 89.17968822339262,
            "player_life": 49.000000000000306,
            "enemy_life": 0,
            "time": 305
        }
    ],
    "weights": [
        0.5994293342111037,
        0.31628379263359235,
        1.0337852892456942,
        -0.3747308152534013,
        -1.556807691708822,
        0.46847828020920285,
        -1.4998714768353334,
        1.9158843560435732,
        -0.6409823883563899,
        1.5095991175300363,
        -0.12707933740239769,
        -0.6922556140722613,
        -1.1018328560778965,
        -0.6465368772578014,
        -0.7323288178156987,
        2.6840815484175757,
        -1.1294139076227063,
        0.8140551087923479,
        -0.06146615697797206,
        1.9980544607116966,
        -1.4250526563740051,
        -0.206419423552427,
        1.6813683527765177,
        1.9067269271440912,
        0.4075148655026047,
        1.957189728479171,
        -1.5534069818532874,
        0.08989017369333338,
        1.6938447472263944,
        0.026955929109306814,
        -0.41523529303110407,
        -0.8461866333943363,
        -0.9282078236250408,
        -0.9519105272672246,
        0.7651134872109395,
        0.4862231823542669,
        0.5075843354523367,
        -0.8881737535317616,
        0.6798003322916737,
        0.6851360159726418,
        -0.5533829811547943,
        -0.4629593658372229,
        0.6464492738854826,
        1.396403400717507,
        0.5024754098468697,
        0.8011690350910734,
        1.7364394746136984,
        0.03054192878443535,
        0.4510284622098508,
        1.1737667957848839,
        -0.7130106351381068,
        1.9011266532230073,
        -2.276770301278873,
        -0.7498018890063716,
        -0.15910287789342645,
        2.2315808269498723,
        0.6641888444393318,
        -0.25834556018869914,
        -1.9127436598596443,
        0.528822220171406,
        0.560653534801026,
        -1.1324509833174015,
        -1.0066285994693187,
        0.388960914214767,
        0.3370164050596009,
        0.2920479461215617,
        -0.7781743662422193,
        1.2254394990541195,
        1.0698208344421143,
        0.10363432012643622,
        0.7277179347777417,
        -0.8104351779395822,
        0.2054967185016385,
        -0.06646880246749046,
        -0.5502503846466842,
        -1.598184473927421,
        -0.1971587747641081,
        -0.17256089058184493,
        0.5936244391808697,
        0.08738782622094257,
        -0.06088676347276026,
        -0.1514443413453157,
        -0.23386209455814544,
        2.3946301848648894,
        0.2664778902570448,
        -0.27192321854422663,
        -0.7396501389079488,
        1.2880930862984872,
        1.3513215437585233,
        -0.8287838772198124,
        -0.15788021537680227,
        -0.7516287532299624,
        0.04958339091548582,
        -0.5032321950931616,
        1.382326125037061,
        -0.8896978534260155,
        -0.30017924808480445,
        0.2525464257915105,
        1.5432821352814707,
        -0.5004499817796697,
        0.8140180859792129,
        -2.1202422077986607,
        0.7967015437814927,
        -0.666269155387305,
        0.5707963949448392,
        -0.333486304456025,
        -0.33638791937546947,
        -1.470278877356143,
        1.3598870336257267,
        -0.5312816332913399,
        -1.172684338878803,
        1.1318924762367255,
        1.5649635722206927,
        -0.2373276990922382,
        -0.9843483230822306,
        -0.8011797820170421,
        0.3855123751275594,
        -0.8517294264579178,
        -0.018530618130304072,
        0.659317702258805,
        0.11876188847479074,
        -0.2324286330017178,
        1.138474384621053,
        -1.7218928258413935,
        1.0584607645492994,
        1.3525487303945987,
        0.8697355710494207,
        -0.5516842874077365,
        -0.30922156390804845,
        0.7020121004362685,
        0.23062556238851736,
        0.0642816284839461,
        -0.32918019211435223,
        0.6237092359533389,
        0.19971077730389167,
        0.9391743049483696,
        0.3557370342532258,
        1.4194634686823242,
        0.8033730391238497,
        -0.20197399514273953,
        0.7493748383953416,
        0.9995047202769939,
        -0.8105207416929202,
        0.15440018557267587,
        0.4740233096772595,
        -0.20784796148872864,
        1.0219341475219008,
        -0.7195614912846916,
        2.435784662253447,
        -0.4097363922378175,
        0.21098515655202402,
        1.6074048357378508,
        1.5455185138690282,
        0.9660372707408398,
        1.8762904945521157,
        0.13603379202057975,
        -0.3670782890642664,
        2.199535500453532,
        1.0456565085254546,
        -0.3554425226690962,
        -1.0161402456268502,
        -0.3645015324590335,
        0.6071701783659769,
        -0.40960265622003733,
        0.6958791564338332,
        0.24796140754994928,
        -0.26276262747458345,
        1.127731966955655,
        0.4591725077949478,
        0.5462491893030235,
        -0.27951554885761287,
        0.42103032897198833,
        0.5705722627164679,
        0.19621292249821423,
        0.8344404522540707,
        -0.3437875023828313,
        -1.0118720411614746,
        -0.9761412464452006,
        0.36460368173116126,
        -0.19993419237182097,
        -0.756279657730979,
        0.33964692419533293,
        0.2582160487150565,
        0.15873955080520666,
        -0.4924716560026264,
        1.0675761623929751,
        0.24955539601078425,
        -0.6736442781361407,
        0.3664946476123692,
        1.4247269009969534,
        -0.04142458286724379,
        -0.03705354099761911,
        0.5107667724951839,
        -0.11312673741441806,
        -0.14056623638534835,
        0.4460137022675406,
        0.4130916266396573,
        0.20627661861424315,
        -0.11750075909675656,
        -1.838404630861052,
        -1.0435653592601668,
        -0.20458044559734753,
        -0.7918564272669286,
        1.7728733731985342,
        -0.22915865098966948,
        -2.113378169709217,
        -0.9197769726979893,
        0.9942918068421609,
        0.04377810610817348,
        -1.186405639048681,
        -0.45424708740915537,
        0.9511420427434099,
        0.5189255130767431,
        -0.7855319839560689,
        1.826711546112737,
        -0.6064907749969136,
        -1.120590847050621,
        0.11865339078103032,
        2.7043140459605657,
        0.16054628901809304,
        1.5260292983773116,
        -1.4215916530436319,
        0.9269526988015703,
        0.6014278309073987,
        0.942350841722162,
        -1.5439880825387908,
        0.16391716360012343,
        -0.561779623950875,
        1.7726912736396703,
        1.1015529660653762,
        -1.0701171829178162,
        0.8463211914797342,
        1.844412541657431,
        -0.05890449897587468,
        0.3565704668284811,
        -1.0070226786762153,
        1.213583317822503,
        0.8738730539624885,
        0.788823614590616,
        -0.1415619773636634,
        0.9265773932635296,
        -0.38952848098300186,
        0.5823319480513467,
        0.524936134748682,
        0.8414415692538635,
        1.1764941378373999,
        -0.5321977981561826,
        0.8626193955514229,
        1.85692871947181,
        0.6696020412361664,
        0.9945330858771635,
        -0.5672340531345061,
