{
    "idx": 703164,
    "fights": [
        {
            "enemy": 5,
            "fitness": 88.59275134159978,
            "player_life": 41.80000000000029,
            "enemy_life": 0,
            "time": 267
        },
        {
            "enemy": 6,
            "fitness": 39.912403664767616,
            "player_life": 0,
            "enemy_life": 50.0,
            "time": 162
        },
        {
            "enemy": 7,
            "fitness": 90.01504998251862,
            "player_life": 54.40000000000032,
            "enemy_life": 0,
            "time": 227
        },
        {
            "enemy": 8,
            "fitness": 87.13935834262664,
            "player_life": 29.80000000000026,
            "enemy_life": 0,
            "time": 344
        }
    ],
    "weights": [
        0.39518111051455124,
        1.1041061582349923,
        1.1691998912083923,
        -0.9422581199792461,
        -1.3685872299859057,
        0.049537674144014304,
        -1.4532100554198308,
        1.54477031632561,
        -0.1420144827730903,
        1.270012157377078,
        -0.3702331003268149,
        -0.3443719650574565,
        -1.2074375059843783,
        0.09454848169138144,
        -1.0512440755249228,
        2.3913177970756423,
        1.1423668447753739,
        0.9555696946698529,
        0.048214112566418665,
        1.7973964586415905,
        -1.5596236493099538,
        0.3712001990293316,
        1.5050551845893076,
        1.3271305761250902,
        0.7579566729440887,
        2.4066267493782014,
        -1.3965728885487447,
        0.5812835464090333,
        0.9621290514963307,
        1.1539419059321303,
        -0.8341061009700712,
        -0.5582619796360166,
        -0.8718787373742821,
        -0.4461708993918171,
        0.7940681124856691,
        0.043349942749738815,
        0.5425084551057059,
        -0.14705094212356493,
        -0.021014333439094236,
        0.7231296853824724,
        0.08064020073807288,
        -0.8847948960849908,
        0.7761318046200002,
        0.8379016167163434,
        0.13847807161000514,
        -0.66521278966115,
        1.4245588219172611,
        -0.3861373732975363,
        0.45640348362278926,
        0.782218608804466,
        -0.7598270856637448,
        1.6539884116153123,
        -1.688034027981574,
        -1.3869195974751314,
        -0.9663972329493448,
        1.4689758688198538,
        0.4258486062102011,
        -0.2439342375856895,
        -2.1467326212542726,
        0.3104617252297045,
        1.128214391443571,
        -0.6560347905567121,
        -0.3017242099624132,
        0.3436584157844988,
        1.2548828243255001,
        0.8579698900378209,
        -1.0010387529971496,
        1.446192069342575,
        -0.530341070909521,
        -0.6563430163436379,
        0.6512529880739777,
        0.2274875220612809,
        -0.16023033378199075,
        0.45531006678007024,
        -0.38103748225313266,
        -1.4593483499065973,
        -0.42554089759599095,
        -0.10531345189712848,
        1.0028489376362102,
        -0.20715192883041983,
        0.3017630533363225,
        0.1463572863096413,
        0.7404791866061232,
        2.283310831381095,
        -0.30454760538186054,
        -0.6964292109481797,
        -0.1888513084013147,
        1.0451831687146693,
        0.16013846437878282,
        -1.4963018490121296,
        -0.6247035940148162,
        -0.47327057146734486,
        -0.2328342526594221,
        -0.925147280397161,
        1.1617304742551398,
        -0.7718403818432762,
        -0.9094368711424967,
        -0.07308906494561773,
        1.908080036377568,
        -0.639279146203528,
        0.955457201440377,
        -1.6436343306628118,
        0.5373239882957578,
        -0.5304957874840367,
        0.08556181130228767,
        1.5466021099832303,
        -0.09549799399346035,
        -0.8155212737408849,
        1.0987637275219901,
        -0.8711197527962518,
        -0.6142257084286198,
        -1.2327230969482188,
        0.4953546611288243,
        0.06579965811086438,
        -1.7644826065353334,
        0.07386524142128802,
        -0.22490356591518107,
        -0.8038034313745399,
        0.11816703233770529,
        0.3632961795970968,
        0.29152734811002434,
        0.11715572916731379,
        0.5088823540318506,
        -0.971253565436772,
        1.3677489465764379,
        1.9653116393044952,
        0.5327079719186744,
        -1.5064945745288827,
        -0.0810451015437316,
        0.19766987703632632,
        -0.31772759195501926,
        0.4205439706234554,
        -0.41951352341060555,
        0.021747627523824968,
        0.45214615363565164,
        0.8018171268424731,
        0.22073894799580884,
        1.7375408245316446,
        0.5211199786256279,
        -0.8022619140463461,
        1.3043403132134652,
        1.3897531977066049,
        -1.4148009117060658,
        -0.06165799245385843,
        0.4518081863860083,
        -0.8029485119389738,
        1.305224616259881,
        -1.8951993985771292,
        1.6958345519616562,
        1.0927228830360063,
        -0.14056878971163286,
        1.7907100110763197,
        1.3813887901184432,
        0.14700519328333048,
        1.3711710961070047,
        1.0455642435359147,
        0.5543674625447601,
        1.7520027845306652,
        0.7594836708545515,
        -0.8504385460224632,
        -1.447769803279853,
        -0.40658195076966946,
        0.09190815783568873,
        1.0699955610392713,
        0.7104237547022401,
        0.021455449245312924,
        0.22379217277051688,
        1.1717820547695441,
        0.39458319865739905,
        1.1200268484668923,
        -0.11996511476131065,
        0.5213077438670802,
        0.4862911925600245,
        0.8207240069395287,
        0.20881136318451848,
        -0.7538962363686654,
        -0.6468378136446361,
        -0.9385288558915925,
        -0.017584272570714512,
        -0.9238931144582423,
        -0.14223971444942776,
        0.5393961804423766,
        -0.1741327195338772,
        0.314786143005958,
        0.36839113801442985,
        0.7406462259931043,
        0.26537687062634796,
        -0.5949910440684698,
        0.24079647407605106,
        0.9605267456724917,
        0.16012508353580013,
        -0.34900228171703307,
        -0.11990110924240985,
        -0.35723687650219405,
        -0.37747928790798285,
        0.7658493205858288,
        0.21369998373069068,
        0.23944467237177447,
        -0.19054106425765494,
        -1.6605583815705691,
        -0.3672863972097211,
        0.08032707823989761,
        0.09684331594313358,
        2.0017954161928495,
        -0.6326802524880835,
        -1.149498162466268,
        -1.4615508079341053,
        0.5173603918437448,
        0.7621047142684187,
        -1.7340816844269469,
        -0.1428858794872877,
        0.03924484979855719,
        0.6326803624562201,
        0.12924761125591017,
        1.0425247421708044,
        -0.8060878607673224,
        -1.2643272642009766,
        -0.011604487369209932,
        1.2413988812609933,
        0.02522155633970931,
        1.0537945751658,
        -1.0196766028423658,
        1.031616288135944,
        0.9280955177867252,
        0.3031807264508219,
        -1.8152978702111078,
        0.84894373621188,
        -1.4286077694010326,
        -0.46043919795953403,
        1.4035261350133343,
        -1.2524404465818582,
        1.193200844960937,
        1.4494953328991793,
        0.04300263385719492,
        0.20326492564315404,
        -0.2043955518387137,
        0.8130934757360115,
        1.1945995293420348,
        0.9083693221831898,
        -0.565605532575364,
        0.6686678769619901,
        -0.11490917619063223,
        1.1179534467181231,
        0.8882406602393358,
        1.0653970348483937,
        0.3355157971048984,
        -0.8943081077437651,
        0.8297604037993114,
        1.1847935490118375,
        1.8813611687315113,
        0.8232439437531223,
