{
    "idx": 703186,
    "fights": [
        {
            "enemy": 5,
            "fitness": 89.3652886203982,
            "player_life": 49.60000000000031,
            "enemy_life": 0,
            "time": 269
        },
        {
            "enemy": 6,
            "fitness": 84.77165549623892,
            "player_life": 3.4000000000002344,
            "enemy_life": 0,
            "time": 262
        },
        {
            "enemy": 7,
            "fitness": 90.57289246928256,
            "player_life": 59.20000000000033,
            "enemy_life": 0,
            "time": 210
        },
        {
            "enemy": 8,
            "fitness": 88.8796882233926,
            "player_life": 46.0000000000003,
            "enemy_life": 0,
            "time": 305
        }
    ],
    "weights": [
        0.4091085755660773,
        1.1515286465260595,
        1.4258528787916374,
        -0.8848711018364604,
        -1.3019924017445617,
        0.0698360216816146,
        -1.383917095929942,
        1.181593665302347,
        -1.0203001299922487,
        1.2585227953595821,
        -0.30840762395505383,
        -0.11897840446125157,
        -1.2633430776982362,
        0.10630116356751398,
        -0.4975452111785658,
        2.309620784914916,
        1.0200937002046695,
        0.9036631317653503,
        -0.23001160206193447,
        2.4944876751651583,
        -1.7727782062695925,
        0.5087088586700221,
        1.5324085358249395,
        1.3522147775740692,
        0.3560286216101965,
        1.5755384690596912,
        -1.5939372728697152,
        0.3635517643971426,
        0.823166785066651,
        1.3800616767514038,
        -0.7254790163850763,
        -1.1227597628699042,
        -0.7643086411749028,
        -0.8612649516556643,
        0.7917019766991202,
        0.1811789416098561,
        0.2725872818748176,
        -0.6041652545600561,
        0.0824692124180626,
        1.078662414849278,
        -0.09274966979962995,
        -0.766183458554853,
        0.9386823374699894,
        0.7330834913551012,
        0.6183771085865848,
        -0.26108658301509213,
        1.2722996975869723,
        -0.40729807048890304,
        0.1803874581149194,
        0.9633403283357993,
        -0.97850366823888,
        1.6643173652953167,
        -1.5693030541339625,
        -1.326607899815869,
        -0.47840785799668967,
        1.0488618003070564,
        0.5984135462979496,
        -0.4919323579615395,
        -2.1162886542442294,
        0.30274358063599155,
        1.058555051088069,
        -0.5402586631138634,
        -0.4943729677014365,
        0.604549635178942,
        1.1980791308607692,
        0.5023772742895914,
        -1.0222732890009991,
        2.591953596207977,
        -0.5401100310570336,
        -0.5702030447238742,
        0.7256978640511752,
        -0.6613995659576629,
        -0.09945992338020321,
        -0.24584123065761945,
        -0.22806834427251343,
        -1.3199326603632868,
        0.21582523599624673,
        -0.34843811624801174,
        1.016778551442279,
        -0.19091257090651462,
        0.43773200594124295,
        0.11871045506248952,
        0.506806996354689,
        2.261443010062183,
        -0.15630448128098137,
        -0.7118521405130518,
        -0.21339407902544602,
        0.8930378573454586,
        0.32055294475170676,
        -1.6296125435981896,
        -0.6091979082416378,
        -0.622099811318906,
        -0.09074308807212195,
        -1.2821667915124844,
        1.1689001561999814,
        -0.7289051851536005,
        -1.3239693888677015,
        0.13479035809726078,
        1.8290014088927935,
        -0.5459580874870198,
        0.9600363189785825,
        -1.726173512616496,
        0.4881026815736212,
        -0.8068675609958154,
        -0.08344088263676817,
        1.8063673325269762,
        -0.22583442397466255,
        -0.7153123224888733,
        0.8764772275679756,
        -0.6982440037251455,
        -0.5910179650449042,
        -1.2227655022968453,
        0.9735441545407265,
        0.0989519788057211,
        -0.9776944407535355,
        -0.18338446604062286,
        -0.1061981867357453,
        -0.7510054174840252,
        0.004446797579265943,
        0.393552075486321,
        0.33803924466491586,
        0.21236853535572567,
        0.6448769905740762,
        -0.8061126535455956,
        1.272201143125029,
        1.9113394300409818,
        0.22914048747583277,
        -1.084405304884639,
        -0.6658114558569116,
        0.286971568152494,
        -0.747840569643872,
        0.3140049336911641,
        -0.18066762672348596,
        0.8824063010379335,
        0.45738493566597105,
        0.49165441812658295,
        0.14859281128390872,
        1.7204911230933313,
        0.5834248833628065,
        -0.8370843576282431,
        1.3366142921434587,
        0.7658411377518867,
        -0.9794920564560782,
        -0.7186976076197139,
        0.317119692879868,
        -0.5451637902301736,
        1.8153857929722486,
        -1.9293888345321817,
        1.104563813680831,
        0.3911389739106324,
        -0.20301272943658458,
        1.6322739867434093,
        1.6778740419998417,
        0.28397491947057113,
        1.237846474247844,
        1.4356974011470283,
        0.2591669497960167,
        1.7099825497304078,
        0.5469065013082798,
        -0.3347190760354162,
        -1.4502714684186262,
        -0.29552046169644725,
        0.0696998149615048,
        -0.34120545375673006,
        0.801045609622775,
        -0.01031272761966958,
        -0.16982140138853866,
        1.195086649724097,
        0.7891466394623232,
        1.1133966392680335,
        -0.21606870637282224,
        -0.0325225142531725,
        0.492881053703241,
        0.9146506120565193,
        0.2615475551953435,
        -0.7625852802625201,
        -0.5600082644986755,
        -0.6377586197020145,
        0.1511041106336517,
        -1.260646211257496,
        0.210552096456088,
        0.24580348593739174,
        -0.6134356012146377,
        0.7552488305763846,
        0.4653751107043987,
        0.9430116171714906,
        0.06384429409194887,
        -0.6817080422327452,
        0.14359589617436364,
        0.4508698428751988,
        0.05182604085617913,
        -0.32204803281118166,
        -0.41744688065193764,
        -0.3624895862666616,
        0.0852094307156625,
        0.7788564263393092,
        0.1502833095264839,
        0.4472477435601989,
        -0.1983176528626251,
        -1.571584311944299,
        -0.4577141122043301,
        1.0828958815722025,
        0.024760078592308714,
        1.971492747045502,
        -0.4226629045325752,
        -1.2940700558809317,
        -1.305432308516252,
        0.51809269005365,
        0.8679924240790695,
        -1.6800128730454433,
        -0.2702476117310363,
        0.24869311202965527,
        0.5091460319551754,
        0.10620845559168889,
        1.0787887977706916,
        -1.0242574176324697,
        -1.3988956491081606,
        -0.013810947833295707,
        1.1752214147686568,
        -0.3060384310946296,
        1.1765937901036192,
        -1.6052430782878409,
        0.9740482170908513,
        0.6473169530254961,
        0.25912835515102656,
        -1.459572532816933,
        0.8238067935508966,
        -0.9346363235986814,
        -0.11784142807547934,
        1.7107109876969424,
        -1.1100238734868917,
        1.0139938350573487,
        1.4473152876021846,
        0.2711996327947271,
        0.13673844477090202,
        0.24639402607359054,
        0.842253587982438,
        1.6932386567522488,
        0.6523239267381086,
        -0.3942707975014974,
        0.8263833617782647,
        0.13324213913738767,
        0.5828021620830592,
        0.7311680816190177,
        0.9560101048145192,
        1.2022685866946983,
        -0.737474160882683,
        0.6387518427544312,
        1.0784005947756532,
        0.5647369273734839,
        0.7711383046615594,
        -0.5420710450017021,
