{
    "idx": 702281,
    "fights": [
        {
            "enemy": 5,
            "fitness": 90.01936107665804,
            "player_life": 55.00000000000032,
            "enemy_life": 0,
            "time": 240
        },
        {
            "enemy": 6,
            "fitness": 57.56192069107681,
            "player_life": 0,
            "enemy_life": 30.0,
            "time": 230
        },
        {
            "enemy": 7,
            "fitness": 89.49289246928257,
            "player_life": 48.400000000000304,
            "enemy_life": 0,
            "time": 210
        },
        {
            "enemy": 8,
            "fitness": 88.81968822339262,
            "player_life": 45.4000000000003,
            "enemy_life": 0,
            "time": 305
        }
    ],
    "weights": [
        0.6629530246619828,
        0.036960045398826684,
        1.1506438100866894,
        -0.5669978319490712,
        -0.784323629619028,
        0.3437549026183551,
        -1.0681681948574246,
        1.068077843711001,
        -0.6219790470089963,
        0.9406074046943697,
        -0.8728322844664077,
        0.40655517029245214,
        -1.0536951179458407,
        -0.6864075991377306,
        -0.5312509322355564,
        1.5633968139065682,
        -0.3970361777629571,
        1.5888166326234614,
        0.2179821507101224,
        0.5904726495532996,
        -0.5106949346200185,
        -0.1709450627836439,
        1.7293181644220537,
        0.9036808550948935,
        0.6651118169145411,
        1.5850509389102703,
        -0.7787707261128298,
        0.07310985638239739,
        0.4063499410913956,
        0.6974103881794573,
        -0.16285415905849657,
        0.11696410168397382,
        -1.3983939177603688,
        0.8759469893546137,
        0.5543435800879857,
        -0.4466075390095622,
        0.5476874681663286,
        -0.8700614593619157,
        0.38272650243864703,
        0.069641615155554,
        -0.42612730563207657,
        -0.9629915213248722,
        1.1363640888692659,
        0.9400143545903713,
        -0.17606753606163184,
        -1.0482450976898794,
        0.7508542171936979,
        -0.10783507717923699,
        0.35708852025498405,
        0.5682975745606037,
        0.2745917318136355,
        1.2819709427491814,
        -1.296969577383016,
        -0.7262509716727032,
        -0.0738370051073908,
        1.9812223358558867,
        0.6703689113922521,
        -0.041561090263089996,
        -1.5727770479068253,
        0.37106055428212614,
        0.6815878552193181,
        -1.1565012728591613,
        -1.062476923568888,
        0.18932766066589996,
        0.3025227164622757,
        0.5905421898882719,
        -0.0863758297191551,
        1.0417020668768646,
        -0.28973697198930776,
        0.5962961906138585,
        1.2137817288915447,
        -0.1128550697424037,
        -0.8264603792372003,
        0.24896993532580666,
        -0.4428135990441759,
        -1.9798974576468422,
        -0.02978441573851165,
        -0.6253041705631927,
        0.6335335027045235,
        0.7016531559359093,
        0.5341260135803695,
        0.22998281955706407,
        0.4570330150242146,
        0.35739924589954575,
        -0.01837816686146357,
        -0.8705071578049535,
        -0.14309688942085122,
        1.0274653449714186,
        -0.22415248332161797,
        -0.04862332479566679,
        -0.32502815931821066,
        -0.5851205637730653,
        -0.24132571580379078,
        -0.8160745263785194,
        0.6157229397945718,
        -0.8182713219567936,
        -0.5899645742965905,
        -0.38788126746361057,
        1.7047665182207627,
        -0.5091951808166076,
        1.1205128615546742,
        -1.4078041296935604,
        -0.26023309290299246,
        -0.2603928243003418,
        0.500162624114259,
        0.6282745508518186,
        0.1925725094575155,
        -1.6016029906927092,
        1.1837016700860152,
        -0.7956369313973298,
        -1.252749270670219,
        -0.1831124067139016,
        0.7495895759467112,
        0.20911905262410224,
        -1.0471595783377758,
        0.08837350748635038,
        0.46946625262193487,
        -0.6365543889646327,
        0.11180912616571406,
        0.42124251067161833,
        0.559121777278873,
        1.7952347618525328,
        0.40212757074947425,
        -0.9429034501757109,
        2.2610023353737407,
        1.0813216539567003,
        -0.00932983659146313,
        -1.4380074431090895,
        -0.31729702072699695,
        -0.8515236580629576,
        0.22594631371504798,
        0.0049357969277577865,
        -0.32755738287341785,
        0.42151334007092506,
        -0.06791882699083637,
        0.3830581139774116,
        -0.3212659743446934,
        1.690612264080648,
        0.4255708807789465,
        0.18256434930437926,
        0.8333783267410505,
        1.043399898473628,
        -0.8447506979830799,
        0.3229309826833032,
        0.4375325503116745,
        -1.0546377649028258,
        0.7815799802154854,
        -0.3755703197784657,
        0.8088000631819903,
        -0.3152033915785851,
        -0.11844979150778652,
        0.7956872785407989,
        1.2607182416459064,
        -0.4369515281902078,
        1.0767324243533958,
        0.6255162117191575,
        -0.0367835592947124,
        0.7059716039076843,
        0.7048276158621076,
        -0.461703632173025,
        -1.0689734560845503,
        0.3255939363311894,
        0.09467014820561682,
        -0.6517445606513068,
        -0.3441283624447968,
        0.5875200222764765,
        -0.10670253484615876,
        0.45966925434591,
        0.600895694887343,
        0.04620645126360201,
        0.13043302999866452,
        0.32180675561925304,
        0.3124454402726491,
        -0.14857949502501303,
        0.5218756729820442,
        0.16652948054671057,
        0.12566896358942842,
        -0.2558649502323036,
        0.3098741528982322,
        -0.16376903559972783,
        -0.48043656140001556,
        -0.3480187696947426,
        0.29405609700290897,
        0.9116223645261502,
        0.037339641436189314,
        0.5413553577541612,
        0.25551065225760783,
        -0.5172216439010687,
        0.12419495962033425,
        0.7242092656913626,
        0.3448731221245163,
        -0.3146197222176739,
        0.1059331964485206,
        0.3269995426730352,
        0.2819104715899554,
        0.8841672855058491,
        0.4646016786435427,
        -0.29505450843103626,
        -0.27104247916602386,
        -0.9930701362231532,
        -0.786659715237128,
        -0.935695183917994,
        -0.449565750693052,
        0.49915266816885906,
        0.1300307052482261,
        -0.8360351177694652,
        -0.6866644918353957,
        0.6651811792222295,
        0.4249258935984378,
        -1.8291939613593202,
        -0.1607169707028027,
        0.8448731841161904,
        0.6067036972331601,
        -0.5231660246068491,
        0.6854423868968872,
        -0.41923421537610045,
        -1.030837528044331,
        0.36745163916697626,
        1.1270488556029523,
        0.33025235668628816,
        1.1518287346522684,
        -0.1111691081563654,
        0.5723814421801174,
        0.09876625720951,
        0.3697411384854355,
        -1.2863324328691124,
        0.47310357417634713,
        0.18004309764697204,
        0.5320108596581898,
        0.7605850837044194,
        -0.9410711908406669,
        1.0763728818670206,
        1.446317268302973,
        -0.3159491962910803,
        -0.22608286456838877,
        -0.707793897529481,
        1.0718671716626833,
        0.25954118213675226,
        0.3681177465280685,
        -0.022246963692742983,
        1.0729809176678318,
        -0.3011165498469975,
        0.7080620653184725,
        1.0626842157696834,
        0.6259866776701785,
        0.3220255128355871,
        -1.2142628494934165,
        0.3559301718269423,
        -0.06732188379985277,
        2.0442170434595344,
        0.9013295298512298,
