{
    "idx": 705514,
    "fights": [
        {
            "enemy": 5,
            "fitness": 89.64283177470682,
            "player_life": 51.40000000000031,
            "enemy_life": 0,
            "time": 244
        },
        {
            "enemy": 6,
            "fitness": 86.79853908213778,
            "player_life": 23.200000000000244,
            "enemy_life": 0,
            "time": 250
        },
        {
            "enemy": 7,
            "fitness": 30.65766574803519,
            "player_life": 0,
            "enemy_life": 60.0,
            "time": 209
        },
        {
            "enemy": 8,
            "fitness": 90.02661051127251,
            "player_life": 55.60000000000032,
            "enemy_life": 0,
            "time": 253
        }
    ],
    "weights": [
        1.0974591902122786,
        0.9344555427976458,
        0.7065073477535939,
        -0.990199196719528,
        -0.8761560837826377,
        0.5394674438641716,
        -1.3475836924041114,
        1.3076106428067076,
        -0.38258667235866345,
        1.2355920140977183,
        -0.06731647592532829,
        -0.5202747032871975,
        -1.376444178959854,
        -1.1076973279160478,
        -1.1472857760367876,
        1.5793457036901644,
        1.2073001520613575,
        0.6104709466501224,
        0.7829995260210322,
        2.73741801233244,
        -0.796975895979213,
        0.6218869218414166,
        0.8389486859106554,
        2.407639206382148,
        0.9498409678336444,
        1.9221376013351932,
        -2.0576716549170344,
        -0.20488245325742016,
        1.5677654639246419,
        0.007833744889394575,
        -0.849305106116131,
        -0.8263478248434741,
        -1.216757547610242,
        -1.0277493403389464,
        1.364882618003593,
        0.535483838450715,
        0.38380727587621,
        -0.716466591264363,
        -0.5052188124530976,
        0.2516899408367185,
        -0.5245654403468574,
        -0.2871531427686169,
        0.600505963134888,
        2.00457401808607,
        0.03377108973949464,
        -1.195735008599269,
        1.7462782845630478,
        -0.38417911057157633,
        0.3281443768917167,
        1.0262714984421435,
        -1.14694131538077,
        1.9193697235951839,
        -0.5481010706011511,
        -1.357729844363626,
        -0.6089875944701222,
        1.986352193915153,
        0.16798326232480537,
        -0.34112915538032634,
        -1.731235464195158,
        0.19086594561518186,
        0.8412620018895972,
        -0.3230783833566464,
        -0.9915053854322061,
        0.7601989063763797,
        0.7392064021313511,
        0.8241291558441725,
        -1.429338647046404,
        2.059293855912864,
        0.09185952660010216,
        0.12397857147642463,
        0.7774953011156327,
        -1.121306135642756,
        0.11210428130108507,
        0.836386503920936,
        -0.6388956689318069,
        -1.6553753465628391,
        -1.1653501378385447,
        -0.3790356292463106,
        1.2858188028049837,
        -0.20495920620677616,
        -0.3710309238029268,
        -0.1578578048466582,
        -0.01783702084516195,
        2.162167816638185,
        0.5940649970397075,
        -0.891162462880368,
        0.24737571815889664,
        1.2507812417582518,
        1.0603451400158705,
        -1.7276554839483032,
        -0.9127078130008593,
        -1.299537135575432,
        -0.2930426191289287,
        -1.1783178977833153,
        1.4105619586448215,
        -0.2852693271338408,
        -1.4180577675700625,
        0.48598818768050145,
        2.2271946388408117,
        -1.1941901979499183,
        1.0862240914580985,
        -1.4803122585443567,
        1.2175729138120648,
        -0.8355762165976833,
        0.6121944762090015,
        0.6293683904379196,
        -0.08205327325506828,
        -1.5556181834057914,
        0.8035482618319112,
        -1.1438412428836306,
        -0.1006534507763865,
        -0.8816518067986548,
        0.9577395563691168,
        0.07694223785343839,
        -1.7170317977099494,
        -0.30104560383254636,
        -0.41059041768467497,
        -1.1308093656847344,
        0.0940706706171596,
        0.1575086987486194,
        0.502507155251023,
        0.9321234595231349,
        0.5770347229594736,
        -0.8776714071574007,
        1.7043577347451992,
        2.6554034353761757,
        0.3307222838318555,
        -1.0326865923577624,
        -0.6478593402287663,
        -0.05148937443297381,
        -0.8585895449396642,
        0.4809571448188109,
        0.2901287876598182,
        -0.08859397253729492,
        0.5438496154952275,
        0.9999172628135092,
        0.2043753332153987,
        2.5587138205700137,
        0.6518923190554345,
        -0.5156896393572566,
        1.6777041905427506,
        1.3866354645482533,
        -1.3024886441372072,
        0.036409347599727276,
        -0.0832211855158949,
        -0.994231535904811,
        1.7405949461339687,
        -1.0078747717264362,
        1.12045634771764,
        0.3204529036953411,
        0.4154611866647747,
        1.717229590104595,
        1.7148423711365177,
        -0.20912891618180907,
        1.2277419286428195,
        1.0260667090404147,
        -0.30021806697910924,
        2.5128277571034934,
        0.7615184749036984,
        -0.08768777580869529,
        -0.6876749312045967,
        -0.4133708521906604,
        0.35061968308079444,
        -0.10804194085713029,
        0.4146181853977395,
        0.900451463523545,
        0.27523794819307906,
        0.42225182319700366,
        0.2927684089569792,
        0.5585622844121635,
        -1.6709512682563428,
        0.8077499189871301,
        1.0048914987386166,
        0.3312591092221213,
        0.3870937554124477,
        -0.6548420958893296,
        -0.7476766838864576,
        -0.8140630471599792,
        0.7408814868730518,
        -1.513917391875959,
        0.13609593509091852,
        -0.5637385182563639,
        -0.09987332088034201,
        0.803895173229088,
        0.5815917425235374,
        0.3587683321163734,
        0.7613428324063356,
        -0.6195795697916886,
        0.36899993162262934,
        1.0639979824524377,
        0.050379351053400453,
        0.6225514392281043,
        0.20828207043941632,
        -0.09151043810503055,
        -0.17341564919642677,
        0.8864143743543837,
        0.4645261256862846,
        -0.7469089127507412,
        -1.1394234055543284,
        -1.7727893083167485,
        -0.6944869403271535,
        0.3973335199284616,
        -0.33983717165325655,
        1.9350192324173354,
        -0.5129082238804968,
        -1.5456700749425223,
        -1.1707721644437667,
        0.5840450175046004,
        0.614407762782686,
        -1.403948291839773,
        -0.5134002059889221,
        0.4616753967985796,
        1.1929658708124806,
        -0.35740142719036155,
        1.4060302348544844,
        -0.6144293860548401,
        -1.183375445065269,
        0.12946412767868723,
        1.062378605260349,
        -0.5854812676479388,
        1.0725055338079217,
        -1.0252070399109137,
        1.6153845589567037,
        0.5400327189798901,
        0.27962662604621036,
        -1.673600468096865,
        0.44467217984045276,
        -0.7573864703506249,
        -0.14890508270734376,
        2.1316773720334217,
        -0.9540188705752195,
        0.9458348025968277,
        1.530181732717714,
        0.10913706001517974,
        0.4781009973125729,
        -0.7498253268836765,
        0.5540509638888026,
        1.9210830388650368,
        0.5719049030205181,
        -0.22527488353170327,
        1.0671919456280623,
        0.32906788409419696,
        0.418520645532712,
        1.0119171910203673,
        1.1325561217180364,
        0.37055478614301207,
        -0.7971280302175148,
        0.3607545821767477,
        0.41096077799153286,
        1.7860183797635838,
        0.9715003348046976,
        -0.8120268337080265,
        0.144557087552917,
