{
    "idx": 711956,
    "fights": [
        {
            "enemy": 5,
            "fitness": 89.40283177470683,
            "player_life": 49.000000000000306,
            "enemy_life": 0,
            "time": 244
        },
        {
            "enemy": 6,
            "fitness": 87.21853908213778,
            "player_life": 27.400000000000254,
            "enemy_life": 0,
            "time": 250
        },
        {
            "enemy": 7,
            "fitness": 66.63870783429057,
            "player_life": 0,
            "enemy_life": 20.0,
            "time": 213
        },
        {
            "enemy": 8,
            "fitness": 89.08878821817866,
            "player_life": 47.2000000000003,
            "enemy_life": 0,
            "time": 279
        }
    ],
    "weights": [
        0.9810919904445904,
        1.112793891491075,
        0.4308594026354229,
        -1.1616149579287578,
        -1.4484171529687233,
        0.2684007235933813,
        -1.1523091155577396,
        1.84765068450198,
        -0.5657583059787291,
        1.090456526479815,
        0.03688865445090798,
        -0.8053847345605144,
        -1.0239874531300224,
        0.1631664562478189,
        -0.6086612676639995,
        2.857054312811722,
        2.2383866422756977,
        0.6204670102818585,
        0.18098285085771273,
        2.1205990982265024,
        -2.0352330031879067,
        0.9665383855561911,
        1.581457348066541,
        2.12379423029848,
        0.04512964393023436,
        1.2443335665283939,
        -1.7495497880658042,
        0.32483432625421416,
        1.4457130952476978,
        0.8570657089436805,
        -0.308551033800249,
        -0.7889171907816938,
        -0.567480549184493,
        -0.5002819182407697,
        0.6642339243492548,
        -0.2940761599515188,
        0.8258534685712077,
        -1.107858502426451,
        -0.2769174729428011,
        0.8023333552870321,
        0.09556991559528544,
        -0.5743216956066834,
        0.777984283319954,
        1.0115656202533114,
        0.887721338027545,
        -0.610734449052891,
        0.6790970875324949,
        1.2753997974264961,
        0.758652864755621,
        0.9556243309511798,
        -0.7627997016702187,
        1.5753790927877669,
        -0.9000699080050503,
        -1.4173939101657707,
        -0.9396231738686488,
        1.6072973643794353,
        0.14940684126065806,
        -0.08818567868772703,
        -1.5882506026856076,
        0.5682013033340456,
        1.150706369647522,
        -0.651309474048345,
        -0.7479393737440505,
        0.20169889405191424,
        0.2460353445789385,
        0.7130941280109774,
        -0.5824810642092794,
        1.2479379012110974,
        -0.7280297746266294,
        -0.24493687918083945,
        1.0122265294296364,
        -0.750138057086809,
        0.18963786975675026,
        0.020105580884702455,
        -0.17826582366239946,
        -1.6094011538959123,
        -0.386480953423443,
        -0.12667825783827513,
        1.2804536161104911,
        0.03501725936763561,
        1.1493149752915215,
        0.09489838753459896,
        0.7199193539523463,
        2.64709957027783,
        -0.38273593253501986,
        -0.7344156474093468,
        -0.383013663146351,
        0.8503195699254837,
        0.5474528115223648,
        -2.0382157360472086,
        0.1406720200267274,
        -0.5534802054627074,
        -0.26345260530171155,
        -0.5559871207244573,
        1.1073493184114875,
        -0.8902437250177927,
        -1.038937243447821,
        -0.039559930604830776,
        1.3168352030964319,
        -0.12663696316007284,
        1.3109195340620297,
        -1.7641186163369467,
        1.7555303299862772,
        -0.452872996136434,
        0.9589938650329172,
        1.0428332258131807,
        -0.35253089694600964,
        -1.3724265361400905,
        1.5888925603514663,
        -0.731982672021155,
        -0.41772731521843137,
        -0.8936785664252613,
        1.1135425067258096,
        -0.13502420105296983,
        -1.3435882756989574,
        -0.28967785279159086,
        -0.24022553946192257,
        0.004677625441515176,
        -0.2236371084259766,
        0.4695276663463326,
        0.4805488076715889,
        0.5639370848367786,
        0.6956162071164806,
        -1.8661262947062136,
        1.971710911161439,
        2.730597768969835,
        0.5793109409168183,
        -1.5059204157581223,
        -0.8861805069912758,
        0.330664468689012,
        -0.9728309198776998,
        0.7579931297723101,
        -0.04995139514645414,
        0.5938279942784139,
        0.5647776595531776,
        0.696386845305456,
        -0.002650599456928582,
        1.8892798584816417,
        0.45072033938291894,
        -0.681790000033251,
        1.5531053421593846,
        1.644779218521406,
        -0.6074198674535302,
        0.26332229762143194,
        -0.09968436312688914,
        -0.8387892244008648,
        0.5793576159692049,
        -1.3509358289074007,
        1.5438260648471573,
        -0.29518314735887896,
        -0.005720045536833571,
        1.7641088845729322,
        1.516959533884907,
        0.06687073481083794,
        2.0633340600175356,
        0.7459482994400866,
        0.09746772497760478,
        1.6920710575519582,
        0.9770342020266182,
        -0.4542587313987131,
        -1.5238559319760152,
        -0.3394261087884599,
        0.24683698015822547,
        -0.7048345640411304,
        0.010100862263081697,
        1.073507025688831,
        -0.02888332075973335,
        0.2766456903559471,
        0.2706721365238153,
        0.8089836676484716,
        -1.0003182076253514,
        0.20180473621243464,
        0.38308446041752153,
        0.3778184290197199,
        0.02085377140461242,
        -0.4748710253611401,
        0.25301614073888046,
        -0.9552864289381195,
        0.5732806366503493,
        -1.2256692741715571,
        -0.022202777449793487,
        0.6028489215926898,
        0.05549527687871714,
        0.697778333297331,
        -0.00600520138494115,
        0.7973659086059841,
        0.7805899746867864,
        0.07882358637486628,
        -0.13826575152768353,
        0.6985126843281951,
        0.8710411894267651,
        -0.4136840287619656,
        -0.24887790974850632,
        -1.0819663928294094,
        -0.16809160256962433,
        0.9348704471078865,
        0.16706640509934292,
        -0.30910623566822354,
        -0.27224011667482684,
        -1.7921813596222518,
        -0.39286227363063947,
        0.041588338097826645,
        -0.33652598051386495,
        2.3248103662935367,
        0.10707734087297885,
        -1.3959869900334683,
        -1.5356531226480694,
        0.6120883430799309,
        1.0652150114484853,
        -1.5794624564274393,
        -0.1773747390214812,
        0.62170505559667,
        1.1571692930130257,
        -0.8273594002194009,
        1.3412613899039658,
        -0.9791029605921258,
        -1.0616759633748463,
        -0.1218915510754018,
        0.838044302603086,
        -0.6838875540090825,
        1.1714718882585735,
        -0.9276829212633513,
        1.6692206388975772,
        0.24618760253962024,
        0.14915810628509035,
        -1.4060858594464631,
        0.6842240940352442,
        -1.2192464491356714,
        -0.3417934965104442,
        1.8786999946158196,
        -0.845784681826716,
        1.1880133367419023,
        0.8455891198376371,
        0.20029498827555972,
        0.7958584449108539,
        -0.8106730389625383,
        0.20353310902464983,
        1.051980864950265,
        0.3330700804298635,
        -0.8704132793325977,
        1.2085253580300832,
        0.1421803674608105,
        0.370215928325615,
        0.684032623329798,
        1.2736144556002236,
        0.9324015969164628,
        -1.1190684950899719,
        0.9533924206146784,
        1.9083388685201312,
        1.7997270043796596,
        0.7851792169330063,
        -0.6083570794486619,
