{
    "idx": 702743,
    "fights": [
        {
            "enemy": 5,
            "fitness": 85.58235775665099,
            "player_life": 16.60000000000023,
            "enemy_life": 0,
            "time": 436
        },
        {
            "enemy": 6,
            "fitness": 48.676990020861595,
            "player_life": 0,
            "enemy_life": 40.0,
            "time": 205
        },
        {
            "enemy": 7,
            "fitness": 88.40835394814498,
            "player_life": 38.20000000000028,
            "enemy_life": 0,
            "time": 224
        },
        {
            "enemy": 8,
            "fitness": 90.07936107665805,
            "player_life": 55.60000000000032,
            "enemy_life": 0,
            "time": 240
        }
    ],
    "weights": [
        0.8652575153518793,
        1.0145702741715419,
        1.1108829888425424,
        -1.0357254284961217,
        -1.1061817620940166,
        -0.04440846188410756,
        -1.4013388440825043,
        1.5755748432709795,
        -1.298376626805753,
        1.3577373938358799,
        -0.4970892698294786,
        -0.5804398595888534,
        -1.097643962316077,
        0.03806769689737692,
        -1.033110790036151,
        2.4566138622563987,
        0.48497202753570334,
        0.6650210417099099,
        -0.30872691036320166,
        2.049567562140547,
        -1.6141926578035102,
        0.38255833591695454,
        1.5155711940326,
        0.732152442009874,
        0.45679515837135937,
        1.2713588744829307,
        -1.4728040032544043,
        -0.044849377232901944,
        0.8473844755844491,
        0.9620701383386631,
        -0.7010099534153772,
        -0.7124811468374974,
        -0.7172431575406717,
        -0.7655002758309206,
        0.4618997301967751,
        -0.006348449657642377,
        0.4434217672746462,
        -0.6857239219364233,
        -0.40687275516433596,
        0.7454656880508338,
        -0.2581610197891962,
        -1.0374476197995726,
        0.8486985455284809,
        1.0448908642880823,
        0.28233679194670214,
        -0.2891561779195665,
        1.7955249389411225,
        -0.26875839496227233,
        0.6205475668351758,
        1.153892294792915,
        -0.5687541703256246,
        1.4154253243992756,
        -1.5796911971060472,
        -1.392689605387452,
        -0.5028660985921259,
        1.3428877681945286,
        0.1507080643876606,
        -0.3508575302248301,
        -1.8276902274449351,
        0.2137087695708786,
        0.8969031819381931,
        -0.684891495040049,
        -0.933669226544321,
        0.32750618364617207,
        0.49641140907542874,
        0.6340966638940198,
        -0.8327173507579387,
        1.1012312395948745,
        -0.09346178528992446,
        0.23889291756091086,
        0.7386767696342933,
        -0.5828779470860503,
        -0.055320091385100675,
        -0.48388502108709075,
        -0.3908490542939964,
        -1.1817097272341188,
        0.019812019238012943,
        -0.26986834197531784,
        1.151549254413781,
        -0.33853452826528296,
        0.3316099041419181,
        -0.19820056148878695,
        0.37370372143151465,
        2.52393032921963,
        -0.3486103013889657,
        -1.1991118104445802,
        -0.10034519683962999,
        1.1748196224607454,
        0.288407755235797,
        -0.30024507849139553,
        0.2041671200792352,
        -0.7043548242600997,
        -0.25144844147455536,
        -0.7191559313693393,
        0.7272861348053694,
        -1.1031275484206486,
        -0.8320069276847728,
        -0.05270315217769859,
        1.4950063691092172,
        -1.059053075960521,
        1.4998023556499283,
        -1.6906522621379634,
        0.49292160387374806,
        -0.7758927051609483,
        -0.23513153589330194,
        0.4732582072696622,
        -0.17469113426157262,
        -1.4138982091454733,
        0.8354823869872019,
        0.07310270174859848,
        -0.751822372318079,
        -0.5313989145487529,
        0.8318746810319095,
        0.2644814526748176,
        -1.489660785318913,
        0.22591037459244212,
        0.7259906791530444,
        -0.6620297234024074,
        0.17046215176651222,
        0.21555176058265166,
        0.09831960650046871,
        0.1331290662532309,
        0.850771195332715,
        -0.7590050346974666,
        1.5183837958256678,
        1.6972881322908584,
        0.45620802775550123,
        -1.4437186164100768,
        -0.31359604511990485,
        -0.12927409808672324,
        -0.7365906996471661,
        0.7238075317819836,
        0.2623627609764749,
        0.8509496086388316,
        0.34577513972589136,
        0.32502705028252354,
        0.2271197893790035,
        2.0306480648920506,
        0.4791544091166529,
        -0.6483042594087356,
        1.1242592861673737,
        1.090613358310952,
        -1.2041505819160097,
        -0.3084357682619071,
        0.37451872883581794,
        -1.1840239871961793,
        1.4159965949465763,
        -1.4744010045810638,
        1.1775444794007488,
        0.21363031546190864,
        -0.07095477072843444,
        1.38549181192347,
        1.021890550719994,
        0.15872075610438602,
        1.4610489360064112,
        1.2994838857487527,
        0.3337919554266349,
        1.007916370811066,
        1.0577097032041374,
        -0.8566647947086219,
        -0.6796485764685313,
        0.9371840444233509,
        0.3661370642210983,
        -0.8524378153942117,
        0.60458852142495,
        0.4657230949355446,
        -0.45714908094608614,
        0.5583985107103575,
        0.7098033901167142,
        0.7629440207519358,
        -0.853477479836073,
        0.5199450310615511,
        0.4926524510487042,
        0.92427543139304,
        0.0068911426591099015,
        -0.7385997138234723,
        -0.3946303853518834,
        -1.0330572059035548,
        0.2729538770187395,
        -0.8833523054017153,
        -0.5394760771131669,
        -0.23716208798297908,
        -0.17144710850564387,
        0.8066917722941871,
        0.03393214749532173,
        0.6829402672170607,
        0.1909278899935391,
        -0.6873767940330454,
        -0.05612698012490342,
        0.6913087138116243,
        0.19452881424244667,
        -0.23929861130868704,
        -0.07666576654912995,
        -0.1488620578189719,
        -0.25584109328943383,
        0.9185771231932849,
        0.12364751111551998,
        0.057273150547683775,
        -0.2719620153467805,
        -1.7502131760890733,
        -0.4849515176342688,
        -0.006859240169286823,
        0.03156803599127252,
        2.191409495083042,
        -0.33545594862944983,
        -1.4523378680690209,
        -1.4037860678192458,
        0.8128743935063663,
        0.9985681263206749,
        -1.549774573471164,
        -0.339949359212448,
        0.649159565226547,
        0.5849411508091159,
        -0.7417519873493492,
        0.42636120388039167,
        -0.8882048555074677,
        -1.3786828768133557,
        0.25591399551374594,
        0.8660820610368004,
        0.05210606639834346,
        1.3355131428317062,
        -1.5895089248898353,
        0.9163633144894046,
        0.6308244517621158,
        0.3090188046533039,
        -1.1412572983261784,
        0.801068716330764,
        -1.2284580603986126,
        -0.3145635343315362,
        2.008214347171936,
        -1.0061802503847517,
        1.293448637488122,
        1.0925111989254501,
        0.27797075758828127,
        0.3058650015099798,
        -0.5688023991251252,
        0.7701258518020313,
        0.9622276495048155,
        1.0150257884528668,
        -0.7006788619016378,
        1.0085013983608924,
        -0.0913344922317054,
        0.5349309788055101,
        0.7984472448173586,
        0.9616656184470576,
        1.0300609063680277,
        -0.6127975061792952,
        0.6302593345243411,
        1.1696202900999584,
        0.6336207516939234,
        0.848166391358409,
        -0.7376986873980521,
