{
    "idx": 702606,
    "fights": [
        {
            "enemy": 5,
            "fitness": 91.11679627126205,
            "player_life": 64.00000000000034,
            "enemy_life": 0,
            "time": 197
        },
        {
            "enemy": 6,
            "fitness": 39.59732261812772,
            "player_life": 0,
            "enemy_life": 50.0,
            "time": 222
        },
        {
            "enemy": 7,
            "fitness": 88.0438995977956,
            "player_life": 34.60000000000027,
            "enemy_life": 0,
            "time": 225
        },
        {
            "enemy": 8,
            "fitness": 87.13935834262664,
            "player_life": 29.80000000000026,
            "enemy_life": 0,
            "time": 344
        }
    ],
    "weights": [
        1.114311821369211,
        0.2640374558762518,
        1.7219074374934342,
        -1.0146889449136685,
        -0.9558995353766,
        0.6891478480829398,
        0.8058155547017783,
        0.33824983233056655,
        -0.36324436416870537,
        1.1681726688245022,
        -0.4204491199684801,
        0.2347339044746492,
        -0.7568721480031788,
        -1.1416693005724918,
        -0.3554670291091756,
        1.5952300265538277,
        -0.15531107034629515,
        1.9375840983767303,
        1.008028699325019,
        0.9245702201952933,
        -1.8068805945624844,
        -0.15456237642429108,
        1.376532750620571,
        0.7586411241651917,
        0.4170654546619736,
        1.2034151722552913,
        -0.9970093786750334,
        0.8963158198981813,
        0.7890510466530498,
        1.46386746346654,
        -0.3987224630365244,
        -0.29872954979599986,
        -1.1099807602972636,
        0.7849123650363115,
        1.6394195588475142,
        -0.9412049454628101,
        0.6621242408213126,
        -0.7736449781900396,
        0.07527056900410675,
        1.2103551106414019,
        -0.3626492250208886,
        -0.8099486018671473,
        1.1913409814888454,
        0.0638245331594855,
        -0.20910756113603463,
        -0.07008261624926822,
        0.4727985948509711,
        -0.07244016053228677,
        -0.49501433650926235,
        0.13764130829427412,
        0.09183020586525453,
        1.2364690060326315,
        -1.2804019291740805,
        -0.7941356190317269,
        -0.2555773109227053,
        2.811700036520712,
        0.37846065929178374,
        0.07526131428655417,
        -1.707855532527998,
        0.47440504570229525,
        0.8410742512940417,
        -0.5677371224295663,
        -0.07444893536755273,
        0.8761179635384669,
        0.35444367178923497,
        -0.1892475858413575,
        -0.7045250573683259,
        0.8837567153509888,
        0.0664795531283667,
        -1.2944534128457466,
        0.9578359176429495,
        -0.10551571253459288,
        -0.8603463436874633,
        0.013169709938440445,
        0.07975773299647157,
        -1.72487270177626,
        -0.13273321688658002,
        -0.9041274036545541,
        0.05035777101325256,
        0.5100877659718498,
        0.8649450030590438,
        -0.2490705695213608,
        0.04175506851889903,
        0.4606204343983634,
        -0.060228839115787164,
        -0.3759712035210485,
        -0.372118126607855,
        0.8966749826027721,
        -0.3397086033658041,
        -0.36353614003990975,
        -1.2538568772493577,
        -0.6489987392885587,
        -0.5319945230368177,
        -0.3314617402253687,
        0.516029614696697,
        -1.8252636298195228,
        -0.8130379972030077,
        0.5706730309988266,
        1.5186297695077682,
        -0.5429637923479227,
        0.4624748200497348,
        -1.2467271254850836,
        0.044094978872852464,
        -0.6356790178505883,
        -0.1093486871871466,
        0.6335846465160265,
        0.003645323748485821,
        -1.664475163419919,
        0.9464836417158026,
        -0.8143641349824018,
        -1.5302551013292889,
        -0.23868221941814716,
        0.8163662127137337,
        0.11689113359896383,
        -1.352824116986605,
        -0.11466840159685683,
        0.16064795205766394,
        -1.7078939596448697,
        -0.10348173915439354,
        0.381120916095669,
        0.08956682508154598,
        0.7347139250903059,
        0.5751713230916261,
        -0.7317584730759384,
        1.339982156455207,
        1.793641017196362,
        -0.19530351264772178,
        -1.5035185536289708,
        0.27126268749230187,
        -0.5412544292750778,
        -0.32147407856765187,
        -0.055666366772276724,
        -0.6349316604941673,
        0.9554739149106563,
        -0.5756012978970204,
        1.8828470556524013,
        -0.1349596347731994,
        2.2956871546880824,
        0.2088382027762889,
        0.7257850525957086,
        0.6713872671345767,
        0.4979503942341067,
        -1.0611766239160338,
        -0.4497653773658662,
        1.0819658075395384,
        -0.6742911963923156,
        0.6181932563273602,
        -0.5639767788727952,
        0.05483682277005399,
        -0.6610686778083024,
        -0.07226600253293569,
        0.8682787774805292,
        0.22441353827406055,
        -0.06422176376953352,
        1.1168927727126563,
        0.23810635392940147,
        0.17899932739205604,
        0.2582280915527796,
        0.7212772979655362,
        -0.07958398554333992,
        -1.1238396993301227,
        0.6423987645475382,
        0.44943466645794083,
        -0.39653002677770416,
        -0.27439154244487346,
        0.8286797158901844,
        1.4400050249052039,
        0.7111948467381365,
        0.9804900959752412,
        0.49301325708180765,
        0.6354817029379638,
        -0.10947439522090137,
        0.4155797228937393,
        -0.058808570935953694,
        0.2990119790145833,
        -0.27649571795199707,
        0.23902441633956656,
        -2.3802557776142663,
        0.4483284444523783,
        -0.5501306015663753,
        -1.0364194362445596,
        -0.19263946931169695,
        -0.9063406019422259,
        0.7731351958813212,
        0.18727797449469225,
        0.5196655169320499,
        -0.5385584952124595,
        -0.7708558165764933,
        -0.2858116680265236,
        0.7524845937622217,
        0.3132501198389619,
        -0.11685582681095694,
        0.2690489140232243,
        0.3791174405777805,
        0.367748585932695,
        0.9227814273435964,
        0.5199307446832284,
        -0.51238410898828,
        -0.7188580839345047,
        -1.0281828453219606,
        -1.0681316063213453,
        0.6393317027490053,
        -0.6025830474444295,
        0.37135280860709585,
        -0.23184111092827814,
        -0.23541041628127962,
        -0.43091145082700993,
        1.5368783729078022,
        0.7233629159697288,
        -1.437852239427758,
        -0.2821768413516881,
        0.6814659037635802,
        0.922704324806634,
        0.6583008333510912,
        0.9722052779140324,
        -0.8855586323011192,
        -1.1718614222698622,
        0.1911553034970056,
        1.7547690889591625,
        0.5534419023634314,
        0.8548957052417164,
        -0.08288636478098349,
        1.2309223208033495,
        -0.13353495344151586,
        -0.005078554941542773,
        -0.8949703439639887,
        0.5354722750501363,
        0.19435083210630572,
        0.4386369014963493,
        0.6318898523856722,
        -1.5679962934318072,
        0.968208200574779,
        2.021165698809141,
        -0.1257528843012296,
        0.8873794380543432,
        -1.4377503668202598,
        1.5436628313537542,
        1.094632549737684,
        0.0081726112841038,
        0.5852743129048948,
        1.2604650418881138,
        -0.26894375840963197,
        1.8092606761336762,
        0.8101083785625016,
        0.0735435221518467,
        -0.1294360860846389,
        -0.799375430511554,
        -0.49527194283815673,
        -0.2804618140746019,
        0.5149204838186958,
        0.7195215503975726,
