{
    "idx": 709104,
    "fights": [
        {
            "enemy": 5,
            "fitness": 89.65520306650937,
            "player_life": 51.40000000000031,
            "enemy_life": 0,
            "time": 241
        },
        {
            "enemy": 6,
            "fitness": 39.544678884642295,
            "player_life": 0,
            "enemy_life": 50.0,
            "time": 234
        },
        {
            "enemy": 7,
            "fitness": 89.45758228947824,
            "player_life": 49.000000000000306,
            "enemy_life": 0,
            "time": 231
        },
        {
            "enemy": 8,
            "fitness": 86.33574420258549,
            "player_life": 22.600000000000243,
            "enemy_life": 0,
            "time": 374
        }
    ],
    "weights": [
        0.3550859220977977,
        0.646923667911862,
        0.9621289636238856,
        -0.47223718436613815,
        -0.7570123273855179,
        1.5878842516341143,
        -1.195834700513923,
        1.4188633559639872,
        -0.9425001166513635,
        0.7547352940743045,
        -0.43038061665946525,
        -0.4980914335370322,
        -0.5772540609911715,
        -0.9604625508818948,
        0.0024727906168325806,
        2.0191598142930047,
        1.696566640215859,
        0.5793190256304872,
        0.3953709893966992,
        1.6621148973250133,
        -1.699091954068616,
        -0.2800150335684824,
        1.4526464869103275,
        1.2555635899432689,
        0.6948443300956371,
        0.8060297644087102,
        -1.3371132988976542,
        0.6328521143503318,
        0.9868050863071931,
        0.6734702023258674,
        -0.6769485392868971,
        -0.5186845697909913,
        -0.7935847566176542,
        -1.2078513734876266,
        1.0102529026068465,
        0.2864706994605054,
        0.35426205422418267,
        -1.1027996188173554,
        -0.17169394088701379,
        0.7502659293670294,
        -0.38698207859770833,
        -0.7954796058609456,
        0.6437527738089992,
        0.3526856697755746,
        0.9431856543272843,
        -0.434517524412458,
        1.625958432236414,
        -0.2662048113325394,
        0.4574323474009199,
        0.590245665768367,
        -0.5333192615380901,
        1.9004373656944311,
        -1.2749753162531818,
        -0.8014057773485703,
        -1.1545271408067255,
        1.9828804412273182,
        0.5872538312699367,
        -0.8127458586405272,
        -1.5994804178590627,
        0.5362632744335812,
        1.3094309282648404,
        -0.7118676935452748,
        -1.2086159790956232,
        0.4940491845897556,
        -0.05186295764848008,
        -0.18720738665829353,
        -0.5842566803408686,
        1.4266206086901587,
        0.9075850642920797,
        0.09642757546124728,
        0.4820976959406065,
        -0.7912097252332985,
        0.2563171377524841,
        -0.2751512504477179,
        -0.46093730947287065,
        -2.0934819263194213,
        -0.14323741190627656,
        -0.2209488875100647,
        1.3918270871476648,
        0.7880381429838154,
        0.02482543511085738,
        0.2155369546254451,
        0.5697689703685697,
        2.786166758912988,
        0.1808097540820858,
        -0.6069388926720904,
        -0.36892154596501114,
        0.7977401718978105,
        0.26139725636049904,
        -0.03658223129890684,
        -0.6099964432855082,
        -0.33971969780563027,
        0.16105777334004912,
        0.4178893135932333,
        1.0583316466127104,
        -0.48540394447553425,
        -0.8199837522655041,
        0.32042179767074896,
        2.1550483336489012,
        -0.9645308954673804,
        0.9252576202212562,
        -1.6672711912809515,
        -0.021635897548950976,
        0.25270924163250114,
        0.2264267557916652,
        0.261965583241498,
        0.01568283150723556,
        -1.4150471069333008,
        0.6688580975676035,
        -0.7516110421289938,
        -1.8493795715017456,
        -0.23429238743607605,
        1.2269919923015113,
        -0.47161560179382217,
        -1.2804384076860396,
        -0.3912417002150099,
        0.4010624191635425,
        -0.5042871748321216,
        -0.04591997072987369,
        0.2677155308787514,
        0.09007707615675625,
        0.20061242977990462,
        0.06445013430110681,
        -1.5589876680316617,
        0.788654073826337,
        1.430157764865128,
        0.9336067505334532,
        -1.18214858556808,
        -0.615949139344536,
        0.2058367987593321,
        -0.39920260741410574,
        -0.7157282079809406,
        -0.240170346667242,
        0.9032556091538815,
        0.7251975554856094,
        0.6768518754333376,
        0.3231829469159301,
        1.4915492822377372,
        -0.012036042237199174,
        -0.1154417694617793,
        0.8612358676803902,
        1.6637246968639012,
        -0.6861438934522023,
        0.32390965649748443,
        -0.08013892080141784,
        -1.2923055246783945,
        1.724762116529077,
        -0.9969601310215663,
        1.825205438659692,
        -0.7665733708714141,
        -0.35914027460384684,
        1.1994678929728164,
        1.3730779248401481,
        0.8821850035456487,
        1.1535813437997284,
        1.0966274437005135,
        -0.6545070286632604,
        1.5211235090580553,
        1.6380473321273217,
        -0.3896007503358233,
        -0.9607037380883569,
        -0.033571207850627394,
        0.30743299201032154,
        -0.17898081627211,
        0.5568550856442699,
        0.16232901054775922,
        -0.14350551314125887,
        0.629013486445279,
        0.16792569907024962,
        0.0799260647510922,
        -0.25047228341140654,
        0.016629490111478185,
        0.9827445543091183,
        -0.009835080030812293,
        0.7752991767774047,
        -1.1446840157853124,
        -0.7970956200141399,
        -1.10464505947571,
        0.8949350711637175,
        -0.5939468879725484,
        -0.7512430809385425,
        0.5691534767182304,
        -0.2696406937756254,
        0.34053944806400704,
        -0.29955585758788816,
        0.6392204147941407,
        0.519461752662174,
        -0.3892311107480028,
        0.174948543202714,
        1.4134450034356392,
        -0.038676344475331914,
        -0.25583864893662783,
        0.34822284483546384,
        -0.3208166214858783,
        0.2937702077346987,
        1.498302207962485,
        0.11942405948709715,
        -0.2538738527103982,
        0.03677266716914589,
        -1.66156064219723,
        -0.4979385611518842,
        0.39111636432668767,
        -0.12661610676331223,
        0.6564592722268908,
        -1.0923549412019815,
        -1.1889366205563527,
        -1.7473493694489106,
        0.013017455414444011,
        0.5213095486940015,
        -1.3495847038558169,
        -0.24073491938154035,
        0.8994721788570231,
        0.8835430239641104,
        -0.9918659401488037,
        1.0195358387034577,
        -1.0099711558967774,
        -0.47236320487848116,
        0.04835264716565468,
        0.9623850249814349,
        0.35402131757359573,
        1.252372890647553,
        -0.9212879102185686,
        1.6226524133475568,
        0.20872969200783623,
        0.288933960083996,
        -1.0303808913864037,
        0.3374972773324325,
        0.9175023605567795,
        -0.19740668581321305,
        0.1264995651088471,
        -1.7228178648174437,
        1.3797432168123724,
        1.380700191136196,
        0.3342070822063311,
        0.13430518275034065,
        -0.996433275567257,
        0.8298387748425559,
        1.0389895444418091,
        0.47067852093911433,
        0.41312065468734827,
        0.9171318694090258,
        -0.2929894265769712,
        0.7829974047500512,
        0.7414434261334574,
        0.49141980956103826,
        0.46968089565056886,
        -1.269225194174016,
        1.1407365190744232,
        0.8323106861626591,
        1.0580649549203691,
        0.3677671918664606,
        -0.02153994210723654,
