{
    "idx": 712138,
    "fights": [
        {
            "enemy": 5,
            "fitness": 91.16353644806851,
            "player_life": 66.40000000000032,
            "enemy_life": 0,
            "time": 239
        },
        {
            "enemy": 6,
            "fitness": 87.39853908213779,
            "player_life": 29.20000000000026,
            "enemy_life": 0,
            "time": 250
        },
        {
            "enemy": 7,
            "fitness": 75.3062678611973,
            "player_life": 0,
            "enemy_life": 10.0,
            "time": 297
        },
        {
            "enemy": 8,
            "fitness": 87.58885900702333,
            "player_life": 34.00000000000027,
            "enemy_life": 0,
            "time": 334
        }
    ],
    "weights": [
        1.0476991350128562,
        0.457547268611117,
        0.661376765953079,
        -0.7556957661419332,
        -1.3854622735724382,
        0.20645544741263558,
        -1.3776620305291625,
        1.925818519864124,
        -0.6884131047038532,
        1.102722534278028,
        -0.19251924261136003,
        -0.7697169445875388,
        -0.7760682536128009,
        -1.0382808092459643,
        -0.5421419434843542,
        3.0937832247108727,
        2.5397822736312183,
        0.549996256505109,
        0.3172027926622435,
        2.179504323121743,
        -0.990755629448416,
        0.6229551588477235,
        0.8441979105390941,
        2.209453831623171,
        0.629034722739905,
        1.2742647107624658,
        -1.7473107827971304,
        0.6141198270690742,
        1.4155019205518549,
        0.2270231792073119,
        -0.2835711506685662,
        -0.9922795551185625,
        -0.8616503337092555,
        -1.3424988487219949,
        0.6876014156729272,
        -0.3234418212683371,
        0.6372412342804167,
        -1.129012641957971,
        -0.029171872733613158,
        0.5235295266959865,
        -0.47168701439937666,
        -1.0969708332256716,
        0.6077988976650461,
        0.5097895098470797,
        0.8468631461137466,
        -0.6016437564885875,
        0.8433649333981672,
        0.302547070965985,
        0.6867271033923807,
        1.1993063329606775,
        -1.0127088933996657,
        1.6491102036305865,
        -1.9469861165691913,
        -1.4314068329429865,
        -0.8673927493240565,
        1.5395315821335298,
        -0.3144683856259511,
        -0.4139248524592036,
        -1.9331227801638369,
        0.10449472730865943,
        1.1531487828844438,
        -0.729778154668417,
        -1.5028955219850477,
        0.7066741539362602,
        0.9793072065899096,
        0.7600000806712673,
        -0.4763662218448842,
        1.370920586572725,
        -0.6493320598871092,
        -0.19413782327489276,
        0.17112177842152884,
        -0.623123343077864,
        0.13743986926897817,
        0.06859130767505137,
        0.2591658200055121,
        -1.4707590779891773,
        -0.6144928544232553,
        0.08361432951249037,
        0.7460551839333757,
        -0.41773071823549307,
        1.0795833489605309,
        0.3690893798975454,
        0.6388278153869045,
        3.1210875256919217,
        -0.7013564336121321,
        0.03688967335587792,
        -0.09426285735274292,
        0.7493390114363138,
        0.33201471793640497,
        -1.2380558311126597,
        -0.044383859968444794,
        -0.7764070039011467,
        -0.04303001563893715,
        -0.7391508818673103,
        0.4235857697069514,
        -0.8457300564067957,
        -1.1271680486639537,
        -0.14137195224428697,
        1.43323857168734,
        -0.3423628636464626,
        1.0005793899913549,
        -1.3396344231305588,
        1.859103719189912,
        -0.32763113313223186,
        1.3593980088621387,
        1.0724661415584475,
        -0.21111013853210886,
        -1.258809196930702,
        0.976783066613946,
        -0.850639153209272,
        -0.14816511483617006,
        -0.8795405275663056,
        1.100756119671882,
        0.1211766302116857,
        -0.43868554514793856,
        -0.2716910212993171,
        -0.2777528545298415,
        0.27718805179249784,
        -0.09345599990289888,
        0.6724904753943259,
        0.7999073164008752,
        0.451024613672976,
        0.7222716979115925,
        -2.018945165766644,
        1.825273152768945,
        0.7615527628415848,
        0.5781891703598682,
        -0.9826348972411209,
        -0.8657430140537719,
        0.08228126840412125,
        -1.0090300258387517,
        0.9522991793556596,
        0.9179762289000982,
        0.5287350211581642,
        0.8817656789790586,
        1.0779430653611237,
        0.2857603212516648,
        1.80453199601968,
        0.2925481586885964,
        -0.7216265462452921,
        1.4692364711943144,
        1.7970865520020267,
        -0.7596721545058481,
        0.12570617829207825,
        -0.015159707625177578,
        -1.1710307213571678,
        0.6007382804300756,
        -1.3301809320741826,
        1.4491448533190148,
        -0.15064259378061587,
        -0.04779564521160921,
        1.7178767216439716,
        1.974341622981007,
        0.30153551474314866,
        1.6818463143376001,
        0.9358417522759943,
        -0.6051480745558528,
        2.0799097508328313,
        0.8895287761112326,
        -0.43365272612747296,
        -1.5773078802806562,
        -0.20321599079891195,
        0.3513942190446716,
        -0.588758462958639,
        0.45325037075671415,
        0.9254095782114568,
        0.050843475820220384,
        1.0486969245975124,
        0.30882208910896186,
        0.641790743571204,
        0.32329631909099626,
        0.5094934332023072,
        0.6579708949453834,
        0.6354864765233359,
        0.09496547032724238,
        -0.579889284496839,
        -0.05466844175063679,
        -1.0212695166071108,
        0.4795882822314304,
        -1.5554583664011707,
        0.34049002302183773,
        0.46457659907413196,
        -0.38500024060655536,
        0.2677437684671448,
        0.2504456202466302,
        0.982343434435047,
        0.9078877587788828,
        -0.7842971580769926,
        -0.18851511475112226,
        0.7220155460098083,
        0.6118015171456318,
        -0.29777077470665214,
        -0.051628790164832974,
        -0.9074573834384533,
        -0.47948101026394485,
        0.6786287373483944,
        0.37724333553954686,
        -0.5165999054746467,
        -0.32509986915118344,
        -1.921674740683298,
        -0.1754084046793816,
        -0.09737877966222279,
        -0.19683864155689657,
        2.356658907883951,
        0.2988510894294669,
        -1.4661316440506427,
        -1.3599000796265008,
        0.8283585948501336,
        1.3440977127419043,
        -1.3417000453715173,
        0.24088188065608113,
        0.5181330606065478,
        1.1999462386209514,
        -0.5222782168370428,
        1.3007466682080355,
        -0.6969858291589616,
        -1.097106880424297,
        -0.192391094886458,
        0.786479506470031,
        -0.46728213583206657,
        1.071063252557559,
        -1.1275826046631963,
        0.9461800463437313,
        -0.04304618997270823,
        0.07967288669022203,
        -1.5390104575414618,
        0.6334803677642415,
        -1.2389664877045148,
        -0.08325455723219681,
        1.8296608958160556,
        -0.7779335256633302,
        1.3314178348151566,
        0.9894235702809983,
        0.049505541865574244,
        0.6917283512215899,
        -0.45323642966857747,
        0.7889588772281707,
        0.7577060945802556,
        0.36614040390215213,
        -0.6206136921197472,
        1.3010932673083178,
        -0.3111417274050733,
        0.13836645102456052,
        0.5175404226376938,
        1.0618763391543546,
        1.178727174782394,
        -1.5695534366833779,
        0.6475745091506293,
        1.3505857579269038,
        1.7975718251562658,
        0.5348885912517682,
        -0.41989607417133834,
