{
    "idx": 712108,
    "fights": [
        {
            "enemy": 5,
            "fitness": 90.14353644806852,
            "player_life": 56.20000000000032,
            "enemy_life": 0,
            "time": 239
        },
        {
            "enemy": 6,
            "fitness": 85.41289246928255,
            "player_life": 7.600000000000232,
            "enemy_life": 0,
            "time": 210
        },
        {
            "enemy": 7,
            "fitness": 30.65289246928253,
            "player_life": 0,
            "enemy_life": 60.0,
            "time": 210
        },
        {
            "enemy": 8,
            "fitness": 91.09669509194096,
            "player_life": 64.00000000000034,
            "enemy_life": 0,
            "time": 201
        }
    ],
    "weights": [
        0.9628414065694378,
        0.3845750201122516,
        0.687675724082201,
        -0.8704993887122288,
        -1.3371835738068691,
        0.471172968149836,
        -1.3776488480874378,
        1.8966066697199049,
        -0.9664987279207051,
        1.1620841715396784,
        -0.21287411263723674,
        -0.7560636880138328,
        -1.195520302295811,
        0.2687551597687382,
        -0.8240019739614542,
        3.1557837680280807,
        2.2976947976421553,
        1.5064219774045888,
        0.19752828984572857,
        2.2281842634417375,
        -2.1052535622850055,
        0.09731890375783017,
        1.0353108881675612,
        2.4024719341715506,
        0.2946510059470011,
        1.6435233485358007,
        -1.929493628496608,
        0.46052144076088186,
        1.2957307592292386,
        0.7962106482599044,
        -0.2348698703921283,
        -0.803307308963806,
        -1.0226708905645574,
        -0.4255730264103532,
        0.7694645210919897,
        0.1527612305055731,
        0.702639601808032,
        -1.2420477104161785,
        -0.12787437093848852,
        0.7787844066659669,
        -0.2781107827572856,
        -0.5502295038173287,
        0.4670873858839229,
        1.0038824886942634,
        0.5888759771274041,
        -0.43944551501913454,
        0.7669192386673547,
        0.14002095032720202,
        0.9248486279835406,
        1.016801611218983,
        -0.9713496540971251,
        1.0043088589146245,
        -1.8372024805541207,
        -1.370227745180442,
        -0.9894037821621585,
        1.3134093922051444,
        0.17405839144859614,
        -0.44883915289770376,
        -1.5350896290379838,
        -0.22680294078616636,
        0.9201583292615981,
        -0.9279087104276476,
        -1.383160149988788,
        0.7091776759310404,
        0.3845628979699353,
        0.8020290536721858,
        -0.6037117754607979,
        1.3204018220070228,
        -0.6826269682004674,
        0.2452296286664514,
        0.9287994534478651,
        -1.0399024913974695,
        0.11281241392666236,
        0.3190607942375665,
        -0.30575758824268984,
        -1.8751098521138536,
        -0.7447186182369845,
        -0.1690642481382878,
        1.5718495280281422,
        0.08768714891992999,
        1.0057869816139546,
        0.08398978861519246,
        0.7605144909030797,
        2.610823422072206,
        -0.6442074675865935,
        -0.6693717697290154,
        -0.2392534047800976,
        0.7368556884661457,
        0.266913901231503,
        -1.4877105576596614,
        0.1152204230602574,
        -0.5656531890576804,
        -0.10145156029991904,
        -0.36002778239970323,
        0.3067965146653254,
        -0.7891708145814826,
        -1.0726073398762404,
        0.01204210612285233,
        1.3799623999692223,
        -0.34522998824145323,
        1.1754803298328853,
        -1.6562743924030325,
        1.7450013065570589,
        -0.4109183636961103,
        0.028684099442465145,
        0.9875734489527778,
        -0.5749929653025995,
        -1.1421412838720608,
        0.8660834385112336,
        -0.8535438711000829,
        -0.6239409812228396,
        -0.9709103661407964,
        1.1234919800454604,
        0.045597697041761774,
        -1.3885783487494963,
        -0.2614394208148023,
        0.17152055853880108,
        -0.4025324047990058,
        -0.2487105930011826,
        0.5382086034954376,
        0.5746212320404823,
        0.48770298234973897,
        0.7258615936308012,
        -0.9842186473272377,
        1.8340584068561545,
        2.6414509250461213,
        0.7403122998618863,
        -0.3255906389074599,
        -0.8990522359772906,
        0.052267080310681016,
        -0.9532946350034691,
        -0.026463180339268536,
        0.8786841771619665,
        0.5644113971851157,
        0.45726536339734325,
        0.9595237510590915,
        -0.09211089373098333,
        1.8250363079971563,
        0.24138482165320013,
        -0.5009203252947376,
        1.8539048815385357,
        1.6599449335644103,
        -0.7411861578919658,
        0.277646590195906,
        -0.07240221323315452,
        -0.4981927870329752,
        1.4162902871771508,
        -1.3704211941268167,
        1.6364771035666872,
        -0.10183853476537821,
        -0.005127668193844859,
        1.8541108126491306,
        1.7928952573127463,
        0.15878104438969595,
        1.616486975737239,
        0.6435904736084557,
        -0.3002886625547248,
        1.7150196182222823,
        0.9900132247951989,
        -0.5158877317838331,
        -1.433992764442497,
        -0.27312964386532074,
        0.40534291697862945,
        -0.7786151770623757,
        0.1361937151620259,
        0.37684187613799336,
        0.05504052069101481,
        0.9750509099902561,
        0.20034345935594433,
        0.8330948658418266,
        -0.7001729727533638,
        0.3638479876498207,
        0.5697317381740624,
        0.429735298803391,
        0.044571123603702356,
        -0.733507188940085,
        0.17385842394229334,
        -0.9977804643196044,
        0.4769454979598614,
        -1.124337640687059,
        -0.06128525842639983,
        0.6336917117122136,
        -0.6109254749073078,
        0.2434846882515418,
        0.23027677669101873,
        0.6260354430551941,
        0.48476699950277097,
        -0.2642183488675374,
        -0.1638296684827945,
        0.5442579287314548,
        0.6352400399197548,
        -0.37938540660211706,
        -0.24705552034234418,
        -0.7226215554359466,
        -0.15325304312055021,
        1.0431391041125162,
        0.270502673093522,
        -0.3705846950536322,
        0.022043685917409378,
        -1.9128261997766376,
        -0.3777095924479117,
        -0.06192146188305257,
        -0.6442301910024552,
        2.20246721652187,
        0.19981545525037858,
        -0.994199389447973,
        -1.156269181437457,
        0.8196108225741024,
        1.3526120029603357,
        -1.382199189509034,
        -0.28577785536213257,
        0.5024464191189526,
        1.0282560795146727,
        -0.5999840788543834,
        1.0363664043908938,
        -1.1375448485264883,
        -1.1495513104067474,
        -0.3031640503102865,
        0.8377305840503059,
        -0.5814955721390275,
        1.077563678391198,
        -1.2108603588416627,
        1.5645124562655053,
        0.05834675187580375,
        0.18082362705582472,
        -1.236902245955306,
        0.489794059540813,
        -1.1620645799805631,
        0.2892725874932924,
        1.3811398751283268,
        -0.626321482136713,
        0.9616568763165027,
        2.306780789882162,
        -0.3656321421322737,
        0.7072629984600117,
        -0.5465405170067266,
        1.0077032493107305,
        0.8036681269511865,
        0.45808242158570417,
        -0.8268453024791789,
        1.1674620233217934,
        -0.2561131422479868,
        -0.04470248503048202,
        0.6496765625495393,
        1.1320031679842977,
        0.8622061673170183,
        -1.2134759455606072,
        0.7459082953096264,
        1.2218225600784847,
        1.5226280602805282,
        0.6433794576126529,
        -0.5400457972868513,
