{
    "idx": 702935,
    "fights": [
        {
            "enemy": 5,
            "fitness": 86.46379793739258,
            "player_life": 23.800000000000246,
            "enemy_life": 0,
            "time": 371
        },
        {
            "enemy": 6,
            "fitness": 75.45873645484157,
            "player_life": 0,
            "enemy_life": 10.0,
            "time": 255
        },
        {
            "enemy": 7,
            "fitness": 90.8717329693055,
            "player_life": 61.600000000000335,
            "enemy_life": 0,
            "time": 198
        },
        {
            "enemy": 8,
            "fitness": 89.9066105112725,
            "player_life": 54.40000000000032,
            "enemy_life": 0,
            "time": 253
        }
    ],
    "weights": [
        0.3105248691204969,
        1.2223719847530619,
        0.8156837994842929,
        -1.0354347465396772,
        -1.2490880824922426,
        0.1739416722625885,
        -1.2639612262245696,
        1.279132988083547,
        -1.2949131091708972,
        1.54181837862108,
        -0.3503843833054214,
        -0.5385637250847269,
        -1.5805497395848143,
        -0.01890919844103983,
        -0.5276710401788969,
        3.0191078274748393,
        0.5909502966870981,
        0.9150336836108647,
        0.12308599572429596,
        2.2958452973639534,
        -1.4577402164625504,
        0.3063709370704558,
        1.618315515271213,
        1.3191182712419904,
        0.5070803260565899,
        1.505290247838261,
        -1.2930504292507128,
        0.15363377379270274,
        0.7307829341569533,
        0.3399597587098917,
        -0.6479893446116323,
        -0.5896574046275881,
        -0.43316859585199174,
        -0.8263851968921532,
        0.8069593419329579,
        -0.2716799808414103,
        0.2596083683897362,
        -0.7772776306494478,
        0.08925326708823972,
        0.7099175748952901,
        0.16046850222626952,
        -1.06377627918695,
        0.48716742601472357,
        1.0096112824479664,
        0.22848550512931076,
        -0.5392987482154338,
        1.7073556167677788,
        -0.2710820368453445,
        0.5696998605811371,
        0.9300243550735882,
        -0.5712729248126542,
        1.1871211825352443,
        -1.6472301691212525,
        -1.0862128252838588,
        -0.7249230428325538,
        0.5833228712054972,
        -0.22237683391426513,
        -0.3952019791553838,
        -2.544877179746161,
        0.37286003241860627,
        0.9528510517887822,
        -0.5047236223386582,
        -0.4617841175779286,
        0.8605934886534077,
        1.0903803889784516,
        0.6018923010118408,
        -0.8776397439675396,
        1.4359184424888767,
        -0.4549235351096433,
        -0.15967409307941874,
        0.7758907481331057,
        -0.6573326332640991,
        -0.22496643956083484,
        -0.161666527865277,
        -0.3678569569310697,
        -1.4956482431666862,
        -0.05238675885981803,
        -0.2863925799247533,
        1.270174774338812,
        -0.2927978505096227,
        0.3698689469604381,
        -0.10287945727069518,
        0.5064006533166673,
        2.4199037188195325,
        -0.15253893513441513,
        -0.7004298753256907,
        -0.34087967804874153,
        1.0168650653547298,
        0.21663993244430535,
        -1.4504895306223278,
        -0.6592574089397825,
        -0.3088557117657273,
        -0.23955299816490802,
        0.07506677208659601,
        0.9786861776416866,
        -0.5578918852696478,
        -0.6355224202217127,
        0.030498803885773085,
        1.349251678057708,
        -0.7224839768670293,
        0.9088062012597913,
        -1.8408551388271168,
        0.38033324452368644,
        -0.7938577665163546,
        0.09315510948980657,
        0.5978281050165686,
        -0.053813390178230724,
        -0.48421829419366663,
        0.6256930238193922,
        -0.7278896590870156,
        -1.2073995223187757,
        -0.5287125429330554,
        0.4584601058827351,
        -0.009846414058022633,
        -1.160914764231727,
        -0.22430638099966727,
        0.06566629371034627,
        -0.5356253271623008,
        -0.10813182982952717,
        0.7382281141588275,
        0.22120084918418875,
        0.2254368131823339,
        0.27761485883691395,
        -1.246940444321471,
        1.4502832339474492,
        2.0927676303791376,
        0.6369479814043049,
        -1.376379359577979,
        -0.04803166351346092,
        -0.26017580145694263,
        -0.15809148685289498,
        0.254288495300996,
        -0.154200285008585,
        0.19525634012231255,
        0.51989842523128,
        1.0400215441828329,
        0.293419610014443,
        1.661365836703431,
        0.3598140538888123,
        -0.49140564205322257,
        1.1251538956638618,
        0.9888785681985888,
        -1.2431735630476854,
        -0.29380582774302344,
        0.7028525529174413,
        -1.2294216642761138,
        1.5793043333824244,
        -0.9239568488704526,
        1.3010611035647732,
        0.3227307812013957,
        -0.15307910248722414,
        1.77863588191991,
        1.1608319894183239,
        0.2610972604806623,
        0.9963007876845456,
        1.1147731329713622,
        0.03492149540469218,
        0.5749441997890585,
        0.5645237983450451,
        -0.7943378554331667,
        -0.4567952501162234,
        0.2796924158324182,
        0.2111275720321935,
        -0.052330278411766296,
        0.25625933945745294,
        -0.17614651734433553,
        0.1564151278653979,
        0.5074046863761451,
        0.4467470091285944,
        0.8000879159241874,
        -0.6560499261126752,
        -0.11747528376075898,
        0.39024263941571785,
        0.9266706766210953,
        0.16383544647167153,
        -0.7329755342964556,
        -0.5655241932209673,
        -0.9056843865802522,
        0.15146406522416267,
        -1.184475874941405,
        -0.3216440154848954,
        -0.7901849684028499,
        -0.4241429741072069,
        0.9323476392719137,
        0.22298965149775934,
        1.5567262600478697,
        0.09066055363727728,
        -0.4353042276755953,
        -0.05827731932226948,
        0.8177774243466163,
        0.10834481810381769,
        -0.32527721265183274,
        -0.3075708200200591,
        -0.002326283502068191,
        -0.013043383812761093,
        0.779832864280015,
        0.08082320311377102,
        -0.08400240700418607,
        -0.5972344761723218,
        -1.8425743729554025,
        -0.7247779489437659,
        1.3698318979713702,
        -0.042890656033990865,
        2.0687185505462757,
        -0.624322516246185,
        -1.19772445200707,
        -1.0598463078646132,
        0.5814668485830103,
        0.8104597213909228,
        -1.4638687769985372,
        -0.4373142584400853,
        0.7704249667917895,
        0.663881378582051,
        -0.47995107460074005,
        0.7471669638436826,
        -0.7710743905159971,
        -1.5532612058865531,
        -0.04552650895266737,
        1.140254115581786,
        0.0877058196872332,
        0.6308926156153886,
        -1.440772534393505,
        1.2070827701775289,
        0.5059484676871451,
        0.5150069641823357,
        -1.280300981767286,
        0.6465983179298184,
        -1.203039776267927,
        -0.35919844045159466,
        1.5227415197343195,
        -1.0479026262657865,
        1.19175629302176,
        1.3247424042514837,
        0.17431270050402586,
        0.62317795192872,
        -0.432623409500215,
        1.0559492109137523,
        1.4375134165959027,
        0.48018358642126324,
        -0.8001602210105474,
        0.9908198268722154,
        -0.009805642739709144,
        0.5120978522170248,
        0.6973444560966844,
        1.103491077482766,
        0.6849450794386046,
        -0.9810629419509358,
        0.25690043979657706,
        1.0005439038438646,
        0.6986262946610196,
        1.0571906988723005,
        -0.8031321871043111,
