{
    "idx": 711034,
    "fights": [
        {
            "enemy": 5,
            "fitness": 86.00384284030167,
            "player_life": 20.200000000000237,
            "enemy_life": 0,
            "time": 410
        },
        {
            "enemy": 6,
            "fitness": 87.04254710353533,
            "player_life": 25.60000000000025,
            "enemy_life": 0,
            "time": 249
        },
        {
            "enemy": 7,
            "fitness": 88.99504998251862,
            "player_life": 44.200000000000294,
            "enemy_life": 0,
            "time": 227
        },
        {
            "enemy": 8,
            "fitness": 86.99788162462296,
            "player_life": 28.000000000000256,
            "enemy_life": 0,
            "time": 331
        }
    ],
    "weights": [
        1.2622165627137925,
        2.2563072514122275,
        0.8138883246165656,
        -0.313472190641837,
        -1.7442439618913819,
        -0.05743984938999702,
        -1.1972903104467705,
        1.1642839593470633,
        -0.1309718995158953,
        0.8143508588255357,
        -0.2357122499979086,
        -0.7685527357407811,
        -1.289523771793902,
        -1.4862848168839207,
        -1.2086671249354002,
        2.70637587623976,
        1.899481884044094,
        0.8899422427174937,
        1.3717254432032044,
        2.91338830797395,
        -0.8647922225793729,
        -0.03398368041601681,
        1.4079597017313736,
        1.7666205329264015,
        0.37755467936976167,
        2.00341421747189,
        -1.438326405773947,
        -0.3738265048371889,
        0.7533983545856956,
        0.8566380665868898,
        -0.7123082806357334,
        0.8348181551163547,
        -0.7863208177000981,
        -1.4487254210579517,
        0.8364336475868037,
        -0.02563261581715126,
        0.4161004230014644,
        -1.363781531622607,
        -0.6877726129534588,
        -0.3509797685393701,
        -0.8593375709434183,
        -1.4972568643609192,
        0.7352170109210497,
        1.9314472318550706,
        0.16017874446926125,
        -0.9615177548762744,
        1.6459528467653963,
        -0.6651839056258257,
        0.5908123555970283,
        1.7300570602528258,
        -1.2206329945106613,
        1.4233119303970074,
        -1.6752926200022729,
        -1.2976578446801923,
        -0.7338304645756405,
        1.7771900375783498,
        0.6200193646021932,
        -0.8148827563470598,
        -2.107153575098536,
        0.6526327994590307,
        1.1786795082434705,
        -1.6121982983050713,
        -0.6774576422955707,
        0.4199584087715848,
        0.2672585835573307,
        0.49834883871694136,
        -0.5220025626965566,
        1.8276518093777616,
        -0.49112415164699813,
        0.5060927653679238,
        1.3879777016713615,
        -1.3939479321354127,
        0.17750956295373346,
        -0.081908695404214,
        -0.041990187762070925,
        -0.9980264681009694,
        -0.8520514396314658,
        -1.1896250956363852,
        0.5751171442415841,
        0.4591891415512912,
        1.0441919055044449,
        0.032830933974488725,
        0.7933181489341655,
        2.0641065405849535,
        -0.4171678312551587,
        -0.3813818064584486,
        -0.4350944369534067,
        0.9867778322807123,
        1.394717122926549,
        -0.7742999499901607,
        -0.7549793223452589,
        -0.737636726696923,
        -0.6924388738002132,
        -1.378501985080832,
        1.4753859147449666,
        0.042751267598426665,
        -1.3840062682695453,
        0.03665319837350389,
        1.9212829138456309,
        -0.559789033274274,
        1.1786488707840908,
        -2.1826491093637066,
        0.22616864877069423,
        -0.7627322550939435,
        -0.3409400934844659,
        1.5137158559564639,
        -0.09401181943928842,
        -1.824212702686001,
        1.2075916694362874,
        -1.0002709515159518,
        0.41890161640333323,
        -1.8716786905073448,
        0.6018657718525516,
        0.5418252349209784,
        -1.123942495124259,
        -0.236796431465416,
        0.3764412952528242,
        -0.6959056578245352,
        0.2939978343952324,
        0.33144666950543084,
        -0.3326725562988633,
        -0.05639339388318092,
        0.6080713339659174,
        -0.3489294622066861,
        0.898743435529423,
        2.4489002888008597,
        0.15618523891792815,
        -0.9856938846389441,
        -0.6082530287846079,
        0.17619671304675746,
        -1.0504975613890233,
        1.3818625897211898,
        0.391978019509989,
        0.7795204098525896,
        -0.45687081818332603,
        0.9140431121254431,
        0.3180553426991848,
        2.5995942971167127,
        0.28308250827556514,
        -0.3383344336968567,
        1.574443857270942,
        1.046895530311587,
        -1.8938169067072141,
        0.17617846605353266,
        0.056562681696943826,
        -0.40500843026740163,
        1.5846988660252523,
        -1.518920923635461,
        1.0668414533300854,
        0.980807039443222,
        0.24382419307286748,
        2.0105274037424774,
        1.7204938397426284,
        0.6999628321703496,
        1.7657287733463225,
        1.0588899945265147,
        -0.3201464192821727,
        1.8455598590291598,
        0.6010295871005448,
        -0.47065084359511855,
        -1.3122392706487036,
        1.0467399897548537,
        -0.16563990438817816,
        -0.531787548555087,
        0.5104675543588176,
        0.11235274599785071,
        0.4179885375529609,
        0.6593188964581638,
        0.7842683534802237,
        0.43952629004697014,
        -1.5994200803294893,
        0.2559034550393714,
        0.7295855952049356,
        0.72873859918239,
        0.5426980654403013,
        -0.827354959856071,
        -1.0915110469280727,
        -1.402261177677305,
        0.44568302398700055,
        -1.4732399472205486,
        -0.05969144432810153,
        -0.245953604475029,
        -0.7800765641866243,
        0.5689029464581883,
        -0.03893262437349414,
        0.6972152942397256,
        0.33409266705735574,
        -0.8267960806135551,
        -0.018344221856656445,
        1.332241453544589,
        -0.5787220108310087,
        -0.43296741208861955,
        0.1392273873158311,
        -0.6720045489075749,
        -0.2211355331967605,
        0.8582902835930785,
        0.33163618661354705,
        -0.12556613433364272,
        -0.20281846273121715,
        -2.3405144225782295,
        -0.5369531421518079,
        -0.06513450892579256,
        -1.3365124563730015,
        0.5719238646185112,
        -1.0971306828614926,
        -1.6302265853381688,
        -1.617640337269575,
        -0.04175204185252197,
        1.060366845346663,
        -1.9036744116574391,
        0.1036721889455422,
        1.251822467138159,
        1.5209222951796708,
        -0.06482866691574865,
        0.9721703332257178,
        -0.9903072765411371,
        -1.2543748575217606,
        0.15683255297148258,
        1.22292716807854,
        -0.7826340487173357,
        1.1708045495469428,
        -1.3050918941357912,
        1.6723028441889516,
        0.6547902364432435,
        -0.00704452781978885,
        -1.1502125927733096,
        0.1065848164101274,
        -1.266874770929443,
        0.4492943900335773,
        1.7931380325352215,
        -1.7982937547914948,
        1.288511413507198,
        1.692860531505084,
        -0.4543058643812429,
        0.7421074209625254,
        -0.873538704831033,
        0.30574544983826674,
        1.481480532506317,
        1.0518347977513796,
        1.5912320701391878,
        0.8853235333300901,
        0.009715106201878224,
        1.6239490687801135,
        0.7081260674010885,
        0.5548424915218952,
        0.23421729993231694,
        -0.9407729820724088,
        1.5977257804665754,
        0.8116596348000273,
        1.781765364582765,
        0.6844044823526101,
        -0.9429826259870019,
