{
    "idx": 711016,
    "fights": [
        {
            "enemy": 5,
            "fitness": 85.40384284030166,
            "player_life": 14.200000000000228,
            "enemy_life": 0,
            "time": 410
        },
        {
            "enemy": 6,
            "fitness": 85.83425332628681,
            "player_life": 10.60000000000023,
            "enemy_life": 0,
            "time": 186
        },
        {
            "enemy": 7,
            "fitness": 89.90814186652396,
            "player_life": 52.600000000000314,
            "enemy_life": 0,
            "time": 211
        },
        {
            "enemy": 8,
            "fitness": 89.30661051127251,
            "player_life": 48.400000000000304,
            "enemy_life": 0,
            "time": 253
        }
    ],
    "weights": [
        0.6351431921494127,
        0.8819002984192144,
        1.085615894310053,
        -0.0002757678627230975,
        -1.6997954347420403,
        0.241045235855017,
        -1.3504623369386057,
        0.8875953752475736,
        -0.2705154445760089,
        0.5276925652196778,
        0.08873856747841008,
        -0.19551372729515726,
        -1.3264324991376422,
        -1.2233415368997709,
        -0.5763482890218458,
        2.486419131982275,
        1.925348107143552,
        1.044291123024808,
        0.5356630575812741,
        1.9521468214017283,
        -0.9809744862359187,
        0.01847561952164399,
        1.9015826364620438,
        1.7058383062310936,
        0.517563810576774,
        0.7561464186367086,
        -0.9736090402249264,
        -0.36840111168299894,
        0.8290596623900378,
        1.0068510183742936,
        -0.8408897233344048,
        -0.06348552683108966,
        -0.09915732534193016,
        -1.0766893483893907,
        0.7803120266504487,
        -0.14739411841472433,
        0.7961848464261465,
        -1.5658224940285421,
        -0.7740659219869689,
        -0.24923831451167006,
        -0.8658132362827696,
        -1.3046819696710423,
        0.9074911063122894,
        1.4709559694165635,
        0.43820597943811845,
        -0.6650791350630718,
        1.4741232362886647,
        -0.7817891001529252,
        0.054940076829436614,
        1.5903770951839085,
        -0.671467080271963,
        1.392577609177853,
        -1.6246627041302144,
        -1.4688108910755264,
        -0.9490567430617078,
        2.8963555737551916,
        0.7299230318468113,
        -0.5446058876665525,
        -2.1513872884089813,
        -0.19103247214941865,
        0.6802944180666599,
        -1.518413032043686,
        -0.4721270556242493,
        0.5738548368119203,
        -0.23959052745216672,
        0.5730038274193721,
        -0.757641346036189,
        1.7749103084163158,
        -0.3993633908785706,
        0.4388992345773457,
        0.8041451858605528,
        -1.0186326984115488,
        0.48655326068784815,
        -0.43340648606574517,
        0.031857846664638326,
        -1.1877741074460344,
        -0.669116492218258,
        -0.4272008213317259,
        0.5647781255791501,
        0.17963271471682324,
        1.1331909494912193,
        0.14719421972836227,
        0.7631628305948298,
        2.318272464537397,
        0.10563738186399035,
        -0.2689131936488632,
        -0.4973499601392657,
        1.2167259750281174,
        0.7368472938097814,
        -1.6363007637672446,
        -0.4430247497297912,
        -1.0490903806498881,
        -0.5463415912581585,
        -1.1864074873092423,
        0.9097727372843916,
        0.0991694717846595,
        -0.8699865664385539,
        0.6127406129743727,
        3.1227852471065702,
        -0.6810845873736221,
        0.9039858569634943,
        -2.070847225223767,
        0.12203990090772415,
        -0.5139814850124209,
        0.3078087658161957,
        0.6526136223792474,
        0.09183759794202762,
        -1.0385366124620488,
        1.069371290450823,
        -0.9169794108577842,
        0.20927043334753026,
        -1.6141928006393078,
        0.6014574890599363,
        0.7789531922418349,
        -1.2222629781648042,
        0.039848009212259325,
        0.5417092614329293,
        -0.3767752852541657,
        0.4172563346149477,
        0.30018094850537597,
        -0.2912340184226141,
        -0.521994336845313,
        0.7980382242458816,
        -0.23886732634650293,
        1.1432781109705472,
        2.5201481523903646,
        0.20436546247854548,
        -0.9273071270223763,
        -0.6581560956684573,
        0.4764121574667971,
        -1.0379682445862943,
        0.35192264720925276,
        0.16373656193358102,
        0.9585476837542469,
        -0.16019662337934212,
        1.1313869685346707,
        0.5240038586767776,
        3.1664864499465146,
        1.1159400145326603,
        -0.560534236553626,
        1.6598767727587431,
        1.2764502499021522,
        -1.0978146935392532,
        -0.3600445467238981,
        0.6377695033368695,
        -0.4307630065236787,
        1.5856368625089858,
        -1.7130718019496773,
        1.0144065734020837,
        1.0333930847069102,
        0.26497781094267153,
        1.9910709135234117,
        2.0204237498738737,
        0.648757921255253,
        1.2652981545455055,
        1.4322354098206462,
        -0.3864468820332564,
        1.676771620639565,
        0.38961669946722,
        -0.5324080852982629,
        -1.0237604661818667,
        0.26460775865777836,
        -0.39700893002667376,
        -0.2649605104042075,
        0.5576264809451625,
        -0.10731560596883291,
        0.40144528342190133,
        2.113385723324326,
        0.6801252933334035,
        0.5454300103389735,
        -1.598787965164149,
        0.10787338662778061,
        0.5516807526034954,
        0.661251687695552,
        0.2546135473206427,
        -0.5209392157101674,
        -1.0937788216700066,
        -0.8935620387530949,
        1.0302937151538072,
        -1.3410134892512628,
        -0.6665575758148152,
        -0.39234663020634253,
        -0.020391593847227787,
        0.24085288648870543,
        0.15075931387502514,
        0.8950900555260072,
        0.43631811898046524,
        -0.5096555498725349,
        -0.10914654450782801,
        1.0986692383763845,
        -0.7333690538854434,
        -0.0462144988478917,
        0.23535905775195642,
        -0.5507756153920673,
        0.39997520278909293,
        0.8253626415787516,
        0.17738723828831704,
        0.4342850958354147,
        -0.19213288640669482,
        -2.0359358727392034,
        -0.6224139747247076,
        -0.0675280826389254,
        -1.340119390613844,
        0.5314303983494523,
        -0.7461317580977083,
        -1.0990798370699595,
        -1.9517481250240896,
        0.7216895648118182,
        0.9747806791619961,
        -2.214566895684865,
        -0.18620008012439088,
        0.5006999256739136,
        1.3134701956631234,
        -0.055882133723261014,
        1.132065052386792,
        -1.2288909350114352,
        -1.2475007812030465,
        -0.1432713686243275,
        1.5952363413112085,
        -0.33733574540980416,
        1.182006708687002,
        -2.0040996980846115,
        1.6203116046956332,
        0.8889687763584629,
        -0.20800520740530282,
        -1.080008351029228,
        0.2601292635101883,
        -1.2303929730682859,
        -0.0986966944436781,
        1.740105283295051,
        -1.2994480439766174,
        1.0661985779175966,
        1.1421553335712333,
        -0.6362208289768028,
        0.6512314371627769,
        -0.9886916985087725,
        0.4259539260009673,
        1.2779213730563215,
        0.6573841658135632,
        0.733359232902665,
        1.1227250786435266,
        0.40370263885556046,
        1.0838898612338959,
        0.3525340263661618,
        1.1455003459610675,
        0.16564091843717865,
        -0.5592333660420236,
        1.5919052210889773,
        0.9428942656322623,
        1.7466095430001913,
        0.7794624942214301,
