{
    "idx": 703499,
    "fights": [
        {
            "enemy": 5,
            "fitness": 90.1452886203982,
            "player_life": 57.400000000000325,
            "enemy_life": 0,
            "time": 269
        },
        {
            "enemy": 6,
            "fitness": 12.575049982518596,
            "player_life": 0,
            "enemy_life": 80.0,
            "time": 227
        },
        {
            "enemy": 7,
            "fitness": 86.00957298262516,
            "player_life": 17.20000000000023,
            "enemy_life": 0,
            "time": 302
        },
        {
            "enemy": 8,
            "fitness": 86.99788162462296,
            "player_life": 28.000000000000256,
            "enemy_life": 0,
            "time": 331
        }
    ],
    "weights": [
        0.40831678029401375,
        0.8263472573707907,
        1.2379338407354978,
        -0.700935339905799,
        -1.0032759596660268,
        0.3159310678302677,
        -1.2893625813710974,
        1.0970980911673838,
        -0.3929373042192748,
        1.2994357615231154,
        -0.34183588880480487,
        -0.6317257331430505,
        -0.9438371942803774,
        0.5405810789915837,
        -0.8660954031012581,
        2.3437081944659792,
        1.7450653740643167,
        1.1263764017860467,
        -0.1816203571533196,
        2.449929646491626,
        -2.25787967415041,
        0.1306783490528427,
        1.3641987276387244,
        1.389102145927709,
        0.8343960405517121,
        1.8988050635159492,
        -1.3003396234793196,
        0.3440433167230372,
        0.903681495503281,
        0.8331522938716218,
        -0.9491490680634982,
        -0.41649520086043657,
        -0.8594754557905203,
        -0.8779871231426973,
        0.8296247861965808,
        0.15678054368585592,
        0.5611502331885823,
        -0.35563013490019285,
        -0.29458210757941655,
        1.2470103132271546,
        -0.44077810771614784,
        -0.7644578013536161,
        0.6064136090160219,
        0.8920379797675448,
        0.13799172028674483,
        -0.8448785202141837,
        1.1063616369808027,
        -0.06883354156096948,
        1.3043761593418457,
        1.2765361696046793,
        -0.7982257427214747,
        1.8768882942767489,
        -1.6481551542535642,
        -1.1813641006514255,
        -0.1626551424191376,
        0.8379767038607832,
        0.41376713234361734,
        -0.10228434368896704,
        -1.9907309398816189,
        0.4642044047367716,
        1.0508942328721491,
        -0.8526259018074107,
        -0.32149630535959456,
        0.5274512068616182,
        0.7640797497990084,
        0.5741610173793786,
        -0.908171205199763,
        1.4530177565044828,
        -0.4305192355343439,
        -0.03863019428683243,
        0.5681011924924293,
        -0.8990871345510305,
        -0.3442866046982903,
        1.0535219969915048,
        -0.419834418279927,
        -1.525067889843985,
        -0.47705797810874273,
        0.10205852552069791,
        1.1090431069565907,
        -0.2699594949729604,
        0.7421603249358916,
        0.04623479489956096,
        0.6737711025467112,
        2.0777852839110236,
        -0.5717576580518744,
        -0.6967169689378917,
        -0.17571206973595507,
        1.1894963620760233,
        0.4319044112827317,
        -1.610267638725533,
        -0.8515609744230147,
        -0.32127911803997744,
        -0.14640247197306677,
        -0.866326447766707,
        0.5578075700942594,
        -0.666980821507669,
        -1.2235954464608323,
        0.21506472433670876,
        1.9540759718265577,
        -1.0866306544073505,
        1.1583508400513771,
        -1.560113833525839,
        0.4332072225725117,
        -0.5585717654442435,
        0.15832623408661567,
        0.7128242088354936,
        0.05924316840069909,
        -1.048503025465035,
        1.0404174721005133,
        -0.80451911825279,
        -1.1177895378520166,
        -0.7670707404990601,
        0.891450725325366,
        0.04240660387220044,
        -1.3183018613079496,
        -0.2207110897173746,
        -0.03103635995496796,
        -0.19558950574008122,
        -0.35088027233745905,
        0.4631167771262818,
        0.26740134469528304,
        0.37074578174859174,
        0.4828140747822293,
        -1.0961119372812456,
        1.804344878818726,
        2.0133423433190245,
        0.559911902318019,
        -1.449509157475264,
        0.14819373628872834,
        0.3218040423572118,
        -0.8878097385695956,
        0.37913512943038824,
        -0.2523702190550272,
        -0.06647195845153456,
        0.6050259730603481,
        0.2531961631737558,
        -0.13638514221440984,
        1.8234792527823485,
        0.3240811506570485,
        -0.7840699082059728,
        1.3934886811110878,
        1.0052184140538998,
        -1.2827584262620415,
        0.16259755972248988,
        -0.03913487211544725,
        -0.6955753448875108,
        1.0799996123878974,
        -1.637431132966833,
        1.0258037361222438,
        0.3313467103853962,
        -0.17585025367542736,
        1.6628774800638204,
        1.6523048997377556,
        0.4270591543182735,
        1.3511888308054503,
        1.13771224307925,
        0.03635052742744525,
        1.5385438850952526,
        1.0185785310181121,
        -0.7130156938166391,
        -0.9810274349648387,
        0.9296302622648352,
        0.16847662767951815,
        -0.3917261549301047,
        0.9928784466335934,
        0.3612491553286278,
        0.04424646787819323,
        1.2175223938691078,
        0.34722105254534624,
        0.9509986483550653,
        -1.4449994259685555,
        0.2598217694376369,
        0.6353000771928549,
        0.7998556717145886,
        0.23453193661219926,
        -0.6936663663536953,
        -0.824611478872687,
        -0.7533566150067466,
        0.13637829943087018,
        -1.4340035355101295,
        -0.28256321908917337,
        0.44027662115550936,
        -0.6077814119847591,
        0.45153853509380915,
        -0.03818607712748385,
        0.7713648345004588,
        0.13140589604952435,
        -0.8170367952596688,
        -0.1886143917798329,
        0.44930494029916845,
        0.12869379130412362,
        -0.373158161174452,
        -0.4155302202652421,
        -0.2402537898653484,
        -0.21109206738781344,
        1.0120458968121004,
        0.06569409808330003,
        0.17582971055622815,
        -0.41571996501858643,
        -1.8443425400316427,
        -0.3413624780385968,
        0.13566190512044982,
        -0.23291379458687578,
        1.6474237651787789,
        -0.6234874278448043,
        -1.5396588722506812,
        -1.1778258185641712,
        0.25963598170662766,
        0.8665718556915665,
        -1.8092221431530884,
        -0.395386456343733,
        0.7634410615583868,
        0.7266536608084937,
        0.06987143120961738,
        1.0590018535139705,
        -1.00697872586079,
        -1.330271137026638,
        -0.11373629249987838,
        0.8912939848370076,
        -0.47525417889683547,
        1.1474470534646992,
        -1.453799610039807,
        1.1001625483114212,
        0.7598082307769385,
        0.29914182368743086,
        -1.3236173751061224,
        0.565739162800488,
        -1.5668487777350755,
        0.00312423943901367,
        1.2710365351855029,
        -0.7330094970498846,
        1.3982750766894159,
        1.1559344581909088,
        0.22098931007435837,
        0.2886616737839349,
        -0.44090648613725597,
        0.6011808810796775,
        0.9371923002327632,
        0.8311990191532456,
        -0.5796584556976604,
        0.6615103946966149,
        -0.02482975368349974,
        0.23738934225756173,
        0.8208856626609984,
        1.4564674232767578,
        0.7110477330439491,
        -1.1590050135694956,
        0.6562637616000541,
        0.4609840169462128,
        0.3386194815552789,
        0.6862531886741261,
        -0.46625250987563466,
