{
    "idx": 707490,
    "fights": [
        {
            "enemy": 5,
            "fitness": 86.54384284030168,
            "player_life": 25.60000000000025,
            "enemy_life": 0,
            "time": 410
        },
        {
            "enemy": 6,
            "fitness": 48.579465000727716,
            "player_life": 0,
            "enemy_life": 40.0,
            "time": 226
        },
        {
            "enemy": 7,
            "fitness": 88.45703951986408,
            "player_life": 41.20000000000029,
            "enemy_life": 0,
            "time": 288
        },
        {
            "enemy": 8,
            "fitness": 86.33574420258549,
            "player_life": 22.600000000000243,
            "enemy_life": 0,
            "time": 374
        }
    ],
    "weights": [
        0.4093089295331271,
        0.03836711695656286,
        0.8990798757462841,
        -1.0373680309163218,
        -1.7372280691387683,
        0.8871933866553534,
        -1.4159843175133486,
        1.7016434733885946,
        -0.719235635565242,
        0.7710524611565553,
        -0.24245515419293934,
        -0.7896531521027285,
        -0.8418532161817571,
        -0.6865020081743457,
        -0.28330605783349666,
        2.1536121183844137,
        0.7640962157740083,
        0.5927203912991361,
        0.19495149623777175,
        2.286847126283421,
        -1.3597158582115945,
        0.1499233854448661,
        1.9525309661643686,
        1.5584483489187582,
        0.8061638704791092,
        2.0087792483495766,
        -1.414858144303313,
        -0.002934073528172945,
        0.8685457098166893,
        0.10905077201904849,
        -0.5175641227015461,
        -0.43003140329221035,
        -1.0945290683440476,
        -0.13315078132046987,
        0.7887864072445188,
        0.33517556281513866,
        0.5136141486794484,
        -1.057009630346405,
        -0.45729550122646845,
        0.39824543782093896,
        -0.44488487862379883,
        -0.5813692917267177,
        0.6277903316409912,
        1.3374848712118332,
        0.930563637232563,
        0.802767955778348,
        1.5240392309766917,
        -0.0411901231509476,
        1.0304092078132276,
        0.5558242877052124,
        -0.7962003584844549,
        1.9746696524847462,
        -2.2448660055780674,
        -1.0704138123131022,
        -1.0490872746676858,
        2.1392416118027695,
        -0.3216151455518137,
        -0.4113774920722033,
        -1.8759246489237433,
        0.3861850330072324,
        0.4715723595601355,
        -1.1914085115506718,
        -0.803583994330828,
        0.5738433769091584,
        0.4428457463460582,
        0.1730437721318997,
        -1.0657597187213226,
        1.2838103237828413,
        -0.5323821104428416,
        0.06490555912933671,
        0.47938507344203374,
        -0.8355286482722208,
        0.16911432121599262,
        0.08990510349352691,
        -0.2577680865078612,
        -1.5685305948012358,
        -0.5442534003738596,
        -0.13806609751354143,
        0.4870593537643222,
        -0.38766462185440304,
        -0.10654538167223686,
        -0.2042608205070919,
        0.23146343594136104,
        3.094000077083916,
        -0.43077957427702723,
        -0.3047903498572662,
        -1.0048759233094886,
        1.7160259902740616,
        -0.12474060581645993,
        -0.4608260227274717,
        -0.2973685935694284,
        -0.8254437603688346,
        0.45011043711283283,
        -0.6445966414941869,
        1.052447097881155,
        -1.194083671268369,
        -0.3810773331018433,
        0.2691579557032465,
        1.2636887217640407,
        -0.9258234109759256,
        1.2173222882885868,
        -2.0910559074133723,
        0.6520317488529835,
        -0.6831511599376082,
        0.7631760226183024,
        0.007797149461225261,
        -0.17088181864430632,
        -1.1075161018625757,
        1.2250086563438944,
        -0.18955404631293216,
        -1.2671516254535449,
        0.990289785130348,
        1.1543538168446967,
        0.3488874162236228,
        -1.0688066428557301,
        -0.9367424769364628,
        0.1495002721184862,
        -0.4624333535786808,
        0.4151634707201715,
        0.02962447228518782,
        0.05145805872136556,
        0.4299682482220765,
        1.3212933587465487,
        -1.6826861596356548,
        1.0342915186119106,
        1.6664665337637496,
        0.942238834127092,
        -0.611769657353014,
        -0.16054344074683588,
        0.7294323166038037,
        0.2082288584590363,
        -0.12544604613537824,
        0.20689061584404536,
        0.25063620384911367,
        0.172242182407009,
        1.0951311691236323,
        -0.09058949947223252,
        1.769894933576611,
        0.5947602528403328,
        -0.46335035433803806,
        0.8573576939933849,
        0.934779210574467,
        -0.7364164654313511,
        0.6111746396942924,
        -0.037266431556056016,
        -0.9516170314663926,
        2.182951206945878,
        -0.6613497514203894,
        1.7677201188585225,
        -0.45692176278632585,
        0.2373878362194281,
        1.436578207845942,
        1.2778220018015212,
        0.3930161363288491,
        2.011020286407397,
        0.5477102270431264,
        0.4948403614318303,
        2.0469070500194126,
        1.06104449152053,
        -0.7161818644185106,
        -0.5419656377286544,
        -0.3297442796157817,
        0.6595896701423188,
        -0.3238658036173072,
        0.4357216419627883,
        0.40613778299994796,
        -0.29981003257322364,
        1.0889019103431439,
        0.1706256442844438,
        0.6827768882698422,
        -0.21787763718927497,
        0.4289801319961472,
        0.6109923879119883,
        0.13230318062005414,
        0.8096992712704484,
        -0.37628175786980333,
        -1.0152195747529038,
        -0.6185753298511141,
        0.4222042729495169,
        -1.4108275318270362,
        0.10088766475520475,
        0.14367017255935663,
        -0.366445825563988,
        0.20298708265572324,
        -0.6384684125455781,
        0.9249997670071789,
        0.33193698448152537,
        -0.6465056953886531,
        0.16318380247571193,
        1.1746949211782367,
        -0.12876680862563744,
        0.09534419372174144,
        0.24033271542928794,
        -0.022692529185372484,
        -0.062222256573485527,
        0.8759385123578102,
        0.23866153863529038,
        -0.2383804936413417,
        -0.3205116950958636,
        -1.5756565158627005,
        -0.6872626706739569,
        0.21402339657415412,
        -0.4139144850103276,
        1.8335263945945035,
        -0.1844841194372911,
        -1.3894987617619963,
        -1.4699911781401491,
        0.9946210346121845,
        0.2393108119593816,
        -1.9241498176616083,
        -0.64288073255602,
        0.6827813843243725,
        0.9241702911385722,
        -0.7867183859548357,
        1.6969550727642566,
        -0.7537372874459068,
        -1.1882706793753113,
        0.8276405660908108,
        1.219132547906697,
        0.33271435112550585,
        1.5870401264659921,
        -1.5152713905085635,
        0.9090378105697754,
        0.698725266763842,
        -0.29901508270105237,
        -1.559725019196042,
        0.9222272565427029,
        -0.24882791803572046,
        0.3915454633660823,
        1.126742242574519,
        -1.2059896202897535,
        1.374974211423147,
        1.8165180519023938,
        0.2136629781452134,
        0.6082655326411504,
        -0.5096310358315516,
        1.066708069811135,
        1.2420143378900355,
        0.299716120763598,
        0.3468276231618138,
        0.9235376957638329,
        -0.678974424072995,
        0.5678616257015692,
        0.3326688121329634,
        1.1334841764696242,
        0.5992888043983157,
        -0.5025803439219514,
        0.9857041231820847,
        1.1072926714593303,
        0.35773619152439207,
        0.5024386661981499,
        -0.7874792934085596,
