{
    "idx": 707462,
    "fights": [
        {
            "enemy": 5,
            "fitness": 89.91275134159977,
            "player_life": 55.00000000000032,
            "enemy_life": 0,
            "time": 267
        },
        {
            "enemy": 6,
            "fitness": 84.92835394814497,
            "player_life": 3.4000000000002344,
            "enemy_life": 0,
            "time": 224
        },
        {
            "enemy": 7,
            "fitness": 30.65289246928253,
            "player_life": 0,
            "enemy_life": 60.0,
            "time": 210
        },
        {
            "enemy": 8,
            "fitness": 88.8796882233926,
            "player_life": 46.0000000000003,
            "enemy_life": 0,
            "time": 305
        }
    ],
    "weights": [
        0.49822815720541325,
        0.7930568686186487,
        0.9568797075120564,
        -0.9972749020509424,
        -1.5109270207942254,
        0.8933826472054602,
        -1.4621051698462064,
        2.0453617507714674,
        -0.5178674432561419,
        1.7116457282044484,
        -0.5455314031152633,
        -0.7628550835909855,
        -1.0378406457082303,
        -0.7484493475852151,
        -0.7495592654820609,
        2.413205862137352,
        0.9954782489832147,
        0.5861283155622437,
        -0.3618013417727176,
        2.1793876786476916,
        -1.5764829445788306,
        0.6982059682748099,
        1.815778469386011,
        1.7351032839719565,
        1.0241762389931337,
        1.9711457855472334,
        -1.4038901974353537,
        0.22431973293473242,
        0.10004597123796755,
        0.08892262031037179,
        -0.49121397255018656,
        -0.7708346964672934,
        -0.832189336814864,
        -0.603534601541547,
        1.2192460489943224,
        0.2334743907878563,
        0.5322070946613413,
        -1.1100443177190584,
        -0.5372190387100908,
        0.6314927819488,
        -0.5396345644601126,
        -0.2908643259782833,
        0.5996021951416352,
        0.9505141845206299,
        0.8925612266282759,
        -0.04941174678968152,
        2.6599178139506776,
        0.1824433984574531,
        0.6851120635770483,
        0.9947957550575712,
        -0.7606522304140317,
        1.4424245560146283,
        -2.170583214901592,
        -0.9315883734739907,
        -0.8579553658227281,
        2.1741599269696774,
        -0.3608242501215409,
        -0.38930329631404376,
        -1.8852161138874963,
        0.2743211050843593,
        0.7385985168158459,
        -0.5094664625662747,
        -0.7309377586396332,
        0.3548945660922335,
        0.5490670599458476,
        -0.023599692878470573,
        -1.3051925549980223,
        1.2968233642816602,
        0.7934123824834183,
        0.08406525938309413,
        0.7560471143897561,
        -1.0654973076142327,
        0.12886794807151206,
        0.015019141285866414,
        -0.3953222433829704,
        -1.6673053870643844,
        -0.6661478504605759,
        -0.2975855442833152,
        0.8368437550586665,
        -0.04394902230310418,
        -0.45074475319465607,
        -0.23065566138430701,
        0.24688958691153684,
        2.1356191428533076,
        0.26796477045266137,
        -0.16289085718512206,
        -0.6914006926701544,
        2.361343498012426,
        -0.2558804816019199,
        -0.7612835679224287,
        -0.5527926743620374,
        -0.6664170630923328,
        0.3432787988422723,
        0.019683674528262564,
        1.0759495113231976,
        -1.103825985153012,
        -0.010016243569083629,
        0.3768517149366054,
        1.7294259118391409,
        -0.8911180258183803,
        1.1856434518213417,
        -1.8738985001204376,
        0.10391905010272338,
        -0.6848875628286876,
        0.6984898723661223,
        0.3295148824151829,
        -0.3825237933608963,
        -1.1967836511568983,
        0.7740412961553614,
        -0.5884559793225698,
        -1.188728733489139,
        -0.5927842224840266,
        0.8317915953718279,
        -0.46820253497202463,
        -1.0930677782441394,
        -0.9433722452151131,
        0.13663378909326218,
        -0.39582042149342433,
        -0.1366855559892204,
        0.7537006100292395,
        0.6724326101588955,
        0.3981615657637372,
        1.3940811534791868,
        -0.6676147120951076,
        1.152933426091955,
        1.5208147172491497,
        0.9436808742065316,
        -1.4279772914385922,
        -0.5320904390914858,
        -0.8099453704363136,
        0.22559228245086405,
        -0.08997012488525119,
        -0.20813825223675755,
        0.80618177996004,
        0.37737314382767845,
        1.0174592999866374,
        -0.07045048833716526,
        1.6020504967886662,
        1.082970124769702,
        -0.0915475279898807,
        0.9395178874207908,
        1.7995568039927232,
        -1.6788574117947048,
        0.20467204341982748,
        -0.059555674355619995,
        -1.0124262030733637,
        1.4675423077341945,
        -0.5932394372336204,
        1.7122126125064516,
        -0.4921965629422778,
        0.1851751077164445,
        1.3945113985669788,
        1.2945869052481365,
        1.1084969704680294,
        1.125074488607779,
        0.4377468766118015,
        -0.1505421098152559,
        1.8207544058232175,
        1.222317637876722,
        -0.6772417414582352,
        -0.9784301442787795,
        0.02385673723749456,
        0.3584287859102467,
        -0.10040787158569933,
        0.47223073986623326,
        0.5185298828402468,
        -0.44422608310709477,
        0.6097988232951974,
        0.6558252783906816,
        1.1635546084973538,
        -0.2290098312386076,
        0.5986675604197093,
        0.39788484386749257,
        0.5732842125723078,
        0.6957007596717387,
        -0.31146985818295214,
        0.057062341640938215,
        -0.7214459968583475,
        0.36076163027736374,
        -0.07971928934123951,
        -0.41227965279994555,
        -0.14303659403534527,
        0.053064252377156125,
        0.2890202800561123,
        -0.029092389313376793,
        1.1147823488247708,
        0.47875408911855677,
        -0.5517344700161941,
        0.4867425958614711,
        1.02828257026177,
        0.15304765149500837,
        0.18817200161661085,
        0.4063315565989506,
        -0.198304058073087,
        0.1495235237285432,
        0.19742012141887777,
        0.1460874509310286,
        -0.05888233231151418,
        -0.2856421550642733,
        -1.7379700832843317,
        -0.9927320428603976,
        0.07100089590083182,
        -0.41372831621939404,
        0.2892821105010843,
        -0.14582810280852881,
        -1.780963772665051,
        -1.4886598076738753,
        1.1008135047448269,
        0.6568733451935839,
        -1.9269303541860698,
        -0.8640195176139803,
        0.4999111033436862,
        0.9000673693475248,
        -1.1458620029384878,
        1.7293903946448266,
        -0.5975093049717043,
        -1.4726571371932085,
        0.7266516219836323,
        0.6582072334048152,
        0.15106847714628552,
        1.4538007608099046,
        -1.0630892784237704,
        0.9040270002201789,
        0.5225734033935002,
        0.6491662525665273,
        -1.4861613353963166,
        0.6251914793948946,
        -1.0899742464605842,
        -0.44316116906626224,
        1.526891758608649,
        -1.0553211494484844,
        1.4437217595123089,
        1.7373550140038263,
        0.09418865380000538,
        0.8874921501535457,
        -1.044007976853894,
        1.2522938349744077,
        1.550821830386639,
        0.32298715108142284,
        0.16903119991396381,
        0.5514779321159138,
        -0.5131317643549306,
        -0.03699526421149346,
        -0.034230558313657525,
        0.7902763121937666,
        0.8807127529243693,
        -0.7126360530950543,
        1.1162656156933983,
        1.1402923476364295,
        0.49457692822690125,
        0.9493067439395289,
