{
    "idx": 701245,
    "fights": [
        {
            "enemy": 5,
            "fitness": 90.94027017401382,
            "player_life": 65.20000000000033,
            "enemy_life": 0,
            "time": 265
        },
        {
            "enemy": 6,
            "fitness": 30.747726571953372,
            "player_life": 0,
            "enemy_life": 60.0,
            "time": 191
        },
        {
            "enemy": 7,
            "fitness": 89.60389959779562,
            "player_life": 50.20000000000031,
            "enemy_life": 0,
            "time": 225
        },
        {
            "enemy": 8,
            "fitness": 87.13935834262664,
            "player_life": 29.80000000000026,
            "enemy_life": 0,
            "time": 344
        }
    ],
    "weights": [
        0.9668699582775023,
        0.45374022237522965,
        1.2030417859924134,
        -0.9084172109495209,
        -1.2050374977490814,
        0.1271547907828813,
        -1.4553128760928289,
        1.3324431061011999,
        -0.3996770865123832,
        0.9242068073077394,
        -0.05967631854192508,
        -0.8051570331139147,
        -1.454693686811127,
        -0.32424454056913943,
        -0.2068355111806332,
        2.666043838059513,
        -0.819539302490084,
        0.5578217361432553,
        0.07592146950687767,
        2.133980881358656,
        -1.4245983618805487,
        -0.03142792728848316,
        1.5641159561802127,
        0.6926789510536617,
        0.7736850907007726,
        1.3138397559211648,
        -1.5435169481298006,
        0.0038549902132262934,
        0.4292324466530629,
        0.39616936157927857,
        0.8279663792282665,
        -0.5870411932178741,
        -0.9321004957374358,
        -0.6990384286260171,
        1.111031745159752,
        -0.2803304477996358,
        0.21039221786861279,
        -1.2221984419862628,
        0.4077807124572694,
        0.6323311600936536,
        -0.2580576797545983,
        -0.7633796345753793,
        1.1400575855967232,
        0.8123590622131498,
        0.4174031412681742,
        -0.15275109468781578,
        1.8081601575562043,
        -0.10896734249970186,
        0.5390746118136723,
        0.8598556874591449,
        -0.1905033016341581,
        1.9223387685056619,
        -1.7558656163888349,
        -1.1994221250047308,
        -0.586176264400287,
        1.3817308604645149,
        0.05359199245801276,
        -0.5050241769855804,
        -1.9223632740389787,
        0.557382509151723,
        0.6820902388298532,
        -0.7102102150563703,
        -1.0404213247093956,
        0.4780190091075555,
        -0.005964347630545562,
        0.9763056303279657,
        -0.7202137848012852,
        2.2969599906706435,
        0.010986092915953372,
        -0.27457166389998994,
        0.7117008894218056,
        -0.23569875262928666,
        -0.13678761473494228,
        -0.2681751827470034,
        -0.39900484335604525,
        -1.9553407624802197,
        -0.2727888370650314,
        -0.17247251973165484,
        0.790845701038694,
        0.04817088917319642,
        -0.17269495091337347,
        0.40383414022015857,
        0.3638213028756312,
        2.5066970796962873,
        -0.24656618668272912,
        -0.9790308527875187,
        -0.39774898991785534,
        1.2072812583388375,
        0.22046345960377062,
        -0.4316878373898318,
        -0.2471590400990066,
        -0.19987760785341438,
        0.06200020442582795,
        -0.8675716406911779,
        1.0016066301297564,
        -1.1262114984113916,
        -0.4862159208707514,
        -0.3243214302792482,
        1.2711945691327393,
        -0.29950341456238044,
        1.3813494343457866,
        -1.8315806359331526,
        0.1383207447754254,
        -0.6396880463267045,
        0.28034064926256086,
        0.13470326844075428,
        0.3609253763818316,
        -1.3210270556484462,
        1.097427933319297,
        -0.42862552920180896,
        -1.1488942630359598,
        0.09577714663549905,
        0.8305614198027291,
        0.4298560304587116,
        -1.1460016444678356,
        -0.8862288991190443,
        -0.15666053158176213,
        -1.4746731680796883,
        0.07566647569314712,
        0.3607957860233128,
        0.21888866792009823,
        0.08325058783266992,
        0.7045085903954874,
        -0.4489170458743581,
        1.2674106837798256,
        2.3287793059911888,
        0.38991319467613667,
        -0.664705186718458,
        -0.7902508438210114,
        -0.1713297035449356,
        0.2481925867411544,
        0.47812734013441116,
        -0.22758142910718415,
        1.0083038935062572,
        0.46111269857630743,
        0.842613720884224,
        0.30348071024916584,
        1.5180496656989269,
        0.21397752620293978,
        -0.3108987438045534,
        1.5956332374783808,
        0.9711836267230936,
        -0.6566717113993028,
        -0.0054085496713147455,
        -0.005467479397111723,
        -0.462852289464425,
        1.5167172680591887,
        -1.4194253190672514,
        0.8353952265069764,
        -0.3416791604243753,
        0.01811496352749466,
        1.173173253953871,
        1.4177765917579013,
        0.7679698780861499,
        1.3331033596118695,
        0.49869334938656074,
        -0.05106254326869467,
        0.29859563315187676,
        0.9683519680366427,
        -0.5082824016283731,
        -0.9816014317725886,
        0.009391643008609937,
        0.0701166299845806,
        -0.3803294187182159,
        -0.2216629540322678,
        0.5823976334410288,
        -0.09283699217040445,
        0.6138836739040361,
        0.7206731745598025,
        0.6840474560789386,
        -0.1163220729630918,
        -0.10037369752857159,
        0.6741711318576172,
        0.2948896957702895,
        0.4855050625051422,
        0.12473443514573394,
        -0.11394819000179462,
        -1.247416370380778,
        0.370490621552178,
        0.002297443980795927,
        -0.5979723049499226,
        0.6829568702198097,
        -0.6264626811761075,
        0.4313216819070609,
        -0.13821479144748056,
        1.0086221406684373,
        0.38218508049037825,
        -0.31867491498805267,
        0.2197390480004996,
        0.7447920764536756,
        0.04931476688027517,
        -0.4912259913452195,
        0.15914665957139099,
        -0.631710753224454,
        0.3946608594148804,
        1.0817260668014843,
        0.07505323339821145,
        0.03393916900510362,
        -0.35907191591303345,
        -1.7710004283396912,
        -0.5421834681004545,
        -0.8956009408038736,
        -1.0496763837313188,
        1.1872995620395157,
        -0.23871449340125647,
        -1.0694148891917434,
        -1.0452990648272196,
        0.7204125532906857,
        0.5228558763852938,
        -1.7114384040549961,
        -0.2859012000267785,
        0.6145252929692507,
        0.7853720914761557,
        -0.640695496715058,
        0.7630262184070193,
        -0.6497984036498625,
        -1.5458065360645208,
        0.4210055776118674,
        1.0817083897364577,
        0.262742997360531,
        1.1562415013133607,
        -1.3385506442026007,
        1.2463575414272974,
        0.24774461228390166,
        0.3473636408570125,
        -1.0799136221716081,
        0.6240232113990303,
        0.4032894144624618,
        0.02388470089100707,
        0.4335418717578201,
        -1.1560857670326272,
        1.223728681377093,
        1.3728279098275562,
        0.20147583983366918,
        0.32144763643883145,
        -0.6922062333706963,
        0.9659126993274824,
        0.9105402204631197,
        0.6865155016776066,
        -0.11882457682435928,
        0.7714214615900992,
        0.12807457289093088,
        0.28884432164398266,
        0.5427487459818051,
        0.7403299284943466,
        1.3246477385077235,
        -0.9762714453188034,
        0.7184543422547506,
        1.046669869974459,
        0.3936076939931483,
        1.0857089429071554,
