{
    "idx": 701241,
    "fights": [
        {
            "enemy": 5,
            "fitness": 90.44353644806851,
            "player_life": 59.20000000000033,
            "enemy_life": 0,
            "time": 239
        },
        {
            "enemy": 6,
            "fitness": 84.59598249381268,
            "player_life": 2.200000000000234,
            "enemy_life": 0,
            "time": 277
        },
        {
            "enemy": 7,
            "fitness": 90.87679627126205,
            "player_life": 61.600000000000335,
            "enemy_life": 0,
            "time": 197
        },
        {
            "enemy": 8,
            "fitness": 88.92324619773174,
            "player_life": 46.0000000000003,
            "enemy_life": 0,
            "time": 292
        }
    ],
    "weights": [
        0.5444465890086638,
        0.37988832537394357,
        0.4401411159512488,
        -0.563487950193123,
        -1.3124736088190503,
        0.6267584259002128,
        -2.011523347635019,
        0.7135301671828931,
        -0.29578473876679334,
        0.8382683845666149,
        -0.522080922612909,
        -0.8700198029004272,
        -0.9995794420909518,
        -0.8102324883048062,
        -0.7174132947945766,
        2.3822654349840566,
        -0.7979338467571705,
        0.5448714956392526,
        0.058759621052907975,
        2.0738035694522177,
        -1.1898568667661562,
        0.06457186722950567,
        1.605487893373697,
        0.5280046127752822,
        0.7281169038096692,
        1.362832755242815,
        -1.6488405693248964,
        0.026177600441751596,
        0.35127866545647074,
        0.2742739890592689,
        -0.5306190641568407,
        -0.40128093479329635,
        -0.7752706552568144,
        -0.6558428362739723,
        0.8736977844742055,
        -0.5761671888853238,
        0.29555820099824903,
        -1.213033809091533,
        0.524776873708209,
        0.601421377121595,
        -0.28809869041674296,
        -1.0034532127065803,
        0.8303984940780869,
        0.8856131228487489,
        -0.04053766826853272,
        -0.15855131435134406,
        1.9087886180805964,
        -0.0459277803162951,
        0.42862867712913694,
        1.0788693316133615,
        -0.1077345309314015,
        1.5903905837832708,
        -1.5430427922745062,
        -1.081475187475536,
        -0.6532083804649468,
        1.6682777931986577,
        0.039302946027969604,
        -0.5657820141509421,
        -1.7149333234100814,
        0.42547028409849685,
        0.5734358560317011,
        -0.9701092053791428,
        -1.4543419219232836,
        0.5556165864931626,
        0.30717741082624017,
        0.28741454030301355,
        -0.7268473567738659,
        2.156982796052382,
        0.24022584349839418,
        -0.052022364775344034,
        0.7306741688384252,
        -0.26463344530397426,
        -0.08156236918863904,
        -0.3960632081280342,
        -0.2836923724338666,
        -1.85811985109667,
        -0.03221720176089096,
        -0.1716965144290837,
        0.6438968727834118,
        -0.0034930260940374443,
        -0.18376567431217994,
        -0.16837018451047125,
        0.43521055946349746,
        2.957210724470109,
        -0.3235200343001025,
        -0.7205318258371378,
        -0.4395162669773015,
        1.2055493979507326,
        -0.3811383952191697,
        -0.4348337842516976,
        0.002290277854047229,
        -0.30997561773901916,
        -0.033443954035893994,
        -0.924359348138926,
        0.9835609247433837,
        0.24641455923096348,
        -0.8086071710270257,
        -0.254173750425988,
        1.594145841813795,
        -0.5089034945413642,
        1.0077379866286886,
        -1.7661099283203525,
        -0.2439161195894355,
        -0.6060032830323115,
        0.47596195886740283,
        0.06727565212560717,
        -0.06999006238479324,
        -1.3999344082785488,
        0.9061891309255115,
        -0.5218488850225209,
        -1.252666752820518,
        -0.45784130296596487,
        0.8928773344433922,
        0.19358679709538434,
        -1.29283058463834,
        -0.7962080388269019,
        -0.2511829532906544,
        -0.5286969030216384,
        0.1881751595222062,
        0.5367164661438668,
        0.35325839750778715,
        0.1552886430405139,
        0.5570993161363279,
        -0.46026841785261013,
        1.2227255874595004,
        1.6916624342076079,
        0.5496683985197298,
        -1.2713583767045142,
        -0.7476635983535728,
        0.012716082675711069,
        0.116760020158931,
        0.35954556706345586,
        -0.16324521806892486,
        0.604645047494859,
        0.7231313428022953,
        0.8144430494158689,
        0.09752029456837563,
        1.3666082138646303,
        0.13994955535573894,
        -0.7120533428277973,
        1.0215844862652435,
        1.0397491877695892,
        -0.6609765080596095,
        -0.11784528452328427,
        0.24215243034336728,
        -0.3103899784474718,
        1.190649393026883,
        -1.2756931845901751,
        0.9186188778188443,
        -0.4542072115432779,
        0.009477543015550538,
        1.457262407773521,
        1.2119654304951608,
        0.38399229099191634,
        1.0208665481555679,
        1.3500270068518456,
        -0.008431956047790887,
        1.206054805675992,
        0.952184723384092,
        -0.4423251564735983,
        -0.4806057795964971,
        -0.16136079569150275,
        0.09218000660526443,
        -0.5194643544271484,
        -0.2944567962097712,
        0.46185993629105593,
        0.3450118475850249,
        0.7203190645068346,
        0.6856994097834286,
        0.8268738254041369,
        -0.21918584944627362,
        0.4623612874866574,
        0.6863549957023362,
        0.1367677815407593,
        0.3714935746115866,
        0.1443659556924418,
        -0.003609418278644111,
        -1.0105767056483805,
        0.35492398848827905,
        -0.16763864477590484,
        -0.24106214646651716,
        -0.17836432505587668,
        -0.28842954063145,
        0.7006297911208569,
        0.3300237883394167,
        0.6390711974217866,
        0.48369985865462706,
        -0.508136452802466,
        0.17061409105089803,
        0.8093176991097878,
        0.20358563362921298,
        -0.03073911508406044,
        -0.052511829765061635,
        -0.43154443136775417,
        0.248095028148052,
        1.8662722312903894,
        0.41961448754734704,
        0.0018556268761257752,
        -0.5005630813292392,
        -1.6814108894366775,
        -0.5298522542853992,
        -0.5050530936275736,
        -0.9046363834190938,
        1.4435314979433325,
        -0.19771542657041616,
        -1.0595244403879591,
        -0.7294250758956643,
        0.7327002450668987,
        0.6228496698019244,
        -1.735257692077173,
        -0.008609549645034992,
        0.7365741774830679,
        0.7782557596457719,
        -0.09582476116932373,
        0.7589873034364929,
        -0.6176771525099011,
        -0.9285395170165442,
        0.6229734973838451,
        1.1382223637039153,
        0.13486369972718049,
        1.2515720824081291,
        -1.2650953677388186,
        1.2124679380105141,
        0.12393092941352202,
        0.091097624859783,
        -1.0865568971248944,
        0.7349175032388058,
        0.1537023371615458,
        -0.010836838443425078,
        0.8959871554320181,
        -1.1451789975945998,
        1.1572135262274903,
        1.5574010296529346,
        -0.017188513032025652,
        0.2803610803579677,
        -0.5661394415621305,
        0.936208018222162,
        1.0518595949523508,
        0.635697247645756,
        -0.2641639390749022,
        0.6904650775583209,
        -0.35372108320461787,
        0.40472963660106914,
        0.410410633530849,
        0.9241736748256035,
        1.415705201529688,
        -0.9454739878587369,
        0.27165186560415827,
        0.8274352498693928,
        1.7993781737782646,
