{
    "idx": 707138,
    "fights": [
        {
            "enemy": 5,
            "fitness": 90.9187078342906,
            "player_life": 62.80000000000034,
            "enemy_life": 0,
            "time": 213
        },
        {
            "enemy": 6,
            "fitness": 75.27968822339258,
            "player_life": 0,
            "enemy_life": 10.0,
            "time": 305
        },
        {
            "enemy": 7,
            "fitness": 88.93504998251862,
            "player_life": 43.60000000000029,
            "enemy_life": 0,
            "time": 227
        },
        {
            "enemy": 8,
            "fitness": 86.33574420258549,
            "player_life": 22.600000000000243,
            "enemy_life": 0,
            "time": 374
        }
    ],
    "weights": [
        0.8196626525880072,
        0.3366998099935999,
        0.9741563066343703,
        -0.8768235576113665,
        -0.6301983810544485,
        0.7494911525026631,
        -1.5533112891791436,
        1.1012993226916359,
        -0.4052268600228388,
        0.7921647171635725,
        -0.21403798089841752,
        -0.769682521833365,
        -1.1436484040599806,
        -0.39316706140837077,
        -0.5951538646733472,
        2.90456952211129,
        1.071749902321322,
        0.5130243045642557,
        0.29642734105214674,
        1.9963607834646475,
        -1.0454703436217698,
        0.1300622109350309,
        1.4934889969519893,
        0.9587263419375636,
        0.40268791732563175,
        2.1763909729008533,
        -0.7654325254223706,
        -0.18426243761025174,
        1.3880680657109077,
        0.1017591076088464,
        -0.5634452819652844,
        -0.51073309623412,
        -0.8532470771960271,
        -0.6940787469612856,
        0.8311198410028066,
        -0.6762417189601675,
        0.3081208175578825,
        -0.462933590341614,
        -0.4166895500421416,
        0.30078717142352906,
        -0.41634854683065925,
        -0.8105440949538404,
        1.0386627608982306,
        1.0119732634750438,
        -0.0913831765435151,
        -0.1653352275185178,
        2.575384182703026,
        -0.5954470547000117,
        0.5783559859480694,
        1.1517514347291922,
        -0.04283118651570905,
        1.9131070363394178,
        -1.6749167570197487,
        -0.9136046721725524,
        -0.8057182493086559,
        1.6354294855419103,
        0.4783628652683821,
        -0.21198355630354543,
        -1.9341236195249318,
        -0.37703865821013804,
        0.6453085203279781,
        -1.1500072165953483,
        -1.0397544381431172,
        0.8890036156183427,
        0.2355121082034189,
        0.38383386028895783,
        -0.8962917523987163,
        3.144691247491933,
        -0.7752843917564173,
        -0.3380273740396842,
        0.8032423026056016,
        -0.13869423541158615,
        -0.45912882640588226,
        0.22254002643347884,
        -0.43233688894952854,
        -1.6309371416921035,
        -0.42279832275287094,
        -0.012459669112918265,
        0.47270849391388303,
        0.1958472018653299,
        0.029041699555114986,
        0.21695942089734707,
        0.43610652217842505,
        2.4188808469767835,
        -0.31286980758050054,
        -0.5898010845377117,
        -0.39531747695018576,
        1.267163285619976,
        -0.27759332109574836,
        -0.25933008335536273,
        -0.6510836275688796,
        -0.81283272826387,
        -0.16783395496856499,
        -0.6325690865250854,
        1.5175349989982714,
        -0.6992546006310438,
        0.0404909661920435,
        0.23258550043807236,
        2.2299365135803635,
        -0.865926757299893,
        1.325706898743353,
        -1.1797166396472356,
        0.21675236881963497,
        -0.22440086828259492,
        0.001829752463937323,
        0.8421673830808403,
        -0.16114624527308455,
        -1.3710843267324553,
        0.8624841351074938,
        -0.4087578069850979,
        -1.2621265211778674,
        -0.37771883920978944,
        1.203946685733236,
        0.0828356673299985,
        -1.2917969136450753,
        -0.8057702363496408,
        0.3579020649412643,
        -0.4427015316887139,
        -0.06998507797667472,
        0.575893582412762,
        0.42249961925449747,
        -0.0552879746838073,
        0.4877496265389756,
        -0.6399269349285435,
        1.233580779718931,
        1.5344090036488383,
        0.5237388175786443,
        -1.7709615511971333,
        -0.909321012246038,
        0.4936740868456639,
        0.06874999778514568,
        0.5154897516695722,
        -0.1674573550736469,
        0.6450589110260387,
        0.585130184836727,
        0.42230184593422704,
        0.09825829688152608,
        1.4336923749347077,
        0.08070384818933875,
        -0.3734255253224521,
        1.1216531994889438,
        0.9581491438124518,
        -1.1321858188682772,
        -0.3010827594001975,
        0.13891869090373954,
        -0.7885097545798607,
        1.0342638496766088,
        -1.009020555638918,
        0.9281995231105666,
        -0.7216738740875885,
        0.24226573847160415,
        1.7883602728306327,
        1.1618669147108363,
        0.5374148176261134,
        0.9763721485065918,
        1.1182623292449765,
        -0.3280519224731715,
        0.420399354141219,
        1.1664210812993607,
        -0.7693007150942067,
        -0.8012296903801619,
        -0.603699942774742,
        -0.03246962622407536,
        -0.27338508343042284,
        0.42466476706010736,
        0.7445950093188818,
        0.3814297463238031,
        0.6241556667938379,
        0.729174638752605,
        0.8658827028484086,
        -1.2070072027330516,
        0.3905750897730997,
        0.5037867032006045,
        0.09321225221844784,
        0.6247692902402728,
        0.06697439884446903,
        -0.13565158658597642,
        -1.157894420926194,
        0.40658469353399335,
        -1.5040024072515594,
        -0.27205135819738113,
        0.35705258104236604,
        -0.7339584175352851,
        0.19571253026623797,
        0.10875737601694568,
        1.0801967265512376,
        0.7395654513959321,
        -0.39847795470290026,
        0.10140014173574502,
        0.7277801221995049,
        -0.03495930426657094,
        0.45109978609422585,
        0.3728082643258896,
        -0.5148390706337711,
        0.12215101621432634,
        1.1747568635127146,
        0.24967306012912588,
        -0.2477407221574363,
        -0.4890454384775058,
        -1.911969989567041,
        -0.7865210303438558,
        -0.26480525898560553,
        -1.057482695581268,
        0.10273664354470555,
        -0.21906153749026172,
        -1.6527475408391128,
        -0.9311286236185319,
        0.35111889672114943,
        0.6964060209537546,
        -1.688466166219788,
        -0.6993553551249369,
        0.8356043993714882,
        0.6350665164398649,
        -0.8089693335983147,
        1.1591200929070342,
        -0.785255939244095,
        -1.149185958345586,
        0.9435116866548441,
        0.7191284122399575,
        0.29763077948385336,
        1.1472095079885747,
        -1.6716917419398662,
        0.8433731401977254,
        0.805832992233705,
        0.7076797281440731,
        -1.3194871471441207,
        0.8980384098616606,
        0.09875868074231792,
        -0.06891888944505968,
        1.8685182275462193,
        -0.6148380986310676,
        1.0719780221946895,
        1.8703485193790452,
        0.42612132643232825,
        0.4126829226705362,
        -0.153661213769728,
        0.9033133417517172,
        2.0710763713364986,
        0.09065187230019563,
        0.5403036267602165,
        0.8310953326350875,
        0.14042504514985094,
        0.5797591295534094,
        0.5757480987289246,
        0.8470935549706821,
        0.03508968219769257,
        -1.3261477862737825,
        0.8866463999841834,
        1.0050462860447742,
        0.8583739505863949,
        0.6756022739498942,
        -0.683792259481415,
