{
    "idx": 706295,
    "fights": [
        {
            "enemy": 5,
            "fitness": 90.64878821817867,
            "player_life": 62.80000000000034,
            "enemy_life": 0,
            "time": 279
        },
        {
            "enemy": 6,
            "fitness": 66.27641489804762,
            "player_life": 0,
            "enemy_life": 20.0,
            "time": 306
        },
        {
            "enemy": 7,
            "fitness": 89.36389959779561,
            "player_life": 47.8000000000003,
            "enemy_life": 0,
            "time": 225
        },
        {
            "enemy": 8,
            "fitness": 87.67968822339262,
            "player_life": 34.00000000000027,
            "enemy_life": 0,
            "time": 305
        }
    ],
    "weights": [
        0.8128173210919922,
        0.6971988724617365,
        1.5781477880288906,
        -0.5699945387811006,
        -1.3947741718297462,
        1.0332576642143303,
        -1.5210279983417454,
        1.5458757330394595,
        -0.737307108851312,
        1.5030346711563056,
        -0.18824258910040712,
        -1.033624980484382,
        -0.8381899408727761,
        0.13175645746146952,
        -0.4935253755083026,
        2.21751948868913,
        2.2491692916929122,
        0.4142527676835537,
        0.2734543109246218,
        2.4105902343181875,
        -1.0185437508928692,
        0.6509029771096106,
        2.7604481667880814,
        1.562067550717705,
        1.217786788719513,
        2.1602081412905325,
        -2.2564659424973863,
        0.24476682800885755,
        1.7044651310255134,
        2.2757439104798785,
        0.24098832568879303,
        -0.6016153041866579,
        -0.5064922259864381,
        -0.7132280023656097,
        1.0358434156418352,
        -0.06235755097429552,
        0.11767503645741571,
        -0.9368504844906852,
        -0.27290958899225376,
        -0.13461945655966648,
        -0.1676845936391817,
        -0.7693038738672807,
        0.5149167643885393,
        1.002735649920101,
        -0.14578215398104943,
        -0.2972407472380824,
        2.1715793837389663,
        0.0853695230375463,
        1.6363967255445446,
        1.2445293526022738,
        -0.6391166161167539,
        1.2711382343790778,
        -2.1709677070918274,
        -1.2487910027940872,
        -0.32504634759492057,
        1.9893913812933057,
        0.1036483898917562,
        0.2459454253442777,
        -2.2364790172025915,
        0.043896993060009375,
        1.641374713677307,
        -1.209683363578955,
        -1.157949042539879,
        1.2414839799184372,
        -0.11470946390719759,
        0.40652975710024225,
        -0.7915435712098972,
        2.606126991068876,
        -0.7686018519865282,
        -0.5742555114252709,
        0.8073077773446974,
        -0.300765239124948,
        -0.41084998520024724,
        0.6326485646516143,
        -0.761416752166101,
        -1.2635725929866803,
        -1.7740619269420754,
        -0.6818383957008196,
        0.7411796418999925,
        -0.10855212222324381,
        0.05325227940346896,
        0.21338331586989548,
        0.37427955182715955,
        3.1510380543129655,
        -0.7236201923907384,
        -0.8106153274284245,
        1.131305228774412,
        0.78312945952146,
        0.2259311635936204,
        -1.5286530755874264,
        -0.19533367498427118,
        -0.742611579052658,
        0.26639024895525243,
        -1.6254173445293378,
        1.0489728217708054,
        -0.41325134600664637,
        -1.1523326313231237,
        0.04692161722007882,
        1.58540832405279,
        -0.8805033831145161,
        1.6627432768880157,
        -1.8443793011299467,
        0.6373447886695315,
        0.450826101701015,
        -0.3395395729643756,
        0.267170095205046,
        -0.49160601654638186,
        -1.1624033188563758,
        1.1081588959655435,
        -0.1953666134207779,
        -0.3049971140247321,
        -0.9166411724928253,
        0.8927020349230889,
        0.6478784753948594,
        -1.259650196038891,
        -0.30856072504058046,
        0.28746062658285054,
        0.2032190096798966,
        -0.4212489698596393,
        1.2136776749373617,
        0.14672304713541304,
        0.40907427178688227,
        0.8153232962764191,
        -1.8249251776187165,
        1.338145471440166,
        3.4201373416897125,
        0.4761405302005065,
        -0.9618619040491423,
        -0.20537386960707213,
        0.1835394004992601,
        0.6175474452954699,
        0.17989111110055017,
        -0.3868700645506705,
        0.7155767139569947,
        0.34608496751682216,
        0.8048586290826908,
        0.548652901774347,
        1.6397981406874163,
        0.3049468796701419,
        -0.8030244169282293,
        1.7080256939258027,
        1.9182121034572224,
        -1.1798764691843893,
        0.6798753328264961,
        0.2023514777066761,
        -0.9536689278303236,
        1.297326780390758,
        -1.9795929251735156,
        1.1443279574178518,
        0.2392616127576463,
        1.461021625968923,
        0.715833854859837,
        1.7762917148865505,
        0.10806711945193245,
        1.4184586398113395,
        1.2149157264978452,
        -0.148357055791065,
        1.8217353433410564,
        1.1110770225815756,
        1.45297505571196,
        -1.4269285082304575,
        0.4635396766526124,
        0.4966224954206384,
        -0.5000344704472459,
        0.043466028587668876,
        -0.1107605388192682,
        0.9967718679688883,
        -0.12517404331056994,
        -0.03478975092081077,
        0.6964468946401429,
        -1.2442975942140568,
        0.06099008679044499,
        0.5131557437476388,
        1.938811626409683,
        1.035836752335853,
        -1.246295561641185,
        -0.8339121655091554,
        -0.9690843433890338,
        0.7355958307033722,
        -0.9091952451011172,
        -0.39521650264865066,
        0.32854782833123514,
        -0.028950813103037265,
        0.29325533392717207,
        -0.08656539578366368,
        0.8395214408824108,
        0.6051796385893161,
        -0.17758647404610664,
        -0.03291330441291568,
        1.1471838018754499,
        -0.40601206720668964,
        -0.4425618191784663,
        0.1707676805490709,
        -0.3833182447208124,
        -0.06885751765521358,
        0.585651059506997,
        0.6780117648711889,
        -0.5540121683157447,
        -0.6648359492368285,
        -1.8636062656474508,
        -1.0541630117639085,
        -0.9355309327282143,
        -0.3170290502348848,
        1.7358224004559462,
        1.0448460074072008,
        -1.4206878862948424,
        -2.401764522242521,
        0.45016623871863526,
        1.948998373216851,
        -1.852686284143254,
        0.266397901699644,
        0.4597043836219755,
        0.8009148562645136,
        -0.09646647956225506,
        1.3818847152415705,
        -0.8706676913417497,
        -1.2424590484319347,
        -0.626252231123769,
        0.9366559886442136,
        -0.5395261493004404,
        1.1866145181580687,
        -1.8020630269742826,
        1.3369664182899534,
        1.3665940610776783,
        0.2855017935677526,
        -1.9318513043303724,
        0.710907480763591,
        -0.49364969769327477,
        0.5997145208821089,
        1.7283644459512815,
        -0.42197463427032583,
        0.8355712480668278,
        0.8698950659204377,
        0.8454182450827534,
        0.6735521301238488,
        -0.2185435768949142,
        1.1599860411920715,
        1.2488811515695817,
        1.794127211127575,
        -1.2299908035204745,
        0.6393763555149612,
        0.7234846761973592,
        0.12065330305101125,
        0.39440741937053175,
        1.9192456983767845,
        0.36656708963788653,
        -0.7301144808361231,
        1.139221025439261,
        0.9903106195239048,
        0.1781104462856068,
        0.7547891002101319,
        -0.052962977535356615,
        0.1445876843086654,
