{
    "idx": 701036,
    "fights": [
        {
            "enemy": 5,
            "fitness": 86.00384284030167,
            "player_life": 20.200000000000237,
            "enemy_life": 0,
            "time": 410
        },
        {
            "enemy": 6,
            "fitness": 39.56627799644576,
            "player_life": 0,
            "enemy_life": 50.0,
            "time": 229
        },
        {
            "enemy": 7,
            "fitness": 88.99504998251862,
            "player_life": 44.200000000000294,
            "enemy_life": 0,
            "time": 227
        },
        {
            "enemy": 8,
            "fitness": 87.13935834262664,
            "player_life": 29.80000000000026,
            "enemy_life": 0,
            "time": 344
        }
    ],
    "weights": [
        0.8153449460584725,
        0.8078487743374283,
        1.2693243585525893,
        0.3249190860757724,
        -0.8216536861839379,
        0.45505581661038597,
        -1.4187661452065368,
        0.18425691058415047,
        -0.515824511735859,
        0.5306108490154695,
        -0.5161748078256506,
        -0.6708657544311194,
        -0.9971924153491437,
        -0.48105873475988037,
        -0.6154040809368937,
        1.866972835247036,
        0.4126674527247495,
        1.2096103918623216,
        0.7229580502412755,
        2.014058436393194,
        0.0465998150492887,
        -0.11817280420086881,
        1.8012626776647895,
        0.5290586455541864,
        0.4106218245210982,
        1.6834317137505694,
        -0.17349685353685085,
        0.2751752908961903,
        -0.3591662473137887,
        0.16954339716698852,
        -0.19443103365108733,
        0.25923168908571115,
        -0.8410852849801503,
        -0.5744136149006254,
        0.9775611950954868,
        -0.7796188321083626,
        0.13349040039624893,
        -0.55108802332338,
        0.3123928125728603,
        0.2357069812583997,
        0.7751393615212558,
        -0.8665338197395542,
        0.7563151160216238,
        0.9852257932691023,
        -0.5218877594813847,
        -0.38724070133761224,
        1.7765185550133882,
        -0.16367530786433476,
        0.04984659578634626,
        1.3086307198854292,
        -0.31440247377446096,
        1.233067729768866,
        -1.2753585722107412,
        -1.0073952908609027,
        -0.5246973665503717,
        2.03919217070834,
        0.3897041753296326,
        -0.6156190277729813,
        -2.1686958944151686,
        0.06251485255563988,
        0.7732916973742537,
        -0.8775806446863087,
        -1.0984343050142484,
        0.6092371587855536,
        0.0310554753794781,
        0.6751004220138409,
        -0.9060447893927192,
        2.4032512842965215,
        0.5176827797262797,
        -0.19422846414633546,
        0.789904679974192,
        -0.18183004591126053,
        -1.0600739380466002,
        0.40661397745419636,
        -0.3693323138103472,
        -2.106140891612816,
        -0.3559655790245,
        -0.704545983751451,
        0.6837389296410367,
        1.0173247110840715,
        -0.05546757371743429,
        0.1034356445458234,
        -0.07375456003742507,
        0.8039744637854246,
        0.7774399895863102,
        -1.3250261577354687,
        -0.27810867681227985,
        0.7080399461680535,
        -0.26743034054505344,
        -0.8915146627812331,
        -0.17237032478040837,
        -0.5893800502471698,
        -0.5074628291186083,
        -0.41906744548134517,
        1.4875924605738287,
        -0.2583603303648112,
        -0.2031927738407934,
        -0.29506430977599035,
        1.2988410649126692,
        -0.9296748299587668,
        0.9530220660463646,
        -1.6308893828692943,
        0.07676080332741028,
        -0.5646366740608167,
        0.1347592414930022,
        0.5426258930298199,
        0.5544246437385396,
        -1.7181631880482517,
        1.0726289490948433,
        -1.0380979463654463,
        -1.1526782210427022,
        -0.18557294416986897,
        0.8617733262995524,
        -0.32085004175879545,
        -1.1387049942886043,
        0.08882395275788482,
        0.3432728594939646,
        -0.6018526295755955,
        0.10400649141478652,
        0.7818354772203076,
        0.21578303013952033,
        0.6105947248492195,
        0.9979687806072695,
        -0.7134096781295288,
        1.490525459762838,
        1.4847213975638889,
        -0.4618825265943572,
        -0.5709836778231397,
        -0.17271838316242571,
        -0.5333177427374809,
        -0.5827289747905536,
        0.3191699937993685,
        -0.38886959209868766,
        0.4036593407750076,
        0.5552818046283325,
        1.1021303254563222,
        0.4943598805771674,
        1.4069420501326297,
        0.4962786507363889,
        0.3263480086974069,
        0.9335923301674731,
        1.3210674764581287,
        -0.5001381607453822,
        0.14144350491308574,
        0.10754982223343121,
        -1.0013596417695254,
        1.100422108689727,
        -1.0029639508972459,
        1.0812994325828895,
        -0.5218365462018595,
        -0.40298004972246493,
        1.4361587435987297,
        1.288587416264489,
        0.3424304100503308,
        1.333894475955873,
        0.637811847027654,
        -0.48579887327583554,
        0.0640367986345638,
        0.36348960433842725,
        -0.3533189166160431,
        -1.2085880744301205,
        0.468364389487955,
        0.0826814224513158,
        -0.18886233399621946,
        0.36276983543506836,
        0.6704771957453386,
        -0.1339721546481954,
        1.0513490729041541,
        0.32203181404507863,
        -0.06996305293558368,
        -0.19361449852254112,
        -0.1938165351441087,
        0.04752480477847828,
        0.06247182767822037,
        0.7830186600223531,
        -0.12138374537974131,
        0.04089038815588104,
        -0.47756551564319444,
        0.32971171239983715,
        0.06182225842214433,
        -1.0948151836315452,
        0.0276918546654797,
        0.29993177384475583,
        0.37660173853600065,
        0.15173390392282415,
        0.39245490445468406,
        1.4943090679500906,
        -0.5974556379223748,
        0.2969266809428836,
        0.5057331755593225,
        0.0219120091662304,
        0.14301484163862863,
        0.5690092458139163,
        -0.25041751927239403,
        0.552204791793468,
        1.2931077360841798,
        0.2258113689750018,
        -0.2730939611220028,
        -0.5728348538381922,
        -1.1567521436617572,
        -0.3848018077715172,
        -1.0502697486058152,
        -0.3628786987687413,
        0.45361302918793106,
        0.6662762315294115,
        -1.1381608991411667,
        -0.27535770401981535,
        0.9663115304635616,
        0.5667987105109215,
        -1.5038441018969957,
        -0.0010774187869021234,
        -0.022522119343583287,
        1.492672807559125,
        -0.7135871792205203,
        0.9729562938787278,
        -0.7835217063873304,
        -1.0632038107508588,
        0.6154554765999715,
        1.0566005099421794,
        0.258099039581844,
        0.9032837088131528,
        -1.1455543172622735,
        1.321200346617756,
        -0.1933851366976509,
        -0.08411420301531865,
        -0.9792931776175526,
        1.0946636664002143,
        -0.8381706148938362,
        -0.0823194199441654,
        0.029320835937900087,
        -0.838789193765968,
        1.1287200927976024,
        0.7292383880542035,
        -0.20933568666594235,
        0.7577273541344072,
        -0.68628698751394,
        0.9738843151730779,
        0.6885255751768387,
        -0.000699395226290922,
        -0.33291685941781946,
        0.9288837238387614,
        0.4389938006784937,
        0.8547755500581655,
        0.48198338892412695,
        0.4603749679619579,
        0.1707277695129932,
        -1.0237029197286023,
        -0.1459580286766897,
        0.828644199547041,
        0.5167059587871498,
        0.8973687843952549,
