{
    "idx": 700684,
    "fights": [
        {
            "enemy": 5,
            "fitness": 90.15275134159978,
            "player_life": 57.400000000000325,
            "enemy_life": 0,
            "time": 267
        },
        {
            "enemy": 6,
            "fitness": 57.48657125383502,
            "player_life": 0,
            "enemy_life": 30.0,
            "time": 248
        },
        {
            "enemy": 7,
            "fitness": 89.41946500072774,
            "player_life": 48.400000000000304,
            "enemy_life": 0,
            "time": 226
        },
        {
            "enemy": 8,
            "fitness": 86.33574420258549,
            "player_life": 22.600000000000243,
            "enemy_life": 0,
            "time": 374
        }
    ],
    "weights": [
        1.7769718595587645,
        0.5672175279709117,
        0.46998686579011173,
        0.3871963176340993,
        -1.5149990008295753,
        0.14714216953970646,
        -1.4246888787087053,
        1.0856250569696844,
        -0.33936138986222253,
        0.32860437139683013,
        0.5122250824166655,
        -0.4240899748921082,
        -0.5375686114983698,
        -0.3321482119925342,
        -0.7375629989722444,
        1.9750720391533167,
        -0.6097311001037796,
        1.0575016706446825,
        0.6228925228134109,
        1.7110820093325705,
        -1.007496110150643,
        -0.976645578644692,
        2.0244737348573723,
        -0.0411198892052608,
        0.5447920718424981,
        1.4660024308270712,
        -0.027833277480170455,
        0.3225605762643684,
        0.43918324702984773,
        0.5543049115397357,
        -0.6698554440747866,
        -0.27994634825272374,
        -1.3871714272658922,
        -0.9994480296196377,
        1.3166358204395558,
        -0.061811064768404034,
        0.5033836216027493,
        -0.6128992496485889,
        0.07534570527233905,
        0.277211123170504,
        0.11157368044800392,
        -1.7295894295775456,
        0.8402948148447092,
        1.4765123850244988,
        -0.07022676820871779,
        -0.6409758495152922,
        1.6561499146334173,
        0.11510040936817727,
        0.8738953488536959,
        1.403739192869384,
        -0.4095093141261141,
        1.2207582038403395,
        -1.5892657509109107,
        -0.5861380050686209,
        -0.4185239960051103,
        1.995636740836976,
        0.6926798695108165,
        -0.5659806601242302,
        -2.2553239402416585,
        0.3864033642204224,
        1.0984212199286039,
        -1.2179908582833734,
        -1.5961691181066706,
        0.8221726116381624,
        0.3958424180341384,
        1.0054239615280318,
        -0.8241869031446345,
        3.782932359162624,
        -0.039255018499802556,
        -0.16403317817368251,
        0.5077725126985091,
        -0.44040321606610905,
        -0.6923865605435204,
        -0.19930059714641646,
        0.004584354848237257,
        -2.364292096271051,
        0.6111607401691193,
        -0.9638996707542583,
        1.121272678957411,
        1.0753521650953846,
        -0.8223819319897638,
        -0.4592118288228919,
        -0.25026305550580685,
        0.8345491431292695,
        0.8022090079040425,
        -1.2732809811263812,
        1.6081370044183116,
        0.5367374793077684,
        1.5461795138077967,
        -0.08220691524779371,
        -0.06631624427052947,
        -1.1344429029362226,
        0.08824217836053443,
        -0.4652728315777672,
        0.6165930016402276,
        -0.4023826626674482,
        -0.35178764243897526,
        0.5083027332314938,
        1.3207416337719742,
        -0.6893297765447332,
        0.8906977780358813,
        -1.5090772376841444,
        0.27483489386771687,
        -0.9562453272800783,
        -0.28218781616278954,
        0.43946497159465725,
        0.26423445551575336,
        -2.037288598960338,
        1.3756532165441322,
        -0.6061762619431611,
        -1.2517511041386231,
        -0.14364265601570353,
        0.6463612832858107,
        0.0965117819918615,
        -1.4981760796134327,
        -0.7038024561036587,
        0.3533720373322841,
        0.7423839586949323,
        0.026727865211976717,
        0.19474196985321723,
        0.9368079978676922,
        0.6106351902229873,
        0.7963607124403683,
        -0.8891972343046993,
        1.5741173992647826,
        1.4087421437584315,
        0.1418003728787347,
        -0.6386576725653339,
        -0.27105252829979104,
        -0.595349997175859,
        -0.07287392917317229,
        0.4721113698427057,
        -0.45592102630599546,
        0.9814106205716222,
        0.6634926362535554,
        0.9609818355614275,
        0.6643632358443121,
        2.4588125052361756,
        -0.2313104218056669,
        -0.4788773209599521,
        1.3790522352617827,
        1.6708895734186515,
        -0.38961629252129615,
        0.35627781343305903,
        0.2339382884964723,
        -0.4855448988266312,
        0.8587078538783175,
        -1.4078783115438405,
        1.6530114023930613,
        -0.22811780552096045,
        -0.6548243210360603,
        0.8382677367910899,
        1.259341976869335,
        -0.5954112513166036,
        1.0997299973728891,
        0.8476855020193457,
        -0.1587386580096758,
        0.1454792838200507,
        0.29309103802311676,
        -0.43546807410815885,
        -1.1756365084035674,
        0.35274088980189594,
        0.046288328875117,
        -0.3105189142954946,
        -0.7093290915380027,
        0.7050102008586966,
        -0.2298734868809559,
        0.7102148515544752,
        0.39991293721628496,
        0.6077380137225097,
        -0.028559794400397243,
        0.026912703445788763,
        0.6957566642511741,
        0.2842656909543569,
        0.7964622324444092,
        -0.3018016392812505,
        0.22479517165694252,
        -0.9736773144440866,
        0.6397143118611888,
        0.31708284021500416,
        -0.9699688892552778,
        0.33688524282316523,
        -0.08080060562669047,
        0.4178822641445429,
        0.3993763384185285,
        0.8824656462364078,
        0.5486198899257673,
        -0.35107049310609983,
        0.285110354188068,
        0.7989444402960222,
        0.19247149537130587,
        0.18316540164632414,
        0.7340645855941627,
        -0.14474059829731195,
        -0.3533029906703748,
        1.4198484741091846,
        0.39158966300235026,
        -0.6609761064046245,
        -0.5953083823372946,
        -1.9091475879257873,
        -0.6808581500722245,
        -1.3085928016770254,
        -0.03271108497328136,
        0.5877100463546437,
        -0.10851402738824792,
        -0.40417569771960377,
        -1.2388635308288758,
        0.25816309731904,
        0.47764051931345747,
        -1.8104256357477058,
        -0.053223390276727206,
        0.3165061292095394,
        1.2010748974007672,
        0.5329478001051271,
        1.0642160586674927,
        -0.613510147346183,
        -1.0866189351543922,
        0.46514439482808845,
        0.9099376791312306,
        0.32525788412212675,
        1.6833743985700698,
        -0.846184109549439,
        1.2963268041551628,
        -0.0359009347098265,
        0.24152240112290255,
        -1.3572928582727493,
        0.37197600225109306,
        -0.8182295565058739,
        -0.2378057430233094,
        0.23377415612481897,
        -0.8087300056163336,
        0.9696009954370342,
        1.6431491831772553,
        0.1811314536960576,
        0.42043632523730556,
        -0.7657374071726554,
        1.4726210602421954,
        0.8423645136339499,
        -0.03155323776480835,
        -0.20824604784434853,
        0.08240136742133414,
        -0.02156387377918801,
        0.7908767821657849,
        0.7151592784080159,
        0.3946182256018902,
        0.6647228297044087,
        -0.32413280385748655,
        0.35029006476433466,
        0.7758916102217803,
        1.3659967116212357,
        1.32519313540056,
