{
    "idx": 700686,
    "fights": [
        {
            "enemy": 5,
            "fitness": 90.61936107665805,
            "player_life": 61.000000000000334,
            "enemy_life": 0,
            "time": 240
        },
        {
            "enemy": 6,
            "fitness": 66.44317193830047,
            "player_life": 0,
            "enemy_life": 20.0,
            "time": 259
        },
        {
            "enemy": 7,
            "fitness": 89.78389959779561,
            "player_life": 52.00000000000031,
            "enemy_life": 0,
            "time": 225
        },
        {
            "enemy": 8,
            "fitness": 86.33574420258549,
            "player_life": 22.600000000000243,
            "enemy_life": 0,
            "time": 374
        }
    ],
    "weights": [
        1.0256069586865144,
        0.6357272392954937,
        0.3556182662167382,
        0.28411242931520203,
        -1.4381033641237893,
        0.4443433416184244,
        -1.9861630170216833,
        0.8434631831156312,
        -0.21029119833306265,
        1.0560923591406053,
        -0.1442697031172658,
        -0.19024275140821612,
        -1.0852042157201693,
        -0.5064100794874771,
        -0.4626354359693555,
        2.388973473226108,
        -0.07441597758596938,
        1.327960122216876,
        0.5917608275796293,
        0.9414857563230785,
        -0.9504585924051332,
        0.09681196821867105,
        1.802730766278929,
        0.8027796163102863,
        0.7539506222303591,
        1.3616186040508638,
        -0.15948796215463545,
        0.3947326594388785,
        0.4079465863937446,
        0.3515916443605406,
        -1.2072853471113274,
        0.07168241908298105,
        -1.3772174703304914,
        0.08487176430157067,
        1.2072528015607333,
        -0.08866485929833037,
        0.42310170078025044,
        -0.6381254964297772,
        0.08041929662456601,
        0.3221257191132769,
        0.2859586825748128,
        -1.5959827342898592,
        0.844771874676564,
        1.4458033620190434,
        -0.35526244187754863,
        -0.9022099395064269,
        1.7980868370642324,
        -0.20189792822703387,
        0.29600187160930325,
        1.4450277332466162,
        -0.5999075641030296,
        1.6321079650658086,
        -1.6241083141918176,
        -1.0358716775261305,
        -0.20372194618100653,
        1.7855829838336907,
        -0.07074879053049075,
        0.12690825126464156,
        -1.8960547729755943,
        0.4591487307851848,
        1.1865128721377776,
        -1.0250974679855176,
        -1.6633949252217781,
        0.32775383288857135,
        0.49738518095858897,
        0.22428704012466258,
        -0.7873489683774048,
        1.2445038940867614,
        -0.9154149695624608,
        -0.20736514674753462,
        0.99414230974643,
        -0.4777705016116576,
        -0.03565819507318829,
        0.11275728483082875,
        -0.42024863245461624,
        -1.1754436470563585,
        0.9058731395378391,
        -0.9011270451230305,
        0.5282198355844134,
        0.49758909144176017,
        1.072769621920592,
        -0.6319174831517015,
        -0.2894817348747063,
        -0.03152839982054801,
        -0.15805797145739756,
        -1.6003548475643816,
        1.1182339950229216,
        0.45703789123151717,
        1.4213726620446303,
        -0.2559457667070638,
        0.19667857893657625,
        -0.4368294421620059,
        -0.004305320942060681,
        -0.6452082152236369,
        0.4684679923426921,
        -0.1689183465223627,
        -0.2744178124637109,
        0.17919418006991558,
        1.9100015213092914,
        -1.1764884852033295,
        0.7148937146858019,
        -1.3017980480067175,
        0.2043422090609902,
        -0.44463486754075887,
        0.06637392420391483,
        0.07025628683074982,
        0.31376042958853145,
        -2.193772133005157,
        1.4956451544713538,
        -0.9786343171184458,
        -1.305501069296818,
        -0.10829962514831074,
        0.5278924935326437,
        0.07570369883283032,
        -1.512424313674435,
        -0.7328676307672355,
        0.5646944189678156,
        -0.6750757859137119,
        0.07122364961271635,
        0.6054904282223298,
        -0.2225365107572465,
        0.5838680206097585,
        0.5992260603057524,
        -0.42368346200026663,
        1.1246906663831484,
        1.6781345239700367,
        -0.21583252515403034,
        -0.8073667569538547,
        0.4583733161215008,
        -0.26097589591549264,
        -0.6600086152120931,
        0.5246118055131119,
        -0.4579331803947318,
        1.0901686678859848,
        0.9970898181885208,
        0.9032890723919788,
        0.19172426402947934,
        1.0912366610935584,
        -0.17418133142902137,
        -0.5105107068214704,
        1.6233329326209966,
        2.0995481475204842,
        0.08196302169693426,
        0.057749113999810114,
        -0.007044360242295142,
        -0.6493845677819596,
        0.8033691481032645,
        -1.0271124145963935,
        1.29736236584593,
        -0.0521760344427038,
        -0.8803885334893324,
        1.0509527006445167,
        1.2723394193535613,
        -0.3921200385660506,
        1.1199293676290711,
        0.6875156842313145,
        0.0868987695228628,
        0.08475156356559178,
        1.134684390908088,
        -0.5166432533232083,
        -1.2880482852295836,
        0.37012666970176733,
        -0.08420680699370331,
        -0.15942802815548596,
        0.4293084071585692,
        0.7132060212117135,
        0.18986163052864524,
        0.6093562797474589,
        0.4099939884317799,
        0.8681525996867318,
        -0.2227680968296809,
        -0.1228465643090905,
        0.6603482410310031,
        0.2191996149744317,
        0.6737983157158417,
        -0.2989291562187204,
        0.7313585005629515,
        -0.927723229414532,
        0.11274802925661292,
        -0.10890704604839972,
        -0.963744735665767,
        -0.6386014238663434,
        -0.4664224030542505,
        0.34358535848226585,
        0.058413454979037424,
        0.8054512200757898,
        -0.11545063693079305,
        -0.5072654938276648,
        0.26219477950372255,
        0.13174944727446514,
        0.3964007611465275,
        -0.2868046265149191,
        0.686237994271763,
        -0.09631882055754841,
        -0.4923831086603083,
        2.017272767423739,
        0.36850385487749976,
        -0.30900091005556884,
        -0.5299302056863169,
        -1.9630040292658915,
        0.3942450064509462,
        -1.2601794960231625,
        -0.7863709350335113,
        0.7307563280251022,
        0.023418977606833494,
        -0.5661642589587509,
        -0.9922844527450038,
        0.4380066340271346,
        0.6278868159755839,
        -1.2085171919231,
        -0.1292630580693654,
        0.06968847116730321,
        1.2465752998796642,
        -0.660028176618916,
        1.1055896591280623,
        -0.8969925312465232,
        -0.6343565850476484,
        0.4169350146127222,
        0.4943951040819486,
        -0.02863211127747152,
        1.792173335953072,
        -1.1846744232998971,
        0.4450777900741188,
        0.019811392462946505,
        0.15085778514397322,
        -1.5017148342861095,
        0.28822082846569713,
        -0.4684870875210718,
        0.35348439755608313,
        0.3347026653465097,
        -0.8019256888797497,
        0.9256192215083091,
        1.5074533861568034,
        0.3253727645298551,
        0.503674060008225,
        -0.5969385178156688,
        1.1022766494789369,
        1.0212029505711704,
        0.13644510809926338,
        0.0026280386545805313,
        0.1598549673417668,
        -0.02144059390250458,
        0.6627673233830926,
        0.4429900587903198,
        0.6360191887246777,
        0.3254730873224093,
        -0.5720338058840919,
        -0.0050445557425623025,
        1.0959728884102813,
        1.0216286912240609,
        0.9556060358234757,
