{
    "idx": 700914,
    "fights": [
        {
            "enemy": 5,
            "fitness": 85.88660195700338,
            "player_life": 20.200000000000237,
            "enemy_life": 0,
            "time": 461
        },
        {
            "enemy": 6,
            "fitness": 48.74250462797222,
            "player_life": 0,
            "enemy_life": 40.0,
            "time": 192
        },
        {
            "enemy": 7,
            "fitness": 90.87679627126205,
            "player_life": 61.600000000000335,
            "enemy_life": 0,
            "time": 197
        },
        {
            "enemy": 8,
            "fitness": 88.98324619773175,
            "player_life": 46.6000000000003,
            "enemy_life": 0,
            "time": 292
        }
    ],
    "weights": [
        0.3776133808858101,
        -0.8294548445200653,
        0.7244503232766821,
        -0.9461209125235761,
        -2.2596011045894215,
        0.18423628480211507,
        0.40533166347415917,
        -0.015080506978753266,
        -0.7874437716736711,
        0.3211939822985863,
        -0.353106998335633,
        0.9804843313008224,
        0.15513988901235873,
        -0.9226184380256481,
        -1.3288662227637178,
        1.0922925626469944,
        0.3175026820050517,
        1.0802607704496374,
        1.4746572621506358,
        -0.09517592554376263,
        -0.8975165161112258,
        -0.21339720912807658,
        2.0427104659474513,
        0.4849231081295703,
        0.485618120723671,
        1.6411085526082556,
        -1.7609489424124596,
        -0.24488350455238705,
        0.9157586768074196,
        0.08740999898099336,
        -0.5575112261617647,
        -0.8816792536973288,
        -2.2525606774863927,
        0.622629028619424,
        0.6215403914416653,
        0.35243881468657,
        0.37622746437274934,
        -0.5075127694593107,
        0.16601198865480138,
        0.48860209272114696,
        0.538522159509169,
        -0.4973594375611513,
        1.2610577106237086,
        0.44340834330809276,
        -0.18038862361886943,
        -1.3338058912977184,
        0.7784243334478972,
        0.38742571040509693,
        -0.060131005018362965,
        0.9353606066815272,
        0.8600617527012691,
        0.8833657648153673,
        -1.0815450767541008,
        -0.1404264729997522,
        0.24330803092143988,
        2.233141049085131,
        0.19392479973467155,
        0.839623038200871,
        -2.110282762133108,
        0.32626346802081135,
        1.3869867124152269,
        -1.185428854340425,
        -0.13024519824957687,
        0.5406881005740303,
        1.314688765953168,
        0.6929880723257136,
        -0.8751905613155573,
        0.8614873915937495,
        0.4881466148582981,
        -0.48009017183694064,
        1.3974052908870198,
        -0.31753467203110547,
        1.2135114110839265,
        1.0301743846335398,
        -0.17000292741936007,
        -2.3484125609966178,
        0.7359779318930338,
        -1.1688959098363745,
        -0.4194496194232042,
        0.4821187577985289,
        0.0033296898116607354,
        0.13939813369499005,
        -0.8373741333133573,
        0.04693605194086038,
        0.14629798099318636,
        -1.2628731929611,
        -1.3216233217470879,
        1.3513926222224124,
        0.12464286269809077,
        -0.9129098807946301,
        -1.2422539847584881,
        -0.3209297606063374,
        -0.2746110549096848,
        0.603849746049849,
        0.8485554750055989,
        -1.8980182959588228,
        -0.2628475818114541,
        -0.7590651278194717,
        1.7519362851154336,
        -0.651353115185337,
        0.7075490951702956,
        -1.198873103958756,
        -1.3637898800335657,
        0.562085723385748,
        -0.0364650457842631,
        -0.09636619004255081,
        -0.09430810736995374,
        -1.518102422698064,
        0.6652242565183994,
        -0.5938544207410398,
        -1.4736321927767935,
        -0.18505315834190852,
        1.1412310855926977,
        -0.391026784971207,
        -1.1914029681146212,
        1.4083199588969266,
        -0.6469360635073883,
        -0.6924503731429805,
        -0.16271622783535528,
        0.8935023371278511,
        0.9800592843415831,
        0.9939825059776801,
        0.1643713299483907,
        -0.3359938296324871,
        1.7554336686720748,
        1.0498877767162966,
        -0.6160943970622689,
        -1.3999360844976343,
        -0.5612922507787474,
        0.78265350512212,
        -0.9912781652849989,
        0.361777663124534,
        0.45932818130536396,
        0.4415520123113899,
        0.07796882458542144,
        0.036492948947036564,
        -0.1251932270538268,
        0.9202651071455048,
        0.659579157297415,
        -0.025493105117522286,
        1.50328045136004,
        -0.12451878108558667,
        -0.497966276076266,
        0.49906701463490377,
        0.9675068609000859,
        -0.7041691115618397,
        1.4333585898933554,
        -0.6938493158499098,
        1.9452832517575955,
        -0.32189352000877247,
        0.2163023978073481,
        1.237572637609385,
        1.6155132560852583,
        -0.16929453697005126,
        1.6402581403529992,
        0.6765884574675538,
        0.4335633273574805,
        1.7995489698964509,
        1.1290261017660201,
        -0.43744742901300593,
        -1.6067397436020379,
        0.2852958621657784,
        -0.2824160720981196,
        0.5712004718057243,
        1.1016335951493583,
        0.3936492199959894,
        -0.33339427958337003,
        0.06986737070373913,
        0.9581044770757334,
        -0.7053668201530525,
        -0.5188928531288906,
        0.14063420862880524,
        0.16105516595176675,
        0.17753067269695427,
        0.42533458946296476,
        0.13342184333440973,
        -0.4192376282073714,
        -1.489266311249049,
        0.7844117737773407,
        0.47388280215159595,
        -0.5142147107893422,
        -0.6280805721680345,
        -0.1237638391160243,
        0.33997934296088766,
        0.26008164236333264,
        0.42658915579815926,
        -0.0327346939615273,
        0.23428110701018356,
        1.0261954248704663,
        1.784444382859512,
        1.4266480731691118,
        0.5166396456579031,
        0.32149610844373444,
        -0.32860093059438333,
        -0.5528264889040109,
        0.6875234116375853,
        0.1011850376264959,
        0.08417427475899364,
        -0.417553048346165,
        -1.3433343917481733,
        -1.0063198453971258,
        0.2963125652864025,
        -0.46611404430179515,
        0.42692338753119086,
        0.29035554141948167,
        -0.7181755543427011,
        -0.8087993160363565,
        1.1477968504951013,
        0.6723489484201434,
        -1.314847703384988,
        -0.12097410646394441,
        0.08900165109228417,
        0.9215298782989967,
        0.4345345058167356,
        0.6349629381168252,
        0.35556556822426466,
        -1.4342560837419984,
        0.8142748333217795,
        1.2157084581654651,
        1.6688635697493739,
        1.2940593548155073,
        -0.7509400449733351,
        0.6977437173410516,
        0.02316788957403191,
        -0.1562145500644352,
        -1.4693640956113125,
        1.2623676837353877,
        -0.7382323096939675,
        0.19374189692315452,
        0.5000996721094462,
        -1.730666661304119,
        0.6982680386219263,
        1.0171792211292079,
        0.21171875705496845,
        0.18819702172520625,
        -0.719265100136151,
        1.150260790239685,
        0.8441773209475822,
        0.27397892025398385,
        0.21406807818049373,
        1.2462821111895614,
        -0.41724218058216656,
        0.6218248850612941,
        1.4030671496507772,
        0.5979365294068374,
        1.3150242323011427,
        -1.5158434998832933,
        0.21138889539814748,
        -1.4123985202477638,
        3.103276503172289,
        0.5925569657666394,
        -0.8533321268206624,
