{
    "idx": 700943,
    "fights": [
        {
            "enemy": 5,
            "fitness": 87.85419793370403,
            "player_life": 34.60000000000027,
            "enemy_life": 0,
            "time": 272
        },
        {
            "enemy": 6,
            "fitness": 75.38322890233343,
            "player_life": 0,
            "enemy_life": 10.0,
            "time": 275
        },
        {
            "enemy": 7,
            "fitness": 90.51679627126205,
            "player_life": 58.00000000000033,
            "enemy_life": 0,
            "time": 197
        },
        {
            "enemy": 8,
            "fitness": 91.23679627126205,
            "player_life": 65.20000000000033,
            "enemy_life": 0,
            "time": 197
        }
    ],
    "weights": [
        0.20072508240795905,
        -0.23295847283772905,
        0.8336611391965298,
        -0.6478504376026604,
        -2.191146051806638,
        0.03924719425295256,
        0.6249157248067185,
        -0.29126542272933253,
        -0.7526778107176224,
        0.9064052107326668,
        -0.27255523097993006,
        0.4201222831299439,
        -0.1986674492950189,
        -1.0625497208365935,
        -1.4355178985925496,
        1.3072079210188114,
        0.4462793589267508,
        1.123430414999102,
        1.047240264564438,
        0.655413147571681,
        -0.7271142067315174,
        0.2892514282849025,
        1.7360156140510816,
        0.13233187735425234,
        -0.15635543503444055,
        0.7500220510380899,
        -1.714869326429543,
        -0.36773844193792193,
        0.4913742595830812,
        0.8637799648076595,
        -0.09530437534112152,
        -0.4945998428294421,
        -2.304935148911766,
        1.3520755298527887,
        0.34438094901585004,
        0.46763308894106503,
        0.39164251341564016,
        -0.5500324002973611,
        -0.010859692738038426,
        0.09452760811413298,
        -0.20712397799569923,
        -0.7360101403772785,
        0.9473836564766938,
        0.26611223678733065,
        0.5432166149364878,
        -1.1077799454691861,
        1.311562833247497,
        0.7193370041017246,
        0.12681292045195586,
        1.2896131918365579,
        0.9152283370624602,
        1.8750870809638933,
        -1.1957294557033875,
        -0.6177314286632734,
        -0.1595387200057175,
        2.164626639464925,
        -0.3913563071013722,
        1.5089548425828154,
        -1.7778816010002543,
        0.8800691878598248,
        0.8540706183415626,
        -1.4964568240865246,
        -1.5481730149135817,
        0.2263789593610059,
        1.4011618311197993,
        0.7392289539737071,
        -1.2231708184481127,
        1.4004431311727212,
        0.30010882167270764,
        -0.5582833616659162,
        1.7058291947541817,
        -0.5000930427108914,
        0.6234274788839239,
        0.0006245352628926337,
        0.10333007834834784,
        -2.4005789307584653,
        0.20792585231538488,
        -1.0247945857421903,
        0.6205157163673429,
        0.655164161568857,
        0.24883006008342193,
        -0.028783650679413297,
        0.3700132835321716,
        0.09403524404655028,
        -0.21951473970826707,
        -0.4698841194626443,
        -1.610080473857235,
        1.017697815052109,
        -0.18994605629708256,
        -1.4248371686022296,
        -0.0886272113198816,
        -0.5828964643931258,
        0.06706830387439751,
        -0.036898184376123425,
        0.6862863731751618,
        -0.8546257317284343,
        -0.21730417111067307,
        -0.662177907842911,
        1.4576220529659287,
        -0.6009115714881597,
        1.289606181895966,
        -1.9547218087199851,
        -0.9497698620504145,
        -0.5529806369808463,
        0.6503567584240945,
        -0.972083141191963,
        -0.12150545567640329,
        -1.2367930910813958,
        0.5845152819012893,
        -0.636755799476378,
        -1.4000147483304337,
        -0.5365573908702389,
        1.3794320533343911,
        -0.35867352507967937,
        -1.1000418904487714,
        0.47637558597247776,
        0.27006439091724554,
        -0.30344440250408344,
        -0.35537532676560735,
        0.5728063761375619,
        1.2947844291828756,
        0.8759883245893862,
        0.5605414146891111,
        0.0833772770963328,
        1.976861802949157,
        0.5825944018491913,
        -0.6855547704660502,
        -1.3829668231663843,
        0.2668022107063615,
        -0.5855310407990624,
        -1.145844008797265,
        -0.25255669719022245,
        0.2956805521781705,
        0.010403047113914248,
        -0.24765197804833733,
        -0.33352018364959,
        -0.4834375318138273,
        1.7400358760458725,
        0.6858160828535981,
        0.42019278031634105,
        3.7374064161594442,
        1.0586936212990683,
        -0.6972468315567405,
        1.0347809390416036,
        0.4655316786390297,
        -0.7526246877985697,
        1.046278655059693,
        -0.5874262233860429,
        0.9491283238274313,
        0.09506539225200082,
        0.18748481762106484,
        1.3224583371252423,
        1.6171193509124384,
        -0.4803606440456018,
        1.4578510655502128,
        0.5780639775121991,
        0.9534513804205,
        0.15103498038896257,
        0.8277538232291646,
        -0.4575228149125939,
        -1.2568637050222629,
        0.23352721009157887,
        -0.2806235189714961,
        0.16680481960303062,
        -1.1770921627756636,
        0.36405767761995367,
        0.2305074094824312,
        0.744607869220974,
        1.0799807803102162,
        -0.7441931524015651,
        -1.0958380085119954,
        0.1580120284797492,
        0.6250489107703427,
        0.3674683672292139,
        0.25268146822482285,
        1.2219889866346003,
        -0.5638059433906404,
        -1.3731466821037108,
        1.6868887689281629,
        -0.13057915204793052,
        -0.7874094815574162,
        0.5310255871051133,
        -0.2662715504136897,
        -0.5321892646973804,
        0.7062584761090479,
        1.1706866266697613,
        -0.5619853954637499,
        -0.47830876609627737,
        0.48210783019064335,
        1.0005749126014536,
        0.2786663991279498,
        0.9648404914562421,
        0.20661397115946306,
        -0.3962386034380079,
        -0.40378661839492147,
        0.8379963334038015,
        0.4136801371477462,
        -0.5049822349891364,
        -0.5096739489042651,
        -1.4721441975282832,
        -0.5189491167917789,
        -0.31862418215545174,
        -1.077673110803319,
        -0.05936909447991495,
        0.27187909899697627,
        -0.47759958329988755,
        -0.894770810671549,
        1.7138629376372447,
        1.166346693299535,
        -1.3590359480827876,
        -0.5894506858027009,
        -0.26783174719167013,
        0.9138872056781288,
        0.09961390966996188,
        0.5358810181025199,
        -0.49789602577111475,
        0.14327787387229726,
        1.0496328641452342,
        0.9568031943307288,
        1.1780135009946533,
        1.3856180043096809,
        -0.9313058459850438,
        0.5962928074244569,
        -0.43683349299448393,
        0.21045207697627866,
        -1.2479916241469333,
        1.333808278687459,
        -1.03616735559264,
        -0.23448921413272333,
        0.5083375724447616,
        -1.9723752620190724,
        1.088574515146176,
        2.2796754295315833,
        -0.623448320220007,
        0.6201666299298604,
        -1.678639181274647,
        1.5596001158761224,
        0.7717476053697184,
        1.1613547252228134,
        0.6435114452584147,
        0.4027280378346729,
        -0.5330720265051002,
        0.9957386898452247,
        0.7152758440224065,
        0.737681913721311,
        0.9387046542291279,
        -1.2205544812831501,
        0.6726159482356009,
        0.6439750714107783,
        2.2475374631128657,
        1.206500620392689,
        -0.7330154853304792,
