{
    "idx": 703715,
    "fights": [
        {
            "enemy": 5,
            "fitness": 90.51616819497443,
            "player_life": 59.80000000000033,
            "enemy_life": 0,
            "time": 236
        },
        {
            "enemy": 6,
            "fitness": 48.222347676777346,
            "player_life": 0,
            "enemy_life": 40.0,
            "time": 323
        },
        {
            "enemy": 7,
            "fitness": 90.02341372532803,
            "player_life": 53.80000000000032,
            "enemy_life": 0,
            "time": 212
        },
        {
            "enemy": 8,
            "fitness": 87.17788162462297,
            "player_life": 29.80000000000026,
            "enemy_life": 0,
            "time": 331
        }
    ],
    "weights": [
        0.4429709040808552,
        -0.33043401863798216,
        1.3384125788752381,
        -0.8829619660207757,
        -1.1504578583819873,
        -1.4592037124902804,
        -0.6132383346391208,
        1.333434451841939,
        -1.1363746853795484,
        0.6938186023225305,
        -1.41940811291192,
        0.642398078981718,
        -2.0956214941505027,
        -0.5864357681351018,
        -0.6542305276656487,
        2.471052303342218,
        -1.5204133208854431,
        0.44871609651818367,
        0.23111572887353915,
        0.5491696535070589,
        -1.158010748807973,
        -0.3473858933089861,
        1.9958663210003817,
        1.293200811421003,
        0.2933579464580764,
        1.661270702343193,
        0.08357610639302004,
        0.9719037184686309,
        0.5735896531015385,
        -0.4414505634331647,
        -1.2532195402555681,
        -0.4719873661653635,
        -0.903919350279585,
        -0.20823033067890767,
        0.31542872698758473,
        1.1925410834783636,
        0.904560876883873,
        -1.3174024174848205,
        1.137819981089316,
        -0.2875728093242775,
        0.2826234063885521,
        -0.5149240393753709,
        0.5847988067522178,
        -0.11233447515052462,
        -0.378069733479839,
        -0.9933197419505063,
        0.6203228140206786,
        0.15981396856507044,
        -0.15013585664075316,
        0.5740233499982288,
        -0.4556011327851019,
        0.9167015267880065,
        -1.1319676294175887,
        -1.0847823944723252,
        -0.8598154382857912,
        2.4563675311387363,
        1.0078688388176917,
        -0.2507166641617976,
        -1.548130845438059,
        -0.15076726451414235,
        0.318805088813532,
        -1.8437582238905328,
        -0.6311868307176604,
        0.7059103786262434,
        -0.3148637293992779,
        0.2752643563795592,
        -0.6681830756205548,
        1.13406149397809,
        0.2741811191016112,
        -0.026467733489838403,
        1.6078506427017387,
        0.1811484035952724,
        -1.0741046580690596,
        0.7984191965431531,
        -1.0738416679812643,
        -0.7151806760653685,
        0.49404346066779614,
        -1.5550731424243822,
        1.4259112020784743,
        1.1395267630293713,
        1.4228169866604343,
        -0.4112827574456554,
        0.6806596073437574,
        0.3259478079889361,
        0.4044051831912835,
        -0.5563166908921101,
        0.534456138119414,
        1.0310634786830868,
        0.3021253887128733,
        0.02917585471377669,
        -0.2547350354597776,
        -0.39527604970732955,
        0.037196411778849,
        -0.5188451424581906,
        0.6245755678594345,
        0.17852347554441828,
        -0.541517504072738,
        1.1081134040399296,
        2.540286366316267,
        -0.8296823647590761,
        1.325499972793062,
        -1.8943082693793574,
        0.11293863289114457,
        -1.028761758087981,
        -0.20769002298314226,
        0.4297238504950485,
        2.884042905635704,
        -1.4645789468081882,
        1.5717220397244454,
        0.08144316142796518,
        -0.5597715488014462,
        -0.380960496563861,
        0.486552426623048,
        -0.47940747827098606,
        -0.8640107079030969,
        0.23191591597636027,
        0.2956648742073655,
        -0.7346620714718183,
        0.22483008695563697,
        0.9395262542349913,
        0.11863139604963754,
        0.9859922756778986,
        0.03923210559076916,
        -0.5698698078758244,
        1.7793745728758021,
        1.558567781867681,
        2.3571907579455287,
        -1.8699385050264485,
        1.4105552891041615,
        -0.2182531487628723,
        -0.27806371151347675,
        0.1554049643684298,
        -0.5148812094172691,
        0.49114578965417827,
        -0.677791307017388,
        0.35329598446233745,
        -0.6391828143327647,
        1.5481634423728785,
        0.8810142301537207,
        0.7158352662049479,
        0.9436761721025966,
        1.094215026489522,
        -0.587471300549786,
        0.14158293707579733,
        -0.2722693100802763,
        -1.0423594446303237,
        0.26732404220689826,
        -1.2403869168560988,
        0.9581249018910494,
        -0.4029082687245391,
        -0.7014579522791587,
        1.1198704139422817,
        1.3664308727125178,
        0.11972579458418064,
        1.6865761225111968,
        0.18910887188543363,
        0.3615329962845205,
        0.9082255756573616,
        0.9696614396673975,
        -0.5750460171504517,
        -1.7039277310781509,
        0.32312679847624887,
        0.1279960761819855,
        -0.5016057710682975,
        -2.590474829757581,
        4.6446782300283616,
        0.5329359120607841,
        0.6196019896305106,
        1.180485573448812,
        0.5439762894403074,
        -0.02444443821464004,
        0.14877230120780383,
        0.45706253505253136,
        0.7261815237269245,
        -0.20969056428248828,
        0.08593783493743745,
        0.09427502601628548,
        -0.002324163843918474,
        0.44301177514675677,
        -0.5471032873476057,
        0.12588550440987128,
        -0.7804668391253208,
        0.2079098172443811,
        1.6601437615311694,
        0.2721379439600897,
        2.616540509051216,
        -0.43842146552889677,
        1.1579410236348884,
        -0.10936621559607551,
        1.3770090304125306,
        0.6825265928759139,
        -0.6072397610628268,
        0.848325602444635,
        -0.27637506738024326,
        -0.4865355697082709,
        1.1073486085217228,
        1.5651892242932148,
        -0.6048991993515227,
        -0.8604244091016491,
        -0.47291416368383654,
        -0.7376442231522574,
        -0.2618812002233696,
        -0.12410286105468167,
        0.8800587459784233,
        0.7016575287235337,
        -1.4280359941836598,
        -1.1642311808697678,
        1.2153486154138378,
        0.7544271198232014,
        -2.2574670003037647,
        -0.3418750401879827,
        0.44735021960066085,
        0.9158247759780034,
        -0.6737624704482003,
        1.7374024368708676,
        -0.2713180978079428,
        -1.207314894126934,
        0.726093944879995,
        0.9057226583734586,
        0.26841282668313504,
        0.7165083822468462,
        -1.3493129480360873,
        1.4375113133401383,
        -0.06160093092799997,
        -0.18153487275505645,
        -1.7198278180722553,
        0.3335592112859275,
        0.3284406767582744,
        0.4303935269259318,
        0.11456061561562092,
        -1.8102843690297945,
        1.6380219376045337,
        1.4772055883086648,
        -0.15423884884742053,
        2.9540075416963174,
        -2.085550669327547,
        2.094539679262533,
        0.6786851626464774,
        0.08081779088538045,
        -0.47127446920639154,
        1.1680773198106953,
        -0.016239823299823375,
        0.2703903252127373,
        0.9427509109619948,
        0.8793880202588008,
        0.4291276305359934,
        -1.3114441361731657,
        0.3520442804837657,
        1.0450625046565643,
        2.292047607341601,
        0.7202917543121027,
        0.6231189947780569,
