{
    "idx": 700765,
    "fights": [
        {
            "enemy": 5,
            "fitness": 89.3052886203982,
            "player_life": 49.000000000000306,
            "enemy_life": 0,
            "time": 269
        },
        {
            "enemy": 6,
            "fitness": 48.58835394814496,
            "player_life": 0,
            "enemy_life": 40.0,
            "time": 224
        },
        {
            "enemy": 7,
            "fitness": 90.14814186652396,
            "player_life": 55.00000000000032,
            "enemy_life": 0,
            "time": 211
        },
        {
            "enemy": 8,
            "fitness": 86.95935834262663,
            "player_life": 28.000000000000256,
            "enemy_life": 0,
            "time": 344
        }
    ],
    "weights": [
        0.9552291798563055,
        0.018967099785112525,
        0.8546571438310008,
        -0.4951250701189136,
        -1.0256713349058775,
        0.08828228440662803,
        0.4880408259608615,
        1.0060248113106915,
        -0.9009483021740049,
        1.032368017361636,
        -0.6788719621100268,
        0.856365925457279,
        -0.785115643523101,
        -1.1830498626334947,
        -0.23881946003217408,
        1.4555397763460707,
        -0.21113850260788572,
        1.0691357017291696,
        1.1739209619798028,
        0.30887708477784626,
        -0.6397465984111543,
        -0.13821918668862704,
        1.9916133757556032,
        0.5846137993601992,
        0.12788320209940318,
        1.1608631155681504,
        -0.8106618133177751,
        -0.41911813116276175,
        1.50151810886298,
        0.4451902629718541,
        -0.23672607252644237,
        -0.31522652734493184,
        -1.1957184192427897,
        0.5752652569484754,
        0.23024517733083597,
        0.015837564167090604,
        0.658459209283974,
        -0.46725088985892754,
        0.4875147342401595,
        0.2661111961996147,
        0.046659083840221535,
        -0.7234215666740341,
        1.071966906739036,
        0.5662252498571194,
        0.09431024249260124,
        -0.798485441612596,
        0.703927822134888,
        -0.6719836144430728,
        0.09244311548744652,
        0.5591473343328113,
        0.7305461763276901,
        1.220278414228607,
        -0.9587465604442984,
        -0.8205928655470333,
        0.15396076697770594,
        1.8979955724664084,
        -0.009202696256665383,
        0.6299268279036673,
        -1.8431319654760832,
        0.549723781912972,
        1.3233168093288168,
        -1.1205148207335887,
        -1.037327308633965,
        0.40070422453609006,
        0.9944100707860913,
        1.0231144404606696,
        -0.894176254213076,
        0.948521426244534,
        -0.5286759556428217,
        -0.2627211954233818,
        1.6151909595361493,
        -0.4117503551080094,
        -0.436419114495193,
        0.03320648380342568,
        -0.380146708234247,
        -2.666841687629963,
        0.0870672817442825,
        -0.7329908550079769,
        0.5280939025281525,
        0.6262158128777312,
        0.7845470022810356,
        -0.047448770110050775,
        -0.42126920604240314,
        -0.4666986926928575,
        -0.06821070352583095,
        -1.211957991761231,
        -0.8410161408811,
        0.6653486629305246,
        -0.3694343574098742,
        -0.37903506403244047,
        -0.09826060899260428,
        -0.15421240844511847,
        -0.0848311142053958,
        0.8572904585796434,
        0.6801510674238515,
        -1.1871262642566414,
        0.5135984980483255,
        -0.5013894548091998,
        1.0857146008757281,
        -0.6972347541108913,
        1.4146691086164889,
        -0.7503715954066262,
        -0.6730069419709659,
        0.25653683469001687,
        0.21910737074264794,
        -0.5334591688912043,
        0.46289963630026304,
        -1.2756975228500589,
        0.4515512135125153,
        -0.6755085125098215,
        -1.3514416305575694,
        0.02040102495634003,
        1.0405083921894716,
        0.17654662155363576,
        -1.3574416167399277,
        0.23686704412011816,
        -0.3572397892309742,
        -0.5530373562236995,
        -0.09114085274533051,
        0.6966963391776847,
        0.3554203663979924,
        0.7598789410631374,
        0.40129249813422063,
        -0.640600688195622,
        1.9112230039619127,
        1.181982574884304,
        -0.16535305462242605,
        -1.029726715017593,
        -0.1881477078204259,
        -1.003780280509901,
        -0.4280056843967104,
        -0.8159271717643576,
        -0.2423802365985541,
        -0.07159585195784081,
        -0.8037076459998354,
        0.34232462714801154,
        0.19131465243703497,
        1.0358537655527986,
        0.17049934273690914,
        0.33484975428098857,
        1.4357332386891917,
        0.9538530275026729,
        -0.6208084559818795,
        0.6501549836907621,
        -0.16100602699365307,
        -0.6957886500296881,
        0.8985670532043379,
        -0.4105669996861519,
        0.10166418473939298,
        -0.9523314779664634,
        -0.06715718362846224,
        0.9530703535855658,
        1.469215857806396,
        -0.4902704020671578,
        0.7476072786664241,
        0.6425645371847046,
        -0.21244391092137366,
        0.7922105266110127,
        0.9828534729676126,
        -0.40642017433625804,
        -2.046685034886972,
        0.22970555025163236,
        0.5239964203102723,
        -0.35491329210172673,
        -0.029113844281218437,
        0.9322563922866481,
        -0.14566179665381354,
        0.3715711199323232,
        0.8129092124076787,
        -0.6111334926297203,
        -0.8682261652371188,
        0.34568402338242155,
        0.6364421144142193,
        -0.4893131734970913,
        0.15146107248179058,
        0.47409208183165574,
        0.0302743941034438,
        -1.4967007140350563,
        0.40936182665032395,
        -0.19393107238378743,
        -0.2626591845527688,
        -0.8513989653003793,
        -0.1072749029440884,
        0.5265344511079056,
        0.14852449183584635,
        0.6527770270216345,
        -0.06238429914714365,
        -0.49602644371558735,
        0.025770627228891813,
        1.4965690555389883,
        0.930124994909563,
        -0.5441311910392707,
        0.3379773836412258,
        -0.3408059453159053,
        0.6979373376544763,
        0.8358295538570972,
        -0.05654317137337123,
        -0.10575512127088668,
        -0.3781264986700704,
        -1.2075011461436362,
        -1.191941138042841,
        -0.013396535829938785,
        -0.6423984468627837,
        0.4454687663440823,
        0.25019347150211907,
        -0.309728404469202,
        -0.9675284008022464,
        1.5805078434619988,
        1.1694682536911576,
        -1.529072209260964,
        -0.31400471808562186,
        0.44047484146699983,
        0.778202922177233,
        -0.8591810120160498,
        0.6714405678358134,
        -0.3539796153396153,
        -0.13705588157089707,
        0.875730979998403,
        1.646957434991637,
        1.1255270230348935,
        1.0972876119920718,
        -0.7360448418546529,
        0.7999525176263517,
        0.39972820780375784,
        0.1540231522996485,
        -1.439585987630869,
        1.0598661371516545,
        -0.8353755518900015,
        -0.29334159238785745,
        0.4708782688139605,
        -2.3035307370334297,
        0.8158555494777728,
        1.8569176280808788,
        -0.559484734304586,
        0.691356097378268,
        -0.9703119587916006,
        1.2855088987144447,
        0.9600090434300227,
        0.48521295099974937,
        0.018218787827977936,
        0.9294975025349672,
        -0.6307813973997975,
        0.13030810519592545,
        0.8750834898639042,
        0.26495822398534574,
        1.3026847011391263,
        -1.1381186594290607,
        0.2900317166137678,
        0.07823271204924845,
        2.458962954829084,
        0.1604072541066519,
