{
    "idx": 703426,
    "fights": [
        {
            "enemy": 5,
            "fitness": 89.49794861721986,
            "player_life": 52.600000000000314,
            "enemy_life": 0,
            "time": 318
        },
        {
            "enemy": 6,
            "fitness": 21.65766574803519,
            "player_life": 0,
            "enemy_life": 70.0,
            "time": 209
        },
        {
            "enemy": 7,
            "fitness": 89.55289246928257,
            "player_life": 49.000000000000306,
            "enemy_life": 0,
            "time": 210
        },
        {
            "enemy": 8,
            "fitness": 88.81968822339262,
            "player_life": 45.4000000000003,
            "enemy_life": 0,
            "time": 305
        }
    ],
    "weights": [
        0.8345015677929399,
        0.7603895468612601,
        0.7226772462012531,
        -0.8438401608726191,
        -1.282628766258037,
        1.141026651493201,
        -0.9202286520651725,
        1.0963441893894206,
        -1.1737579724415865,
        1.0011915799436568,
        -0.5504736574185014,
        0.8448150127833595,
        -1.0849320630739407,
        -1.0100979509265873,
        -0.9127021922210787,
        1.8847348966663888,
        -0.40454637152034695,
        1.0300288741559167,
        0.5086295562455461,
        0.4523428149608464,
        -0.7711259621501368,
        0.07534346710948972,
        1.7324059374192633,
        0.4398218935259525,
        0.8452115256395123,
        1.0038384288438247,
        -0.6733917962271352,
        1.3264892651618723,
        -0.16570399400747535,
        0.23329690080123944,
        -0.8633363688954655,
        -0.05773309517354625,
        -1.0714945149794493,
        -0.13517215467239121,
        0.5330241954889945,
        0.5435957699936619,
        0.7809936929888027,
        -0.8461562107409681,
        0.947916160625617,
        0.06684800531412433,
        -0.46171938343542734,
        -0.2221026097859144,
        0.7442926638655765,
        0.4482484515844725,
        -0.3013821377848395,
        -0.7552821830018142,
        1.1670622360820386,
        0.17249957753520123,
        0.007539908175327681,
        0.6608658839678481,
        -0.22304963974087633,
        0.9005855120747148,
        -0.988343451979183,
        -0.24357189011909253,
        -0.14593610462626844,
        1.9295636991027918,
        0.6621905546704087,
        -0.010326228816779054,
        -1.6478427184469953,
        0.20324573586692046,
        0.8124483293813843,
        -1.5713292166342565,
        -0.6381028402290089,
        0.6102089032464362,
        0.31339613393056887,
        -0.1298686138953568,
        0.923004934945289,
        1.3534190228966978,
        -0.1621695717288541,
        -0.6106818198015057,
        1.105528411901499,
        -0.19196619409005744,
        -1.2789836012593947,
        0.26624989004207844,
        -0.5853332389382169,
        -1.5523866839180678,
        0.4110470863000395,
        -0.7341641951735938,
        1.644810734769314,
        1.3226181683961509,
        0.6083593925790485,
        0.06220039465222929,
        0.9795313711500787,
        0.2649680689892779,
        -0.034542075781843484,
        -0.28674630093252096,
        0.053107579961940155,
        1.3879907633150317,
        -0.10936161518770318,
        -0.3366904267742108,
        -0.4158253212967124,
        -0.6951136883181165,
        -0.1859361044627015,
        -0.5720359300674478,
        0.2732457841543813,
        -0.12658982475230438,
        -0.7015262624028487,
        0.316914591319685,
        2.553844221405754,
        -1.031388719857152,
        1.0513392156488628,
        -1.4243978790547902,
        0.48982157999211035,
        -0.6120653427744576,
        -0.13729492177209723,
        -0.2925526184344137,
        2.5948304890550435,
        -1.6757139608396996,
        0.9627067283363696,
        -0.6735757331182028,
        -0.8170658673059558,
        0.13298714939538933,
        0.6278584975616421,
        1.1215093483100054,
        -0.8767526050646779,
        -0.7158395090807681,
        0.13613501867226763,
        -0.48487818520275533,
        0.16095500265370055,
        1.182089320974809,
        0.3397021250877195,
        0.780279765951841,
        0.38253585641017446,
        -0.8251295740364349,
        1.5570604974077589,
        1.153054472998374,
        0.36077918811751897,
        -1.119359327422958,
        -0.07055676629426211,
        -0.8435170092735422,
        0.0031907004545010387,
        -0.006913847113115171,
        -0.3554422117290385,
        0.5037376287874546,
        -0.37624605732494026,
        0.6964163818621556,
        -0.44666788531768514,
        1.1112357437676121,
        0.7634052586891005,
        0.4456779072998101,
        1.149938114182072,
        1.3824240967671177,
        -0.6177124441476559,
        0.4486970061902682,
        0.5523927701198886,
        -0.9909243512513828,
        0.5357693025823521,
        -0.51985421970193,
        0.6381858181458764,
        -0.31823506721818845,
        -0.6701561159556962,
        0.889388300749444,
        1.094649593041244,
        -0.35990799810057594,
        0.9282597695688941,
        0.2360901280105036,
        0.07529001201402694,
        0.9669517797039896,
        0.9566616609522196,
        -0.3693302882215721,
        -1.1342057502833254,
        -0.10518618083477538,
        0.5494260369422473,
        -0.41895243975882135,
        -0.8944158322730242,
        0.6933496504044954,
        0.5738880025779031,
        0.3688224674494118,
        0.6869276563728961,
        -0.35774364966016603,
        -0.23070073098017824,
        0.053682482433048975,
        0.17072863939730198,
        0.28782036621452495,
        0.7255310226218766,
        -0.06839289586408025,
        1.0693416158039628,
        -0.4575798945206159,
        0.25718910780749293,
        -0.14998032936895095,
        -0.6056595288918893,
        -0.5327647350257115,
        -0.08918988325722685,
        1.7112979594416653,
        -0.07476442356505551,
        1.0753727695756097,
        0.35095313406553663,
        -0.305985731832651,
        -0.07279926813553056,
        0.9420850923804822,
        0.6825634060148047,
        -0.2945459900746336,
        -0.2685568761798301,
        -0.5329552361030525,
        0.41737699967257674,
        1.2785167600347502,
        0.18274357533688743,
        -0.6076268261482131,
        -0.755781849144931,
        -0.5202341174462521,
        -0.5118398577948152,
        -0.6108181065821987,
        -0.725885968050423,
        0.5444426665459682,
        0.4543897851811104,
        -0.959300226997664,
        -0.9550231509626751,
        1.0647831668181624,
        1.272335001621357,
        -1.130789224725422,
        -0.03151687158109438,
        0.6229973632213119,
        0.6508582149481391,
        -0.6845647692945311,
        1.0255338979048636,
        -0.33137850700238103,
        -0.29655485415976995,
        0.42271097966323745,
        0.759119073495661,
        0.2183209421883948,
        0.7166419028960342,
        -0.9859474463837767,
        1.1543885353915522,
        -0.11508647447222191,
        0.5468388126667784,
        -1.5150999984083386,
        0.6189023648085371,
        0.34177934113733527,
        0.626386589316437,
        0.6545352677632226,
        -1.2829730668529382,
        0.2551982100736891,
        1.4478415428034836,
        0.4506139806088652,
        0.535259798534058,
        -0.8609947028576599,
        1.8110528127204064,
        0.37683201856436177,
        0.7153387610021167,
        -0.28334307582014145,
        1.1084211654642142,
        -0.08099623220905362,
        0.15767558926975894,
        1.2736226907946544,
        0.019487328220913605,
        0.6088206652990165,
        -1.063301577525679,
        -0.09728366323614843,
        0.7487914509219453,
        2.294433282040461,
        -0.17195500328266355,
