{
    "idx": 705936,
    "fights": [
        {
            "enemy": 5,
            "fitness": 88.67466846406768,
            "player_life": 41.80000000000029,
            "enemy_life": 0,
            "time": 246
        },
        {
            "enemy": 6,
            "fitness": 85.1501190770195,
            "player_life": 8.200000000000232,
            "enemy_life": 0,
            "time": 290
        },
        {
            "enemy": 7,
            "fitness": 30.662461920298682,
            "player_life": 0,
            "enemy_life": 60.0,
            "time": 208
        },
        {
            "enemy": 8,
            "fitness": 86.33574420258549,
            "player_life": 22.600000000000243,
            "enemy_life": 0,
            "time": 374
        }
    ],
    "weights": [
        0.4372526819234998,
        0.7979917113755916,
        1.9567807412123428,
        -0.8620735601215377,
        -1.5355635960233185,
        0.5384777979873594,
        -1.0230880170273413,
        1.1305901853327636,
        -0.5345148041404123,
        1.4040122866808045,
        0.1536858339883081,
        -1.1268267523382425,
        -1.0212946088384145,
        -0.9272651898613617,
        -0.9329741509628249,
        1.596308155530681,
        2.0954661856894137,
        0.35958752559479396,
        0.5425726863597424,
        2.726265342626172,
        -1.0554146073799393,
        0.6764143926834022,
        1.6267733381556935,
        1.4044627631765314,
        0.6307538700342012,
        1.6364344546878606,
        -2.061365987941439,
        -0.14166082630454557,
        1.2957857096067502,
        1.5880445286713702,
        -0.40162361677613223,
        -0.7595294082271392,
        -0.38813728373067685,
        -0.9665388343313027,
        1.0464283341938099,
        0.36869049650740965,
        0.6798871267448259,
        -1.2919338604875803,
        -0.27531963627437805,
        0.17795685774163192,
        -0.3101155039756178,
        -0.5969476502277159,
        0.9416558034816739,
        0.8972221398863403,
        0.1692691628530295,
        -0.4084768050822623,
        1.8355517519586824,
        -0.24015204031838963,
        1.7839088328961739,
        1.1736067784523991,
        -1.2653758124912717,
        2.1196513218149304,
        -2.0708211956579174,
        -1.0006768830206438,
        -0.6056707606283035,
        2.1390096276159616,
        0.5202962844656519,
        -0.3470568904128705,
        -1.9744201841034241,
        0.05192341078074179,
        0.6326889395295718,
        -1.2812587006062968,
        -0.48762276534486787,
        0.8675290972374747,
        0.50276744688667,
        0.6585458430774466,
        -0.9531039830725707,
        2.3956607597641306,
        -0.3056352833014532,
        0.8442429287230386,
        0.5067455718400191,
        -0.9012322163867446,
        -0.28906736647404585,
        0.5563729084122488,
        -0.7680343322548182,
        -1.5016509069074562,
        -0.584368601279847,
        -0.13689976179215135,
        0.9439819833494928,
        0.026692215324798235,
        0.2282015825573816,
        0.06584916319265571,
        0.19810521307687323,
        3.3024895481813275,
        0.2657593486623592,
        -0.5061189764052972,
        -0.06017459822061448,
        0.4017507648693434,
        0.18301869066040694,
        -1.5782955609958698,
        -0.8967203775719562,
        -1.4860554569329532,
        0.0449650380152137,
        -1.9702547920041167,
        1.3236780425511476,
        -0.8667830140830259,
        -0.849329856567612,
        0.2799040274550075,
        2.5182674274379777,
        -0.502723209680523,
        0.5383947690454275,
        -1.4943500680736277,
        -0.05095475621192665,
        -0.6024425441832251,
        -0.19975691359599684,
        0.06489585969845194,
        -0.2994907549933819,
        -0.8386166587717334,
        1.3812889692538401,
        -0.6100352257146531,
        -0.8820679243372137,
        -1.5787292165667206,
        0.6312376963702493,
        0.8453691593306927,
        -1.0568089100755125,
        -0.24207882114717028,
        -0.41368995216818616,
        -0.8185716104805957,
        -0.3974357926049171,
        0.5654049481102632,
        0.08044797044634829,
        0.4664193564055409,
        0.5437380029254766,
        -1.9274907201347258,
        1.6056796349230722,
        2.90419660181254,
        0.019608627991804763,
        -1.1025771087323666,
        -0.05632848521149686,
        0.21209068481802884,
        0.3137645815059179,
        0.21781651594978593,
        -0.13763584615618954,
        0.17995721556137714,
        1.4537073186154577,
        1.063377642234499,
        0.5155400356338383,
        1.6814664553545373,
        0.8951004100720051,
        0.06753534719626249,
        1.1056690012569448,
        2.0049943335401768,
        -1.9591420706743634,
        -0.1393147226501129,
        0.11383185964998946,
        -0.6972674462409795,
        1.910228877550222,
        -0.8108136462969081,
        0.9649671171214517,
        0.05514071634697929,
        0.26813745300796565,
        1.843191724656471,
        1.4122954228904678,
        0.26783944864553044,
        0.7408021338514148,
        0.8143896388232097,
        0.0896806982385092,
        2.084260778839585,
        0.6102306989695099,
        0.21190206335375664,
        -1.125030685212083,
        0.49923845090497143,
        0.6764267800781797,
        -0.24475570842249245,
        0.1937907336135536,
        0.41777876638446615,
        0.4301556010611137,
        0.9946620993755738,
        0.2952370112747667,
        0.5416164708269601,
        -1.2137623229867018,
        0.4605887090691141,
        0.6838348985140672,
        0.35446365432308014,
        0.8612426826500682,
        -0.6975852823280355,
        -0.9017094781994639,
        -0.8403092505063505,
        1.0333749530841483,
        -1.6322660041954682,
        0.14767943196417566,
        0.6429524909475062,
        -0.8475148140203482,
        0.39811541544522316,
        0.3390387999114744,
        1.0529385936350408,
        0.399348618147948,
        -0.49654323912022585,
        0.15949680272648922,
        0.9581924633163584,
        0.62600365894319,
        -0.11802370034280227,
        -0.069650992825772,
        -0.5207376519851874,
        -0.45184607542976696,
        0.41940122523915346,
        0.34260568006782166,
        -0.5772007987260165,
        -0.42090718569550245,
        -1.9342934754096475,
        -0.8881274253194882,
        -0.24028881856136508,
        -0.3787444606873304,
        0.09140103936874894,
        -0.6680318319373642,
        -1.113094616553651,
        -1.3762767972796794,
        0.10910376933578278,
        0.7082876362878121,
        -1.9467206481883474,
        -0.1019028419455197,
        0.6883343779569026,
        0.34900513435378555,
        -0.21902019899496028,
        1.1948522651185076,
        -1.1410221418527668,
        -1.202901736005874,
        -0.12285924735030025,
        0.8421963750709692,
        -0.6972004607474864,
        1.5547523524160354,
        -1.0263363863127648,
        1.439426505323969,
        0.7957289227769382,
        0.2836830036043082,
        -1.573301412053407,
        0.5789727909903206,
        -1.3520990490632399,
        0.10738905661841583,
        1.615181556499558,
        -0.48812203653534647,
        1.0959003434056798,
        0.8832652287530978,
        -0.16570678334132163,
        0.49224213114136595,
        -0.1377204345910453,
        0.6969197351620281,
        1.9448115320773462,
        1.1041977200663713,
        -0.5580527444007125,
        0.706245650214486,
        0.25753494935004173,
        0.4078079032002422,
        0.5319183312179704,
        0.9948528740779679,
        0.2709599220677748,
        -1.2249641636592392,
        0.9640734683691667,
        0.7197343906876047,
        0.4895111723265029,
        0.35813629316932927,
        -0.12468520752768461,
