{
    "idx": 705943,
    "fights": [
        {
            "enemy": 5,
            "fitness": 88.7748088972152,
            "player_life": 45.4000000000003,
            "enemy_life": 0,
            "time": 319
        },
        {
            "enemy": 6,
            "fitness": 30.561920691076804,
            "player_life": 0,
            "enemy_life": 60.0,
            "time": 230
        },
        {
            "enemy": 7,
            "fitness": 90.62341372532802,
            "player_life": 59.80000000000033,
            "enemy_life": 0,
            "time": 212
        },
        {
            "enemy": 8,
            "fitness": 86.0224637949176,
            "player_life": 19.600000000000236,
            "enemy_life": 0,
            "time": 379
        }
    ],
    "weights": [
        0.6140925870969067,
        0.3843548809305025,
        2.0786251431563234,
        -1.1157050246705658,
        -1.1877327422554282,
        0.44161763062548015,
        -1.4020272889540721,
        1.5687390137950317,
        -0.6345143130155669,
        1.3011185827294336,
        -0.19891997108646026,
        -0.6245337786058102,
        -1.1849851781193896,
        -0.8474963557030795,
        -0.5026509340533939,
        2.5803883838469117,
        2.4193883142022794,
        1.099885034161251,
        0.3234624541769267,
        2.637817233336301,
        -0.8762002110472915,
        0.7920132003818633,
        1.4695517286847573,
        1.3450909717774509,
        0.6243284794371524,
        2.0197095924270867,
        -1.9876197354750584,
        -0.27514307104330193,
        1.4430933398126111,
        1.946625388719852,
        0.1243903324566323,
        -0.24690096666297637,
        -0.42673557607970225,
        -0.7549278914394565,
        0.7143221362305456,
        0.5837770080340827,
        0.6637385179074808,
        -1.1374998441816018,
        -0.26073773976952935,
        0.04002618107100357,
        -0.3123994404322769,
        -0.5662090644691103,
        0.5340000630778912,
        0.7995855489704171,
        0.31986930880416475,
        -0.11377806579407354,
        1.773044074829134,
        -0.17791799150309653,
        1.7805700436770948,
        1.4858311940271842,
        -1.043421247911665,
        1.605170629203806,
        -1.033431110147749,
        -0.9428133256978278,
        -0.5397957635139259,
        2.171467045758205,
        0.3675216908223554,
        -0.04314674855073285,
        -1.998672196870169,
        0.010433406467626596,
        0.9809227489052308,
        -0.4614640049399409,
        -1.2029332259145715,
        0.1125675189992281,
        0.1258434035940698,
        0.7337499671309781,
        -0.9206537003146517,
        2.6398675131517346,
        -0.5093800771400071,
        0.5117028558895313,
        0.9463992680674712,
        -0.5409802295133225,
        -0.17552708007631826,
        0.8526282991743275,
        -0.5023439928968215,
        -1.8983046858348314,
        -0.6508796082037688,
        -0.30101766185484086,
        0.9267665808132227,
        0.20512802924174267,
        -0.07040120306918107,
        0.3203571681235761,
        -0.031019627259025753,
        3.055345930922089,
        -0.1677859882343885,
        -0.2578471337268766,
        -0.385078691845018,
        1.3654919793937048,
        0.5310735953340278,
        -1.7386435455206366,
        -0.8475692508738333,
        -0.5681842692580655,
        0.057492987809326886,
        -1.969211795479551,
        0.8364165203467933,
        -1.2472119158650792,
        -0.7474361603478364,
        0.14706634346490677,
        2.3202868002334482,
        -0.44371743570714123,
        0.9180109255010405,
        -1.718574571457867,
        0.6415781335166195,
        -0.7511862693797801,
        -0.19398298215504592,
        0.5839470216686949,
        -0.4760219417722954,
        -0.6090035969667928,
        1.2001918851543114,
        -0.5992181829347587,
        -1.2980889056211597,
        -1.4348332722763926,
        0.9213345060508452,
        0.8564689752165131,
        -1.217566608933281,
        -0.1777571788473731,
        0.43332830113646775,
        -0.385203783582871,
        -0.2728052674911515,
        0.4386116149136066,
        0.14469990245660336,
        0.6384542723958548,
        0.7215333392172477,
        -1.9784128269168577,
        1.6242066052363469,
        2.685569793359981,
        0.0719237414018721,
        -2.0856835059059344,
        -0.24736434623669135,
        0.5962062097781966,
        0.06667882319314432,
        0.31128930875965416,
        0.6641399727425628,
        0.4427233632436721,
        0.28171521651871717,
        0.6891959138610692,
        0.3639667513175705,
        1.9196242651521993,
        0.4339243866527174,
        -0.9442987790908276,
        1.4907776527487457,
        1.9051158387866411,
        -1.2279152486643292,
        0.09527413246206487,
        -0.14222955511681773,
        -0.38437484698728763,
        1.4829318162123686,
        -0.8556079040834966,
        1.2330124348032365,
        0.03697187393543473,
        0.042331773688262214,
        0.7434575615600785,
        1.3676284209458165,
        0.5268832123839065,
        1.7823383975725182,
        1.748695794356209,
        -0.13918612634101143,
        2.1899132346151857,
        1.027022059573355,
        0.4526793805580034,
        -1.1442500355788505,
        0.7277160256013102,
        0.7529834127463452,
        -0.22355420318552227,
        0.14440568237267976,
        0.3425884886318534,
        0.2828755695683716,
        0.24299306072805457,
        0.467251244855844,
        0.6777184706236536,
        -1.1867186386266615,
        0.11565210201086219,
        0.3600161402038913,
        0.09353777378048138,
        0.17868987442802092,
        -0.9863609965120582,
        -0.7373324295322321,
        -0.5029406095504858,
        0.711518191684812,
        -1.1010700563277673,
        0.06371025899727681,
        0.5852761777603538,
        -0.5533834553863233,
        0.6122714657815701,
        -0.09429055129090141,
        0.7097482118227089,
        0.3320423171624977,
        -0.6727585318721692,
        0.20475061338827907,
        0.8363901413187224,
        -0.2313576587688499,
        -0.23645517582079767,
        0.147504082033277,
        -0.16429099268581251,
        0.4963561565212073,
        0.3948807349151888,
        0.13121576112070382,
        -0.5536328651809392,
        -0.5271345339144229,
        -2.3038191701377397,
        -1.298469369594424,
        0.02807019189165785,
        -0.29602714654201867,
        2.088792711905528,
        -0.861522580429565,
        -1.2586316642869733,
        -1.5476135679889644,
        0.680146107462435,
        0.7379020513112668,
        -1.6026784381661165,
        -0.06233009086503554,
        0.6713934539921897,
        0.8823765960506371,
        -0.05947804127464744,
        0.5811181041125353,
        -1.3397579334982987,
        -1.1168977696759417,
        -0.1951723701228864,
        1.3332693330149255,
        -0.7066315465197134,
        1.39818397001299,
        -1.3689563807087144,
        1.351958237187461,
        1.1360456809447579,
        0.44623961977970167,
        -1.0751824154120668,
        0.5271653029439408,
        -0.9545539810529614,
        0.025456567734130367,
        1.842407432684757,
        -1.0091397648275378,
        1.1114537663300645,
        1.2745524585635066,
        0.28679343276098,
        0.36740101479049486,
        -0.1253943423354614,
        1.013825868169491,
        1.8614100059903336,
        -0.06708604257613045,
        -0.7538512722742097,
        0.7409259329949709,
        0.36825993155046816,
        0.5057103941367085,
        0.4428579297525267,
        1.0453623482152388,
        0.649327144481793,
        -0.8503247602669693,
        1.1543745566468342,
        0.9243407247612386,
        0.5511361168808522,
        0.42569143438447277,
        -0.7068208207286836,
