{
    "idx": 705928,
    "fights": [
        {
            "enemy": 5,
            "fitness": 88.25466846406768,
            "player_life": 37.60000000000028,
            "enemy_life": 0,
            "time": 246
        },
        {
            "enemy": 6,
            "fitness": 30.758252984940356,
            "player_life": 0,
            "enemy_life": 60.0,
            "time": 189
        },
        {
            "enemy": 7,
            "fitness": 89.77504998251862,
            "player_life": 52.00000000000031,
            "enemy_life": 0,
            "time": 227
        },
        {
            "enemy": 8,
            "fitness": 86.0224637949176,
            "player_life": 19.600000000000236,
            "enemy_life": 0,
            "time": 379
        }
    ],
    "weights": [
        0.5065282393332143,
        0.3567660190374081,
        1.9362360716234046,
        -0.7303153729184716,
        -1.504192649543948,
        0.1634228730332381,
        -1.1926388499593032,
        1.8482347686170322,
        -0.8797608019652542,
        1.209469152814336,
        -0.23975682095470105,
        -0.4499015806383474,
        -1.0812773142491279,
        -0.9631625027056671,
        -0.6138620932493862,
        2.33240690294272,
        1.6585602196308753,
        0.4031589350605293,
        0.9421782337711846,
        2.8581759053957585,
        -0.8054069257214238,
        0.45923833375491546,
        1.1589882071932764,
        1.0292237032390341,
        0.6910260141387603,
        2.042548749474834,
        -1.8575092705961818,
        0.375237226995879,
        -0.03189471845931138,
        1.568164918086247,
        -0.5686978983985229,
        -0.4562866225733344,
        -0.5346128044062324,
        -1.1552708484553917,
        0.6882143130277268,
        -0.59291431982954,
        0.4972921696825018,
        -0.9202833103073828,
        -0.3820798608760602,
        0.3110363428326041,
        -0.14328200147062944,
        -0.5793523633706005,
        0.4708359947633673,
        0.8377591860935468,
        0.4882645103557615,
        -0.37946864434978517,
        1.3190238196786466,
        0.007699333235012637,
        0.4726957790679518,
        1.0534013812350853,
        -0.8041238576278509,
        2.250024554868941,
        -1.414308822850327,
        -0.8926741929933525,
        -0.8315778635180296,
        2.1006529773492826,
        0.6000636181896208,
        -0.11607011762343968,
        -1.6606887551441478,
        -0.10944981363215728,
        0.8226806152044553,
        -0.5746307191316298,
        -0.4726129628474351,
        0.7759955699986386,
        0.19040943675192254,
        0.7938567400301445,
        -0.9798244132314433,
        1.5761528333661508,
        -0.21797183209551751,
        0.8315606834553257,
        0.674939973432941,
        -1.0068491203887455,
        -0.12462084459094197,
        0.9484792730381512,
        -0.5106154926765836,
        -1.7049363460097795,
        -0.672741756175023,
        -0.17476093239160384,
        1.2484586289525208,
        0.15376401002372148,
        -0.2346429033691204,
        0.5025309521172073,
        0.6391152027585901,
        3.22349508362658,
        -0.06925869103847683,
        -0.6540216568533637,
        -0.34761289493437764,
        0.4520951643753268,
        0.35381161211294454,
        -1.7634106348464367,
        -0.33356076564317233,
        -1.4281047261144129,
        -0.013805203085341479,
        -1.9386554245906136,
        0.8798675563428155,
        -0.8477382008860647,
        -0.7449945649961771,
        0.29287020771148875,
        1.6709663475450145,
        -1.0483137652710115,
        0.878804777437338,
        -1.8574280220204409,
        0.4964058950647021,
        -0.2417473848465706,
        -0.198918568688069,
        0.5033868067328873,
        -0.3137905606995914,
        -0.8727923852378037,
        1.1610932275459038,
        -0.9707662926409979,
        -1.1890497379639686,
        -1.039845485077889,
        0.5619738834391081,
        -0.6667075409864218,
        -1.104695974359605,
        0.16285510193721633,
        0.10071558008352637,
        -0.741869898979172,
        -0.12479322933593284,
        0.6733510522268193,
        0.5387049848081169,
        0.5696484568338824,
        0.6621106617336612,
        -2.1003506826199487,
        1.0822904917937697,
        2.979264716709808,
        0.6337787052155492,
        -1.916857983968034,
        -0.02597544874073361,
        0.3191262239690314,
        0.14323593964059664,
        0.31199130646461987,
        0.6169795355860443,
        0.18799802287528947,
        1.2688254038400413,
        0.6794225641761827,
        0.32054095137598576,
        1.7839256022292906,
        0.7172949434450929,
        -0.13867165924401093,
        1.228989175726528,
        1.9506291805452678,
        -1.616317924496509,
        -0.28263431796118393,
        -0.024449823284216396,
        -0.7861191189911169,
        1.8370515787088377,
        -0.858468514263239,
        1.2406418771387913,
        0.28680897897941937,
        -0.1345182516740897,
        1.8137945183272266,
        1.304355729184722,
        0.5190340087841863,
        0.6913946879519828,
        0.8783334905044141,
        0.029564359178999765,
        1.7852091143129758,
        0.9611152469535282,
        -0.8434594864181333,
        -0.7124427845276919,
        0.5478768735593568,
        0.21462306774623527,
        -0.28197354154389964,
        0.4967969391402124,
        0.2524809033964186,
        0.6246388152558398,
        0.09232110812016124,
        0.367231622078872,
        0.28726796520922987,
        -0.28309996249664715,
        0.2867078698100157,
        0.64068388491755,
        0.8650498214465869,
        0.5874689572196624,
        -0.6930536226045227,
        -0.6315047858147794,
        -0.7329950191449458,
        0.7549034053250225,
        -1.5665301723056893,
        0.047171517309350736,
        0.5639116109528288,
        -0.6128180278179822,
        0.3074188348812604,
        -0.20844302822668667,
        1.2181073799223447,
        1.227930400180571,
        -0.7631236364017611,
        0.0872629901786818,
        0.9668664438547462,
        0.37424106307491395,
        -0.7098239896853309,
        0.1812086924411708,
        -0.038192746905622466,
        -0.4623574281613969,
        0.7516321774389674,
        0.1599571745776336,
        -0.26237946119683214,
        -0.526383484450243,
        -2.0983587555727206,
        -1.2397451380026911,
        0.137196895997933,
        -0.3252403404653951,
        2.1506027345573586,
        -0.5679834645683319,
        -1.2498747837447202,
        -1.1568993661352833,
        0.3138616784917224,
        0.5837660360277331,
        -1.6867986262876904,
        -0.09685287407458368,
        0.6253477721308391,
        0.859175993427902,
        -0.43079588612905995,
        1.3189349212003,
        -0.3589704496769812,
        -1.5939883249451978,
        -0.12905413148150552,
        0.9302004538262215,
        -0.44486868815711744,
        1.5301562431119762,
        -1.0437651882710908,
        1.2513361893958457,
        1.0715113043322908,
        0.48747969909346683,
        -1.177902786490059,
        0.6395909464651853,
        -0.6794923425478598,
        0.1390584449043421,
        1.868867192890425,
        -0.6858154300911543,
        1.489981137859227,
        0.9175894892696456,
        0.5027753974656821,
        0.7932605115515207,
        -0.07637608940558906,
        0.5735311929843102,
        1.6103421292283753,
        0.2925661793549519,
        -0.8674083891143199,
        0.6220489041472692,
        0.25530733708392706,
        0.02421950823102785,
        0.7964074161823227,
        1.0268297435643692,
        0.4308258550435374,
        -1.0978694324266167,
        0.9354952472609359,
        1.2723508033736544,
        1.0132280645764784,
        0.08780853146622422,
        -0.43590646733587646,
