{
    "idx": 711944,
    "fights": [
        {
            "enemy": 5,
            "fitness": 89.29106227384334,
            "player_life": 47.8000000000003,
            "enemy_life": 0,
            "time": 242
        },
        {
            "enemy": 6,
            "fitness": 12.790513847158579,
            "player_life": 0,
            "enemy_life": 80.0,
            "time": 183
        },
        {
            "enemy": 7,
            "fitness": 87.79946500072774,
            "player_life": 32.200000000000266,
            "enemy_life": 0,
            "time": 226
        },
        {
            "enemy": 8,
            "fitness": 86.95935834262663,
            "player_life": 28.000000000000256,
            "enemy_life": 0,
            "time": 344
        }
    ],
    "weights": [
        0.7629172855277685,
        0.618061804201271,
        0.5925247765346698,
        -0.8371464833802923,
        -1.5694286478334014,
        0.744387362899021,
        -1.4114669467084326,
        2.141204256830608,
        -0.5575818936427756,
        1.0747717297794421,
        -0.11704755758084961,
        -1.1049136374658086,
        -1.0316355996050424,
        -0.983875389731854,
        -0.6692730995318162,
        2.6108938693185983,
        2.5442248993523395,
        0.69069159498353,
        0.2868344875606668,
        2.4542325088575714,
        -1.0740729230805233,
        -0.06607205236033482,
        1.3692728295812278,
        2.238667748957201,
        0.2008420252466289,
        1.6540113997695034,
        -1.6793484278894326,
        0.38651496599084195,
        1.1517982072168773,
        1.0020137755933576,
        -0.012328109791284611,
        -0.8246373855322225,
        -0.40916204585697596,
        -1.3476077057828795,
        0.6098026036502925,
        0.21047130959343244,
        0.3638267227313478,
        -1.2010895563037078,
        -0.021712649427958485,
        0.34411220591992336,
        -0.22294831727211856,
        -0.8189586074660387,
        0.46645158965098077,
        0.9729821782848646,
        0.8348408778141377,
        -0.5790214911206479,
        0.932549605076459,
        -0.13513149127361573,
        0.7653151761927055,
        1.0530995343943712,
        -0.9389973888812342,
        1.448950948433468,
        -0.4644605259702121,
        -1.7295927919107579,
        -0.19178388735506663,
        1.513378273740663,
        0.686395033449495,
        -0.06397766029478728,
        -1.5166148137265343,
        0.2724526849239115,
        1.1655787559576145,
        -1.0339583613385899,
        -1.3022768616239684,
        0.4986538954610885,
        0.5745017956791991,
        1.0115114564069123,
        -0.49317340060193304,
        1.6219014433642396,
        0.12000005254725961,
        0.1978021888707919,
        1.0172221877113437,
        -0.8848765273665637,
        0.05755713661527624,
        0.15130315552744625,
        -0.10987587747979319,
        -1.9806379936921554,
        -0.6482858316307019,
        0.1339226764336734,
        0.8079212257475197,
        0.20302849627453043,
        0.8171061409316743,
        0.04562287348390101,
        0.6149494894698103,
        2.7023077945171683,
        -0.6318120350457944,
        0.3489266980586156,
        -0.35824251028816106,
        0.9281500737480627,
        0.3248001716587267,
        -1.939749600924641,
        0.09460760893910158,
        -0.722417251238947,
        -0.13074446532659387,
        -0.587971696694811,
        1.3568539424566448,
        -0.8799513284311363,
        -1.0664457760682846,
        0.26053229785550996,
        1.8327928899700274,
        -0.26473047715145065,
        1.1749371747637458,
        -2.035541701373913,
        1.8707737785890566,
        -0.40682151168942804,
        0.6700564295057806,
        1.1157926583206312,
        0.15523810855859732,
        -1.3433319213327475,
        0.9897794060394823,
        -0.7554354918680032,
        -0.6263764493387898,
        -0.8843123356416315,
        1.0711415446543964,
        0.7908969242797559,
        -0.6042390818137816,
        -0.040419517815293626,
        -0.26275985378207245,
        -0.38121404685795424,
        -0.361075991355132,
        0.4599221723452025,
        0.4678033386598762,
        0.003607722060051846,
        0.6605875142568046,
        -1.9660903797551212,
        1.83782738717023,
        2.784567284709003,
        0.6876650435935013,
        -0.35687226525029897,
        -0.9681938678952006,
        0.3778484558589794,
        -0.9279864094242442,
        0.6515045170921683,
        -0.04328052477412335,
        0.3554958726391509,
        0.6568492976720447,
        0.7537544291104225,
        0.17611106577711322,
        1.9982767193521962,
        0.43810371609826676,
        -0.7547299083174213,
        1.6087197600505638,
        1.6887301712976122,
        -0.43205308986801155,
        0.12276694194329987,
        0.08883280551561323,
        -0.796402085883837,
        1.4635173062227018,
        -1.0679409612887327,
        1.404558968513276,
        -0.41043533416591577,
        -0.019833033135532335,
        2.057466809852818,
        1.7492186746321559,
        0.08902107589145777,
        1.7107714823479099,
        1.041229750273485,
        -0.475469408141836,
        1.5396550226020285,
        0.858870167731469,
        -0.47886908456056143,
        -1.2523505990913808,
        -0.2588497449337278,
        0.4796440691214921,
        -0.5380138092934328,
        0.05993301042723581,
        0.4344016205660492,
        0.05506698769505688,
        0.33921079580617863,
        0.3828711308037729,
        0.4533864912928464,
        -0.3292025418349841,
        0.21780312310722927,
        0.5469782140891927,
        0.13930725270665728,
        0.17342827440683048,
        -0.5026202479803905,
        0.21092966604470642,
        -0.6286999457106083,
        0.4912961745058081,
        -1.246670403056041,
        -0.02516536940583266,
        0.619720212720408,
        0.17853663181449014,
        0.5896307998300914,
        -0.016185847057409483,
        0.7772576314121901,
        0.5853804071531656,
        -0.7523944715597082,
        -0.016272159112827984,
        0.5903909264357345,
        0.5653122477119616,
        -0.2772443171176323,
        -0.14273959494818128,
        -0.9679490870655694,
        0.028997780817216393,
        1.064170963309714,
        -0.001361422409005851,
        -0.28210359769515586,
        -0.3002306446543527,
        -2.0984184978646394,
        -0.442945676373775,
        -0.8146367377017696,
        -0.7006495295803561,
        2.205839757604224,
        0.20756185326369037,
        -1.522488248535373,
        -1.3571496948756028,
        0.6498269530008834,
        1.1191468309226438,
        -1.5048101769151783,
        -0.10132684078294087,
        0.6912449149301018,
        0.9758107281234799,
        -0.5950720907772714,
        0.9104094060372758,
        -0.9981385474948448,
        -1.3077510923237476,
        -0.06698608700201433,
        0.8608249366594748,
        -0.7966839666941394,
        1.1300524187581416,
        -0.741037387693601,
        0.9973147163126151,
        0.7206072063305899,
        -0.0028855006168907044,
        -1.5724334342079782,
        0.5626339217634871,
        -1.0159750640702818,
        0.05889027312197091,
        1.3421331856496646,
        -0.6762845293114321,
        1.2966533037858978,
        1.8784633649459261,
        -0.2554669587239054,
        0.5667897666265985,
        -0.7812987615469571,
        0.1684440381787698,
        0.8761588221920084,
        0.43639008683367514,
        -0.91340878281997,
        0.36279958890904007,
        -0.3791993111388161,
        -0.006674990254244092,
        0.5547724494155722,
        1.5053438767756995,
        0.4362084475930011,
        -1.1116250878745062,
        0.6710919675764137,
        1.3793885963292547,
        1.597315381407279,
        0.809723658062018,
        -0.7810338376561463,
