{
    "idx": 711926,
    "fights": [
        {
            "enemy": 5,
            "fitness": 89.86109822612275,
            "player_life": 56.20000000000032,
            "enemy_life": 0,
            "time": 317
        },
        {
            "enemy": 6,
            "fitness": 66.44317193830047,
            "player_life": 0,
            "enemy_life": 20.0,
            "time": 259
        },
        {
            "enemy": 7,
            "fitness": 90.38669517527555,
            "player_life": 56.800000000000324,
            "enemy_life": 0,
            "time": 199
        },
        {
            "enemy": 8,
            "fitness": 88.81968822339262,
            "player_life": 45.4000000000003,
            "enemy_life": 0,
            "time": 305
        }
    ],
    "weights": [
        1.0462825805746092,
        1.1801721238464764,
        0.7389108565825097,
        -1.135845582605736,
        -1.4192450081470995,
        0.16094589209295868,
        -1.4609062329931648,
        1.9384847296405252,
        -0.29628974109119144,
        0.9788699339790153,
        -0.16855361803790486,
        -0.7440336111809045,
        -0.7485536814665943,
        -0.9418096328720285,
        -0.7064425963765157,
        3.127320073080761,
        2.2703000897825545,
        1.8743075289194835,
        0.4443001975958397,
        2.0530188357397687,
        -0.8883410624222183,
        0.7308719178236521,
        1.0829169857129952,
        2.3841138280104857,
        0.38994934372117884,
        1.4423034850205563,
        -1.6329286542187287,
        0.49604415905421523,
        1.2396420086068656,
        1.1517152921332408,
        -0.061126515746742494,
        -0.8558350610751684,
        -0.6293060871203444,
        -1.3876824672314938,
        0.4713287798813356,
        -0.29436520455757936,
        0.5491227108389699,
        -0.5250693795032744,
        -0.43207721583893227,
        0.7016383347731493,
        -0.38514467370848127,
        -1.089584759017659,
        0.2701502749718924,
        1.2983276072564576,
        0.6570992884638029,
        -0.6504073702775642,
        0.856949102881868,
        0.013290499334040601,
        0.43328955665166874,
        0.9633447224560484,
        -0.9432059976525957,
        1.5797320867762028,
        -1.901144171196354,
        -1.1799648268964396,
        -0.16153159666825823,
        1.308372209400928,
        0.40737296716837124,
        -0.23402055683298256,
        -1.6046568231987035,
        -0.13347345894206464,
        0.802968423507102,
        -1.0885363583628953,
        -0.6217162484155605,
        0.28529725351191104,
        0.5912027460463478,
        0.8934280072113382,
        -0.5075148516906111,
        2.348280693982416,
        -0.7382088356381961,
        -0.04034360907540138,
        0.05208374344424872,
        -0.942070807069931,
        -0.35680682325030666,
        -0.09043515112863477,
        0.16582091969019105,
        -1.8966421179302497,
        -0.6450821739969703,
        -0.8175464250315909,
        1.467773497894903,
        -0.09426816261861296,
        0.9829186082378818,
        0.5054627079112024,
        -0.07399587911931342,
        3.232262874011339,
        -0.44425511478876717,
        0.2956770812068338,
        -0.5534341144536441,
        0.869441626486301,
        0.2935013352963473,
        -1.539858308339677,
        0.041515141573837996,
        -0.6594696805148887,
        -0.1734444957343136,
        -0.9106268948338698,
        0.2657945716406404,
        -0.8330897704542216,
        -1.1285413462202751,
        0.12820390554936176,
        1.9784988091895712,
        -0.35588301904884045,
        1.1569069022282976,
        -1.3699516309784974,
        1.593828227986581,
        -0.4141417393293916,
        0.6100793914271118,
        0.5036568799764183,
        -0.6001699181044131,
        -1.4057856708299188,
        0.41182784123141236,
        -0.6704073637644674,
        -0.3586736236409488,
        -1.1376197723004466,
        0.9932257600162214,
        -0.10041281392287792,
        -1.4711803371185972,
        -0.1526278001890715,
        -0.07857935602310988,
        -0.8664112631255394,
        -0.5251453286300364,
        0.4158445256997145,
        0.5695338050545283,
        0.43401956215945925,
        0.6472087929221166,
        -0.9502198859309522,
        1.9286981068936901,
        1.0669435174773285,
        0.5953537379851309,
        -1.9651892824180512,
        -0.890404896755558,
        0.20363836068930746,
        -0.9977878685661649,
        0.5243052156910892,
        0.6810503426330518,
        0.3559356432910353,
        0.8484923117646743,
        0.5582158153972698,
        0.03156779962895799,
        2.520992742469992,
        0.22431219167104707,
        -0.2811169477669325,
        1.5273850586522189,
        1.2254682554120937,
        -0.6432466317859028,
        0.3854044354654697,
        -0.014339320065598252,
        -0.9829014114094019,
        1.6049411201660244,
        -1.4030883894862554,
        1.4828252444707697,
        -0.5568727644181499,
        -0.11490193709467852,
        1.193695963942206,
        1.7866486789240745,
        0.05815885741115048,
        1.644111397963889,
        0.7049421509962277,
        -0.3195986727434655,
        1.7563497833597572,
        0.9742097545006219,
        -0.36501994083444694,
        -1.0972393606225397,
        -0.172823735940132,
        0.47801269343280295,
        -0.7253345013736748,
        0.229400648882409,
        0.28357175071337526,
        0.31584750797566585,
        0.008909173076169945,
        0.15678095805532777,
        0.39944034691752495,
        -0.8547554284194274,
        0.09544043277391548,
        0.5188320997871049,
        0.15123177691364847,
        0.3116711054477034,
        -0.729599067743142,
        -0.03360792345396126,
        -0.7995735701389414,
        0.35619034996093274,
        -1.4286756860172738,
        -0.5189477135513495,
        0.6228814034041914,
        -0.6809447799250483,
        0.3753611573239355,
        0.3578433676149025,
        0.8235039199359517,
        0.9639459872106897,
        0.00450233311339409,
        -0.018188514137243775,
        0.700349207208536,
        -0.0019069625426259285,
        -0.25963682936896937,
        0.006875296532970768,
        -0.6992413943499611,
        -0.5944289931436821,
        0.880754013336999,
        0.33757253195980774,
        -0.357549563968801,
        -0.24230464561767975,
        -2.23942709883469,
        -0.32993037943400283,
        -0.0012893022914543736,
        -0.5767219172997154,
        1.9134450071821267,
        0.21756434682762235,
        -0.9818493697604906,
        -1.5743580533830606,
        0.5166208195743582,
        1.2397046718368032,
        -1.35907246320894,
        -0.2265022504654175,
        0.56767981849212,
        0.6226520951837968,
        -0.0032280546244218833,
        1.3447829120270358,
        -1.2159847099516066,
        -1.2002208457042884,
        0.6628561977876617,
        1.2040926004521435,
        -0.6762972873138711,
        1.3286890176645474,
        -0.9535545305901467,
        0.9123321785116881,
        0.2381977015229496,
        0.2000234500091173,
        -1.2317134287125757,
        0.8267126280202902,
        -1.117117226187671,
        0.18848200931335318,
        0.521601085351837,
        -0.6992508396425546,
        1.1861030285330856,
        1.9390430150215268,
        -0.32244275974080616,
        0.8218234809537409,
        -0.717356525444073,
        0.3160943952313132,
        0.7236135083672199,
        0.2655984532827473,
        -0.767050503111556,
        1.1578753447894679,
        0.3616914736792247,
        0.045753001546458616,
        0.7004010687134161,
        1.6378853836280982,
        0.32284343553570327,
        -1.0623389517044302,
        0.608575445033565,
        1.2510239052644359,
        1.6165897564258185,
        0.6754390167813797,
