{
    "idx": 703231,
    "fights": [
        {
            "enemy": 5,
            "fitness": 90.08353644806851,
            "player_life": 55.60000000000032,
            "enemy_life": 0,
            "time": 239
        },
        {
            "enemy": 6,
            "fitness": 75.394197933704,
            "player_life": 0,
            "enemy_life": 10.0,
            "time": 272
        },
        {
            "enemy": 7,
            "fitness": 90.08814186652396,
            "player_life": 54.40000000000032,
            "enemy_life": 0,
            "time": 211
        },
        {
            "enemy": 8,
            "fitness": 87.53788162462297,
            "player_life": 33.40000000000027,
            "enemy_life": 0,
            "time": 331
        }
    ],
    "weights": [
        0.43009100442248316,
        0.9253080698770785,
        1.3074277110525903,
        -0.8929098506008335,
        -1.256069763257506,
        -0.0471025305592751,
        -1.6625142055866553,
        1.1945985593203445,
        -1.1438644668451095,
        1.354495750991276,
        0.3756156014669148,
        -0.28082844598530093,
        -1.6670474070914028,
        0.527792183307409,
        -0.7782847574054996,
        2.401927345019617,
        1.2942709221038025,
        0.614197245987892,
        -0.1422853331889159,
        2.4676674687969737,
        -1.6089049810249585,
        0.4682882403994429,
        1.476599884931055,
        1.2393410744825335,
        0.4161551018712949,
        1.7573858565017282,
        -1.7472619923973984,
        0.45753437785749135,
        0.987599970242159,
        2.173485600965069,
        -0.4927543979977306,
        -1.0009673512955768,
        -0.6909404618800078,
        -0.5080381058393124,
        1.0492492074609763,
        0.2358044173862697,
        0.11640584373662212,
        -0.29806062363081337,
        -0.08579227923759714,
        0.716147358522869,
        -0.09475312412989474,
        -0.5813197961732935,
        1.0115686646693967,
        0.9078662827731325,
        0.5353198494674238,
        -0.590952416029453,
        1.4930069205730678,
        -0.050978596574385984,
        1.284357475659938,
        1.0482605429497296,
        -0.31490028736500797,
        1.738207074366091,
        -1.296586705442801,
        -1.268741969411563,
        -0.540740281575884,
        1.1327118737088877,
        -0.19682170225574963,
        -0.41757852770976933,
        -2.069938983134507,
        0.5050198484575483,
        1.078743474323408,
        -0.7621569972119155,
        -0.49517409787776795,
        0.23365124610472776,
        0.6854484475519973,
        0.30088887277187953,
        -0.721399664758188,
        1.443163565655096,
        -0.3193407103616201,
        -0.585575828726829,
        1.0866044032272681,
        -0.7526959650951915,
        -0.13404084624533671,
        0.13259832699422786,
        -0.41893548088996496,
        -1.2233973789304613,
        -0.5307570681210495,
        0.3104702818259018,
        0.8060869751146957,
        0.3076418731690972,
        0.38230404344813984,
        -0.02158653336616151,
        0.3679749086759093,
        2.3486929033834545,
        -0.13748742227065291,
        -0.6282982671681003,
        0.335047255893161,
        1.2937124819291268,
        0.27485151238569944,
        -1.381919801817488,
        -0.7059797175124434,
        -0.8667805041023825,
        -0.17360220604343493,
        -0.990847930443371,
        0.6752178866640188,
        -0.8827023846335733,
        -0.4998218037890325,
        0.3514054601913124,
        1.692544528955586,
        -0.506473466696202,
        0.9528619411317979,
        -1.8460223244673302,
        0.7733935692767092,
        -0.7148451213651335,
        -0.20970139097109258,
        0.8627809645933755,
        0.08016711341275554,
        -1.025079500143523,
        1.3482153318008157,
        -0.2568644194791412,
        -0.5495028528042842,
        -0.25985510828614744,
        0.639763493913282,
        0.08292598148519655,
        -1.8028550672819565,
        -0.21678444151773338,
        0.0015808985228447816,
        -0.23455797741833764,
        -0.28383385324254884,
        0.4980949225929844,
        0.4720547615379169,
        0.15908347000820472,
        0.363891256696387,
        -1.1015927604642342,
        1.341941832416757,
        1.9558024726555534,
        0.5149185790059714,
        -0.7988921428491177,
        0.018786406165017044,
        0.24464975549826246,
        -0.6912753848952777,
        -0.030054586210130713,
        -0.08509136741853386,
        0.8991689768841902,
        0.44635264380553835,
        0.8098726792966099,
        0.11905068501005919,
        1.056913229911439,
        0.37288281258778416,
        -0.7675589315962552,
        1.6623237042952972,
        1.3787810291656806,
        -1.3364671409737474,
        -0.12372896771909203,
        0.5642969730730415,
        -0.4953229319426191,
        2.0490316947011014,
        -1.7364848757818176,
        1.7966185542810909,
        0.33591185956198893,
        -0.4172836965983596,
        1.6559647378515938,
        1.3763368388691417,
        0.21262271616816825,
        1.2082129699415054,
        1.1555324426987952,
        0.22370206278134752,
        1.661591930808116,
        0.8476568934591496,
        -0.36121556296187873,
        -0.8590405356575704,
        -0.3664700950058818,
        0.018775296034514027,
        -0.5232325480663284,
        1.0573693990890272,
        0.3198166251915402,
        0.2658895848123934,
        1.131181819527916,
        0.3472676183852634,
        1.052870668553502,
        -0.23179229145263375,
        -0.04841179708263826,
        0.5468959932442076,
        1.1507494248683487,
        0.3578859002148644,
        -0.7845299506205616,
        -0.5624280152021609,
        -1.0626310540845594,
        0.3152674195304769,
        -1.0335220373854073,
        -0.26675083390540477,
        0.3149185754823607,
        -0.34951479516945055,
        0.9198495334780771,
        0.34099124779710976,
        0.8670994320757963,
        -0.008574913245608488,
        -0.6216105444315148,
        0.4947438548243162,
        1.0345783345081276,
        0.2716416632175947,
        -0.09538168099336058,
        -0.30571086694797645,
        0.05394361522303051,
        -0.2003239420056016,
        0.9323214767601836,
        0.2592019358171568,
        0.0421789678580108,
        -0.53480762333872,
        -1.3191491183175168,
        -0.6918509814993857,
        -0.11623238352045484,
        -0.039829683803585085,
        1.7414978503029703,
        -0.3749116475727738,
        -1.1368792415003477,
        -1.2733381012810978,
        0.34395615154717374,
        0.9876581520658223,
        -1.7092243655493893,
        -0.33149985291492134,
        0.5285916768523644,
        0.8620542844776031,
        0.4373929712694552,
        1.145180630056445,
        -0.997819526477529,
        -1.175079496247718,
        0.22152438093267257,
        1.2402622106886347,
        -0.15373515980920116,
        1.1256462763252042,
        -1.120322888879161,
        1.157718141476797,
        0.6759627670950241,
        0.26869839137580026,
        -1.4544975004768115,
        0.7207220695657907,
        -1.5764377391825364,
        -0.28073516813064286,
        1.5625318773374228,
        -1.3775270705467908,
        1.1317800323367675,
        1.2861493962281687,
        -0.01779246975377086,
        0.29512932743897674,
        -0.0701190790282415,
        0.9671117683939385,
        1.6421053280741926,
        0.1379876448585898,
        -0.6714386692296723,
        0.786018430606895,
        -0.16931174249852632,
        1.0838732983054913,
        0.9740363556100772,
        0.934864014581009,
        0.35633876153639255,
        -0.7548973884302805,
        0.830591152726533,
        0.7740644078552503,
        0.47789909481144394,
        1.0227812387950246,
        -0.7956103460886442,
