{
    "idx": 702025,
    "fights": [
        {
            "enemy": 5,
            "fitness": 89.88283177470683,
            "player_life": 53.80000000000032,
            "enemy_life": 0,
            "time": 244
        },
        {
            "enemy": 6,
            "fitness": 57.87010128507693,
            "player_life": 0,
            "enemy_life": 30.0,
            "time": 169
        },
        {
            "enemy": 7,
            "fitness": 88.15936107665804,
            "player_life": 36.400000000000276,
            "enemy_life": 0,
            "time": 240
        },
        {
            "enemy": 8,
            "fitness": 85.83196501081939,
            "player_life": 17.80000000000023,
            "enemy_life": 0,
            "time": 383
        }
    ],
    "weights": [
        1.2181227603560838,
        0.8203107685160137,
        0.612349495193122,
        -1.0157834990800279,
        -1.9184250974799373,
        2.534058590775792,
        -1.6036186923346367,
        1.939681675405416,
        -0.4454274248019544,
        1.6981684986999988,
        -0.07154500561900352,
        -0.8666467453702041,
        -1.2250701381803475,
        -0.3744252106125746,
        0.20821196430559635,
        1.9607717069344053,
        -0.8000069187153812,
        0.3325223310726457,
        0.0029947473592870817,
        2.105839259097294,
        -1.0146665244123607,
        0.8627751235722421,
        2.0670302537967067,
        1.1997299182337335,
        0.14174822974968432,
        1.3558772255697609,
        -1.3917898005793259,
        0.38454404727116415,
        0.6799923692345979,
        0.0530433111867874,
        -0.3246275053783019,
        -0.6592551844267701,
        -0.8514089375232469,
        -0.534625376041854,
        0.9031805395276233,
        -0.9186108905885304,
        0.2590573183959343,
        -1.1388118574580062,
        0.404882729919458,
        0.8525307904960034,
        -0.3249191085407414,
        -1.9547718628637332,
        0.8612844630876432,
        0.843707845441847,
        -0.4571138097159357,
        -0.9132440933638214,
        1.1958438621632372,
        -0.10486822514749225,
        0.3142092224706888,
        1.3227157636002769,
        -0.9650954748608136,
        1.5448177706186788,
        -1.6681610336300796,
        -0.8459474995809182,
        -0.35181304598419116,
        1.5828496096870508,
        0.07632096636904125,
        0.5654810056623341,
        -1.7168708170948583,
        -0.07274183841032242,
        -0.7019933654704655,
        -1.544478968254641,
        -1.5102668205264915,
        0.7964618108416901,
        1.1641720549497243,
        0.03278662087179686,
        -0.1317467054655076,
        2.1190360866071143,
        1.6431679804874635,
        0.07688112393865792,
        0.748287357949708,
        0.032208775052576605,
        -0.6033212981300198,
        -0.5940186858170521,
        -0.5042315255434203,
        -1.968221089791812,
        -0.527266820998742,
        -0.3318065248536129,
        1.2937328583844414,
        -0.3222361103760175,
        -0.32708018150726853,
        0.15361308800663515,
        0.32693565577411765,
        2.5899840815754827,
        0.11767573538364202,
        -0.8295073535204571,
        -0.41854423208955704,
        1.1670489422392967,
        1.3833053925787595,
        -0.5712343323391583,
        -0.6175232097282402,
        -0.1874051486335611,
        -0.145034922582698,
        -0.5318811640886164,
        0.9295531162874606,
        -0.8813212987917708,
        -0.8589420889118126,
        0.39131502889890796,
        1.4613606425666454,
        -0.711764315827066,
        1.4296447300844162,
        -1.508056334922818,
        0.5679058632922671,
        -0.8533326378232915,
        -0.03892911150057986,
        0.7533183845520586,
        0.41338811240075474,
        -1.1767781534305202,
        0.9075228081887525,
        -0.6864437276612243,
        -1.2228728778095748,
        0.06288445093187559,
        0.7595076394660667,
        -0.10612744650107599,
        -1.4161834827841497,
        -0.674830553797938,
        -0.6715596264533775,
        -0.6046488295785082,
        -0.08754900541303677,
        0.6827561572554307,
        0.27058083039993597,
        -0.17160749385676813,
        0.8502064723393543,
        -0.1773600661083079,
        1.2013961457223081,
        2.2386817978816387,
        0.42168131755105825,
        -1.4211770499377807,
        -0.35090998442884586,
        -0.058229283693865666,
        -0.3970818576653116,
        0.30729218834038735,
        -0.5365906368917587,
        0.42651193753837946,
        0.8465405672882678,
        1.0575356341102546,
        0.3350177631993122,
        1.2131587663305998,
        0.08484579772732381,
        -0.42044501178561317,
        0.7118719073173678,
        1.3548341215296245,
        -0.6334914575213583,
        -0.1888231209711936,
        0.15320841791596806,
        -0.5746205942285411,
        1.114659730380696,
        -0.5982616103392647,
        0.6620971961960462,
        -0.23784651288662612,
        -0.02243398061221236,
        1.040720042960919,
        1.0675321131754596,
        0.4613590284218339,
        1.1419302365030914,
        0.31385757169213735,
        -0.12434318410952588,
        0.7116710643305872,
        1.1884315373512673,
        -0.70831195731432,
        -1.5054653391462967,
        0.426783420032304,
        -0.4806917816893329,
        -1.3577230438978867,
        -0.355318955300382,
        0.49607289031920276,
        0.21067594745497958,
        0.5401956689870222,
        0.32731191245834135,
        0.8721932495816087,
        -0.5213843036390583,
        0.5220714205187292,
        0.32591962593526785,
        2.5432481942299163,
        0.6734118293264332,
        0.6314703673566515,
        -0.1322083612470307,
        -1.4116960033534374,
        0.20655790695164353,
        -0.19355080464229768,
        -0.19661884979439073,
        0.6815261856409677,
        0.09458156806583995,
        0.44218447794239546,
        0.7242822993913319,
        1.7741101977124876,
        0.5627295276981952,
        -0.22921592376463518,
        0.040081802013395104,
        1.2704678118353259,
        0.8045628635651292,
        -0.06877127307647898,
        -0.38995678088432545,
        -0.3201506817644155,
        -0.2982737728486809,
        1.3372932448857502,
        0.11239026488088966,
        -0.2022346688717137,
        -0.32782139993064413,
        -1.67868393242511,
        -0.8100553986478426,
        0.010175307085656546,
        -0.8490087113765158,
        0.3609509942385626,
        -0.2816587316521713,
        -1.2587333413579191,
        -1.2392961313775561,
        1.2840059935654344,
        0.44179018982396334,
        -1.9355757484331264,
        0.07331056354821415,
        0.8468742793724483,
        0.827745478016746,
        0.12534977977744732,
        1.370894352576051,
        -1.6761498843313938,
        -1.9550835153875774,
        -0.08359609424987315,
        0.9024364690961706,
        0.33286009441320596,
        1.7530447983759467,
        -1.0615851023924652,
        1.4862259082550249,
        0.5608524595179089,
        0.05019653423986025,
        -1.2504138643130678,
        0.651472567785147,
        -0.4564665448792923,
        -0.8089672829116964,
        2.4531351909899746,
        -0.9989664973490301,
        0.8538269694207573,
        1.7474335046424019,
        0.08786367547866705,
        0.5736577497120916,
        -0.37874453617435205,
        0.7599308196229014,
        1.331777018989437,
        0.668076312000941,
        -0.8719708827200192,
        0.3829490424859485,
        -0.2673227097601452,
        0.7966692553387876,
        1.0141920183134303,
        0.3103198596323621,
        0.6475542700792793,
        -0.6835932738929118,
        0.0020046152056917635,
        1.0544217712393826,
        1.8852140213902038,
        0.6292446453547754,
