{
    "idx": 700499,
    "fights": [
        {
            "enemy": 5,
            "fitness": 89.64322890233346,
            "player_life": 52.600000000000314,
            "enemy_life": 0,
            "time": 275
        },
        {
            "enemy": 6,
            "fitness": 48.59282822853988,
            "player_life": 0,
            "enemy_life": 40.0,
            "time": 223
        },
        {
            "enemy": 7,
            "fitness": 89.23946500072773,
            "player_life": 46.6000000000003,
            "enemy_life": 0,
            "time": 226
        },
        {
            "enemy": 8,
            "fitness": 86.95935834262663,
            "player_life": 28.000000000000256,
            "enemy_life": 0,
            "time": 344
        }
    ],
    "weights": [
        0.4244581336084078,
        0.6677084793487056,
        0.31640929053777533,
        0.1270396717934918,
        -1.0836933840469936,
        0.6423758973053183,
        -1.7928883812268135,
        0.7289412329912972,
        -0.1193780777475947,
        0.904058970269985,
        -0.08491740960648866,
        -0.47737355941371307,
        -0.4860451522150604,
        -0.49904839343448804,
        -0.5447845369213313,
        1.9918986110900754,
        -0.07194000988061772,
        1.3052204012494006,
        0.8540212831419408,
        1.770164663348019,
        -0.6921489414578208,
        -0.5861305680680058,
        1.4160381240665425,
        0.7558609211389731,
        0.2511822652103317,
        1.6837586120986225,
        -0.23106307700740608,
        0.2453420535576793,
        0.5511978811028723,
        1.0748413322000598,
        -0.7593984855353696,
        -0.03718789853643509,
        -1.4042348122316066,
        -0.6913268913929445,
        0.7657514690639047,
        -0.014036625532545637,
        0.231233056195691,
        -1.0212454790052463,
        0.22399391403145785,
        0.7176713849899783,
        -0.15437989241841454,
        -0.9702530997745964,
        1.2110998561942279,
        1.367751873745233,
        -0.4584236509339251,
        -0.8114940566521158,
        1.5887981778705995,
        0.14424504786542758,
        0.2156813339125872,
        1.1060172240619335,
        -0.3881672662912077,
        1.1883923824837777,
        -1.575837191955543,
        -1.1082375273545968,
        -0.32776005554766124,
        1.8795993086266831,
        0.40208354843022714,
        -0.0004905792854636298,
        -0.8533727161402919,
        0.5659666315155889,
        1.3726966716446696,
        -0.9143849705225968,
        -1.4175701269783318,
        0.4839736481120516,
        0.578869833648596,
        0.5577731320399005,
        -0.3622773121208695,
        2.097601227086995,
        -0.3889970579098224,
        -0.23741270213662577,
        0.7068183385488421,
        -0.3732315142381054,
        -0.7224340491495554,
        0.3089045421099711,
        0.20099929687586365,
        -1.9964055732350179,
        -0.5474160470572613,
        -0.6037989709761779,
        0.8635769537418752,
        0.6082145960717167,
        0.42274927769634396,
        0.02637607680374149,
        0.07395270427627465,
        1.481459332763618,
        -0.3295524372866844,
        -1.3263270943094054,
        -0.6503414657775087,
        0.8570948507383183,
        0.7594388017981664,
        -0.6165141611204374,
        -0.11695681187950333,
        -0.48814920868889716,
        0.20091312420444782,
        -0.7002609366350913,
        0.466481681234101,
        -0.2823393977029976,
        -0.2690924106523521,
        -0.21014249742942054,
        1.4695648237394598,
        -0.6414755227245269,
        0.9911641189969875,
        -1.3110628832631888,
        0.5265798969906396,
        -0.5433539366730845,
        0.0723382362277303,
        -0.11346501093167341,
        1.0171074807741582,
        -1.7849932183779296,
        1.6311621002374177,
        -0.43321392751056725,
        -1.2452722879325264,
        0.1181840194108841,
        1.0957621088169216,
        -0.32372388474236163,
        -1.0653570319808132,
        0.15552227377861239,
        0.2658214373356711,
        0.061498904661120846,
        -0.05439361334687101,
        0.5701496919448518,
        0.5126103445989928,
        0.7343207085399392,
        0.6835525580416589,
        -0.40121790552188585,
        1.5673191845269423,
        1.8019168329514788,
        -0.3824036417984637,
        -0.5605454421688696,
        -0.08854975081230046,
        -0.7582743582865125,
        -0.10283890686057497,
        0.1230494041848112,
        -0.5564297561456797,
        1.6577547185145227,
        0.7004141543586374,
        0.9643569956924145,
        0.039535848121574305,
        1.980182291754804,
        0.1541720547375081,
        0.0401879031759342,
        1.2095396861909784,
        1.5596551546178894,
        0.38747869265168045,
        0.8035360067709483,
        0.26011943435430396,
        -0.5278931066443073,
        1.1233099344444173,
        -1.383650407328998,
        1.495400181820994,
        -0.4764872857637457,
        -0.22025327337762596,
        1.7578258394719357,
        1.5787417378109476,
        -0.38490137977941685,
        1.1890669713058493,
        1.0346393823621554,
        -0.24235473884351613,
        0.19423185088502776,
        0.39251057162139125,
        -0.5371623078138146,
        -1.3098794228167223,
        -0.06275445261070593,
        0.09772730029951963,
        -0.5123132772789137,
        -0.46476778856383166,
        0.6978682234459095,
        -0.12571405474111622,
        0.7835509710606823,
        0.41339217627383434,
        0.5494113101268301,
        -0.6323334304293569,
        0.03528857316050825,
        0.6639172425516768,
        0.6991626758371962,
        0.6240394281333669,
        -0.024735211509576575,
        0.1560845322820465,
        -1.0507722742587835,
        0.6923352655062662,
        -0.337067972405813,
        -0.4611679788340978,
        0.4808555114673997,
        0.01912754817228253,
        0.335643077420207,
        0.369216988566532,
        0.8818777676558678,
        0.4530872200025975,
        -0.5845562484450926,
        -0.11916978702134223,
        0.5452072098115222,
        -0.0305084751959607,
        -0.1799356267996859,
        0.4873290716616158,
        -0.395754591655236,
        -0.145785932862539,
        1.5453692527501317,
        1.1809068465889492,
        0.02152494414702373,
        -0.17596776226325214,
        -1.4291856413549908,
        -0.36871302914044723,
        -0.9332447975042693,
        -0.1575436422784279,
        0.8884268289832816,
        -0.14787257344440563,
        -0.7916932267014332,
        0.2832209065591125,
        0.7521289539588403,
        0.43940370731545153,
        -1.8814422640647182,
        -0.11175763970860078,
        -0.001539210204594424,
        0.9841676334145912,
        -0.438172646840996,
        1.298416058125894,
        -0.5814101799679536,
        -0.6821642078800102,
        0.32614363294906445,
        1.0435109169264323,
        0.4014777650703715,
        1.5202633088186417,
        -0.9794410645646366,
        0.4804667161086014,
        -0.1175816997204564,
        -0.08748971484159981,
        -1.3600850123274277,
        0.7824650812587636,
        -0.3114609812612007,
        -0.7011651484410163,
        0.5298384100186392,
        -1.6216763289437623,
        1.125653143547262,
        1.8368532090504168,
        0.05252641040723943,
        0.2845667382919773,
        -0.6893879881010379,
        1.0549655210387343,
        0.8521313320852871,
        0.2117949789139249,
        -0.4523563558282141,
        0.8471457308282498,
        -0.176722044758502,
        0.4630404401024873,
        0.6374648762497802,
        0.929846394783556,
        0.07274769671863555,
        -0.6628448229904111,
        0.26713089578866117,
        1.067896115483465,
        1.8705707939744118,
        0.6173512423860695,
