{
    "idx": 710839,
    "fights": [
        {
            "enemy": 5,
            "fitness": 89.10283177470681,
            "player_life": 46.0000000000003,
            "enemy_life": 0,
            "time": 244
        },
        {
            "enemy": 6,
            "fitness": 48.55326262833369,
            "player_life": 0,
            "enemy_life": 40.0,
            "time": 232
        },
        {
            "enemy": 7,
            "fitness": 90.79870783429061,
            "player_life": 61.600000000000335,
            "enemy_life": 0,
            "time": 213
        },
        {
            "enemy": 8,
            "fitness": 86.33574420258549,
            "player_life": 22.600000000000243,
            "enemy_life": 0,
            "time": 374
        }
    ],
    "weights": [
        0.21305198404518194,
        0.6879296921078089,
        1.262335506986536,
        0.053613738324142846,
        -1.0121785153337972,
        0.043428438233912195,
        -1.6109525128730526,
        1.2947359268668939,
        -0.506388276201232,
        0.6013998906580801,
        -0.26405915058468377,
        -0.5275654631547976,
        -1.3026650237505255,
        -1.3706283843256135,
        -0.47168841056149174,
        2.1386251164816668,
        1.9311991373006014,
        1.3395838323504377,
        1.458823604019458,
        2.0756196382270664,
        -1.1369982698704741,
        0.11526561458153252,
        1.7200236820422556,
        1.4641900587496863,
        0.34788215305338455,
        1.1879636451957947,
        -1.1355001444990902,
        -0.37745965888842975,
        0.6370346703973001,
        0.9822918754742146,
        -0.3490937477648305,
        -0.4073958561657427,
        -0.34227319368642334,
        -1.3549914805202838,
        0.7963291736242905,
        -0.06961237549707668,
        0.40072618995894277,
        -1.1683758174758199,
        -0.5110163830358441,
        0.12084813927711949,
        -0.5283389952256893,
        -1.412699641113624,
        0.6064457422066365,
        2.1407713993093243,
        0.27154127551198626,
        -0.7148150257537906,
        1.488047095782558,
        -0.5203735143382526,
        2.044442885351147,
        0.9678171229311074,
        -0.38072164261285213,
        1.3388384597893417,
        -1.638936695676597,
        -1.361445239369127,
        -0.5363106355399574,
        1.5872318015798377,
        0.35190229120075317,
        -0.22955160126334634,
        -2.340343248482794,
        0.5315214451384024,
        1.1998674957083544,
        -1.5787303249449764,
        -0.759630725762769,
        1.0222047486109365,
        0.34271098604542427,
        0.24268539520637422,
        -0.706007332851162,
        1.834953786055509,
        -0.8601259331140602,
        0.07199558832992362,
        0.17914852591955333,
        -0.9511114688665664,
        0.7524405493176989,
        -0.15743859374985286,
        -0.22656275551937924,
        -0.8339987763674422,
        -0.7269018595993296,
        -0.5940066332308054,
        0.4890624756480612,
        0.6531309418995147,
        1.0255387527199729,
        0.09060123374341764,
        0.7710258516399899,
        2.5715643970979647,
        -0.34792496725501687,
        -0.934483788030047,
        -0.8982839213803739,
        1.3070364290531682,
        0.7340081354595811,
        -1.336209979067762,
        -0.3700547845479456,
        -0.8124074815579758,
        -0.336156663808712,
        -1.2723572793285731,
        1.411256218471817,
        0.17866057213317937,
        -1.131772757488903,
        0.1541349276250451,
        2.497280402924017,
        -0.5172283849823094,
        0.2572901052874917,
        -1.5772622095877955,
        0.09064903028541427,
        -0.4913297356906151,
        0.07415254300474042,
        0.5650700046162498,
        0.42872809269820633,
        -1.1217514064025174,
        1.2656887289333292,
        -0.8227045671330139,
        0.32133057768340134,
        -1.522915258302868,
        0.4830076776611541,
        0.3919279409128181,
        -1.6051235355346956,
        -0.29434483093741737,
        0.40009183318271135,
        -0.22522552967058845,
        0.00911844765706421,
        0.3308617940227948,
        -0.48264736622419485,
        0.04100963372856519,
        0.6389137021480426,
        -0.5489336758804937,
        1.0532749819965632,
        2.7072983649894895,
        0.4999297580990137,
        -1.118439789715527,
        -0.78497855009884,
        0.23569981979115828,
        -0.8334358710967796,
        0.23461592664811795,
        0.14430227269156007,
        0.9965235350175823,
        -0.15916990148938454,
        1.1042277246720973,
        0.7785897504531161,
        2.6808880148109275,
        0.178456969996242,
        -0.5788434855899995,
        1.6217160562769557,
        1.1226764176597999,
        -1.5977592790161435,
        0.2775944980706085,
        0.2858281764511453,
        -0.3818767487626449,
        1.3987049353858674,
        -2.3231196570878745,
        0.5676963847969191,
        0.9838621565638329,
        -0.037410369336198665,
        1.6493659541058132,
        1.549505989211471,
        0.7451645790990852,
        1.5121839148583855,
        1.0737393463103488,
        -0.243883019405633,
        1.706383184699797,
        0.37535276128941975,
        -0.27032877031026903,
        -1.1311475469200138,
        1.7120898282661428,
        -0.24360097825158727,
        -0.18104530479203834,
        0.38204797031792603,
        0.47203430323892503,
        0.10818753238208195,
        0.8837109571697821,
        1.3171294547130048,
        0.6729801982114301,
        -1.418202245116268,
        0.23213947350769115,
        0.7696280806362394,
        0.9645151640384592,
        0.3936737206450444,
        -0.7169334796226341,
        -1.2607531167234685,
        -1.0473418160173191,
        1.049709256985093,
        -1.3622321696196835,
        -0.10117621565500574,
        -0.8621977061207379,
        -0.13326688859523922,
        0.2041433501396616,
        -0.25004213310201784,
        0.9515670569887653,
        0.38976247323005797,
        -0.5615550120573478,
        -0.1766148053612538,
        0.8958490911495802,
        0.2882174949514255,
        -0.4128065695435739,
        0.049512150705132575,
        -0.6909032666347205,
        0.1041634520077618,
        0.9800789094894196,
        0.2220529514132091,
        -0.09211670949683191,
        -0.15831081523538393,
        -2.1068366517165797,
        -0.3561478516456665,
        0.4756259950732577,
        -1.5238807798832112,
        0.3974769063688882,
        -0.874640751267952,
        -1.0536162032598966,
        -1.3911952966860048,
        0.08999327263545093,
        0.8189441650244104,
        -2.06235980193613,
        -0.020666746973908523,
        0.8116081447601945,
        1.742576021318655,
        0.05732235770799604,
        1.1417064524995317,
        -0.9006685310259478,
        -1.2940930403449702,
        -0.29080118421970785,
        1.4403209625298363,
        -0.7745145843333529,
        1.1452115878763924,
        -1.9332305509550876,
        1.9870379574486425,
        0.8265231531173927,
        -0.3942410581710529,
        -1.0634922162299731,
        0.41317987205236495,
        -1.2088932006616782,
        0.3187453111081359,
        1.5576571393498582,
        -1.167925910457933,
        1.6583909428530077,
        1.3414474195327315,
        0.6661694064618962,
        0.983407998787409,
        -0.9306984396130857,
        0.14849542296284832,
        1.0354319014847202,
        0.5340461021113251,
        -0.32136510165693166,
        1.3742926619716034,
        -0.1446295112806842,
        0.47482490857129533,
        0.01821341106901302,
        0.8469732959082876,
        0.14778269854934659,
        -0.7305076213090306,
        1.3721708038007028,
        0.7833661505027827,
        1.801480013328639,
        0.7695489602629602,
        -0.9964295438303342,
