{
    "idx": 705417,
    "fights": [
        {
            "enemy": 5,
            "fitness": 90.09809292906192,
            "player_life": 57.400000000000325,
            "enemy_life": 0,
            "time": 282
        },
        {
            "enemy": 6,
            "fitness": 39.835214026076486,
            "player_life": 0,
            "enemy_life": 50.0,
            "time": 175
        },
        {
            "enemy": 7,
            "fitness": 90.8117329693055,
            "player_life": 61.000000000000334,
            "enemy_life": 0,
            "time": 198
        },
        {
            "enemy": 8,
            "fitness": 88.32324619773175,
            "player_life": 40.000000000000284,
            "enemy_life": 0,
            "time": 292
        }
    ],
    "weights": [
        1.0785341254659875,
        0.9927538451624842,
        0.9104384830637177,
        -0.9870703194639593,
        -1.5460359530346561,
        0.787757462966585,
        -1.3772038052378512,
        1.384317146032187,
        -0.12714510177062185,
        1.0996761799789736,
        -0.23587273968356406,
        -0.9605284395989009,
        -1.6702987216783465,
        -1.6263019533918117,
        -0.9915275303001829,
        1.8522282259167726,
        1.36321037081906,
        0.6408087655565692,
        1.0043457627613184,
        3.0254918392319112,
        -0.9755291448109001,
        0.17485690693603922,
        1.0978361724220262,
        2.633414969831834,
        0.9255942425100058,
        1.8828847179277262,
        -1.3899220948070654,
        0.025077277397781848,
        0.8810123939147686,
        -0.15815607375489593,
        -0.14500514819760307,
        -0.8722291962189804,
        -1.1339131652169203,
        -1.296770803603039,
        1.3100647055573955,
        0.4083038858684454,
        -0.11204892207920837,
        1.022245674918098,
        -0.10076090666414765,
        0.5043679543878401,
        -0.9887841128594704,
        -0.9520519337056578,
        0.474743659105364,
        2.2133452985251987,
        -0.06423645089687594,
        -0.6487116015721165,
        1.5522228386586054,
        -0.5184026698384951,
        0.7471567179439815,
        0.6711989028576206,
        -1.0882271127217358,
        1.845979158882067,
        -0.5233052116921459,
        -1.2156224713930353,
        -1.1669931718918918,
        1.8717956628293604,
        0.3370092520178241,
        0.014848941884383328,
        -1.6429383120652812,
        0.46327381296989567,
        1.2826646790361693,
        -0.5574671629094607,
        -0.9258873407115128,
        0.7534761929715539,
        0.6217715559115538,
        1.1155519855645804,
        -1.4595027848127695,
        1.153057386708223,
        -0.2638597826956673,
        0.5119640995384999,
        0.813116491907869,
        -0.8332700634070394,
        -0.2795028249994626,
        0.36542001394568663,
        -0.7184810843496666,
        -1.3390307522345486,
        0.13685965717041193,
        -0.6693322570434583,
        0.05817585679447232,
        0.4192077677254698,
        -0.26926474467101535,
        0.3238440880175449,
        0.6051098217934434,
        2.245721326146307,
        -0.5615792175215123,
        -1.1019630276964183,
        0.23394608973771105,
        1.2668202401795967,
        1.4209196611888166,
        -1.5754349394450864,
        -1.1176022417097802,
        -1.0520684594626621,
        -0.2753360287112766,
        -0.6721884922336381,
        1.3707876466988524,
        -0.06937496295740496,
        -1.3606386890685624,
        0.7278021380347833,
        2.3742326020589983,
        -0.7399185610497587,
        1.4250224800278497,
        -1.2220969925530412,
        1.247760640237084,
        -0.7413848593239313,
        0.26415669884978893,
        0.4236426120847909,
        -0.4405087058978002,
        -1.732745996596159,
        0.8075978442736912,
        -0.7481817311582954,
        -0.5216765775581368,
        -0.7522292543618441,
        0.9505151522008498,
        0.006453594867411275,
        -1.792330527241,
        -0.1512974717864954,
        -0.4484797312772274,
        -0.8964229451504486,
        -0.18918630387442706,
        0.2643959548437186,
        0.6105627407797645,
        0.13793430665335055,
        0.14224405966360978,
        -0.3604917330447962,
        1.6615157331906896,
        2.656543855108424,
        1.0862194574057293,
        -1.17633669606951,
        -0.4314607756941494,
        -0.06435205481000963,
        -0.8288805270621646,
        0.23811600556034485,
        0.3761706236433973,
        -0.3764188019823045,
        0.7507923547708959,
        0.983370519663684,
        -0.35555500104339943,
        2.3561851122828394,
        0.5077531820216685,
        -0.9571462884233581,
        1.6994310271365656,
        1.6816166866209281,
        -1.0674458118374899,
        0.11809116922328668,
        -0.026623054252857978,
        -0.601838508013432,
        1.439905148117145,
        -0.4714132448942534,
        1.4052156365547133,
        0.38927765698698014,
        0.1643108178839393,
        1.9563247371611865,
        1.961952785844703,
        -0.019501631513924658,
        1.3011820444256892,
        0.6876516757367079,
        -0.9309925862019043,
        2.332267112432096,
        0.729626846625843,
        -0.27270910716065466,
        -0.7023533156003074,
        -0.49037001814859715,
        -0.3981687054279602,
        -0.372952917563512,
        0.4133330644944019,
        0.48100333471582524,
        0.30051366671631735,
        1.1480379660170752,
        0.3180107536554576,
        1.0155157982610108,
        -1.639474822611164,
        0.024488761415229432,
        0.6192779561640696,
        0.005863740508632144,
        -0.05084255673996214,
        -0.6102612845917637,
        -1.1396402633111113,
        -1.0907156303405428,
        0.726762337077457,
        -1.448284332914626,
        -0.3180721878550663,
        -0.8947210309187869,
        -0.5532431789976902,
        1.0131762089441587,
        0.2140697230351051,
        0.4844052346100339,
        0.5913754759284803,
        -0.3774432820007301,
        0.11620377199109483,
        1.016160092671417,
        0.2157436602180448,
        0.3533230583689938,
        0.009806077964497468,
        0.44762703809740256,
        -0.351593290139255,
        1.3359552352069037,
        0.4627012925139561,
        -0.5527512574677911,
        -1.102271344960935,
        -1.7438815685766424,
        -0.9790399409502389,
        1.2509758387053924,
        -0.3220463013140261,
        1.859547253403782,
        -0.14436968177247803,
        -0.7655703757117228,
        -1.236633206783181,
        0.8009431576131067,
        1.1607677209523388,
        -1.744523022145036,
        -0.4683173268422046,
        0.37626929639672213,
        1.0019160531732225,
        -0.43526654839854445,
        1.2418449956721946,
        -0.7429305506362861,
        -1.0619294953724163,
        0.15491340456892796,
        0.9955446557095056,
        -0.5035811560934791,
        1.608417422715375,
        -0.9937060129191617,
        1.311932897646607,
        1.7932073210435888,
        0.5604373791064441,
        -1.3953476995318974,
        0.7368058762554386,
        -0.450974139602611,
        0.1200506100292238,
        1.9734234969098607,
        -1.1335898296190372,
        0.785302380845794,
        1.1701501891686468,
        -0.15136473829358474,
        0.369769237452273,
        -0.659052082603031,
        0.8124259114077538,
        1.8161927928806525,
        0.9890767421495562,
        -0.3545861950826685,
        0.9988779976356206,
        0.40693451667015895,
        0.35621889956822983,
        0.9071826262879986,
        1.2048053529312974,
        0.12074137113149427,
        -0.08902675575374211,
        0.8471923573468522,
        1.42895254851025,
        1.6940961261275918,
        0.8968342400947273,
        -0.5050093946065158,
