{
    "idx": 706511,
    "fights": [
        {
            "enemy": 5,
            "fitness": 20.52456728329591,
            "player_life": 0,
            "enemy_life": 70.0,
            "time": 649
        },
        {
            "enemy": 6,
            "fitness": 85.19165549623892,
            "player_life": 7.600000000000232,
            "enemy_life": 0,
            "time": 262
        },
        {
            "enemy": 7,
            "fitness": 89.47504998251863,
            "player_life": 49.000000000000306,
            "enemy_life": 0,
            "time": 227
        },
        {
            "enemy": 8,
            "fitness": 87.13935834262664,
            "player_life": 29.80000000000026,
            "enemy_life": 0,
            "time": 344
        }
    ],
    "weights": [
        0.36563771954471763,
        0.6173937002095242,
        1.7648260111123284,
        -0.9492486228462589,
        -1.6497282200350785,
        0.5760011247253563,
        -1.568071249390701,
        1.8657537413682734,
        -1.0850671840574582,
        1.2321044938474672,
        -0.020732420206484706,
        -0.9850575253889878,
        -1.4654398241732278,
        -0.13631257986172113,
        -0.3832183284155233,
        2.2249804888316596,
        1.6690340013702476,
        0.613005156274607,
        0.12517213279540257,
        3.355171654751471,
        -1.1908167191865084,
        0.96653619966152,
        1.4454152642305371,
        1.0846987262465306,
        0.6327071752984117,
        1.8210811254979762,
        -1.3485849592530885,
        -0.48463472704812216,
        1.4306766445995938,
        2.220112223928286,
        0.5268545450031695,
        -0.6830432692683948,
        -0.13674411554820068,
        -0.7192121586888399,
        1.2866358799971438,
        0.7514654133473532,
        0.40361481514486397,
        -1.146473014149942,
        -0.042237945917145164,
        -0.07678564980342827,
        -0.17958357543831455,
        -0.9858555423409758,
        0.9562398402001695,
        1.2849158133631204,
        0.735172655709411,
        -0.2093299909726614,
        1.3210661890230058,
        -0.3470123347275821,
        1.6904826971142128,
        1.453500872310474,
        -1.053544306765325,
        1.7072779833360883,
        -2.760362234167971,
        -1.4383241049922633,
        -0.10533651261879512,
        2.0137768584435913,
        0.9785514359735524,
        0.07616902403859532,
        -2.0957425907754823,
        0.3059220907668525,
        0.33512182943358365,
        -1.3476793214418925,
        0.4316005107648192,
        1.2257394065945022,
        0.8149345561157397,
        1.1902332974050978,
        -1.2480598875591682,
        2.780520260381097,
        -0.4374228959616298,
        0.1598723247679178,
        0.4423419081494047,
        -0.28423119654057005,
        -0.7830585720287648,
        1.0947832235128503,
        -0.6965601717073538,
        -1.1281459227452397,
        -1.5320294631476359,
        -0.9808512846196781,
        1.4090316378318855,
        0.20935778909190023,
        -0.09626122128877687,
        0.15138983547121826,
        0.37523924368376943,
        2.891799173443747,
        -0.7223522265422226,
        -0.29771315964991296,
        1.729261395893021,
        -0.19360454903792088,
        0.17969475777199323,
        -1.5041530166233918,
        -1.0644302298551858,
        -0.34195868176474364,
        0.44571575486811943,
        -0.7250322353283821,
        0.44262347290748605,
        -1.0608104984879159,
        -0.9814441482981882,
        0.04400366123117628,
        1.892883513463053,
        -0.9449269360403928,
        1.8791733907832753,
        -2.351993276853193,
        0.5823705199114719,
        1.2202228610694763,
        0.19156995431381937,
        0.15039236588864743,
        -1.0102466059362387,
        -0.5537675884619762,
        1.3042710036453928,
        0.7795738076615768,
        -0.057594274165145336,
        -1.0388129822077445,
        0.6540692454459984,
        0.3445832024387444,
        -1.0752450009033188,
        -0.04885251912002678,
        1.085720713297762,
        0.2663769400760283,
        -0.18805130039693618,
        0.4087665311125605,
        -0.14200792693090208,
        0.5284370376782149,
        0.8528446420374963,
        -1.9240635002036337,
        1.1992684569389742,
        3.668828038938258,
        1.176868606140561,
        -1.1974340818505207,
        -0.6106265208779543,
        0.18210717116146832,
        -0.3032874143046898,
        0.2676332586950342,
        0.5557541199415351,
        0.04387267663176625,
        1.5287881241740775,
        1.0850833599467888,
        0.17333257480744324,
        1.5478154228968912,
        0.2101342756337414,
        0.23808449615842123,
        2.2443813709826173,
        1.8507644619859702,
        -1.2067725969069298,
        -0.06622681632061053,
        0.28126449722159363,
        -1.0056900478477286,
        0.8695450712341768,
        -0.75929472400804,
        1.7163702469330007,
        0.21707178028269528,
        0.41074271230661413,
        1.5532822232710053,
        2.122102103030722,
        0.1849330100522487,
        1.0335258674769117,
        0.8609647232326211,
        -0.3428877717646565,
        1.8204878868174386,
        1.0110841458987039,
        -0.5403097902199264,
        -1.5915383642749052,
        0.2431089297395843,
        0.30740526115109595,
        -1.0008504727213494,
        -0.010158096241263376,
        -0.2200338520411752,
        0.8849630977297616,
        -0.033451773835694865,
        -0.0472238695077141,
        0.6145485831056475,
        -1.3653643260386636,
        0.12520132420305347,
        0.9001997564918305,
        2.210821391193986,
        0.8296055642901906,
        -0.5774700476620198,
        -0.8504071165280075,
        -0.1533301700178149,
        0.3849018070140382,
        -1.5382317569299524,
        -0.20359845694335205,
        0.46438547345186465,
        -0.13871383035713836,
        0.14585807940387263,
        -0.06857629516654386,
        0.33003546127296657,
        0.751391112568905,
        0.3294880845656474,
        -0.15879024483125434,
        1.1906998122827277,
        1.1449005751709638,
        -0.4335500726374466,
        0.4960105714826769,
        -0.5216925935243549,
        0.09650094766680312,
        -0.23059266052618238,
        0.6257072261241456,
        -0.30680012724372857,
        -0.9513288453290731,
        -1.9743505429977857,
        -0.9847683977434389,
        -0.1749229249818461,
        -0.32364616523946993,
        1.6226187738568485,
        -0.5445826997877758,
        -1.6491200503228627,
        -2.4740661637148493,
        0.39260593377836384,
        0.4210963890472046,
        -1.945413191037481,
        0.3599633469419826,
        0.38287391251755676,
        0.7571648780386201,
        -0.09574786378366543,
        0.9187793500249286,
        -0.8780786858406792,
        -1.7520671205545932,
        -0.100511704306214,
        1.1703611864078693,
        -0.7664406380194428,
        2.4120258422481475,
        -1.1572752194022429,
        1.825576147579194,
        1.5440329931565637,
        0.5327629371418265,
        -1.2045691171727868,
        0.611281169596418,
        -0.7459491800788095,
        0.5688455576061917,
        2.1100602534615356,
        -1.4486453312353516,
        0.9368923834780204,
        0.9800802923955216,
        -0.530275584916728,
        0.8410114576477224,
        -0.3961584663465212,
        1.3556542418340545,
        1.2188498642700718,
        2.1303246092825905,
        -1.2919897739065507,
        0.311742920849724,
        0.28279498754869153,
        0.4360381417566384,
        0.3391244098885534,
        1.863913240341939,
        0.22514354996653463,
        -0.3356884721052536,
        1.150897084865628,
        0.8545716066266723,
        0.08339745239542098,
        -0.02768173808254372,
        -0.2254185128049971,
