{
    "idx": 701172,
    "fights": [
        {
            "enemy": 5,
            "fitness": 88.45645558296866,
            "player_life": 43.00000000000029,
            "enemy_life": 0,
            "time": 345
        },
        {
            "enemy": 6,
            "fitness": 48.49874178945527,
            "player_life": 0,
            "enemy_life": 40.0,
            "time": 245
        },
        {
            "enemy": 7,
            "fitness": 90.2587078342906,
            "player_life": 56.20000000000032,
            "enemy_life": 0,
            "time": 213
        },
        {
            "enemy": 8,
            "fitness": 88.81968822339262,
            "player_life": 45.4000000000003,
            "enemy_life": 0,
            "time": 305
        }
    ],
    "weights": [
        0.26644104756558223,
        0.3945438990081564,
        0.9623100198005843,
        -0.9334830960913105,
        -0.3493014205325358,
        0.6489541167546394,
        -0.61883366925923,
        0.7525802785158207,
        -0.6525337230456539,
        0.8684862508843716,
        -0.923410318494441,
        0.6066874127804999,
        -0.7484680069494367,
        -0.41868790152847335,
        -0.8032829968607642,
        1.6003302360037346,
        -0.26959407536689584,
        0.8454371397728128,
        0.027733807910752792,
        0.5452898224137057,
        -1.3562004757485786,
        -0.042809305848451606,
        1.7584725192645305,
        0.5868051528394718,
        0.6340843229071963,
        1.0062146795389308,
        -0.5288317100887728,
        0.3628852512188191,
        0.08733307601313078,
        0.45539525234635725,
        -0.4435202125690807,
        -0.029266875096009424,
        -1.192953299924301,
        0.9774021318557284,
        0.8118026694199426,
        -0.4142684977048956,
        0.405559257273296,
        -0.5095427474404245,
        0.4645929703291686,
        -0.09501616418052683,
        -0.6710447357850594,
        -0.5100913308664519,
        1.03427938651321,
        0.47025785319690555,
        -0.4620885909588535,
        -0.6511558619935456,
        0.8096731373733637,
        -0.07085964280960323,
        0.5593586982537047,
        1.21246825200529,
        -0.2452756460695631,
        1.4395887178504791,
        -1.3445494543838388,
        -0.7012075025964091,
        0.11892563641869879,
        1.7865242790822182,
        0.6713830898517144,
        0.22940259770083124,
        -1.611982776196254,
        0.6299296338493334,
        0.7327887401894444,
        -1.0997254503888756,
        -0.9202719767978027,
        0.657943032092007,
        -0.02677102186193163,
        0.8608669028963496,
        -0.7391561052734839,
        1.1026076196302688,
        -0.3354771013128782,
        -0.4284264103580827,
        1.3711661239626338,
        -0.8052438744567433,
        -0.7635451519448346,
        0.0994052580105215,
        -0.3321197263893402,
        -1.849055605337239,
        0.3551454195073602,
        -0.6321292798775661,
        1.0001767020502428,
        0.6250777344838906,
        -0.04978523926490827,
        -0.13829731186284097,
        0.5451606982318268,
        0.49989515921738625,
        0.14645586496277588,
        -0.8599335525418278,
        -0.6231524432703843,
        0.514505659476434,
        -0.4781107816112049,
        -0.6483378433219904,
        -0.148240773346699,
        -0.6246189952242076,
        -0.5310001166025126,
        -0.2507545391721531,
        0.7797922847539751,
        -0.460269241640648,
        -0.5082867858631798,
        -0.24395931565817933,
        1.6190236222923204,
        -0.7616813581583395,
        1.0529204937731726,
        -0.6032032140466281,
        -0.22694619547077305,
        -0.1560070735788167,
        0.13662112356162817,
        -0.0516614343549429,
        0.5536866759854012,
        -1.5142681367699085,
        1.2185524496803695,
        -0.38178757674133534,
        -0.9897527485756134,
        0.2295180680063052,
        1.1686501676728693,
        0.26673454854169887,
        -1.0490849657605594,
        -0.008798629220843637,
        -0.3726227320024152,
        -0.957850155817714,
        0.15901199489946344,
        0.5802209078742443,
        0.2229604699252092,
        1.4732110536121819,
        0.2886049108979196,
        -0.7149869180494182,
        2.120013029302951,
        1.6068692793022024,
        -0.3685650347881709,
        -0.8384065699153955,
        -0.06923953500672927,
        -0.49669714799128717,
        0.14767629897524698,
        -0.1750478819540472,
        -0.5138650418006232,
        0.6048823080472078,
        -0.2172485407996106,
        1.2977619237251468,
        -0.5440116152365431,
        0.6336897682770231,
        0.8101113359847913,
        1.3693372056446673,
        1.4605256559423512,
        0.7807777777903306,
        -0.7905971911000134,
        0.5290375486118631,
        0.4890931713463512,
        -0.8154079220951151,
        0.8350508004456761,
        -0.4253403016439526,
        0.056726372927058386,
        -0.2648283473014688,
        -0.007102693609979095,
        1.4640748341177228,
        1.3117954343179967,
        -0.42164789218787974,
        0.6141798412911326,
        0.3085914592728452,
        0.3694978063852958,
        1.4317333630718965,
        0.22323281989449373,
        -0.6469918549884459,
        -1.187348106712855,
        0.7749918453844176,
        0.2502781346714993,
        -0.520122714833804,
        -0.4084469698911921,
        0.5569499774612682,
        0.13336110198625004,
        0.16394754852924107,
        0.14217269402831637,
        -0.3202030356304118,
        0.09499698131722303,
        0.32108292808979405,
        0.8142493958413387,
        -0.47494131615202545,
        0.6640002716972558,
        0.3554667494729459,
        -0.33332241078658853,
        -0.5546076313885406,
        -0.12052071768328665,
        -0.2992523407992751,
        -0.7297475826479796,
        -0.4853741652205301,
        0.002355081976658485,
        0.3522832985018817,
        0.08168172736349684,
        0.6563022205971093,
        0.022179079486439643,
        0.013900090571847615,
        0.7163000201071341,
        1.3475548240560768,
        0.264070551437721,
        -0.3276726663846582,
        0.4840563986355736,
        -0.6414577210045342,
        0.3001281130092708,
        0.8770326631166682,
        0.1773972161335625,
        0.06187608737547395,
        -0.5316362882759099,
        -1.0709020659323345,
        -0.9683756889056047,
        -0.5508571097991022,
        -0.5420391749563084,
        0.3855807892253083,
        -0.32833213137279715,
        -0.5348867554155369,
        -0.9745758802145976,
        -0.16325355424704008,
        1.2642855557459365,
        -1.074468814772246,
        -0.360079865026896,
        0.739405977983587,
        0.6472456851454408,
        -0.7025007585686863,
        1.03799710345052,
        -0.388630329743561,
        -1.2471992394252174,
        0.6467059404108372,
        0.9654275028155652,
        0.3389843458048763,
        1.1380360449063298,
        -0.5125687320555163,
        0.9095179906208368,
        -0.0101102301270318,
        -0.22883224641383895,
        -1.4511392320834726,
        1.2223970761388925,
        0.39587609115129613,
        0.10699843495872076,
        0.6790766591694447,
        -0.9915283310524856,
        0.35111776384707394,
        1.6053258573104157,
        0.07962813426033787,
        -0.06488248499662601,
        -0.9703934374520382,
        1.1623860833882518,
        0.373611532079625,
        0.3733363693750255,
        -0.02607930662629267,
        0.7893201242438497,
        -0.021256499888269394,
        0.6493566622920304,
        1.192547246332569,
        1.4668185290665765,
        0.5642835842628271,
        -0.6162416150510396,
        -0.5310017589539844,
        -0.016581446333072153,
        1.4923598530319286,
        0.7812974900145832,
