{
    "idx": 701188,
    "fights": [
        {
            "enemy": 5,
            "fitness": 85.55297711225776,
            "player_life": 16.60000000000023,
            "enemy_life": 0,
            "time": 449
        },
        {
            "enemy": 6,
            "fitness": 3.5489615464343,
            "player_life": 0,
            "enemy_life": 90.0,
            "time": 233
        },
        {
            "enemy": 7,
            "fitness": 84.85703951986407,
            "player_life": 5.200000000000234,
            "enemy_life": 0,
            "time": 288
        },
        {
            "enemy": 8,
            "fitness": 86.95935834262663,
            "player_life": 28.000000000000256,
            "enemy_life": 0,
            "time": 344
        }
    ],
    "weights": [
        0.4011255126804636,
        0.25988436526103026,
        0.9671670508891045,
        -0.5357062864922035,
        -0.3638347985363204,
        0.15890913298633907,
        -0.793384435086419,
        0.5329682830659881,
        -0.6668699401887409,
        1.025398755438304,
        -0.904165272654876,
        0.5137050094507211,
        -0.880286113041604,
        -1.1146619834722542,
        -0.39142004491002164,
        1.4789976005263064,
        -0.3407174077632188,
        1.7385498543317153,
        0.40557006332429907,
        0.5681754953679146,
        -0.5139812406619149,
        -0.1546662296919578,
        1.799441954248972,
        1.2452996994295646,
        0.6457432639082068,
        1.1018464320055685,
        -0.8079824800303724,
        -0.002636603753141056,
        -0.2579200247539132,
        0.551754488034462,
        -0.4078032783298534,
        -0.0710802781178731,
        -0.7410555610921823,
        1.1479453018559254,
        0.8281553580879093,
        -0.2904240854005792,
        0.7425729346671001,
        -0.29813248823897714,
        0.032880757629013185,
        -0.03467121663658354,
        -0.3649804953907515,
        -0.424231334940151,
        1.1342456147995141,
        0.5061380863935527,
        -0.4413783633081748,
        -0.6572481208439047,
        0.7738259919375049,
        -0.14032840594127058,
        -0.07296087374227221,
        0.8712218935101971,
        -0.07594316234792227,
        1.2276138959519267,
        -1.3604679349222064,
        -0.6461856217146392,
        0.17814402616689207,
        1.9452704678786867,
        1.1442462962947284,
        0.16022993290814921,
        -1.6489033784640021,
        0.6553676188376835,
        1.0880723851101113,
        -1.0832078529071556,
        -0.9128388463269397,
        0.4440690582664103,
        -0.06210641713925787,
        0.41096323408432817,
        -0.36269488055952137,
        1.3555807418083634,
        -0.043239136789967096,
        -0.16790341549952764,
        0.9382530682440993,
        -0.4302222968643773,
        -0.9509419856401808,
        0.1302121317763305,
        -0.2617390285480815,
        -1.7852217275096363,
        0.1636256700031572,
        -0.6336399010537923,
        0.9233500053413033,
        0.4672146591737226,
        0.5340605843276225,
        -0.00903750278036091,
        0.6441822609150616,
        0.4450849639645262,
        -0.5061621464318985,
        -0.8546385585173731,
        -0.6203799003324767,
        0.6670923138547693,
        -0.48645035602973874,
        -0.03338122422108236,
        -0.46580447984484086,
        -0.8817188317250654,
        -0.6582119515802574,
        -0.687947741659355,
        0.7260840375691733,
        -0.35292837840477953,
        -0.48035361083784595,
        -0.33147113159373337,
        1.672668199377517,
        -0.9988129666202388,
        1.0439542999914813,
        -1.7555411458779826,
        -0.15720452817948916,
        -0.8758977555671539,
        0.144467418371781,
        -0.0763070646610043,
        0.49944057835360317,
        -1.0432962547370985,
        1.2536233884700112,
        -0.6237149709861552,
        -1.0325217428014162,
        0.27850346147182997,
        1.018366281651336,
        -0.03061166696067727,
        -1.5560128129802997,
        0.20081710171428727,
        0.5029264052159985,
        -0.6062316341275531,
        0.22070242617654978,
        0.4897900613831332,
        0.4335169295816525,
        1.312738854500961,
        0.2328748537224915,
        -0.7383392510716146,
        2.2027371088667285,
        1.4423393670514943,
        -0.16790358997083157,
        -0.8109960528532791,
        -0.2053227892988281,
        -0.5852437332821322,
        -0.07480334613111181,
        -0.05944452389671419,
        -0.520230736698285,
        0.5844192280559877,
        0.3282374795678993,
        0.8782038504108662,
        -0.5474893824267475,
        1.3626214662628962,
        -0.18072725072267934,
        1.3398942953899653,
        0.9799533095687081,
        1.3087363739963733,
        -0.15093357735531324,
        0.39202954738795376,
        0.40077503865359515,
        -0.5405592000230915,
        0.8280248056012649,
        -0.5023606720940237,
        0.2450033497842747,
        -0.2449617996328997,
        -0.01345406330827625,
        1.5109047024229774,
        1.2163276739540085,
        -0.12455998210741354,
        0.960122215667058,
        0.2778144985311396,
        0.30345703757105924,
        1.4432842377619524,
        0.6704282626718523,
        -0.5071719423653295,
        -0.9863609155538456,
        0.8712036417727278,
        -0.27742741131145227,
        -0.5662389841229993,
        -0.3810003878910061,
        0.4964029653777626,
        0.05632955464058481,
        0.14691321826662837,
        0.744488927768004,
        -0.31847355616735634,
        0.07928638899451812,
        0.41564107701544467,
        0.6384163947590603,
        -0.13179245490054967,
        0.7258966477881826,
        0.3948635416213803,
        -0.30108785998660753,
        -1.0549612806608497,
        0.9235734285473224,
        -0.1344467467819277,
        -0.5905216573096932,
        -0.3389431772780943,
        0.7234946487532317,
        0.3083417477238272,
        0.21489183445789725,
        0.5134679004472873,
        0.04572740267276848,
        -0.5440187958353286,
        0.3448262642134352,
        0.799385477518933,
        0.2651939786402435,
        -0.002186072331633239,
        0.3858991041102583,
        -0.5433276914597692,
        0.42283980431124807,
        0.5094670792679603,
        0.4279209618068523,
        -0.41198982154082886,
        -0.7113194522797597,
        -1.3392711634557741,
        -0.9583519429531607,
        -0.5614260430373,
        -0.44974332641652454,
        0.40112682937431643,
        -0.3033101746979605,
        -0.6218245264142209,
        -1.0152069837431856,
        0.3730776108450169,
        1.2249966969876918,
        -1.1301166974379298,
        -0.40105083224333454,
        0.8756910458126738,
        0.5847523555151481,
        -0.7958585298328885,
        0.8780362052252084,
        0.06356945651202078,
        -1.1492828720357622,
        0.4978107462127791,
        1.0602180660956377,
        0.08622186276861019,
        1.3087475803139939,
        -0.27914716835980535,
        1.062171077090932,
        -0.18304402827939908,
        -0.3138890992207222,
        -1.4740459520013334,
        1.0647228236439645,
        0.4729356981174736,
        0.1136356849649867,
        0.6684817372599132,
        -1.2706380722486477,
        0.30305888774788037,
        1.628576572021494,
        -0.44913990807745946,
        0.04658406938220386,
        -0.8957943646252116,
        1.1794006431334922,
        0.8015529140738521,
        0.4660619861278782,
        0.27835220946380296,
        0.7323772549604999,
        0.13142850373874623,
        1.1149061733244887,
        1.1843955302735139,
        0.49302175253119757,
        0.43985232222186893,
        -0.6790859650615781,
        -0.137950682276541,
        0.27314719099415885,
        1.1433327755609606,
        0.6794240545995575,
