{
    "idx": 701153,
    "fights": [
        {
            "enemy": 5,
            "fitness": 89.06901301948916,
            "player_life": 46.6000000000003,
            "enemy_life": 0,
            "time": 268
        },
        {
            "enemy": 6,
            "fitness": 85.28835394814497,
            "player_life": 7.000000000000233,
            "enemy_life": 0,
            "time": 224
        },
        {
            "enemy": 7,
            "fitness": 66.63870783429057,
            "player_life": 0,
            "enemy_life": 20.0,
            "time": 213
        },
        {
            "enemy": 8,
            "fitness": 91.35679627126204,
            "player_life": 66.40000000000032,
            "enemy_life": 0,
            "time": 197
        }
    ],
    "weights": [
        0.37279499461477983,
        0.2397388001983966,
        0.6043986925317619,
        -0.7006021650832349,
        -0.32992118287677713,
        0.2739664791625893,
        -0.6421922538218411,
        0.5457609890586971,
        -0.47438079987690374,
        1.0671527249272308,
        -0.9702476266292897,
        0.6070890828609136,
        -0.9823336875880924,
        -0.41368121309860334,
        -1.1292305296731189,
        1.6544883763572795,
        -0.298934689207547,
        1.8057335364962361,
        0.6873146076408218,
        0.5964332642772932,
        -0.35068785759612714,
        -0.00656521299521139,
        1.9067957328373033,
        1.1311099423387392,
        0.6255454936180722,
        1.0189160752500068,
        -0.8388018818669762,
        -0.0685926462919598,
        0.0984734830942868,
        0.3543761095450568,
        -0.21315872366390937,
        0.0626473055299111,
        -1.077791558415111,
        0.01806749862554191,
        0.6490411260962695,
        -0.28954606354364965,
        0.5671358781693823,
        -0.44910453076453277,
        0.7297930592456314,
        0.031403823824296496,
        -0.2672263556147903,
        -0.49557249772114187,
        0.7431561208640572,
        0.4039411291561358,
        -0.3932712389404664,
        -0.7426393119651115,
        0.5932760042639258,
        -0.309954919323349,
        0.5125062779912358,
        1.1881680947321154,
        0.3567849225995843,
        1.393178928111208,
        -1.338343327320058,
        -0.5246306538836545,
        -0.12819509853040312,
        2.0467411698501903,
        0.7336147877552289,
        0.4540634721214241,
        -1.6022292621290235,
        0.21199649606937598,
        0.761952203688024,
        -1.0619504370402515,
        -0.8978295164799442,
        0.44981118098897555,
        -0.013894071743828142,
        0.39242972622350375,
        -0.7496150355632051,
        1.619439249269519,
        -0.15121499127357912,
        -0.3621814049001999,
        1.3928884543334634,
        -0.42165084762505917,
        -1.1730560232076737,
        0.27878306256843255,
        -0.4960043930913854,
        -1.8573949167802402,
        0.23730654119836278,
        -0.824258997986731,
        1.147161902158183,
        0.66946931950685,
        0.3881383910780764,
        -0.02791676696948337,
        0.30194747426568336,
        0.479103661765352,
        0.1277650566523914,
        -0.5495186442756119,
        -0.6495867509719662,
        1.0227968781320202,
        -0.014071926572551192,
        -0.6705312521198211,
        -0.4760659775236239,
        -0.9192317656166301,
        -0.7071317286387505,
        -0.2772003655894964,
        0.9064220709719651,
        -0.41587242725557116,
        -0.46608102147475416,
        -0.27945405982368543,
        1.6802038453796406,
        -1.0729010251752706,
        1.1591366813097157,
        -1.6653190095417467,
        -0.4423864173471369,
        -0.29529803455854925,
        0.39045664087283044,
        0.7546517361562882,
        0.16834580226286427,
        -1.546278159647074,
        1.3258588748616182,
        -0.3009956999760302,
        -1.213679761142175,
        -0.21012831036813856,
        1.0273445973379305,
        0.1893684635992593,
        -1.1352714609443997,
        0.1429700743434149,
        -0.2548893131618998,
        -0.39737046426693573,
        0.2592920649675387,
        0.5613823220711426,
        0.48001723923305933,
        1.5097911920674687,
        0.2089869118588354,
        -0.9619508756349435,
        1.8640674814140352,
        1.6407621791465545,
        -0.14543773637275959,
        -1.1727368038072254,
        -0.20561994755188207,
        -0.8884110602472024,
        0.06249487342024754,
        0.28223768610077893,
        -0.632040635182141,
        0.566769036501385,
        0.46890939229953144,
        0.47398099595317517,
        -0.1245499438129893,
        1.4087856651937367,
        -0.24716902009076364,
        0.27167500533522776,
        1.0852658939100812,
        1.3242547063508256,
        -0.7155255817537438,
        0.24343238855958524,
        0.6627191688807664,
        -0.8874423844386556,
        1.0862095046717328,
        -0.3902863645366087,
        0.13620942930949603,
        -0.4961979651288631,
        -0.11644911981523053,
        1.285743471935731,
        1.1622410387938675,
        -0.2602810576458722,
        0.7863129190524338,
        0.42826912718368954,
        0.4385563639878904,
        0.3734660004672013,
        0.8585003746996059,
        -0.6568391339775447,
        -1.4072702388378646,
        0.8314605138211428,
        -0.22764992051744223,
        -0.4191530432798648,
        0.08755263538339186,
        0.43262192085642803,
        0.1016564225050678,
        -0.06371594109461097,
        0.636070470362316,
        0.11308423959215154,
        0.3115042361523304,
        0.29675234688044905,
        0.45181083394144395,
        -0.027050334707826695,
        0.7053396935429758,
        0.5868380140007693,
        -0.09938295706015643,
        -0.616426625155299,
        0.6606179706196514,
        -0.1882760261028376,
        -0.6483097461458222,
        -0.3186700997775082,
        0.6162428373852388,
        0.39160649945328946,
        0.33197060643007453,
        0.6482268716255667,
        0.27994495150617227,
        -0.5751113844742297,
        0.8366125947172256,
        1.4832403158327354,
        0.3819085547845642,
        -0.2191742572522214,
        0.07783814060507818,
        -0.4344406492822383,
        0.26049986902192185,
        1.1090556975966974,
        0.12543507806133192,
        -0.32223294185654977,
        -0.6548260218298513,
        -1.2812835044741304,
        -0.8519462198753791,
        -0.8047983846230603,
        -0.3187760682906076,
        0.4161533388408891,
        0.08309673995591016,
        -0.5480725314208034,
        -1.138905229746308,
        0.4648179924569016,
        1.1814063492018199,
        -1.179339058882915,
        -0.3376824437003869,
        0.2859483712831862,
        0.5025326253079985,
        -0.7611106042076963,
        1.0036587667933459,
        0.042150875356225165,
        -1.121180674276281,
        0.4114147680625028,
        1.0595060141922994,
        0.06321554351950198,
        1.3905734423725253,
        -0.4032582616009532,
        0.9290320543901405,
        0.2594266980747542,
        -0.30863209032363714,
        -1.3981798369889717,
        1.1016360653816861,
        0.4520711812361916,
        -0.3901917652593792,
        0.5556224409068077,
        -1.2550830710865972,
        0.2796587066858962,
        1.7747928380512406,
        -0.07745965697422191,
        0.02715053932968397,
        -0.7918755620532845,
        1.1639393009723387,
        0.43395863662661266,
        0.14264273362806187,
        0.005077306326936169,
        1.0333503780983413,
        0.06543508960088731,
        0.16127754544099976,
        1.2823488071907183,
        1.1173473457112746,
        0.5143081484398432,
        -1.5398620001516037,
        0.036892877367163956,
        0.5977256460158906,
        1.085643962386016,
        0.6569588018338671,
