{
    "idx": 711073,
    "fights": [
        {
            "enemy": 5,
            "fitness": 89.12901301948916,
            "player_life": 47.2000000000003,
            "enemy_life": 0,
            "time": 268
        },
        {
            "enemy": 6,
            "fitness": 87.15282822853992,
            "player_life": 25.60000000000025,
            "enemy_life": 0,
            "time": 223
        },
        {
            "enemy": 7,
            "fitness": 66.63402398497814,
            "player_life": 0,
            "enemy_life": 20.0,
            "time": 214
        },
        {
            "enemy": 8,
            "fitness": 86.95935834262663,
            "player_life": 28.000000000000256,
            "enemy_life": 0,
            "time": 344
        }
    ],
    "weights": [
        1.2409902674208666,
        2.0910160622382525,
        1.0194920118387718,
        -0.8096777237276505,
        -1.3704581821353994,
        0.3470514009203811,
        -1.4962288403264725,
        0.994255127036489,
        -0.34459313272776415,
        0.7393142653070006,
        -0.4667174757096105,
        -0.21597106775957606,
        -1.194524641554821,
        -1.4846108933463584,
        0.3114922120567146,
        2.3334441240688224,
        1.9898988059550868,
        1.0432002828281663,
        2.6291134420889803,
        2.575154049081479,
        -1.1052226459477914,
        -0.0456177370831331,
        1.3785838773472041,
        1.7808101328988184,
        0.4469611245418126,
        1.9404785721225442,
        -1.3808409409378108,
        -0.5090993235512248,
        0.8881943139827826,
        2.2150311529726996,
        -0.7657673361497499,
        -0.6379507985951363,
        -0.7765526515056563,
        -0.38420955445380045,
        0.6705959284318757,
        0.38167671259678837,
        0.09972283890350701,
        -1.2088127021286585,
        -0.6960238876027094,
        0.9530697310354291,
        -0.9733040333474509,
        -1.5428148969029793,
        0.766661214523955,
        1.2280558711772354,
        0.4487394359634457,
        -0.6442794057776617,
        1.7421726929553827,
        -0.2653624154134105,
        0.05118830299462852,
        1.8553223751608017,
        -0.5629667189350444,
        1.5197289628711672,
        -1.6493264598159219,
        -1.3321539497976702,
        -0.8046270477743982,
        1.9429966991092333,
        0.7407596238408077,
        -0.6333527666296379,
        -2.128106139546111,
        -0.3050383998003705,
        0.7100730775967888,
        -1.761249896760809,
        -0.6365337472042416,
        0.07801022426687482,
        -0.06005458155174575,
        0.39523715773287565,
        -1.234417186459765,
        1.8207569478959642,
        -0.552576862711529,
        -0.02927128635896878,
        0.5222728942727392,
        -0.8366082132379363,
        0.2677999905699642,
        -0.08821046029289509,
        0.17974151445849704,
        -1.7152202447999316,
        -0.8302562249792628,
        -0.29898499835333664,
        0.5754305302282262,
        0.47750861349741536,
        1.148230167155396,
        0.0026969869573715277,
        1.9745120342428324,
        2.5200765278398123,
        -0.13445033398856507,
        -0.9423989884434731,
        -1.030136955219886,
        1.0689185107507813,
        0.9047214744553803,
        -1.653202639190985,
        -0.674946253972671,
        -0.8724243198627323,
        -0.5593050413806734,
        -1.316249742063752,
        0.8508205879751892,
        0.0705492894054672,
        -1.0491863367771197,
        0.36246280258593044,
        2.5630784437363796,
        -0.727309381171275,
        1.051999816714186,
        -2.0549831026957945,
        -0.018956490662500804,
        -0.6777364053150956,
        0.08300106255364478,
        1.385830929986393,
        0.06240396391592242,
        -1.8293095904959935,
        1.142977439210126,
        -1.0028989828906605,
        0.6907462170453809,
        -1.4817162103246684,
        1.060486235647526,
        0.519502910569422,
        -1.124787933442767,
        -0.38508773222868475,
        0.459439862972374,
        -0.7456999258833465,
        0.2834489147574176,
        0.26905062197162033,
        -0.5187242133040421,
        0.24658753371773767,
        0.8004979107980472,
        -0.013590126493713356,
        0.8283714918306097,
        2.609581785145379,
        0.2169502295565304,
        -1.1502704524017067,
        -0.710448575898945,
        0.29600542552426207,
        -0.838845070859757,
        0.3790464695886807,
        0.03891482792679711,
        0.810072885843472,
        -0.2576524554796251,
        0.8778963484323892,
        0.3318501907222463,
        2.8088340845914614,
        0.19405253915905132,
        -0.5041473789325421,
        1.4715473298808617,
        1.3498520743451983,
        -1.920428509373817,
        0.27986927185631433,
        0.08342263005802618,
        -0.337899278901867,
        1.4357066255986397,
        -2.2118366304431736,
        1.1392446255228554,
        1.008312776868553,
        0.01120827380054295,
        2.2083849158166067,
        1.8087161452342646,
        0.6301190403993174,
        1.2492233800223338,
        1.4180670618833346,
        -0.3256689041971936,
        1.3275086061818053,
        0.2876299082226579,
        -0.5447221489286451,
        -1.4265952224699625,
        1.1136797808691048,
        -0.1626820243322009,
        -0.24592638971566316,
        0.4276517959411608,
        -0.18740702480914506,
        0.09486497822104573,
        1.6187919065991656,
        0.8948671580604641,
        0.29689220156112084,
        -1.5932871735370557,
        0.4736844441140342,
        0.5867621083285806,
        0.766818376033497,
        0.45562289207181084,
        -0.8003347434044817,
        -1.3744115474121787,
        -1.0289267296638698,
        0.4036558921019438,
        -1.4676579324145083,
        -0.20049285775759326,
        -0.5649817836361627,
        -0.8512257395589732,
        0.6866899480172813,
        -0.11567640592620887,
        0.6704332010874896,
        0.2397262611092696,
        -0.6455773266141162,
        0.08410776759665524,
        1.3331403159898254,
        -0.5687088357697199,
        -0.07824943905197722,
        0.1617026636685168,
        -0.4520128924542446,
        0.04929891106537737,
        0.8405815706838983,
        0.470782838062542,
        -0.14885590786121408,
        -0.28873484622931894,
        -2.315273923592809,
        -0.5225501899993718,
        0.15594136960219504,
        -0.884681076295222,
        0.5422999188928701,
        -1.3810291840216964,
        -1.57018633462092,
        -1.6580459337731246,
        0.2085596885368128,
        1.036853337710024,
        -1.7681756506122843,
        0.015216098465038547,
        0.4885780575564046,
        1.4275326675605617,
        -0.07695714732882283,
        0.5179651181878124,
        -1.604110132562057,
        -1.2051082121731975,
        0.2461967836203765,
        1.3155680677032426,
        -0.5282223375733651,
        1.1564957263136277,
        -1.476559470009783,
        1.592104511678941,
        0.7765728342544101,
        0.049940360339427926,
        -1.1750589864036558,
        0.06526402388949872,
        -1.3224134396504073,
        -0.48072357728722126,
        1.5738261646485,
        -0.5030589090327844,
        1.109596650123627,
        0.8835668194786803,
        -0.189554836445963,
        0.5515800709159842,
        -0.9037283789231733,
        0.26382271785792705,
        1.0950326714178773,
        0.8146584702201072,
        0.6400113382712193,
        1.2257318831299286,
        0.33687903363760335,
        0.9206635477489802,
        0.050663976280006656,
        0.6353279154767297,
        0.2637641055391299,
        -0.9994556183117008,
        1.5354249148687016,
        0.7818579918203981,
        1.67739944179516,
        0.5806883714372921,
        -0.925471967953718,
        -0.42299984429897325,
