{
    "idx": 702109,
    "fights": [
        {
            "enemy": 5,
            "fitness": 90.1787417894553,
            "player_life": 56.800000000000324,
            "enemy_life": 0,
            "time": 245
        },
        {
            "enemy": 6,
            "fitness": 57.84670840550222,
            "player_life": 0,
            "enemy_life": 30.0,
            "time": 173
        },
        {
            "enemy": 7,
            "fitness": 90.63173296930549,
            "player_life": 59.20000000000033,
            "enemy_life": 0,
            "time": 198
        },
        {
            "enemy": 8,
            "fitness": 89.88322890233346,
            "player_life": 55.00000000000032,
            "enemy_life": 0,
            "time": 275
        }
    ],
    "weights": [
        0.4816344742178736,
        0.3943585286340907,
        1.8980017610519635,
        -1.3277531879423736,
        -1.452372923638197,
        0.3132371985306833,
        -1.3481480762888773,
        1.561811642070964,
        -0.4187564321027516,
        1.3334222086455825,
        -0.30652713991672365,
        -0.6239262720731478,
        -1.2278059330223943,
        -0.07030507652102434,
        -0.5150077097994137,
        2.6006576011850853,
        -0.681468681532442,
        0.37611394011668386,
        -0.04008891980433049,
        2.430705157879237,
        -0.7434584543993582,
        0.8513109475576907,
        1.7781243116204315,
        1.0371542928249557,
        0.35883861691017216,
        1.5043041649135152,
        -1.5000512463115572,
        0.500498251485566,
        0.40012513792062654,
        0.2543476229268066,
        -0.3104420600622717,
        -0.455450865754272,
        -0.9358330048540101,
        -0.8281028096986203,
        0.726126583581052,
        -0.8791741382104574,
        0.4871491409910141,
        -0.9368366594195237,
        0.14596065533488856,
        0.5554690873949812,
        -0.49208850096663015,
        -1.6977827249575301,
        0.5706968811072115,
        0.7090557269632488,
        -0.18152175249465616,
        -0.6315780158675658,
        1.665466970524135,
        -0.06265168033853595,
        0.35017551774783595,
        1.743411205938788,
        -0.8594216231316772,
        1.9326939160890337,
        -1.8824804353914095,
        -1.1223779765834523,
        -0.8675195821703378,
        1.6694640619178884,
        0.36812509045448527,
        0.6093078932589906,
        -1.8500342418058107,
        0.26269991716946933,
        -0.2818232584741651,
        -1.7880054301848916,
        -1.3797655793407524,
        0.49283596297337506,
        0.9981744224528188,
        0.38531470852494026,
        -0.7138908494762898,
        1.495882855672609,
        1.4600900463020536,
        -0.308517290736933,
        0.428829935051206,
        0.24747994814901764,
        -0.6441955856719355,
        -0.11692626627293265,
        -0.0013246286744490882,
        -2.194498663079273,
        -0.22459212699524905,
        -0.9738816596315053,
        1.0905688789826353,
        -0.13079130848044787,
        -0.09942345994640832,
        0.0656967923869447,
        0.2554188425517839,
        2.3899454472174346,
        0.14332019772204696,
        -0.6258744712405103,
        -0.9663000668276543,
        1.201258198991683,
        -0.1478349673882541,
        -0.20281089715423914,
        -0.7459311653301259,
        -0.361706320108935,
        0.07888658356114497,
        0.08469393148344873,
        1.1022494884267118,
        -0.9397712094283164,
        -0.4048600476519045,
        0.1453424607042907,
        1.339564373202367,
        -0.9553124406538113,
        1.2238916556137966,
        -1.9539826871184802,
        0.6457625868032453,
        -0.7803689067024396,
        -0.034495590237109686,
        0.8750927683353074,
        0.1811517245854332,
        -1.2955836415179183,
        1.2176356766598833,
        -0.5009429080109029,
        -1.4010751321813875,
        0.15356054321869697,
        0.9311631407586106,
        -0.03086373502668463,
        -1.4432752978897405,
        0.06002624781548453,
        -0.4947144836334815,
        -0.5940460199001768,
        -0.01106999423088921,
        0.6795245145664156,
        0.008495781883375401,
        0.06842148880510926,
        1.0350328959397692,
        -0.6125104019245837,
        1.1379433003922346,
        1.8405662352074534,
        0.43932507325048026,
        -0.7881315715299586,
        1.1872853685349174,
        -0.31668492552693067,
        -0.2823719011917846,
        0.674461258528728,
        -0.5179134417037341,
        0.46354297277841505,
        1.1539756221384663,
        0.6396041830027367,
        0.8272250697913422,
        0.9748010620975917,
        0.14781905530137182,
        -0.665205036641619,
        1.2243737207737109,
        1.264613522727648,
        -0.7809941398852475,
        -0.33311329375828597,
        -0.037827414270190984,
        -0.5164351936794292,
        1.199123820410758,
        -0.9377841955622332,
        0.8592037491577773,
        -0.32226758094341545,
        0.08335218349007674,
        1.375326629720696,
        1.1834447776838426,
        0.3145666205376315,
        0.9853837094397326,
        0.5847763799415414,
        0.6746070550764424,
        1.5210332745921311,
        1.1350685860247425,
        0.5379985433610655,
        -1.4639454297654795,
        0.4358030850748267,
        -0.4145999012925792,
        -1.1015405331375427,
        0.49261766860577444,
        0.5702733144821353,
        0.38898193177007345,
        0.8849109006646746,
        0.6523597712475788,
        0.505689642553157,
        -0.5642325706064333,
        0.09455344067149324,
        0.5821133792600846,
        1.7334565561651278,
        0.5455011570041142,
        0.8021732495651652,
        -0.18503449592680885,
        -0.9945972406352336,
        0.6925111650815096,
        0.13776513148164238,
        -0.40524512781455857,
        -1.1236893359684306,
        -0.5772353430349093,
        0.5520751840516236,
        0.7821425455221435,
        1.1975127796204572,
        0.4716974747654615,
        -0.38328890100270585,
        0.1536684057360383,
        0.5792644685864325,
        0.7960224959313899,
        -0.1228914555217121,
        -0.44596273489775196,
        -0.37607396035522755,
        -0.6109279869407588,
        1.3472730767050638,
        0.033031429069042446,
        -0.27126482329032775,
        -1.0178033063547152,
        -1.3581885472978403,
        -0.9407957261094385,
        -0.06908736415733405,
        0.05125192848161697,
        0.3182019400775687,
        -0.36719953854994025,
        -1.7610115025603776,
        -1.224932868708257,
        1.0580328699308823,
        2.2314965401920848,
        -2.410026165133899,
        0.18775688200079493,
        0.752896591495832,
        0.5449495411593785,
        -0.8140599577230493,
        1.2128327328760447,
        -0.4555854903063432,
        -0.7915269647202928,
        0.1708061224434046,
        0.7879673276746723,
        0.04368934010080522,
        1.1153989551649481,
        -0.9805456252196327,
        1.559738417090545,
        0.18171699417265547,
        -0.026169448280655726,
        -1.1239419422469767,
        0.4347327783435292,
        -1.284659973913804,
        -0.3475157200149271,
        3.6640854763950648,
        -1.155056756155486,
        0.8981714983261223,
        1.6722791872554623,
        0.046984297802003055,
        0.288665747528195,
        -0.8219634453588749,
        1.0562419281069244,
        1.1354805735249631,
        0.6543328389415718,
        -0.9334854907979244,
        0.9047600275759217,
        -0.026288801841763937,
        0.356058694340094,
        0.33156135308763457,
        1.8787471008683836,
        0.8366924240533241,
        -0.9830423261835617,
        0.037270564155544875,
        0.7321379072313535,
        1.6732332692992749,
        0.5564502884430517,
        -0.5890619057913375,
