{
    "idx": 702117,
    "fights": [
        {
            "enemy": 5,
            "fitness": 88.22901301948916,
            "player_life": 38.20000000000028,
            "enemy_life": 0,
            "time": 268
        },
        {
            "enemy": 6,
            "fitness": 84.4316554962389,
            "player_life": 0,
            "enemy_life": 0,
            "time": 262
        },
        {
            "enemy": 7,
            "fitness": 89.17504998251862,
            "player_life": 46.0000000000003,
            "enemy_life": 0,
            "time": 227
        },
        {
            "enemy": 8,
            "fitness": 86.33574420258549,
            "player_life": 22.600000000000243,
            "enemy_life": 0,
            "time": 374
        }
    ],
    "weights": [
        0.6571149818428316,
        0.8908007298434077,
        1.7818127324255426,
        -0.9607669310077531,
        -1.6398672887422583,
        0.08228484086516477,
        -1.424320603656882,
        2.047927788689956,
        -0.3963837016033861,
        1.0992975881317513,
        -0.13627372171728325,
        -0.5827583236754434,
        -0.4466413525993018,
        -0.3133582175360259,
        -0.44009824144537907,
        1.2116862295490396,
        -0.803538377544105,
        0.43995767708509287,
        0.07380111709223475,
        2.4427890561607875,
        -0.8101101925837063,
        0.7651202161686845,
        1.540731816065122,
        1.1330115383064405,
        0.8619106212688848,
        1.4312559207231816,
        -1.6246657451149047,
        0.08062117789782336,
        0.4164853431204555,
        0.16438081984617656,
        -0.23990851148121398,
        -0.5573736472007869,
        -0.9040309320085355,
        -0.7744467103360914,
        0.9731427021617285,
        -0.8438839429405093,
        0.033025046638860425,
        -1.3036857414505025,
        -0.32541164233437625,
        0.6824097196072587,
        -0.3151868503624165,
        -1.9216375007424766,
        0.5907044908501357,
        0.8251509765168538,
        -0.791434501922123,
        -0.8322117711428041,
        1.5146306002394745,
        -0.06676233538149182,
        0.1255736939749861,
        1.4413185536287052,
        -0.9954222020390944,
        1.7375399318019134,
        -2.01575755152926,
        -0.9458811706577201,
        -0.026890730780821978,
        1.3459642303260941,
        0.32688596403462433,
        0.4913973203703824,
        -1.8470384150503267,
        0.4089667708864493,
        -0.8366020053773293,
        -1.117362484037168,
        -1.2571527244565492,
        1.302959016127387,
        0.8798197382043054,
        0.13576889809890974,
        -0.8188213403916133,
        1.5198554684567764,
        0.6791750741860688,
        -0.6769773894121707,
        0.6033514204642239,
        -0.021811772019025066,
        -0.4632982551379152,
        -0.23438906886102345,
        -0.031767209960809256,
        -2.1709851046252044,
        -0.2808478634848262,
        -0.24300752219121327,
        0.9211378361674213,
        -0.010441523280011593,
        -0.3012331026080612,
        0.7296284124498854,
        0.1389663435708241,
        2.21784805300326,
        0.0884072135460755,
        -0.3785125771023453,
        -0.648893526440377,
        1.017379682064283,
        2.9313255298818923,
        -0.2832358811769081,
        -0.727933897618379,
        -0.07175078517836173,
        -0.4761956520790434,
        -0.32898676711405067,
        0.9655414724088776,
        -0.874794539113231,
        -0.5374096990083357,
        0.5169981568909363,
        1.5740657191120535,
        -0.6672455838892332,
        1.5409766145881525,
        -2.1372460219005145,
        0.9832199214992244,
        -0.7781208267911788,
        0.41773164651994127,
        0.8634456603801224,
        0.2959887916758568,
        -1.0668409085358457,
        1.2262103946466285,
        -0.8375745900567921,
        -0.871843952559356,
        -0.13922765925008085,
        0.7648724327088238,
        0.0204290659131372,
        -1.720261828473418,
        -0.7933789074311001,
        -0.5908977693552077,
        -0.37819123090327167,
        0.0026314817793357814,
        0.7120760718465189,
        0.273491907244106,
        0.2982784546302098,
        0.9461425500310363,
        -0.3620073987696507,
        0.9635653243150624,
        2.151692651483069,
        0.4645543956884488,
        -1.2804912552381986,
        -0.05479960286003836,
        -0.18791364472311356,
        -0.4616177905803459,
        0.5084234207824784,
        -0.7069488613114387,
        0.1978739837866638,
        0.9226757298889707,
        1.4525355122502406,
        0.6753970465837346,
        1.4832494730984116,
        0.07715091055322423,
        -0.6148315829916144,
        1.3141055559331467,
        0.8221112332283714,
        -0.5865194185953346,
        -0.15732517905340507,
        -0.10503000374372315,
        -0.5001396282144335,
        1.686359774508748,
        -0.33789923770485153,
        0.6647892460890996,
        -0.2889219848553121,
        0.10073025045192778,
        0.7949417019020684,
        0.8562094471243745,
        0.061710199066027524,
        0.8707255068719997,
        0.5680626739244657,
        0.12997792539072617,
        0.5333935821742588,
        0.6787641756828947,
        -0.786906780234384,
        -1.468446122983117,
        0.9981246948926157,
        0.18915304176987568,
        -1.0226705047584477,
        0.6211388447730104,
        0.6706279839057958,
        0.14182966114050044,
        0.9591761191402939,
        0.7278489686595335,
        0.4907906049751886,
        -0.6626218938036179,
        -0.42781844381605705,
        0.45394318677552803,
        1.9555577913969762,
        0.8667496276260869,
        0.4594595897319559,
        -0.4411231683801694,
        -1.0863764913068787,
        0.246925343509179,
        -0.29779449892332566,
        -0.23541786493631445,
        -1.0740718440274035,
        0.144775384965683,
        0.3972623021632692,
        0.6700771595731466,
        2.7125838189018,
        0.5897532663366792,
        -0.5551264229208216,
        0.3440285216139795,
        0.7067691269087641,
        0.900500254456283,
        -0.25444026787036295,
        0.13787543183481143,
        -0.2864467788753783,
        -0.09218304433599683,
        0.9144154438661767,
        0.12284252462185247,
        -0.21388388111099604,
        -0.8272073112961507,
        -1.7779429084459137,
        -0.8650066565393076,
        -0.1611797740227854,
        0.061203567398501635,
        0.35699882193408206,
        -0.2554164703578475,
        -2.3908456374590346,
        -1.1208858821404624,
        1.101357992992767,
        0.4773470052199559,
        -2.3077778358989365,
        0.14064388527413443,
        0.27575441081004937,
        0.45618011958608184,
        -0.08238735815878387,
        0.8757386173864689,
        -0.6200194031738244,
        -1.043884321293944,
        0.5250207497246442,
        0.711880023070508,
        0.4183218072322311,
        1.1309985481794884,
        -0.7335194471715176,
        1.4650734810304045,
        0.5152307384375789,
        0.048495931386978525,
        -0.8360570228057047,
        0.3282574133090812,
        -1.2425133401547146,
        -0.024239710283769842,
        3.408899371446257,
        -1.0850116114965147,
        0.674030135295135,
        1.81182405600686,
        -0.0031903608321884836,
        0.1779783506388869,
        -0.6749378992716587,
        0.9009989827982585,
        0.774459183563011,
        0.46160207969707345,
        -0.897574626397027,
        0.5185545403029346,
        -0.30728454345591233,
        0.6936973202274044,
        0.4220665065062411,
        0.6281217520670122,
        1.4150566185459987,
        -0.9377151823935634,
        0.1127273913697291,
        0.9372184862730243,
        1.5614568582882151,
        0.7035672083826845,
        -0.5823918030311618,
