{
    "idx": 706219,
    "fights": [
        {
            "enemy": 5,
            "fitness": 90.49936107665805,
            "player_life": 59.80000000000033,
            "enemy_life": 0,
            "time": 240
        },
        {
            "enemy": 6,
            "fitness": 57.696695091940924,
            "player_life": 0,
            "enemy_life": 30.0,
            "time": 201
        },
        {
            "enemy": 7,
            "fitness": 88.80627799644579,
            "player_life": 42.40000000000029,
            "enemy_life": 0,
            "time": 229
        },
        {
            "enemy": 8,
            "fitness": 86.95935834262663,
            "player_life": 28.000000000000256,
            "enemy_life": 0,
            "time": 344
        }
    ],
    "weights": [
        0.7498835233246076,
        0.2857739451889669,
        1.9054443238139211,
        -0.6700271199824295,
        -1.0460926188020494,
        0.49797749535215025,
        -0.9896701831959729,
        0.80548517450914,
        -0.6768750446938141,
        1.1622158610773345,
        -0.08813140151199889,
        -1.232457466976234,
        -1.4236408530854354,
        0.05918054940122297,
        -0.35714672442866496,
        2.2919013517686873,
        2.265255367903374,
        0.4903505048083575,
        0.29075076315632087,
        2.7992943395242578,
        -1.0856031080939428,
        0.5802559751865898,
        1.6611423337987452,
        2.022194830438748,
        1.0123167095553198,
        1.9659763787185611,
        -2.468899364877062,
        0.411525654493786,
        1.6425180686994438,
        1.3720969602415403,
        0.278982997681142,
        -0.7400811667069124,
        -0.5250797200813986,
        -1.1434446821845987,
        1.1556657539443969,
        0.5612453011716484,
        0.49703245210310343,
        -0.9583603592752736,
        -0.005884010194682987,
        0.6389275175539431,
        -0.4626383779029275,
        -0.7048333906633608,
        0.7165097696202288,
        0.9930581691850029,
        0.2593567156496652,
        0.0006248487182508589,
        1.837163575130115,
        -0.021100546160591344,
        1.7393761530257634,
        1.1227626517354747,
        -1.018227956346439,
        1.9405605475318262,
        -2.0076395235274833,
        -1.1883573127249583,
        -0.61564259517314,
        2.3559858952890433,
        1.0409262651051305,
        -0.40611836603443774,
        -2.2154937533775008,
        0.0358607155588756,
        0.7317407595742541,
        -1.2162135375592245,
        -0.7575105681151519,
        1.1159126132786374,
        0.3239585026313867,
        0.5826934237212045,
        -1.412754907993468,
        2.397062590174293,
        -0.7667155340238565,
        0.2922385836488489,
        1.3298211467734489,
        -0.49584237753515203,
        -0.5175945205849583,
        0.6856362529646969,
        -0.4038025528272132,
        -1.38978340417228,
        -1.8028969509007766,
        -0.46206250821473216,
        2.5512712911643782,
        0.3319147205608388,
        -0.01902867728228773,
        0.24198754183078597,
        0.3695982214714315,
        3.3155123435122236,
        -0.9232166387229499,
        -0.4764861752155608,
        0.22973444662909814,
        0.1455114869837351,
        -0.6156873523297773,
        -1.765629103608182,
        -1.2948269831766397,
        -0.3816682304484991,
        0.1376446051746894,
        -1.746642188092338,
        1.2095644221984123,
        -0.6145618398282224,
        -1.2840457038454074,
        0.09332631283211437,
        1.8258226553834307,
        -0.5457767578630647,
        1.6034098721780872,
        -1.1593588443960634,
        -0.04934576156875046,
        0.09680864893969163,
        -0.35273732227158106,
        0.1361071366649843,
        -0.7588362081017194,
        -1.5018916564300413,
        0.8839905150855047,
        0.05855119904946338,
        -1.1586591300036653,
        -0.9183065292934511,
        0.5578324594741056,
        1.1707177425002424,
        -1.393110007000189,
        -0.11926768309733554,
        0.6228884785301229,
        0.20282774453662467,
        -0.40906027907511805,
        1.581770046148679,
        -0.10769695932766257,
        0.00223628543348664,
        0.8971119991025223,
        -1.869202468391959,
        1.4584362979889494,
        3.2385251234648136,
        0.8128833415617033,
        -1.621999116336314,
        -0.02109031658265466,
        0.1779314500721541,
        0.3725696907178748,
        0.30625366634292844,
        -0.4022801181640479,
        0.3461760673078626,
        0.3707492703064508,
        0.8213401352524664,
        0.52568970560931,
        2.0137967031085084,
        0.3000352783753718,
        0.096377394941633,
        2.1553370266018437,
        1.4829569533043283,
        -1.5923405887014064,
        0.8655129437136945,
        0.30491142499017776,
        -0.3646112108975579,
        0.9387455649422325,
        -0.9676103942668536,
        0.060473299359443046,
        0.16006260528583513,
        1.0413924682578515,
        1.202874569673346,
        1.686772507828724,
        0.08410649082240912,
        1.0938878174560238,
        1.4571241443574976,
        -0.30636275139673,
        1.9322932073115253,
        0.7877275835526308,
        -0.7853848282271015,
        -0.5777430320360161,
        0.4050816145631627,
        1.181306313871416,
        -0.7046568071580982,
        0.10203665363393948,
        0.3233590234705821,
        0.7181943690636226,
        0.8310985268150102,
        0.09965317194215098,
        0.47592969925134176,
        -1.2094649306507457,
        0.03197762196420632,
        0.4985422960049101,
        1.3054134813757932,
        0.30070199845195256,
        -0.76137594968232,
        -1.2179087498115806,
        -1.3648495641206062,
        0.7299078823951026,
        -1.5142798731888727,
        0.4783384405276287,
        0.4126083816716763,
        0.5370002500951241,
        0.3349950587258092,
        0.08108590195772422,
        1.0706247582126975,
        0.7351966167303979,
        0.06641290989638207,
        -0.24495060950755693,
        0.5716189850416579,
        -0.2736671491277168,
        -0.3268959513768256,
        0.18560398696877367,
        -0.4247341381693417,
        -0.3113424712666226,
        -0.10257957017349872,
        0.6433058903171547,
        -0.30688390174060004,
        -0.8174043777684581,
        -1.9834424692526937,
        -1.0834084007326445,
        -0.13287723949383737,
        -0.2340495873441907,
        2.5272467064869613,
        1.3559411235496266,
        -1.571978662127286,
        -1.1731429841596566,
        -0.10820391484466826,
        0.950577315575809,
        -1.9544215853248392,
        0.22487042799222046,
        0.47610578324346675,
        1.011794831279514,
        -0.14029389748489948,
        1.3706141664366474,
        -1.3985832802094251,
        -1.5683744009328207,
        1.048392088028472,
        0.887292713127479,
        -0.47515291385720293,
        1.6304611618752052,
        -1.273532839908626,
        1.3000195640163184,
        0.9888257772637498,
        0.5007192354198421,
        -1.7606632116072725,
        0.6787642608071245,
        -0.9611125849539325,
        0.5918062550459344,
        1.8043675340966692,
        -0.1454905218284297,
        1.1547724896161013,
        1.501182166514198,
        0.7174109166167218,
        0.48884459478055015,
        -0.47241375506452,
        0.964613803425989,
        1.2592675607470005,
        -0.1571430025297224,
        -0.7567466432289354,
        0.5040628137575898,
        0.6593047067742673,
        0.2857907534929801,
        0.4653719572030344,
        2.128195152043121,
        0.5043291871004405,
        -0.9990496814061846,
        1.1273671402417917,
        0.9532437782093186,
        0.2789056183889849,
        0.5405794358941406,
        -0.6255758231888414,
        0.162447889231904,
