{
    "idx": 703420,
    "fights": [
        {
            "enemy": 5,
            "fitness": 89.31275134159978,
            "player_life": 49.000000000000306,
            "enemy_life": 0,
            "time": 267
        },
        {
            "enemy": 6,
            "fitness": 39.72188534076948,
            "player_life": 0,
            "enemy_life": 50.0,
            "time": 196
        },
        {
            "enemy": 7,
            "fitness": 89.45758228947824,
            "player_life": 49.000000000000306,
            "enemy_life": 0,
            "time": 231
        },
        {
            "enemy": 8,
            "fitness": 86.33574420258549,
            "player_life": 22.600000000000243,
            "enemy_life": 0,
            "time": 374
        }
    ],
    "weights": [
        0.8544294687073868,
        1.085413967037523,
        1.0423140236675073,
        -0.6421229874755713,
        -0.9446742893167506,
        0.4091988797686888,
        -1.361501520676732,
        1.2229295542340515,
        -0.45315305643188697,
        1.5449414466589304,
        -0.27507252013643524,
        -0.6232610134775783,
        -0.8993750648080505,
        0.7015900473582154,
        -0.8698111145763852,
        2.3097540043388287,
        1.314979272649147,
        1.0077708889655659,
        0.3457490684953873,
        2.6048472834496676,
        -2.333821695411945,
        0.040494826468246634,
        1.3628992292490139,
        1.331059686257939,
        1.0239254120132915,
        1.8448323479687918,
        -1.9934642121406134,
        0.2983192220552651,
        1.0309040139609282,
        0.6617745870539612,
        -0.6411706750306473,
        -0.4857203312129209,
        -0.7664573832115761,
        -0.881707449954516,
        0.7232622974602413,
        -0.0964150982188949,
        0.4621256485023149,
        -0.7191784138521233,
        -0.27768905158655344,
        1.325669310820715,
        -0.103367915713483,
        -0.7025068589783984,
        0.5879736549154734,
        0.9870170661823277,
        0.163402019785836,
        -0.8491698194678194,
        0.9610673838145063,
        -0.12426496416053422,
        0.11987331234131131,
        1.2384493883198144,
        -0.9193308294817466,
        1.836794852500661,
        -1.3855125824586545,
        -1.2298456377314517,
        -0.29282174687064433,
        1.3809910877028628,
        0.39691621662916016,
        -0.2245695200685617,
        -1.9743789348022585,
        0.3459591683963127,
        1.2163713303089259,
        -0.7415331387571151,
        -0.3380546504722266,
        0.6524295814494759,
        0.30041285566851167,
        1.6414386545451465,
        -1.0436329379739853,
        1.3584420851002672,
        -0.7477852771848448,
        -0.6984877639993348,
        0.7195024852875807,
        -1.0816432827146965,
        -0.2328230268298843,
        1.1433423524558135,
        -0.36408133521799346,
        -1.3685374265401966,
        -0.37085149961614505,
        -0.3785284060981198,
        0.8331784401330469,
        -0.26772016946973404,
        0.49068431753858477,
        0.00394727448226268,
        0.614025507313846,
        2.6343466885397793,
        -0.599445837817259,
        -0.775136209967029,
        -0.5999371638704567,
        1.306583897870131,
        0.4163198284247374,
        -1.5370833169596356,
        -0.5909234668244057,
        -0.3310753243087849,
        -0.2509031612167919,
        -1.682551021050876,
        0.6345479799045062,
        -0.551545462650751,
        -1.2037899429456953,
        0.20661203028034167,
        2.057827021788837,
        -0.9651048223603244,
        0.8066500018261654,
        -2.1355327166304505,
        0.6466097459431122,
        -0.8650583707784711,
        -0.2518987914558225,
        1.5415422907494052,
        -0.15356430248881736,
        -0.8149595893806365,
        0.813736691293277,
        -0.6937214582585214,
        -0.071025039018816,
        -0.9694687460530915,
        0.9608209389797403,
        0.2745454838247785,
        -1.2423315396524686,
        -0.017125532655478504,
        -0.2981257220298203,
        -0.21266625600544298,
        -0.1293516139738487,
        0.49289258684632176,
        0.3883042928777419,
        0.3271716549115618,
        1.5214035081011434,
        -1.392442383023616,
        1.077692803663757,
        1.9188814518156723,
        0.6057092441506152,
        -1.5536673090862643,
        -0.16565433747676822,
        0.2181017435493303,
        -0.7075954387006804,
        1.4017412968854406,
        0.14076684537269274,
        0.18406566190789872,
        0.7104025641522046,
        1.0848309011495096,
        -0.03155867311742143,
        2.369961869230666,
        0.23073214369729328,
        -0.8229382677479262,
        1.3063207687899645,
        1.4405380916381496,
        -1.2674786831675913,
        0.1015536969616374,
        -0.06878316968499797,
        -1.0586095833521,
        0.9720635271191873,
        -1.6786237951391247,
        1.344390554970123,
        0.6921527660562321,
        -0.06785498703491996,
        1.6327005637059366,
        1.6726375251811676,
        0.6004405759661932,
        1.3120448936380007,
        1.40534517035943,
        -0.001028910592544209,
        1.58119090213358,
        1.2003450413796053,
        -0.7491844548345995,
        -0.8896578518847946,
        1.061371357959932,
        0.2137226923160938,
        -0.25405517572716474,
        0.5325542786226952,
        -0.5455667792659838,
        0.13765529109089936,
        1.2999505762435903,
        0.8191100465667358,
        0.6418467482208966,
        -1.461580333264643,
        0.21259625362808124,
        0.5654160194947796,
        0.05297507932618821,
        0.24312511777892684,
        -0.7775447879287771,
        -0.6154908023380902,
        -0.3851083256419211,
        -0.06423453876965138,
        -1.4125400924325697,
        -0.020065130838391586,
        0.356639032404396,
        -0.7478171939780053,
        0.5528874006422989,
        -0.07043401903510092,
        0.6985685277436602,
        -0.21939776559763413,
        -0.5354200128929543,
        -0.09051797802137596,
        0.46413731136805797,
        0.2232576212550424,
        -0.32649891812184206,
        -0.36497444039359883,
        -0.45053088199806324,
        -0.129720883188479,
        1.0888880339892855,
        0.36655869687286846,
        0.07569200083481328,
        -0.3351818564491028,
        -1.77990673018608,
        -0.5057502430302591,
        0.09174465738205193,
        -0.03732162544521332,
        2.0605584718354533,
        -0.32562908870901264,
        -0.9279091905115887,
        -1.3345685626253276,
        0.7152709916587145,
        0.7930194888951883,
        -1.4959500220558288,
        -0.18787967514787596,
        0.8800742936486802,
        1.0628823965929757,
        0.03668166461725522,
        1.2788487179050285,
        -0.8483810658950012,
        -1.2548419608881236,
        -0.20189728011644342,
        0.8448041503083943,
        -0.5149334334516208,
        1.0232318781483942,
        -1.482464325169477,
        1.0257533942754877,
        0.697405302857596,
        0.3189029893440531,
        -1.4961459436520768,
        0.6417964158381948,
        -1.2524330178315137,
        0.05591385961027526,
        1.2948147938158276,
        -0.7279548299259807,
        1.3689863229061907,
        1.1899883201498738,
        0.021462747530597136,
        0.37397069476801936,
        -0.21351260805767358,
        1.1134650115491578,
        0.9673669879655993,
        0.7082561014237503,
        -0.59831766791828,
        0.5920311849723097,
        0.08121836751746639,
        0.48702218007458237,
        1.0225505238643886,
        1.1601449026496837,
        1.2425567068264909,
        -0.9969405744095492,
        0.5900994212609512,
        1.2441579845946062,
        0.12861157056943073,
        0.7135450147407998,
        -0.37707484557996596,
