{
    "idx": 703035,
    "fights": [
        {
            "enemy": 5,
            "fitness": 89.85275134159977,
            "player_life": 54.40000000000032,
            "enemy_life": 0,
            "time": 267
        },
        {
            "enemy": 6,
            "fitness": 39.63870783429057,
            "player_life": 0,
            "enemy_life": 50.0,
            "time": 213
        },
        {
            "enemy": 7,
            "fitness": 90.03289246928257,
            "player_life": 53.80000000000032,
            "enemy_life": 0,
            "time": 210
        },
        {
            "enemy": 8,
            "fitness": 89.22322890233346,
            "player_life": 48.400000000000304,
            "enemy_life": 0,
            "time": 275
        }
    ],
    "weights": [
        0.8932404470525727,
        0.8416272117790828,
        1.046009898315099,
        -1.035520082654391,
        -1.3555411833195798,
        0.11859170141764516,
        -1.5601234722702186,
        0.9985246313374038,
        -1.2834093576191477,
        1.4606696771098477,
        -0.5748883281930846,
        -0.5770886359523952,
        -0.9833412075415813,
        -0.641642809112381,
        -1.0482198904471236,
        2.4036133272957185,
        0.7686172052376976,
        0.5042005097487242,
        0.45516111547080873,
        2.4387266004362007,
        -1.6864605151829961,
        0.6184357869124707,
        1.4212547185157605,
        1.0831391039197953,
        0.5256322967597868,
        1.2435363749160921,
        -1.7246015665089363,
        0.4625004014839981,
        0.9392685150800817,
        0.9108863311753135,
        -0.8233120905154477,
        -0.6263373578387674,
        -0.8995645915666727,
        -0.9647951800084753,
        1.1187488867568,
        -0.29035069493588417,
        0.1878056100025012,
        -0.5731733203793885,
        0.10448010777047413,
        0.9254103897298466,
        -0.017174177960323306,
        -0.8780275278835562,
        1.3828529523688404,
        0.8492901768633652,
        0.2144088914797896,
        -0.33546951745805464,
        1.291840333188321,
        -0.1833258957605632,
        0.8911743787933001,
        1.0345026408441496,
        -0.487625323735732,
        1.6308118735466108,
        -1.2201233374733267,
        -1.2193700843198136,
        -0.41911465094548384,
        0.9650410426501986,
        0.6392687139384904,
        -0.23033042875796222,
        -2.2228232696583774,
        0.3035346156399355,
        0.7079174027527384,
        -0.7379095526808249,
        -0.3933371049241603,
        0.5785345122113845,
        0.9830882969486073,
        0.7812548762513072,
        -0.8576478083469925,
        1.2263663945085983,
        0.7924670140090899,
        -0.1793348348265302,
        0.9187827607320058,
        -0.6313923191871873,
        -0.0018123019648216832,
        0.24093326075618304,
        -0.5582009860641323,
        -1.3376882804881143,
        -0.30765440705571423,
        -0.03448081487837319,
        1.0288122331836371,
        -0.39760866043303894,
        0.49323159278077866,
        -0.3291686094525779,
        0.30062364426494415,
        2.584914632053031,
        -0.20717476113861488,
        -0.7513655818596666,
        -0.35763630640949295,
        1.0950719817683747,
        0.17417497926047792,
        -1.5285119119430026,
        -0.5109551780541121,
        -0.5360514580369191,
        0.11443405718427138,
        -1.0938724696103852,
        0.8906602016542053,
        -0.5597841136831687,
        -1.2879018413387908,
        0.05255876965157824,
        1.4935359194132982,
        -0.841374715321629,
        0.9863419668269033,
        -1.9590450177190286,
        0.7963457026915585,
        -0.782307082652539,
        0.08293334138184202,
        0.731511758183805,
        -0.046912810514090006,
        -1.0931068699707556,
        0.7854668369142411,
        -0.8651944969173218,
        -0.8353895671956021,
        -0.13249545610300012,
        0.9722478385433035,
        0.039066579189573125,
        -1.2974894575888651,
        0.010195816634730763,
        -0.2469061487688673,
        -0.19114200405899856,
        -0.20790868830078058,
        -0.1354872506916069,
        0.1208610357390523,
        0.07843200400131152,
        0.8476849126861662,
        -0.9399151527834272,
        1.434273764029417,
        2.1600256516930765,
        0.864351624781136,
        -1.3704488196261515,
        -0.2034019250582534,
        0.01036863898947775,
        -0.45286178082932754,
        0.6170560248196796,
        -0.09155956898803962,
        0.6113529491783085,
        0.36070908098814947,
        0.9805706823511386,
        0.29542145467684344,
        1.0958969057134713,
        0.33070573416977994,
        -0.9881505703574054,
        1.1407141811136905,
        1.2885167507589608,
        -1.2787960038494808,
        -0.5385704985358912,
        0.5381413827959766,
        -0.4337038516745555,
        1.5637299264209847,
        -1.159201654634791,
        1.2831077111045355,
        0.5750771602668105,
        -0.18973687302023698,
        1.7897932107672796,
        1.5991734505823278,
        0.546369792775968,
        0.7978434466607521,
        0.9419296572318854,
        -0.043006664470340634,
        0.4615962377049372,
        1.0375836602546922,
        -0.43685246662619764,
        -0.497011687571862,
        -0.06981547781391068,
        0.366580528391663,
        -0.5510118222338635,
        0.8832053896072216,
        0.3118271126380142,
        -0.11267509446603266,
        0.6021397966579616,
        0.7682884575297835,
        0.7149422789011868,
        -0.14299710450681613,
        0.4901498639030153,
        0.5941758944396327,
        0.8251710934708277,
        0.1633906506480589,
        -0.7849226019805974,
        -0.5194506341627527,
        -0.7934988686231915,
        0.5572948964266503,
        -1.2588888636602922,
        -0.05246500486258941,
        0.5004640084858334,
        -0.6055296435876274,
        1.1026417964069917,
        0.2510690682739638,
        0.7018898350422773,
        0.34461900771959103,
        -0.14251044947398817,
        0.0029150318837592726,
        0.8661415567757509,
        0.15363857531813005,
        -0.17251626028553568,
        -0.050564486231593125,
        -0.3231609711707611,
        -0.006987944675283367,
        0.9504898775844732,
        0.16705459566556807,
        0.0017788229726353605,
        -0.1843386008208851,
        -1.8133577128012601,
        -0.4541238745153828,
        -0.20788196126435116,
        -0.0047930625429856155,
        1.8888715937770963,
        -0.38490789100449385,
        -1.34186499006778,
        -1.395414335649109,
        0.5912999384233163,
        0.8003551855902648,
        -1.7274103172516544,
        -0.18010136520762268,
        0.31216830939904383,
        0.524256357241776,
        -0.7549003404241027,
        0.6355588089038847,
        -1.0631771098894123,
        -1.2436257734332463,
        0.13623851782817292,
        0.875271658382948,
        0.08715701690197795,
        1.051759680539868,
        -0.9830180969789858,
        1.3593347474301207,
        1.0029231477540044,
        0.33050775421683337,
        -1.2911036726307807,
        0.8144889847462928,
        -0.9845267197724332,
        -0.061865033841669526,
        1.5850829118984355,
        -1.4049574174474513,
        1.1271781532932297,
        1.3268345828274795,
        0.1567129529490643,
        0.4274245352702638,
        -0.06832172687121055,
        0.7999309467013034,
        1.300368407995327,
        0.48767463346188317,
        -0.5961250742205412,
        0.6295630945174948,
        0.04633986075454549,
        0.5329828768379907,
        0.7540191807586658,
        1.0723275638448024,
        0.5779839523297966,
        -0.7169560164931161,
        0.4933302650559245,
        0.9219299337806157,
        1.5338732068945944,
        0.9867657461319587,
