{
    "idx": 709577,
    "fights": [
        {
            "enemy": 5,
            "fitness": 90.94027017401382,
            "player_life": 65.20000000000033,
            "enemy_life": 0,
            "time": 265
        },
        {
            "enemy": 6,
            "fitness": 39.39052820481504,
            "player_life": 0,
            "enemy_life": 50.0,
            "time": 273
        },
        {
            "enemy": 7,
            "fitness": 89.66341372532803,
            "player_life": 50.20000000000031,
            "enemy_life": 0,
            "time": 212
        },
        {
            "enemy": 8,
            "fitness": 88.81968822339262,
            "player_life": 45.4000000000003,
            "enemy_life": 0,
            "time": 305
        }
    ],
    "weights": [
        0.45107157651078916,
        1.2457621037432123,
        1.0951032482509404,
        -0.6521410776386154,
        -1.4066336723137576,
        1.0345771090190536,
        -1.3161249901128496,
        2.037451766859085,
        -0.9263751924087464,
        0.8543432235812559,
        0.5057167501582938,
        -0.7644098068580794,
        -1.4861497787455862,
        -0.8097061754582007,
        -0.7987267867713916,
        2.35582383077291,
        1.811628673958296,
        0.6319191330366232,
        1.1546860722704089,
        3.0537994461601494,
        -1.4021905532027503,
        -0.08443952369442435,
        1.4059983140306316,
        1.5086626898401694,
        0.8352389629451191,
        1.1696303954221408,
        -1.0848137808071938,
        -0.2065042064106983,
        0.8327253361509918,
        0.8609507062084611,
        -0.4747087212943054,
        -1.8048115506547566,
        -1.3943514232953562,
        -1.2098274809698508,
        1.3280193389814756,
        0.0808071750146474,
        1.1209554635476935,
        -1.1627698942320022,
        -0.362472539808588,
        1.2801530799840295,
        -0.5093737695024614,
        -0.5054000772394143,
        0.6616900172217772,
        0.09935501733424701,
        1.2663271464340213,
        -0.9113452487784055,
        1.56482757050771,
        -0.3649707379083803,
        0.9703605851953421,
        0.3300258547600425,
        0.2810651334830537,
        1.5937908139941563,
        -1.300463681116028,
        -0.25789978694083304,
        -0.8631683711284358,
        1.8739574718910925,
        0.9225977163070518,
        -0.9343847643666305,
        -1.439810097757722,
        0.56864738051518,
        1.3519859686855076,
        -1.1429362154780152,
        -1.1936590950754076,
        -0.11257472648476834,
        0.41183971503668926,
        1.0070230032368874,
        -1.1962850501933078,
        1.5017419781597756,
        0.729939948596533,
        -0.8992593008119565,
        0.7927948851518811,
        -0.3602550188432,
        -0.3358568618974984,
        -0.18285638476180174,
        -0.8109183660660827,
        -1.6135242607361515,
        0.29383033476383025,
        0.6952934694307453,
        1.1880850950795094,
        0.9320119106086073,
        0.4954406262204453,
        0.3895563979208539,
        -0.021015293434522936,
        2.3964488350569635,
        0.015409373566452278,
        -0.5721148986110968,
        -1.0223618246254613,
        0.8489819292977162,
        0.08369092512811467,
        0.23883946405380563,
        -0.042596342812755116,
        -0.6542651268873902,
        -0.18602738239603,
        0.38422929256632204,
        1.0317783864924324,
        -0.1265862788457907,
        -1.4790187833385473,
        -0.8557514661068277,
        2.400089292199052,
        0.19470197878411039,
        0.882116597082715,
        -2.4799551575715992,
        -0.06439375270487169,
        0.42316891034360804,
        0.2992840368524304,
        0.8027575653141538,
        1.00102432967307,
        -1.2866756757324638,
        0.30818639538747533,
        -0.3851034479295055,
        -1.9802647358317744,
        -0.7327211592195478,
        1.343468469357681,
        -0.27818314742218897,
        -1.43059145166662,
        0.45208300353490477,
        -0.6248506947076362,
        -1.1021027555451937,
        -0.00898266974662331,
        0.27481237814026377,
        0.2999369442264894,
        -0.005419222638164675,
        0.6341477641733226,
        -0.7912387676363659,
        0.8447521543878584,
        1.0565633523256492,
        0.16242913580470753,
        -1.60764219012546,
        -0.5377261176477267,
        0.029820120967291773,
        -0.42260292471529676,
        -1.053506605888993,
        0.6021589639573875,
        1.8854996369679409,
        0.646397589626161,
        1.051508898079003,
        0.3467206801035745,
        1.3623769001775494,
        -0.44776877213137845,
        -1.1175583030862986,
        1.27513186854301,
        1.7566043067315935,
        -0.07141084348795118,
        -0.6376861903457565,
        0.5989105623443303,
        -1.3644027238603846,
        1.1580994867103274,
        -0.827180385564847,
        1.3961625345149047,
        -1.2058250547419977,
        0.09494774489613952,
        0.9125894872577182,
        1.4007747381943578,
        0.11859685794145008,
        1.478515883494033,
        0.8514024516004066,
        -0.5986645528067677,
        1.1471027927652013,
        1.5847971449429021,
        -0.6801220913451025,
        -0.9265106246042694,
        0.4262382321723619,
        0.231479136024495,
        -0.5281279656618911,
        0.7901504757623011,
        0.298978593170767,
        0.20632612587392607,
        0.6002219047492008,
        0.26989293815719057,
        0.2048292745214741,
        0.056855248003006176,
        0.06910460317512387,
        0.3274886659552016,
        0.6320377173190259,
        1.0179361012347319,
        -0.8667047438613286,
        0.9668131253354794,
        -1.0556929277189766,
        0.5534346875080595,
        -0.2568514346074656,
        -0.8820471194756062,
        0.5455734284175509,
        -0.72691707227424,
        0.22825802102698697,
        0.2070642947668873,
        1.1741525830793076,
        0.6595702964879472,
        -0.3228523000016102,
        -0.23414813117510877,
        0.3982009658119791,
        0.26312873601682585,
        0.10665996622729962,
        0.4458046526397363,
        -0.7891087277626122,
        -0.40185640541456824,
        1.7197997188593157,
        0.08116458763647967,
        -0.19372515296259835,
        -0.4183055251971369,
        -1.457967705339165,
        -0.4546226883949193,
        0.3995139870219551,
        -0.6886482054133533,
        -0.3848300406563492,
        0.9545640963005315,
        -0.7416901319467365,
        -1.6646917683114404,
        0.1115978494644883,
        1.5934247508875503,
        -1.3859648968065204,
        -0.5658290907768806,
        0.5409298992293943,
        2.6287905552235435,
        -0.2466313455285415,
        0.9007602780803114,
        -1.0881739425278036,
        -0.6505390417674599,
        0.09850491723563712,
        0.945245585653648,
        0.6710546220247604,
        1.6323580862570857,
        -1.0870479542345086,
        1.5984416033474964,
        0.19934407355808603,
        0.653374808957571,
        -1.3879461851916128,
        0.6211875715221874,
        0.8205925330947392,
        0.0057037227861998635,
        0.4290278477533902,
        -1.1870501460250817,
        1.730609486436236,
        1.4537637607796763,
        0.27685932588460893,
        -0.11105685211844872,
        -0.3931589605980683,
        0.9587225610775647,
        0.8817099696844718,
        0.6698076943656421,
        0.17451277476292557,
        1.756278099725978,
        0.1189691573302767,
        0.6366259912684709,
        1.1533670553212119,
        0.686219663619424,
        0.6031792099544944,
        -0.43844765681898423,
        1.1816061196408014,
        1.1483395844439037,
        1.4598551786898009,
        0.25142155044337045,
        -0.7865997335581869,
        -1.0250639015291994,
