{
    "idx": 709572,
    "fights": [
        {
            "enemy": 5,
            "fitness": 87.14855887687001,
            "player_life": 29.20000000000026,
            "enemy_life": 0,
            "time": 321
        },
        {
            "enemy": 6,
            "fitness": 85.89853908213777,
            "player_life": 14.200000000000228,
            "enemy_life": 0,
            "time": 250
        },
        {
            "enemy": 7,
            "fitness": 66.63870783429057,
            "player_life": 0,
            "enemy_life": 20.0,
            "time": 213
        },
        {
            "enemy": 8,
            "fitness": 87.13935834262664,
            "player_life": 29.80000000000026,
            "enemy_life": 0,
            "time": 344
        }
    ],
    "weights": [
        0.6184269806959857,
        0.6628284871912199,
        1.0557188559992152,
        -1.4065571909132213,
        -0.8732372300758304,
        0.8346211899218876,
        -0.8969410521593848,
        1.5774946007825827,
        -1.1931094387809618,
        0.31825627383850585,
        -0.33246693935326016,
        -0.7010172017029245,
        -1.098721108862419,
        -0.8964785704336767,
        -0.18580274543779962,
        2.3732946444752425,
        1.9421531093210307,
        1.1597817053767279,
        0.8829438293373437,
        2.6109882240879805,
        -1.0184918996754107,
        -0.6115693231369115,
        1.664398061735397,
        1.4721425507133181,
        0.8235790460045075,
        0.9800374853730471,
        -1.1574584428069463,
        -0.17565500764204486,
        0.7518987247307325,
        0.4598012334998399,
        -0.3363669493834125,
        -1.0215400585274028,
        -1.3588772119222081,
        -1.217535956695513,
        1.746823567512246,
        0.1801907914405328,
        0.9090984620662327,
        -1.233936792886042,
        -0.2849002444744551,
        0.4762742724955604,
        -0.5237106266607011,
        -0.5696819952533667,
        0.8606620399305354,
        0.18910944433172638,
        0.1863998458500803,
        -1.211335831245078,
        1.8113319417603784,
        -0.13672230896221924,
        -0.1769399705448988,
        0.6659165369947138,
        0.14571093117704997,
        2.3264488574348228,
        -1.2808423826620603,
        -0.16818634050124104,
        -0.7947983621255447,
        2.001339030472573,
        1.2015676535308606,
        -0.8474100814821137,
        -2.1955181975260394,
        0.7550471551780957,
        1.3958638565138788,
        -0.7765296873423475,
        -1.1620259713238221,
        -0.016752114388652442,
        0.23887587130437316,
        0.7363108099399424,
        0.3896354072678756,
        1.4946396221090152,
        0.27713358174186326,
        -0.8795216999048453,
        1.1261608748887713,
        -0.31290391546281293,
        -0.3490363922068702,
        -0.16224370703556085,
        -0.3897704947430419,
        -2.514656854153485,
        0.24912397192590918,
        0.578305231422484,
        1.8072546082482657,
        0.40290548322754444,
        -0.6738527997469633,
        -0.08016204459651603,
        0.21373506823504296,
        2.8143944908031857,
        -0.2205475903848673,
        -0.6128026873524353,
        -0.77932977270538,
        0.830729044533477,
        -0.12858760145242987,
        0.46973481626549984,
        -0.3440310073691124,
        -0.6011488926314189,
        0.35060035411481666,
        -0.05933691587054851,
        1.0610599516015196,
        -0.5273596110011077,
        -1.547385338018298,
        -0.97128908375763,
        2.3605073523938382,
        -0.9445839982361066,
        1.1746224445513112,
        -2.4880025293957893,
        -0.0045245579684647895,
        0.4373483185928968,
        0.03948396579187779,
        0.71077039065454,
        -1.223782755469219,
        -1.1758264810080559,
        0.6939975864228911,
        -0.34442887305659037,
        -1.8853525418409356,
        -0.47454807939059956,
        1.5050288519565502,
        -0.5892940154316404,
        -1.4505542954135817,
        0.47601646807620884,
        0.020337098382262303,
        -0.9732523031036965,
        0.11562557403995649,
        -0.01936810252164552,
        0.7031871235194546,
        0.3157040077623297,
        0.15024466817712234,
        -1.0307651438583116,
        0.9258073705824427,
        1.2528592736759734,
        0.7587452861430808,
        -2.0801018486074048,
        0.23035707208104333,
        0.24136017795328885,
        -0.4963552748499449,
        -0.9638929339177896,
        0.21121089296723702,
        1.9140334955356897,
        1.0581081869565054,
        1.2126832922617372,
        0.1201534535964283,
        1.4651984595983012,
        -0.17140154293152515,
        0.04207081832671241,
        1.2886095574821292,
        1.5718348285800312,
        -0.6987867032725483,
        -0.3755941716235914,
        -0.2201079181857587,
        -1.2966191807345147,
        2.2985232291898696,
        -1.5808876323330137,
        1.9296342768082408,
        -1.1718867057339417,
        0.4089709975524355,
        1.1126837072690465,
        1.5694343463223515,
        -0.05888946978247006,
        1.9113576576732625,
        0.9406551761915953,
        -0.2567240182821571,
        1.1364524111206642,
        1.5681619040839558,
        -0.7673254355753594,
        -0.7333158198938996,
        -0.13039966303882244,
        0.2701021278282623,
        -0.375440031842332,
        0.5020330973766738,
        0.3861453638999623,
        0.23895727900625915,
        0.627366800446597,
        -0.2412442607360984,
        -0.3552165101269358,
        0.08291912029167536,
        -0.31804419294135705,
        1.0228055524133732,
        0.5147945983197055,
        0.2642291669940591,
        -0.9211705392021832,
        -0.23695523680534672,
        -1.0413475408474686,
        -0.008021817720627489,
        -0.3741171155041546,
        -1.0238850988648431,
        0.27917858205981316,
        -0.7382410591034351,
        -0.1527206255013707,
        -0.20637982042316738,
        1.7337731750256524,
        -0.13769118174157885,
        -0.4585890506198561,
        0.21171767090359603,
        0.005696698165781056,
        0.2860673114483757,
        -0.520648595366371,
        0.37075945216966477,
        -0.8167658913207813,
        -0.4176593764053281,
        1.6347673118127564,
        -0.36048222372279654,
        -0.1556152105905563,
        -0.42508437807725674,
        -1.387300307353755,
        -0.6528421772702622,
        0.1304545983907729,
        0.008855883676366786,
        0.3906943245592535,
        -0.6501066971815846,
        -1.7273042144518314,
        -1.4353802686360055,
        0.5493885850658401,
        0.4680648848790901,
        -0.678011718189073,
        -0.3573168356902619,
        0.8631887168776835,
        1.1932501126501984,
        -0.23416891411014001,
        0.47708397938213504,
        -1.117490609925534,
        -0.9555864087513775,
        0.8595386706641157,
        1.2596227659019474,
        0.6512580532012907,
        1.8061017607567178,
        -0.8337461407382293,
        1.5981279268771034,
        0.05711038479133351,
        -0.22258136914016655,
        -0.9052666546275671,
        0.5249736973639831,
        1.373183536763445,
        0.14577571823706262,
        0.28037845022522184,
        -1.1170255678318028,
        0.6303566045857958,
        2.5158360355700267,
        0.3865185362467348,
        -0.19990145723391214,
        -0.8867768500668229,
        0.6882710808976907,
        0.9539635186135045,
        0.3304369047135717,
        0.2404912199196701,
        1.8419720654480098,
        -0.012627291168888319,
        0.5304292196651698,
        0.9220279379460654,
        0.1345179056045762,
        0.2266821928691374,
        -0.9365996374170605,
        0.9359867845732163,
        3.861390979894742,
        1.06290953774019,
        0.17672384934945057,
