{
    "idx": 703157,
    "fights": [
        {
            "enemy": 5,
            "fitness": 89.41520306650938,
            "player_life": 49.000000000000306,
            "enemy_life": 0,
            "time": 241
        },
        {
            "enemy": 6,
            "fitness": 30.912403664767616,
            "player_life": 0,
            "enemy_life": 60.0,
            "time": 162
        },
        {
            "enemy": 7,
            "fitness": 90.15289246928256,
            "player_life": 55.00000000000032,
            "enemy_life": 0,
            "time": 210
        },
        {
            "enemy": 8,
            "fitness": 87.53788162462297,
            "player_life": 33.40000000000027,
            "enemy_life": 0,
            "time": 331
        }
    ],
    "weights": [
        -0.08974250264341418,
        0.16828286390698755,
        1.0064432130816978,
        -1.023446716708652,
        0.09984512251426805,
        1.3846964989725647,
        -1.398920108850113,
        0.6077158577209005,
        -0.49743345776569525,
        1.0289579803410962,
        -0.37473566452463863,
        0.6760291512351456,
        -0.959068946936348,
        0.44850559633163156,
        -0.6236402310105015,
        1.8495650339468632,
        -0.2707445818422506,
        1.2290934560149143,
        0.19994999845719177,
        0.8620360728085065,
        -1.1825420414365393,
        -0.3722048935628602,
        1.8239889581247375,
        0.3799610513934009,
        0.7299285074763938,
        1.562504792251128,
        -1.3974408165605063,
        0.2655368990544391,
        1.1131939514819054,
        0.799735333687687,
        0.051635120459805395,
        -0.3407479698739836,
        -0.9580295052052001,
        0.7530305828531088,
        0.9342712100802985,
        -0.21513846301333933,
        0.6844837447000246,
        -0.5848780524513776,
        1.1829574861708723,
        0.5811607265874351,
        0.14635920440939054,
        -0.7021036265497196,
        0.4287603462533066,
        0.13575240141264006,
        -0.04595665483037535,
        1.74288992428481,
        0.4087408571940585,
        -0.8808484020102485,
        0.4815234598426359,
        1.236521016294078,
        -0.8991091019783589,
        1.3518174126700429,
        -1.8180451604200083,
        -0.7453718297922378,
        -0.39092416735456326,
        1.7513250156426685,
        0.5829845230151968,
        -0.2216374646391362,
        -1.4929383299865178,
        -0.06055216126975174,
        0.7818756180052995,
        -1.5440776867527768,
        -0.4116783679602294,
        0.25452541655472405,
        0.6731444978496783,
        0.5975928091625109,
        -0.05482222829383154,
        1.4883209692125225,
        0.583181052151281,
        -0.6939024496402769,
        0.8658020808251039,
        -0.2964324670704265,
        -0.7096568720951595,
        0.664782146960531,
        -0.05269005515531655,
        -1.4404103649836681,
        1.1622345589779555,
        -0.627948726311585,
        0.8556596524729526,
        0.4009132663175289,
        0.5107349068260248,
        -0.47115237973552043,
        1.7087483938884722,
        0.24935537564299398,
        0.24359215956218364,
        -0.6591848986327142,
        -0.5349756862525756,
        0.7516562895975339,
        0.1425003114389618,
        -0.29317774136246055,
        -0.36259994771529586,
        0.2773272494910288,
        0.34977364389624566,
        -0.08016292227752031,
        0.195877014963831,
        0.17065715862839223,
        -0.25644273560703895,
        0.5287674295926504,
        1.6763596013961315,
        -1.24369561712746,
        0.7682864651315804,
        -1.166054107836989,
        1.095588854835107,
        -0.7307463290512524,
        -0.3968909529869586,
        0.6292985862369977,
        0.29051081865910433,
        -1.3514478661938827,
        1.592816278661632,
        -0.39867743604372724,
        -0.8387144733112102,
        -0.028193742200570783,
        2.497544880388273,
        -0.041726092182608296,
        -2.49604194818979,
        0.05646102169365458,
        -0.30292599525364006,
        -1.1159157091160243,
        -0.0832843010133113,
        1.28633453183871,
        0.2582688681205552,
        1.738243620487778,
        1.3908456310610997,
        -0.7990847040369377,
        1.1519833113882267,
        1.9059683925883313,
        -0.520085109619068,
        -0.03733760718396206,
        -0.20300532489262713,
        -1.3000009843386158,
        0.02341113856348126,
        0.12661003416339955,
        0.42405926611918554,
        -0.13104914687013847,
        -0.3273930084898791,
        -0.34281652769077225,
        -0.8000553717473939,
        1.6789085271607982,
        0.5119695466042357,
        -0.3741524954718412,
        1.223457449311091,
        0.8901551079373068,
        -0.8099989892861854,
        0.7582521543651772,
        0.7396139329392248,
        -0.9681041880314555,
        0.6131489270859046,
        -0.39537565293969323,
        0.35363247367444434,
        -0.7570433982609931,
        -0.26777473006716584,
        -0.35581674576198713,
        1.6787876173263632,
        0.2772562028811398,
        1.3720585352656893,
        0.2161456605298835,
        -0.500349335454785,
        0.8342301767197914,
        1.4937634528380757,
        -0.3951211265842951,
        -1.5861000503390459,
        0.5652374676992493,
        -0.026846723932592426,
        -0.08423528328486735,
        -0.7702944342105763,
        0.9804562265042543,
        0.473429099896674,
        0.12833758097629827,
        0.9532750693995773,
        -0.13602498931236046,
        0.7539478299060575,
        0.3100881726887187,
        0.21362453205733706,
        -0.025734967028009127,
        1.2323200393385438,
        0.33054995665225767,
        -0.17353672172621193,
        -0.035350905881266104,
        -0.00047208699265474663,
        0.2812278264113371,
        -1.2810288070255538,
        -0.882892974106354,
        0.1909403989138388,
        0.5411667872006672,
        -0.5774215067844956,
        1.011262265818623,
        0.04506989724859935,
        -1.1625504828019306,
        0.1781877355076661,
        0.43635566811316523,
        -0.21305699391410055,
        0.1185097820579154,
        -0.7129534244026066,
        0.14331047000825653,
        -0.4687646422421607,
        1.2180965017606178,
        0.16472410177398278,
        -1.0959421271559784,
        -0.5468913529168657,
        -0.7557464388571484,
        -0.9126140121612429,
        -0.5913749742119017,
        -1.7135682005922495,
        0.8212714112432804,
        -0.25247021253415286,
        -0.9800007822991256,
        -1.2957758421533772,
        1.1390534419532987,
        1.2546951542701705,
        -1.0570511131640332,
        0.16046608248713104,
        -0.07609181158223295,
        0.23194433414097204,
        0.22148328369348558,
        1.7178707881717115,
        -0.6100838738046025,
        -1.2093508480343154,
        1.0708234678201531,
        0.7552032873091993,
        -0.5538239923577286,
        0.9101320196693986,
        -0.6571311800368128,
        0.9405256472402971,
        -0.052408261000205944,
        0.05641902408959196,
        -1.3172491706753873,
        0.4926183975607557,
        0.5760786403760099,
        0.4394980457981679,
        0.0757931897888378,
        -1.2906727080517653,
        1.1605634231361062,
        1.6014183201714052,
        0.4117022351723907,
        0.7039546459632839,
        -0.6106533415196906,
        0.3842900779740822,
        1.340190150446724,
        0.6533019681306024,
        -0.078846768493474,
        0.9036184199639031,
        -0.1748115228492345,
        0.13472631714659414,
        1.1724832669900669,
        0.6860039797401336,
        0.15160658265965518,
        -0.8666033605440755,
        -0.17266080788416827,
        -0.0877692284758104,
        2.232213096054704,
        0.9285122968506679,
