{
    "idx": 700128,
    "fights": [
        {
            "enemy": 5,
            "fitness": 87.0893574474123,
            "player_life": 30.40000000000026,
            "enemy_life": 0,
            "time": 384
        },
        {
            "enemy": 6,
            "fitness": 75.10835578817422,
            "player_life": 0,
            "enemy_life": 10.0,
            "time": 362
        },
        {
            "enemy": 7,
            "fitness": 89.73289246928256,
            "player_life": 50.80000000000031,
            "enemy_life": 0,
            "time": 210
        },
        {
            "enemy": 8,
            "fitness": 90.01936107665804,
            "player_life": 55.00000000000032,
            "enemy_life": 0,
            "time": 240
        }
    ],
    "weights": [
        0.3552315440279501,
        0.5827783329675429,
        0.9735431880836215,
        -0.17264258803701435,
        -0.8518294456541871,
        0.04699133080221417,
        -0.5396998353420738,
        0.9633287310594424,
        -0.6277896262019218,
        0.5641413904907697,
        -0.9826343704030644,
        0.3599451445895811,
        -0.9556583627249529,
        -0.9367741807254683,
        -1.4588107227354146,
        1.6728009351161535,
        -0.16037003510243192,
        1.2510741725336838,
        0.44109997681032775,
        0.6265408038016633,
        -0.5858570275661462,
        -0.3262105256395068,
        1.4696871131831257,
        1.1070299283942495,
        0.7757096622419721,
        1.5737632633770102,
        -0.6141614105424085,
        -0.10409767851698513,
        0.37346477809027123,
        0.3195801807974615,
        -0.27076394269913784,
        -0.019743220586593706,
        -1.1374861428297258,
        0.20370046210590886,
        0.6464956107998772,
        -0.5377448131988435,
        1.0231550874166528,
        -0.7406527454284912,
        0.16914380029570017,
        0.07131491760073774,
        -0.5881119334466982,
        -0.8721508434890112,
        0.945269675700939,
        0.6350625327487256,
        -0.1297484881112939,
        -1.0535524949594992,
        0.6574415710488225,
        -0.5153845645553459,
        0.49292263708427103,
        1.172467216816293,
        0.05235177002971254,
        1.1246339232296445,
        -1.1601886992039796,
        -1.1071501141303788,
        -0.1537491156289237,
        1.8897613635613857,
        0.09708994783197059,
        0.008312026709277977,
        -1.229957865203493,
        0.6507803351056697,
        0.7230023130217498,
        -0.956510392794153,
        -1.1445124861602445,
        0.2269305540351216,
        0.7780406258767452,
        0.8825391748555559,
        -0.22269750462876453,
        1.055289868695628,
        -0.8180608040478451,
        -0.20220863006396883,
        0.8925021883019563,
        0.10717514868289106,
        -0.9811152762122082,
        0.13978707588145256,
        -0.7680221778089501,
        -2.190788920228245,
        0.3496024238688799,
        -0.8952943092542283,
        0.8766067478239021,
        0.2076953287478096,
        0.14758334234852846,
        -0.18823199745782657,
        0.5427066873651897,
        0.19131229225033797,
        -0.1942678999675952,
        -0.9639332296538895,
        -0.7243952356121905,
        1.1714094886342905,
        -0.11618325916376288,
        -0.5188930358967334,
        -0.3219883883437079,
        -0.6546342863815042,
        -0.442616959505132,
        -0.8353894128152293,
        0.7795878541359323,
        -0.2892325659925254,
        -0.6299792404112965,
        0.09051466032035402,
        1.598948904143056,
        -0.6765471414774887,
        0.7986715107391354,
        -1.5549162520103477,
        0.1441956118095406,
        0.04569573827968744,
        -0.1189397516370722,
        0.5586316910247429,
        0.5670944157764104,
        -1.1796268321566494,
        0.9584531511202822,
        0.052738425166095865,
        -0.8931110608677385,
        -0.028413859898803365,
        0.5219667859316579,
        -0.8671985530089736,
        -1.4570258337309494,
        -0.3314280728361056,
        0.32809389180359255,
        -0.5686917614342752,
        -0.2538152819145383,
        0.7562448663393146,
        -0.11242213344382622,
        1.1922269225623279,
        0.9014221387839163,
        -0.48483578324735355,
        1.9184078881244442,
        1.1704583830975264,
        -0.8826256520569952,
        -1.0371265461155874,
        -0.23931138432065924,
        -0.5974885142831727,
        0.13241296262944866,
        -0.47316954911037234,
        -0.23156005030812415,
        0.35239403988136564,
        0.301032548547575,
        2.115477536452117,
        -0.4712294573814673,
        0.9565172164960924,
        0.4625175960326713,
        0.5389804653409442,
        1.0403580460442137,
        0.9567736872942146,
        -0.7217725332564541,
        0.30347034698581077,
        0.09548308641972014,
        -0.8124571696475982,
        1.0087157439585155,
        -0.7149754064757272,
        0.45805845687523344,
        -0.21276978458148316,
        -0.20708131442200525,
        0.9024322108767516,
        1.2942873379512487,
        -0.6818589778106795,
        0.7078357557174632,
        0.33840493155751716,
        0.16714734499545778,
        0.2083789382740937,
        0.8137525890753882,
        -0.33737651046880857,
        -1.2982457779901744,
        0.7036087598411882,
        -0.27949450748948307,
        0.21366571315820793,
        -0.6686586701480277,
        1.010023261545792,
        0.1946515617664718,
        0.12025964852394966,
        0.2651764416444121,
        -0.23273986397623123,
        -0.28278418549970824,
        -0.10898869500488378,
        0.565169933483338,
        -0.5903249999658265,
        0.8271602409519953,
        0.39111324728257774,
        -0.02162810103119995,
        -0.41479843380385384,
        -0.19966352109376645,
        -0.13663857689001707,
        -0.433978245670093,
        -0.5437348053767286,
        -0.5928676384408073,
        0.17550876529417322,
        0.10288585507449823,
        1.0550116823654483,
        0.23785913920469753,
        -0.9304087188100664,
        0.7035512555953394,
        0.6397668402125083,
        0.09040484596204415,
        -0.23021374140545248,
        0.020665850135008906,
        -0.41273334435939446,
        0.07943233010743297,
        1.6184971696502166,
        0.3332396799504154,
        -0.4331261324308843,
        -0.36755747394509475,
        -0.9667256749658643,
        -0.5791186428634264,
        -1.0573346880321566,
        -0.6131291201959,
        0.49371128390223695,
        0.8277818076793355,
        -0.6839638278932372,
        -0.9804798385445341,
        0.6439465526262347,
        0.09664399230521603,
        -1.3209009948204238,
        -0.06731952351493847,
        0.4507348739491557,
        0.7290877369371517,
        -0.09432171892755103,
        0.9714226289875748,
        -0.3774353777537538,
        -0.8601293700301034,
        0.44877928276583506,
        0.9342054142337558,
        0.5015052896910783,
        1.1589971389111013,
        -0.9126152970922383,
        1.0165234608420886,
        -0.27534000923739665,
        -0.38128150866870386,
        -1.501418146469872,
        0.5669045005806133,
        0.6162417548123247,
        -0.021982587386043348,
        0.12737351026777893,
        -0.9220364367777085,
        0.8511311165076018,
        1.7070770307476661,
        0.11597743654866526,
        0.5369524039244453,
        -0.24500930395904846,
        0.9497052708066385,
        1.1827822409348865,
        0.12218754676470918,
        0.4016305443018812,
        0.7943467016357298,
        -0.6393663490175495,
        0.35221391456361595,
        0.6090948560184992,
        0.9630991485419272,
        0.005902526807977128,
        -1.0603887280845632,
        0.039818683875807656,
        0.033461008189545484,
        1.090267363807907,
