{
    "idx": 711284,
    "fights": [
        {
            "enemy": 5,
            "fitness": 88.30964054567596,
            "player_life": 40.000000000000284,
            "enemy_life": 0,
            "time": 296
        },
        {
            "enemy": 6,
            "fitness": 57.511062273843315,
            "player_life": 0,
            "enemy_life": 30.0,
            "time": 242
        },
        {
            "enemy": 7,
            "fitness": 89.36814186652396,
            "player_life": 47.2000000000003,
            "enemy_life": 0,
            "time": 211
        },
        {
            "enemy": 8,
            "fitness": 89.9666105112725,
            "player_life": 55.00000000000032,
            "enemy_life": 0,
            "time": 253
        }
    ],
    "weights": [
        0.9610559408987922,
        0.8223837080966704,
        1.073531889560968,
        -0.25853661163116676,
        -1.3022134031583992,
        0.2425978994688304,
        -1.6340745044565446,
        0.9982423375459816,
        -0.1773231894793031,
        0.6802764187340116,
        -0.022623662133438888,
        -0.23242821939676417,
        -1.1373494610163108,
        -1.3975089386217723,
        0.8597749516726119,
        2.287464571733586,
        1.8116852653807693,
        1.0562490483051683,
        0.47218365469083096,
        2.2381121057588693,
        -0.9507836059430906,
        0.07737379305922458,
        1.4876650540311882,
        1.8159120191352178,
        0.41853310047224507,
        1.552024123233956,
        -0.8813846188700556,
        -0.62686249175579,
        1.0302960239553753,
        1.3113178329685342,
        -0.6580130941198566,
        0.33232837824549427,
        -0.6856374320569208,
        -0.8625101764762387,
        0.7227752823303704,
        0.27453611491868957,
        -0.007744325131066432,
        -1.5769155953504532,
        -1.2538252566848955,
        0.4271580183169816,
        -0.7984954123920958,
        -1.5919765495333016,
        0.5824674811428173,
        2.316126972547393,
        0.2003924848767809,
        -0.6869104317872698,
        2.064583932641019,
        -0.9061734936519932,
        -0.004056299467832106,
        0.8043289818338875,
        -1.26734911576629,
        1.4295705158687724,
        -1.5073020130545527,
        -1.1758107109939633,
        -0.5931435540792791,
        1.6714818795847317,
        0.5741098249845616,
        -0.5523439040426323,
        -1.566593201063392,
        0.16048216764632053,
        0.6404285386979658,
        -1.4475449749753462,
        -0.6159426991748582,
        1.2073010875727035,
        0.2627858941443871,
        0.5780482144010429,
        -0.6339573050679425,
        2.0135449892776127,
        -0.4660946673342033,
        0.4549276688419669,
        1.4739127659179019,
        -0.714128147617141,
        -0.36814480788518367,
        -0.3461089592474363,
        0.02082275834143011,
        0.14010040448744904,
        -0.5384308413962879,
        -0.2449057729024885,
        0.40600870503665754,
        0.6135157489920932,
        1.1921973246846882,
        0.04195505008545876,
        0.7563115825743054,
        2.4100416853905515,
        -0.24888030042602377,
        -0.4544132640918052,
        -0.5811165927890427,
        1.2355299011651062,
        0.798746483720833,
        -1.5739627496969164,
        -0.7313443873789076,
        -1.2887376645747668,
        -0.5918799568877272,
        -0.7640556085847883,
        1.345407024408031,
        0.348200731738288,
        -1.055523709865828,
        0.4458665991113745,
        1.7804223045320346,
        -0.7567911573221959,
        1.4584409436662011,
        -1.9127873299002247,
        0.30643919329247193,
        -0.6097837473728547,
        -0.25895475435378346,
        1.3097309975418645,
        -0.236768191280005,
        -1.110011872144689,
        1.2821543088588447,
        -0.060657899622727995,
        0.46020759058782823,
        -1.2626854394869764,
        0.6887457100158484,
        0.9350061501003626,
        -1.3431664392755889,
        -0.0635088668388297,
        0.6927292858167079,
        -0.642698038451346,
        0.35922331727120926,
        0.25756368566336113,
        -0.4452791280312782,
        0.006085350973986436,
        0.8529400867317539,
        -0.32800764498015333,
        0.937010766193109,
        2.423549869394866,
        0.42691292605436937,
        -0.7274100091737299,
        -0.20874508426519167,
        0.04134525414228465,
        -0.9833306982534054,
        0.19629319146643337,
        0.21023379996208566,
        0.7894833511784944,
        -0.6335546530998395,
        1.1593851686073293,
        0.35041277694200346,
        2.722627549848348,
        1.4585311294579786,
        -1.1656114997893445,
        2.0725247532240307,
        0.9854346683517662,
        -0.9735025757774283,
        -0.7204496331391751,
        0.4935069485622207,
        -0.32687741948920745,
        0.8295164958796422,
        -2.705076867148646,
        0.7177183320772,
        0.8640988282657037,
        0.28094866755314696,
        1.9940303457336055,
        1.8192217363563106,
        1.2742567510194585,
        1.4757308835108998,
        1.2204853227162762,
        -0.43184820670850177,
        1.3878042017571648,
        0.5108912893910554,
        -0.631371379746525,
        -1.0062405501388072,
        1.1880580483726253,
        -0.24292390554362447,
        -0.32667650294877437,
        0.3041158676981238,
        0.08159759394646755,
        -0.006249731705902789,
        2.4509280082808824,
        0.285583400081561,
        -0.036671672530782254,
        -1.4422428027364047,
        0.10293775617971415,
        0.7842016389922177,
        0.7592260170084338,
        1.359144713338631,
        -1.1186975737114968,
        -1.4150962000649292,
        -1.056454306370911,
        0.933865516595969,
        -1.1224897602004777,
        -0.9723303415408506,
        -1.0012469801997672,
        -0.7838032863818922,
        -0.044145614489563056,
        0.29397884448512024,
        0.5718337289609717,
        0.026078173502879942,
        -0.5742531629531867,
        0.11146605246331605,
        0.7261086241127843,
        0.36483253227284307,
        0.03020624687470902,
        -0.13039621371118743,
        -0.6240766888160365,
        0.7631453642861235,
        1.1227888492642604,
        0.10536781393975828,
        -0.14673230338805243,
        -0.07758944473708992,
        -1.927504987320647,
        -0.6547385100849464,
        -0.06202074193199612,
        -1.2834377112006832,
        -0.23185822554870278,
        -1.291641453773099,
        -1.2483997823136703,
        -1.680465308363408,
        0.3604435684994698,
        1.1618244494625882,
        -2.2444301998199903,
        1.2334328137512656,
        0.7544801931472555,
        0.8463862848741179,
        0.09696708196687753,
        0.313770017318522,
        -1.6420847951934125,
        -0.9406844410595614,
        0.07479409544490224,
        1.595775173435857,
        -0.757373140685161,
        1.5801555467672066,
        -1.5835491296655437,
        1.7164118550879928,
        0.8006564187729651,
        -0.16710138433180843,
        -1.1529044407115998,
        0.5142769157696419,
        -1.0887005042883278,
        -0.3761980170286743,
        1.720156035874677,
        -1.8310727084799083,
        1.123017300072276,
        1.2228190496912943,
        -0.9830744434350852,
        0.5916065527276034,
        -1.0644855393741541,
        0.7627246031004464,
        1.4109048149386978,
        0.3177253301696764,
        0.19321289782836076,
        1.5497147554483923,
        0.37479905865389657,
        0.7291177696491677,
        -0.2968510141811135,
        1.2600150576931344,
        0.14433084047520564,
        -0.60003660604037,
        1.7338052546535083,
        1.7307039485642057,
        1.7312560128911558,
        0.42298769783703005,
        -1.015976159169314,
