{
    "idx": 709423,
    "fights": [
        {
            "enemy": 5,
            "fitness": 88.3602701740138,
            "player_life": 39.40000000000028,
            "enemy_life": 0,
            "time": 265
        },
        {
            "enemy": 6,
            "fitness": 30.711732969305466,
            "player_life": 0,
            "enemy_life": 60.0,
            "time": 198
        },
        {
            "enemy": 7,
            "fitness": 88.50693855665948,
            "player_life": 40.000000000000284,
            "enemy_life": 0,
            "time": 243
        },
        {
            "enemy": 8,
            "fitness": 86.33574420258549,
            "player_life": 22.600000000000243,
            "enemy_life": 0,
            "time": 374
        }
    ],
    "weights": [
        0.23740653175401216,
        0.8491343360587918,
        1.0893806575151292,
        0.2206926664712998,
        -0.9215295778820963,
        1.4242851086496435,
        -1.381779250139164,
        1.3479217285067904,
        -1.0065760945364166,
        1.028230125502523,
        -0.14121823384623045,
        -1.1201543572297352,
        -1.1430237276095752,
        -1.081700898010359,
        -1.286456623003685,
        2.5930655006668757,
        1.8853899878358373,
        0.4013804739257178,
        0.35535590995520705,
        2.270882940226255,
        -1.5371373190249706,
        0.02910380153418677,
        1.5150287165877303,
        1.2128222433495983,
        0.8360432952618331,
        1.5123349009266875,
        -1.0904975260890772,
        -0.2959435425065741,
        0.85688580603678,
        1.0652865971635475,
        -0.5231245240518495,
        -0.6422473847097241,
        -1.5152001789426564,
        -1.4515458491021045,
        1.3251980218255301,
        0.1526179051974802,
        0.525757860957793,
        -0.902595836034522,
        -0.4630667997703156,
        0.7344794111083275,
        -0.2772151913571156,
        -0.7564158495871769,
        0.5496736982018644,
        0.2206452895314291,
        0.22502708514945322,
        -1.3525952053313726,
        1.5584897772362758,
        -0.2524664409709308,
        0.545829926745666,
        0.533338372756073,
        -0.07567170182763065,
        1.6338111961956463,
        -1.563592677795929,
        -0.6739984296194573,
        -0.7008220079972909,
        2.1627230774542525,
        1.232184760230622,
        -0.37190517437048665,
        -1.8878125376850656,
        0.5035773745265172,
        1.0819201837667995,
        -0.4297426325240941,
        -0.9854816707585221,
        0.06346279110565681,
        0.13781045908673067,
        0.5456991762366704,
        -0.5204844625381723,
        1.691821549044808,
        0.24020412751366574,
        -0.6847684060116883,
        0.49510122681575863,
        -0.657290100299592,
        0.19449443382277654,
        -0.47175699390973036,
        -0.610574208785676,
        -2.1792936329377093,
        0.060522610809647506,
        0.6198947950401212,
        1.4636596785899778,
        2.462881143937354,
        0.08085434607725592,
        0.3838408653925499,
        0.16822486597861375,
        2.5581694224794007,
        -0.4221009117921032,
        0.03302226364969466,
        -0.22670888420199287,
        0.8511514054801572,
        0.2329574233255931,
        0.3873133135751606,
        -0.17474569742831017,
        -0.22295418915620957,
        -0.340318373796188,
        -0.11225677892196195,
        0.8165313331772727,
        -0.34753448170983897,
        -1.424769322628297,
        -0.6081144349877066,
        0.9095418803299034,
        0.007211360221759833,
        0.9912957567243752,
        -1.7815971155431083,
        -0.15686101341680206,
        0.5028904849816709,
        0.3059374311330123,
        0.707571707933255,
        1.161425086482883,
        -1.4496853998083927,
        0.6280269105479795,
        -0.59211284182106,
        -1.0156550547242165,
        -0.4351530679444388,
        1.1117948631855181,
        -0.2089364934834892,
        -1.3437055385990149,
        0.40214569077794743,
        1.6715490174055785,
        -0.7626092557505056,
        0.23084194655878973,
        0.26177674969235454,
        0.24622344510438432,
        0.43025203837215525,
        0.12247622540043879,
        -1.206248827280832,
        0.6715199384314784,
        1.18577795664907,
        0.9431296800459137,
        -1.43120193373178,
        -0.38503172375272315,
        0.15859137668074255,
        -0.389668124321822,
        -0.8864416678538257,
        -0.6362771189626757,
        1.148691259404426,
        0.6668976938941094,
        1.0742590587872438,
        0.23245010354957651,
        1.3992513741038417,
        -0.41020811396931844,
        -0.5151605207757016,
        0.827107200870338,
        1.8773170972025186,
        -0.3106605722542677,
        0.3377690296971267,
        -0.13537861912046165,
        -0.8531605983260618,
        2.103085385939571,
        -1.3795156788722873,
        2.1895882657504537,
        -0.32161076188902854,
        0.2885966796537218,
        1.1506145317883387,
        1.317710518688877,
        0.3070816097409891,
        1.1509966257073607,
        0.7405983669793266,
        -0.22681409549662615,
        1.2587660340308602,
        2.191273318633274,
        -0.5312067592777645,
        -0.6683579898455221,
        0.05200737552828233,
        0.4334350585782231,
        -0.39769605387459883,
        0.350094977355477,
        0.2610063651914467,
        0.32409446319435015,
        0.4368823716643223,
        0.13671349906825037,
        0.30316438218731373,
        -0.2074936042220232,
        -0.3562207642410641,
        0.6950991728236234,
        -0.2810029819040789,
        0.532896418062112,
        -1.1675647402432037,
        -0.6121781216959149,
        -0.9580889607683194,
        0.8103616771961556,
        -0.6428413763296792,
        -0.799829364666162,
        0.31139605070572013,
        -0.0022505412131599845,
        1.1949670334835663,
        -0.15887544285618366,
        1.2073733735433707,
        0.7036000869921808,
        -0.4930992763345741,
        0.25407553375272235,
        0.30694215114532436,
        0.23881334774728027,
        -0.48510595426695774,
        0.5435637413308446,
        -0.6468826828948315,
        -0.6110473730619806,
        1.489447801634491,
        0.12505466564532755,
        -0.17601627718089713,
        0.30091065530042704,
        -1.3170941739784114,
        0.01656746574391594,
        -0.22621603461052658,
        -0.636593506208054,
        0.051146462559940736,
        1.3064957244269892,
        -0.46821362428454855,
        -1.508729598573445,
        0.07209329485850449,
        -0.03855165524025214,
        -1.649620696134337,
        -0.4563837405160728,
        0.8428427588721158,
        1.8930477585094,
        -0.1538381426206716,
        1.3366296214999929,
        -1.063811683746086,
        -0.5783866780993976,
        -0.10721988312358843,
        0.842048342818841,
        0.4471127663643576,
        1.7523867821098622,
        -1.2735617334682034,
        0.9992930758758543,
        0.06883793062449052,
        0.2571702676266942,
        -1.2529995097349165,
        0.09095352079162201,
        -0.8365882909470531,
        0.2853570543172208,
        0.818149183400801,
        -1.8067804339112115,
        1.8711514560884983,
        1.8306518858052516,
        -0.15996743610754188,
        -0.21394529112226995,
        -0.6519093992346685,
        0.9300726699081079,
        0.185601885853314,
        1.0667282110974214,
        0.08687373570978721,
        1.3032703593838098,
        -0.016076215026308086,
        0.6418179023218223,
        1.1741374745389221,
        0.5974896968251522,
        0.40840025986823303,
        -1.022552873907141,
        1.2703895146411484,
        0.8573236992347324,
        1.2494324914182127,
        0.2547865934670839,
        0.17196755775733596,
