{
    "idx": 704367,
    "fights": [
        {
            "enemy": 5,
            "fitness": 90.37936107665804,
            "player_life": 58.60000000000033,
            "enemy_life": 0,
            "time": 240
        },
        {
            "enemy": 6,
            "fitness": 30.752975927839515,
            "player_life": 0,
            "enemy_life": 60.0,
            "time": 190
        },
        {
            "enemy": 7,
            "fitness": 87.4438995977956,
            "player_life": 28.600000000000257,
            "enemy_life": 0,
            "time": 225
        },
        {
            "enemy": 8,
            "fitness": 87.53788162462297,
            "player_life": 33.40000000000027,
            "enemy_life": 0,
            "time": 331
        }
    ],
    "weights": [
        0.4329401835484181,
        0.6144418802424547,
        0.7356852785591544,
        -0.31139244191804455,
        -0.9066016918428121,
        0.5506791833682273,
        -0.4673903918567187,
        0.8275632325674266,
        -0.6783820498857807,
        0.7584812661828214,
        -0.9778147343450935,
        0.5108804888006135,
        -0.8618297533570398,
        -1.0191709513822518,
        -1.113925006256167,
        1.5433459445296012,
        -0.3371101713785426,
        1.5880050145205489,
        0.2745674941931444,
        0.7214091568490218,
        -0.5621285058374662,
        -0.3641588770187129,
        1.9362142468493457,
        0.4673698262674404,
        0.3701539163055597,
        1.6265379175016845,
        -0.7410205849327791,
        0.0710726970270696,
        -0.03510324148648003,
        0.5232858486756464,
        -0.5748662668427359,
        -0.5102635095362551,
        -1.2974075467300779,
        0.7832681725313707,
        0.660697084185503,
        -0.5102856599743052,
        0.6695200387614876,
        -0.6971114324520862,
        0.43869816869277944,
        0.16383173607143642,
        -0.6455610341238569,
        -1.127181658906043,
        0.7289147910723252,
        0.36863660022796946,
        -0.44988903215345205,
        -0.741958389191082,
        0.6135358999239717,
        -0.2938712905439513,
        0.5540990172179437,
        0.6503368802173595,
        -0.44846397989009806,
        0.7956775159240002,
        -1.52647839289888,
        -0.7981419872964959,
        -0.01706830908970699,
        1.754817493463914,
        0.3510247319522705,
        0.1434491463977381,
        -1.4401259151505394,
        0.49064216472200795,
        0.7769179178407737,
        -0.8009958691697873,
        -1.490158271695135,
        0.4521638744979193,
        0.5475052573730501,
        0.7077853955631503,
        -0.42743558684302485,
        1.3617357311942202,
        -0.32560112185180895,
        0.18279490999988984,
        0.7487340305788622,
        -0.22214595165741766,
        -0.5764519265597132,
        0.3886932216205683,
        -0.46295567434087037,
        -1.4257339587619342,
        0.15684137429447756,
        -0.633699804085361,
        1.337097141962201,
        0.9934913889027093,
        1.3816138232578858,
        0.3223100589724041,
        0.2487503779120641,
        0.4953691191635412,
        0.4635097339147694,
        -0.32675503176879706,
        -0.175812182195475,
        1.1916589774234563,
        -0.383177469899174,
        -0.33955361928442035,
        -0.2253782081889111,
        -0.6532591431404025,
        -0.07134995550252898,
        -0.6729016690138446,
        0.7262367289556213,
        -0.5116708700160083,
        -0.3481193579888899,
        -0.06835300258053012,
        1.4331612748085483,
        -0.931841315340784,
        1.0275133505681122,
        -1.5085923344628998,
        -0.1845686166286155,
        -0.39481864990623905,
        -0.07577763715544106,
        0.4923207362583684,
        0.3246348180733651,
        -1.5812536787564142,
        0.8736433312945006,
        -0.6098598524600609,
        -1.0109641924990367,
        -0.06480799859717717,
        0.8756543321729806,
        -0.059932224727073165,
        -1.425451486494163,
        -0.009408178605737921,
        -0.5341029736972143,
        -0.49538422510340796,
        0.2943404499868644,
        0.752682921825234,
        0.0446767463328778,
        1.2311431086381468,
        0.5176486000842437,
        -0.5042811481372489,
        1.779860832715843,
        0.8084288176779836,
        -0.041457121204047195,
        -1.0233637360523222,
        -0.3070869118219945,
        -0.30897280848136677,
        -0.13846913799743346,
        0.01233888507155426,
        -0.2179655220649545,
        0.1884300586085631,
        -0.09723300024365565,
        0.3326301846475264,
        -0.4713766271071088,
        0.9883508411180785,
        0.2200839222162025,
        0.36713411001224733,
        1.094563024515616,
        0.923662730083479,
        -0.2024462361691558,
        0.42513178148336744,
        0.3850509949333469,
        -0.5382030200708585,
        1.0333961587704963,
        -1.0484953870452594,
        1.0777445773533658,
        -0.4296752332124504,
        -0.5069520243105551,
        0.9298480981451995,
        1.2724379467313611,
        -0.4592431709915642,
        1.047206733022193,
        0.6628291569229029,
        0.01571738742900055,
        0.7626369895017868,
        1.0873570617644253,
        -0.41522082120836934,
        -1.0240372259632793,
        0.6699197482272046,
        -0.07810023732085315,
        -0.6392015733184043,
        -0.6608918716896078,
        0.3182663878601839,
        0.36973083170788895,
        0.5134260679875655,
        0.6243169792449231,
        0.04955644686196312,
        -0.0545089591185793,
        0.2314413286943252,
        0.29518881449090684,
        -0.09259726516669939,
        0.8599332208823312,
        0.014047314209978685,
        0.28786015475120064,
        -0.3053820863637223,
        0.13076220676670536,
        -0.010116239351575004,
        -0.8055661922595369,
        -0.9689204701516154,
        0.18430530549530394,
        0.12504083210047626,
        0.06502935297594689,
        0.5263886246743847,
        -0.013647511199097144,
        -0.39457406982149634,
        0.21086271012803967,
        0.6976202914623739,
        0.47883823980507717,
        -0.1520331951009451,
        0.21024403340249115,
        -0.1870776698240759,
        -0.17182362926251032,
        0.9671022594242382,
        0.2210906078929482,
        -0.2919767498487459,
        -0.5862465692457078,
        -1.1612084519562087,
        -0.8613453513306651,
        -0.8386525802306131,
        -0.4942202500540859,
        0.23668922032657808,
        0.01904136063976478,
        -0.6096793241272888,
        -0.6674094647465563,
        0.43729083926938733,
        0.7330142570266944,
        -1.4997762666328378,
        -0.03976842124191443,
        0.6009782185412222,
        0.9930187038715429,
        -0.6937438192808743,
        1.0077404771646814,
        -0.4443356493571033,
        -1.3914153848412285,
        0.6944358106821344,
        1.1876218988955882,
        0.2892659511837788,
        1.1442264633417358,
        -1.128953547800624,
        1.3823000709850997,
        -0.10703278002447975,
        0.1608332037627667,
        -1.2277927220766407,
        0.6789802669749431,
        -0.3597509134658207,
        0.24697221348329054,
        0.6942929961473704,
        -1.2639885982691927,
        0.6807144851280233,
        1.8778031942783937,
        -0.08967506515754156,
        0.523696954787626,
        -1.2757449854922123,
        1.234208421967841,
        1.3347982786735142,
        0.6267372744116559,
        0.0777854204468659,
        0.9613446760701432,
        -0.390658947512208,
        0.3592286905748226,
        1.14003388780909,
        0.433395774576397,
        0.2562347739861907,
        -1.0618166224011434,
        0.3164664368390421,
        0.16357077562838157,
        0.9124156991432905,
        0.464097468779214,
