{
    "idx": 711449,
    "fights": [
        {
            "enemy": 5,
            "fitness": 88.45703951986408,
            "player_life": 41.20000000000029,
            "enemy_life": 0,
            "time": 288
        },
        {
            "enemy": 6,
            "fitness": 12.737309811095114,
            "player_life": 0,
            "enemy_life": 80.0,
            "time": 193
        },
        {
            "enemy": 7,
            "fitness": 91.17679627126205,
            "player_life": 64.60000000000034,
            "enemy_life": 0,
            "time": 197
        },
        {
            "enemy": 8,
            "fitness": 89.08878821817866,
            "player_life": 47.2000000000003,
            "enemy_life": 0,
            "time": 279
        }
    ],
    "weights": [
        0.6976362651215849,
        0.6794735513169912,
        1.0482068608082522,
        -0.6336406989398894,
        -1.2018157174125468,
        0.3029980052042859,
        -1.9436155197472944,
        0.7995097564513555,
        -0.3789480130587325,
        0.6394182114560669,
        -0.18581721775269966,
        -0.3737270234350384,
        -0.9453192704761056,
        -1.3450292951908944,
        0.8957225319957969,
        2.3843408794504026,
        1.76183662072093,
        1.012988522214409,
        0.42285689521880104,
        2.226405885202903,
        -0.9499438895567323,
        0.26334158379084865,
        2.274516795782607,
        1.945715398748506,
        0.18972016465301572,
        1.660350094854595,
        -1.3956642701593722,
        -0.5831671158454146,
        0.9762967248400001,
        2.1559618106586806,
        -0.7515510070145571,
        0.7478098650339821,
        -0.47575245916978237,
        -0.9749848526770323,
        0.6278302341089981,
        0.13668861787811548,
        -0.02349025758530051,
        -1.2211411249486555,
        -1.3326541079577607,
        0.8263348216316526,
        -0.4731357724806404,
        -1.1279242937023906,
        0.5513845028154596,
        1.6109518211775753,
        0.3236536551966589,
        -0.6438587850008683,
        1.6098304511175603,
        -0.9703644283765043,
        1.8713902505609563,
        1.5935951798044892,
        -0.6202057827056021,
        1.443502386462047,
        -1.6290869026758168,
        -1.2732003108985137,
        -0.4238300179182057,
        2.5257352731909113,
        0.5397071863461467,
        -0.7023166563419215,
        -1.4163661842860065,
        -0.29380580430402947,
        0.579455079202878,
        -1.6813990069761484,
        -0.562172865909563,
        1.3337029500155844,
        0.20362841913044516,
        0.12792258784427057,
        -0.8620538007718164,
        1.7004632829752826,
        -0.6441165797537669,
        0.2443962544235336,
        1.1215831014712276,
        -0.8212567903985176,
        -0.4400258487198602,
        -0.1693332041323906,
        0.10731866245907515,
        -1.3198988066404795,
        -0.42421374083631,
        -0.3852436682631652,
        0.26898507070586875,
        0.7727364128753069,
        1.0398330759148418,
        0.07390276400243996,
        0.7016610216483286,
        2.3144706015608745,
        0.16119140536452928,
        -0.43657529209877194,
        -0.6743540785476326,
        1.415855085654547,
        0.6635521029276145,
        -1.7847256474461204,
        -0.9287350927558456,
        -0.7026631770487369,
        -0.4488709366036231,
        -1.0637150560445972,
        0.9611669930611825,
        0.3988273521132025,
        -0.9184345949384412,
        0.5589393661888941,
        2.200928523487791,
        -0.7345376477070193,
        1.0923449966345047,
        -1.7845273012060947,
        0.31132672570845255,
        -0.7128005404724539,
        0.05270091626949031,
        0.9737778186538388,
        0.7535218431280415,
        -1.00120826426534,
        0.888824232012487,
        -0.9515330818573307,
        0.775724323519714,
        -1.390921299859878,
        0.7151256166766317,
        1.5441804013781804,
        -1.3531961961236414,
        0.007916499090476585,
        0.3593407067508802,
        -0.2650193018007216,
        0.1263179692524078,
        0.036551075037125014,
        -0.20132879704406192,
        -0.3187857123851654,
        0.9355864380543915,
        0.05894156778743784,
        0.8284716247369516,
        2.3251553397071363,
        0.580885812174188,
        -1.5082773758284322,
        -0.6727814062335168,
        -0.006489082881547335,
        -0.9699715630460011,
        1.0280755674771702,
        -0.14026355497623233,
        0.9570156647892776,
        -0.6679388476462026,
        0.7739184885220289,
        0.11534591680186666,
        2.35406859504875,
        0.07742196878030733,
        -0.7025669844312092,
        1.6436729007838506,
        0.8302092051759885,
        -1.83626128852078,
        -0.5609185807380853,
        0.6742158121721704,
        -0.581768064250011,
        0.5281971675342009,
        -1.9056959313337951,
        0.7590462025696345,
        0.8377395423284544,
        0.32313102190236165,
        2.163094417148465,
        1.5635916808928454,
        0.6940259257893736,
        1.3643690183189263,
        0.9745331399579562,
        -0.19591880102259754,
        1.2099196619000452,
        0.9504221319760399,
        0.08695777768992902,
        -0.7215382153358205,
        0.8686428344949391,
        -0.39143323767929694,
        -0.2175393649978321,
        0.8830249438260094,
        0.036951793589941814,
        0.1778906308570785,
        2.472041757652217,
        0.6312907378218695,
        0.1670071041555472,
        -1.6860371823305853,
        0.15596593123270686,
        0.7564296878728871,
        0.5189862388092494,
        0.9930641394451186,
        -1.505840421667245,
        -0.9030659763432015,
        -0.7358355767643794,
        1.0788349352820035,
        -1.513232127360222,
        -1.0277359000830415,
        -0.031064300490298236,
        -0.4356338409210439,
        0.2655386731025574,
        0.6447010534268827,
        0.89838793869707,
        0.18754776244984955,
        -0.6590104326426162,
        -0.4055299402266138,
        0.592655829851855,
        0.3180838195250425,
        0.050759480402423965,
        0.25399552855706264,
        -0.34653645619165907,
        0.33769571339211374,
        1.1996989258904465,
        0.23961574897023413,
        -0.08995657209536093,
        -0.16386658581341426,
        -1.8712285899655734,
        -0.5246541938568747,
        -0.002585578887421988,
        -1.3216821440219442,
        0.9470479686999703,
        -1.0556272805218196,
        -0.6914508640539186,
        -1.7288584448159294,
        0.16734001265994522,
        1.086267824625375,
        -2.261611322992462,
        0.7606331845083072,
        0.6932454025451064,
        0.7686511199548024,
        -0.02838120923591851,
        0.37885798012378763,
        -0.8708430722961068,
        -1.1223850647237728,
        0.24141641579358836,
        1.573188258916875,
        -0.8047503945259168,
        1.4943397881023497,
        -1.4602431325672736,
        1.575060771689214,
        1.1113588828111984,
        -0.05780154022874629,
        -0.9712432238929288,
        0.28752297395534704,
        -1.1707092576895515,
        -0.4684039244956897,
        1.6261303694825293,
        -1.3505720277528273,
        1.2037050123625088,
        1.1563903024104774,
        -0.7203281671198519,
        1.1795828750545072,
        -1.0447837366850727,
        0.5491383247793,
        1.7861957165624895,
        0.35990658649194707,
        1.213173875731884,
        1.1294047023860687,
        0.14426796917892395,
        0.7465473985174618,
        0.6907331676833787,
        1.2998766261244545,
        0.162667781810454,
        -0.3644936726397471,
        1.6146200747037538,
        1.3736089307676105,
        2.083172759492437,
        0.42415015294928066,
        -1.0033118866713986,
        -0.30486587500612944,
