{
    "idx": 714246,
    "fights": [
        {
            "enemy": 5,
            "fitness": 89.63326262833371,
            "player_life": 50.80000000000031,
            "enemy_life": 0,
            "time": 232
        },
        {
            "enemy": 6,
            "fitness": 48.87603602059674,
            "player_life": 0,
            "enemy_life": 40.0,
            "time": 168
        },
        {
            "enemy": 7,
            "fitness": 89.35504998251862,
            "player_life": 47.8000000000003,
            "enemy_life": 0,
            "time": 227
        },
        {
            "enemy": 8,
            "fitness": 86.81858578874555,
            "player_life": 28.000000000000256,
            "enemy_life": 0,
            "time": 396
        }
    ],
    "weights": [
        1.0885151556161798,
        1.001646627372971,
        1.2833129025550805,
        -0.3386505756139231,
        -1.3102979162010937,
        0.7459221988329324,
        -1.1785609115412792,
        1.3430792324526815,
        -0.860403366852441,
        0.9987872725460207,
        -0.02952253507996229,
        -0.6222966236511286,
        -0.6666818922524285,
        -0.5916988440929276,
        0.32301336914060463,
        2.981341058743503,
        1.9302040707765555,
        2.3629775750408335,
        0.8540840017665915,
        2.053884018728001,
        -0.9784556929686571,
        -0.12365025359392719,
        0.8135363468821729,
        1.5890056359679745,
        0.6284284287545938,
        2.3446732125826113,
        -1.4317712245665706,
        0.02822628704328164,
        3.4223311005442194,
        0.01072365207206262,
        -0.6757920190638211,
        -0.8050460086617085,
        -0.002729897034811718,
        -1.7142891104497195,
        0.9020346281965521,
        0.5316658887001767,
        0.24137985266437928,
        -0.2474046478005476,
        0.022594167001980678,
        0.615064778860728,
        -0.38790519850062666,
        -0.26364533938155216,
        0.08810460258075843,
        1.0653191750613893,
        0.018830943560069112,
        -0.615995634257952,
        0.6942754786317847,
        -0.013896100268485638,
        0.18394935524472109,
        1.0173373785784097,
        -0.48291098320770914,
        2.1171236838436664,
        -1.8276366344053872,
        -0.9888791762671667,
        -0.8214944890770008,
        1.9405351550964893,
        0.31704963210508863,
        -0.41242261859217544,
        -1.8035973586235214,
        1.1110451807237292,
        1.0644657632591608,
        -0.7164337433034471,
        -1.0351065796387477,
        0.6665718713723685,
        -0.14492598423363828,
        0.20532358896877895,
        -1.0762957093669512,
        1.200909647477939,
        -0.43301405506797463,
        -0.6706351531636846,
        0.7273742152035104,
        -1.2283639726962754,
        -0.707906301428599,
        0.2731069329466511,
        -0.12183101259729587,
        -1.2806746896633245,
        -0.18196148682872515,
        0.6017646492768146,
        1.1548571893841169,
        0.5792720191216083,
        1.1058926171022712,
        0.015049541813338979,
        0.15334568926624625,
        3.084177686863786,
        0.05158030728090713,
        0.047971876123911156,
        -0.2783843154897492,
        0.48784618869530755,
        0.6703767277314802,
        -1.5681501626642969,
        -0.05339490396327727,
        -1.2746942180211138,
        0.07701551246943189,
        -1.3451891605114956,
        0.5873327264274782,
        0.35303587863372515,
        -0.8898767355117927,
        0.7783850275591025,
        2.050132643914515,
        -0.8100546451135504,
        1.1510683891809954,
        -0.230129919133303,
        0.08929996634558646,
        -0.3803624447399726,
        0.14038274944442153,
        0.7815613763878785,
        0.5381126756557559,
        -1.071194340278482,
        0.851933399377938,
        -0.6885044834658138,
        -0.9945670050172637,
        0.16743440596742504,
        1.4222269247373989,
        -0.07645727852710973,
        -0.9952542348631359,
        -0.715765273396892,
        -0.07470916878250217,
        -0.2315345776233674,
        0.14636538653953024,
        -0.26294807361250083,
        0.00017218951380677805,
        0.31660583427981176,
        1.1171965880856436,
        -0.0026849461187821028,
        1.4009336681414741,
        3.689551361814522,
        1.201378852331367,
        -0.8751791607317921,
        -0.1583615632600152,
        -0.2904545835480813,
        -1.1281916879769942,
        1.3328643377082596,
        -0.30819364418850653,
        -0.1955839109856466,
        -0.02822057583632611,
        1.139441420560677,
        0.3876439464646235,
        1.941719517379728,
        -0.2696903880539544,
        0.12364506612417026,
        1.1948411042056788,
        2.3087803198949906,
        -0.8918242352433711,
        0.9418938407073066,
        -0.17240950309806788,
        -0.9637841495388626,
        1.1983548218975486,
        -1.5807688741491417,
        0.9769397023034139,
        0.78501731025155,
        -0.323213342533646,
        1.2377028371477192,
        0.9343839423015773,
        0.275533544360245,
        1.527328649108244,
        0.625856454499795,
        -0.2445569417459389,
        1.4287343409412325,
        1.8961021791569126,
        -0.5967471938353677,
        -0.9783890710885278,
        2.3034273716901734,
        0.46153311879716086,
        -0.358408858135426,
        -0.07857521590277662,
        -0.122207198220128,
        0.2885774862530844,
        0.4118262753603836,
        0.3214671537776104,
        0.6364138832002649,
        -0.5049847841919489,
        0.22591354079615525,
        1.2989071026302696,
        -0.3479295893583426,
        0.2437669403467168,
        -0.7199461290600355,
        -1.2356316839590975,
        -0.9117656610531164,
        0.31874774318370097,
        -1.2872681114334796,
        -0.39220863248884064,
        0.22116982860637185,
        -0.33217250218450967,
        0.3607030850678663,
        0.41304576348736216,
        0.6405253578441187,
        0.8537418873563705,
        -0.38990058991710425,
        0.20855857327250144,
        1.230884147024265,
        0.5131152571460075,
        -0.1247031006407279,
        -0.3691779480018206,
        -0.7527763708724422,
        -0.4221624747710574,
        1.3316542724130604,
        0.7624188428070827,
        -0.4469776882791473,
        -0.5125836025234467,
        -1.9252812006451074,
        -0.5329731270079191,
        0.015928973343371688,
        -0.08096010399721658,
        1.1948894925838238,
        -0.7415261692769693,
        -1.5931520346559023,
        -1.2983255319716323,
        -0.048235480906743344,
        0.8251160474761449,
        -2.434442720536876,
        -0.34899569303781475,
        0.9165618058624507,
        0.9527328033889116,
        0.578816620760001,
        0.8455386127886156,
        -1.1650948420500662,
        -1.2734833226129112,
        -0.19741988921998663,
        0.5613571147953328,
        -0.9684388183368281,
        2.170727995516394,
        -1.6768963276732425,
        1.37926445040503,
        1.7916290583285412,
        0.2709111469693171,
        -2.1701487978021925,
        0.6734811447478967,
        -1.374083890162338,
        -0.4278497226621615,
        0.9824867012658902,
        -1.5952608391422118,
        1.4204956785666352,
        1.4639450292926521,
        -0.013096807732474527,
        0.7224554213729132,
        -0.5391816297505502,
        0.7534944224885857,
        1.4171188994551045,
        0.034594871789412035,
        -1.0958300624882726,
        0.69910464306984,
        -0.029275856082563088,
        0.5451944858137631,
        0.2529532717291205,
        1.014628498299525,
        1.1126463973248792,
        -1.101825187989601,
        0.7985001669276237,
        1.3480693659824066,
        2.3820866000213834,
        0.03629905727036836,
