{
    "idx": 714231,
    "fights": [
        {
            "enemy": 5,
            "fitness": 89.43275134159978,
            "player_life": 50.20000000000031,
            "enemy_life": 0,
            "time": 267
        },
        {
            "enemy": 6,
            "fitness": 39.49874178945527,
            "player_life": 0,
            "enemy_life": 50.0,
            "time": 245
        },
        {
            "enemy": 7,
            "fitness": 89.23065437104559,
            "player_life": 46.6000000000003,
            "enemy_life": 0,
            "time": 228
        },
        {
            "enemy": 8,
            "fitness": 86.33574420258549,
            "player_life": 22.600000000000243,
            "enemy_life": 0,
            "time": 374
        }
    ],
    "weights": [
        1.1111189663794194,
        0.6264063002636894,
        1.1969076795509064,
        -0.3292732450215855,
        -1.4005219574999035,
        0.5485309458295231,
        -1.2384090312454379,
        1.5943675029759197,
        -0.8986479604847477,
        1.5133190723330652,
        -0.2949778246716825,
        -0.524186865671255,
        -0.9414924952411344,
        -0.5781680793160924,
        -0.22879724616191344,
        2.4878958766869568,
        2.099171232641891,
        1.9379691149122242,
        0.6181531325384095,
        2.1483743145728367,
        -0.6842132318207524,
        0.04908912090458803,
        1.024020674875406,
        2.384474909461163,
        0.3947559304356686,
        2.0161859487165237,
        -1.7077670340471844,
        0.061305497587105594,
        3.3744807716530145,
        0.07457887031421093,
        -0.35150615212696296,
        -0.7917986002644621,
        0.30781850398679694,
        -1.124232104623367,
        0.8318178343909671,
        -0.6571451157280419,
        0.4942519213581811,
        -0.5230440680008395,
        -0.319103471939163,
        0.6355452203345469,
        -0.7006868414850972,
        -0.663526344432984,
        0.39790995685451686,
        0.9156696621257827,
        0.06638131459027685,
        -0.5571735736886954,
        1.0374456705340154,
        -0.1761989981399458,
        0.7618264014456653,
        0.9511889090509488,
        -0.5914904021234082,
        2.14892985951787,
        -1.8249767760052358,
        -1.1218839288934528,
        -0.866871563477487,
        1.64853333454925,
        0.4742878904207703,
        -0.2921325772062396,
        -0.9934908112777563,
        1.2638048407591398,
        1.1886028303718945,
        -0.742450707950328,
        -1.123429592650167,
        0.5198352354671377,
        0.01670733983672662,
        0.32740795572933173,
        -1.7804861455879324,
        1.3768670838606416,
        0.08499748770285645,
        -0.7357895617482998,
        0.6661959922430222,
        -1.026746167771888,
        -0.6667603358970763,
        0.30487784608544344,
        0.23576542824331784,
        -1.053034848078623,
        -0.3569330353106928,
        0.07320030441091345,
        0.9212684411530693,
        1.166786477737882,
        1.0691311051391619,
        0.03631004865142736,
        -0.13727726497210072,
        2.807518950274694,
        -0.08658456646223583,
        -0.3973361187773853,
        -0.4975200186924556,
        0.2010564591795654,
        0.6565538819044697,
        -0.8986946732861278,
        -0.029814441410557953,
        -0.8720126091524891,
        0.3525040402631542,
        -1.162510821346161,
        0.32900313150965993,
        0.5629150723681827,
        -1.4167500831619853,
        0.29404643450308227,
        2.173707434373305,
        -0.4468405919963406,
        1.0225999302756696,
        -2.113222405718737,
        -0.1300355288868638,
        -0.44643880810526043,
        0.3533887766245917,
        1.19991497348805,
        -0.21768345820981427,
        -0.1938399418669795,
        0.7057100292505332,
        -0.8919575093905763,
        -1.1648060209889441,
        -1.4607228670316696,
        1.2429745033626651,
        -0.45021326204871004,
        -0.9605973137519491,
        -0.7602694515654672,
        -0.08428095118499873,
        -0.4257470640319569,
        0.16786122744870377,
        0.059216226909277525,
        0.8457128231854956,
        0.6417142640034055,
        0.7999811192563361,
        0.05374716258392787,
        1.4122003192252914,
        3.0261029932417247,
        0.13420089989262415,
        -0.6835283642480421,
        0.248746521323172,
        -0.5907168309363744,
        -0.9186182542603956,
        1.08791686864549,
        -0.15974531170150538,
        0.00788170093199328,
        0.13122832851526403,
        1.0122439383903974,
        0.3847915828589922,
        2.8216812207384487,
        0.5517300806706185,
        -0.8524600561420638,
        1.4086199193908888,
        2.1382661924057116,
        -0.7923092083157437,
        0.7766576491024386,
        -0.04205314316736629,
        -1.084817198402851,
        1.1099414504824228,
        -1.4199354654749332,
        0.9377861942200074,
        0.37002109464691196,
        0.18263444408615082,
        1.2496012399900813,
        1.2862268794759597,
        0.18505701820057055,
        1.6003211543290785,
        0.9992318628923335,
        -0.38617210574835215,
        1.7864491282716881,
        2.000876671876447,
        -0.7139022638749384,
        -0.9344716087675633,
        1.9839139979703404,
        0.8810897664927129,
        -0.16650429006735581,
        -0.2540154875965249,
        -1.070711056513904,
        0.30677098754987686,
        -0.11308021351448135,
        0.9141543938272444,
        0.7983072129378127,
        -0.3433528988717346,
        0.5709808706979819,
        1.0639892390527201,
        0.012173990092882586,
        -0.1294828536329041,
        -0.7999527162038903,
        -0.9786238031021223,
        -0.7076681599012651,
        0.05195558295883822,
        -1.5236995193232197,
        -0.464968092405406,
        0.8765333004862246,
        -0.0762788376828116,
        0.8788512973682313,
        0.31078728066373584,
        0.6390272898949324,
        0.6354931013101403,
        -0.3570005456113569,
        0.31702339962988696,
        1.2830572799892361,
        0.8986683482959407,
        0.034967755477279386,
        -0.4224656532627941,
        -0.5111598904891272,
        -0.38627521945491317,
        1.1516942105289276,
        0.30415280229922725,
        -0.5304765279635985,
        -0.5814721581373855,
        -1.7723179879475153,
        -0.529832027473904,
        0.1881449519766385,
        -1.2544643422489088,
        0.9600021660744832,
        -0.40065291995418484,
        -1.6752274264855538,
        -1.0539937222104012,
        0.03493913369970497,
        0.7832055913280452,
        -1.509368124717077,
        0.004491960392595265,
        0.8646427578091126,
        0.7008719813209976,
        0.047490483741571665,
        0.8164053572644343,
        -1.0834600391102487,
        -1.0641889059015641,
        -0.35398552700558683,
        0.662589026281824,
        -1.0377572716314445,
        0.9473309718242643,
        -1.542942396523084,
        1.6569401420887373,
        1.4572867667864564,
        0.19701329622515668,
        -2.18226682500624,
        0.766502727176805,
        -2.0536620996521266,
        -0.3939158818032517,
        0.9590852694120553,
        -1.35093406055994,
        1.6439186491830535,
        1.1142660427573585,
        -0.19337048413289637,
        0.5874156215171276,
        -0.421363537512491,
        0.7514788429952592,
        1.2387359627053058,
        0.14831921126329659,
        -0.47225797295530564,
        0.02600920107698293,
        -0.022690608292844208,
        0.7882106774040036,
        0.4311921367256717,
        1.176461206243141,
        0.9607113140463528,
        -1.3975797058546857,
        1.0254276861584346,
        1.6440197801219696,
        2.274551885710639,
        0.802386768066023,
        -0.7555420494146686,
