{
    "idx": 704186,
    "fights": [
        {
            "enemy": 5,
            "fitness": 89.85275134159977,
            "player_life": 54.40000000000032,
            "enemy_life": 0,
            "time": 267
        },
        {
            "enemy": 6,
            "fitness": 85.85165549623892,
            "player_life": 14.200000000000228,
            "enemy_life": 0,
            "time": 262
        },
        {
            "enemy": 7,
            "fitness": 89.35504998251862,
            "player_life": 47.8000000000003,
            "enemy_life": 0,
            "time": 227
        },
        {
            "enemy": 8,
            "fitness": 86.95935834262663,
            "player_life": 28.000000000000256,
            "enemy_life": 0,
            "time": 344
        }
    ],
    "weights": [
        0.5948518672099944,
        0.22815906915351244,
        1.2500122882163431,
        -0.9534786654325903,
        -0.5432590069478638,
        0.0685328712893641,
        -1.53204819857066,
        1.1072043811349637,
        -0.4658075953713167,
        1.1131465030211751,
        -0.16325705475559749,
        -0.9482446017109263,
        -1.2948175106766866,
        -0.8984988793701584,
        -0.6381447630601381,
        2.6323728427286577,
        1.8481459920781915,
        1.501715938369698,
        0.6455470428177208,
        2.1395893048634047,
        -1.2292150329217928,
        0.2472175543706781,
        1.2996303722554396,
        1.848969670914462,
        0.47832015297316544,
        1.420025103910486,
        -1.678855797634363,
        -0.2537649344472494,
        1.2375298630986535,
        1.3490991034757003,
        -0.32165727519674076,
        -0.7386317340812526,
        -1.1642648277823506,
        -1.1277490776435335,
        0.7424539247792764,
        0.09139715703605936,
        0.7731252422856313,
        -1.3398524372480733,
        -0.2512226606481048,
        0.007347563664600466,
        -0.4169924404978166,
        -0.6950535637794932,
        0.45444200921442957,
        1.1483498277441797,
        0.008560033860046924,
        -0.9953195131636707,
        1.6506468261523215,
        -0.37444593764419354,
        0.35284237063392354,
        0.8390722337886132,
        -0.8838900912077393,
        1.5027015810914368,
        -1.654786184225691,
        -0.9332113299995742,
        -0.8015636090765064,
        1.4461546746977398,
        0.5676603712970442,
        -0.28942705910002353,
        -1.9748511639563628,
        0.3271521492766357,
        0.8981807506715596,
        -0.8678197865298508,
        -0.3491376724094799,
        0.4834499950677415,
        0.39548059806717484,
        0.6795492872662892,
        -0.9705547150438342,
        1.2049230783751104,
        -0.8632779013070294,
        0.3631869567390552,
        0.4789445359915265,
        -0.8092678505581204,
        -0.08801163924383813,
        0.42246642225123154,
        0.039315126918818166,
        -1.1978863916763076,
        -0.5259357097329362,
        -0.49914177375819896,
        1.1120515104836122,
        0.3724911978598051,
        1.0014343892435764,
        0.22166110187692298,
        0.4712081525492374,
        3.237993563422,
        -0.6785389487221022,
        -1.0249701610209907,
        -0.3807782327774074,
        1.2339442691136064,
        0.635047710332559,
        -1.6735943846152468,
        -0.5452594385823276,
        -0.7891183820234801,
        -0.24401385364906533,
        -0.9281302810015171,
        1.326693673671754,
        -0.23077380600650482,
        -1.3305671922073299,
        -0.29653753230605506,
        2.123722978348133,
        -0.6057469589386378,
        1.130442677291947,
        -1.904070898416077,
        0.38449014531291026,
        -0.6497965785168268,
        0.39619179771385465,
        0.37596835641620613,
        -0.07607562569833246,
        -1.387214330645306,
        0.757128091829034,
        -0.6222295848371054,
        0.1542403638032246,
        -0.41808754278485016,
        0.9906521249271178,
        1.1305234166450628,
        -1.124945738101034,
        -0.4479482236647914,
        0.2082859282243768,
        -0.7203486491912328,
        -0.209352092843468,
        0.4558304478235695,
        -0.09535181589486183,
        0.18942275492633848,
        0.5711161337778816,
        -1.1290206489155707,
        1.6572470070485898,
        2.624528802135487,
        0.20427904508466077,
        -1.4875290772245087,
        -0.9203758687146921,
        0.042705161369064146,
        -0.8299397147760907,
        0.7941286584782712,
        -0.1302773558013182,
        0.420646938515948,
        0.2712544301471224,
        0.7459746114756475,
        0.3434641779013421,
        1.926120933940889,
        0.30777496583420266,
        -0.8401427918907538,
        1.438305341969952,
        1.0046258970665751,
        -0.9776536099362586,
        -0.28125285535577943,
        0.010694574442108876,
        -0.7771873332979685,
        1.6501918486201486,
        -2.2609360572889634,
        1.4823818813305647,
        0.7254375999250282,
        0.122583179130997,
        1.6147404343558798,
        1.7648438933307062,
        0.0046535598448266755,
        1.4628904526456241,
        1.430881595070485,
        0.19451394166084918,
        1.695710472992335,
        0.9265637433318584,
        -1.038475147142477,
        -0.7482959641178695,
        0.636609548998589,
        0.7337672236418084,
        -0.1560963315051594,
        0.542335857454672,
        0.3910357513050198,
        0.06757402185660484,
        0.3868552508788144,
        0.2748353923128274,
        0.556409958203841,
        -1.5527159606646326,
        0.1619940145729061,
        0.5149437322863208,
        0.07016428361436639,
        0.6319525362900937,
        -0.6557848182758105,
        -1.0986375126077872,
        -0.8639584087684651,
        0.5220060469554778,
        -1.5050015208454242,
        -0.25231004029886933,
        -0.6651626566741832,
        -0.7522936944139977,
        0.6700544831340813,
        -0.016754132892765693,
        0.7390707233780155,
        0.4275517951373188,
        -0.6583255687080543,
        -0.15545718397974537,
        0.9100085702241055,
        -0.20355420838869767,
        0.040745453997909575,
        0.2228655544666672,
        -0.5512315644363313,
        -0.3887416186156706,
        1.4344191142109477,
        0.18374799173061357,
        -0.5534094523407673,
        -0.7472451603105337,
        -1.8496882579708147,
        -0.602201009783685,
        0.41608876276750134,
        -0.9548717042885865,
        0.3540088189518239,
        0.04365220919813925,
        -1.038596741949302,
        -1.5017018718280546,
        0.45050049957978705,
        0.8980923202656182,
        -1.660390015251697,
        -0.4392723656847024,
        0.5146769254847879,
        0.8274722044954917,
        0.31072451897994324,
        0.884592296005027,
        -1.1075821361840463,
        -1.0671558625556201,
        0.779360409830828,
        0.9168417419225774,
        -0.7548913523160603,
        1.4479552275857497,
        -0.8013160443065193,
        1.3694451108899788,
        0.23910215423091996,
        0.04343754063950095,
        -1.3184151038067822,
        0.45149364243121665,
        -0.6975836214467419,
        0.09906052740073838,
        1.3034539290788711,
        -0.6471888199281034,
        0.7299158865051931,
        1.4627183513374569,
        -0.11406540289560262,
        0.29824179730225986,
        -0.7371549367655076,
        0.7199052306250163,
        2.1933057231978195,
        -0.07249301704718589,
        -0.17848273565199174,
        0.835269950149453,
        -0.4239278717196403,
        0.6631270162541902,
        0.7284041358623017,
        1.1151016601283645,
        0.26817369850473827,
        -0.8743238954806184,
        0.02512372489154526,
        1.0298280643146756,
        1.1099605089213807,
        0.7869598869857951,
        -0.7181920053410423,
