{
    "idx": 713975,
    "fights": [
        {
            "enemy": 5,
            "fitness": 86.21297711225776,
            "player_life": 23.200000000000244,
            "enemy_life": 0,
            "time": 449
        },
        {
            "enemy": 6,
            "fitness": 30.38322890233343,
            "player_life": 0,
            "enemy_life": 60.0,
            "time": 275
        },
        {
            "enemy": 7,
            "fitness": 89.61289246928257,
            "player_life": 49.60000000000031,
            "enemy_life": 0,
            "time": 210
        },
        {
            "enemy": 8,
            "fitness": 92.56506424239103,
            "player_life": 77.80000000000021,
            "enemy_life": 0,
            "time": 184
        }
    ],
    "weights": [
        0.926696502020578,
        0.5712416668594689,
        1.1108869292813546,
        -1.166168482743808,
        -1.5327355226738093,
        0.608758445444395,
        -1.1700555002227901,
        1.1677176515772405,
        -0.5249229931253683,
        1.0429535698573096,
        -0.3304358883099976,
        -0.9130670322531661,
        -1.1196529405701303,
        0.1801619775978869,
        -0.44185280046761555,
        2.5195862648781144,
        1.9481162205240226,
        2.244617806902,
        0.5161105647133931,
        1.9719793616342405,
        -1.1349480471873408,
        -0.12233959147766191,
        1.453092906337121,
        2.331611830952883,
        0.529791097063081,
        2.226519907598611,
        -1.8926749631195556,
        0.000219724864793866,
        1.1136945210910563,
        0.09150015040301326,
        -0.3778085799635176,
        -0.7285197365352086,
        -0.1035321357992089,
        -1.7252757081849288,
        0.5649989066337456,
        -0.7157494804532227,
        0.21226703832632013,
        -1.139147503697377,
        -0.15542160334059338,
        0.9525810495818182,
        -0.6192523809648565,
        -0.7776257136387883,
        0.08533996836124468,
        0.891497943817653,
        0.1628691639877341,
        -0.5824843603285967,
        0.9657400284332005,
        -0.2795900531511246,
        0.20601042896844823,
        1.1563501385896093,
        -0.550374481733427,
        1.9764518373399507,
        -1.5018394664151273,
        -1.0241948563066556,
        -1.1015433849845067,
        1.7755544878083205,
        0.4387422581701819,
        0.22235145524821198,
        -2.0316283688876444,
        1.3582161644300343,
        0.608367938901345,
        -0.7206075051202434,
        -1.1102227893244279,
        0.5037243211335779,
        -0.22017778133777877,
        0.6054131056082597,
        -1.6312485417514955,
        0.9754842402263476,
        -0.006576082329479024,
        0.7028097822226039,
        0.7454927251443086,
        -1.4800177120930413,
        -0.6086133197661254,
        0.7156827857205201,
        0.038334419489848656,
        -1.3102108016101959,
        -0.4696274537112648,
        0.13862940914649236,
        1.106055533101471,
        1.3113092438796223,
        0.7706303363537416,
        -0.08931722465134248,
        0.1336234663642689,
        3.1623142415013796,
        -0.03395926967427798,
        -0.5629262559316353,
        -0.1533598883996856,
        0.9805319617929682,
        0.8331126245093678,
        -1.3483103501104667,
        -0.5227233200091705,
        -0.1846330438665716,
        -0.0938262604315131,
        -1.0586325653371784,
        0.6113489295995491,
        0.028304049161035044,
        -0.8614495454586893,
        0.5525698317517912,
        2.0553270815707823,
        -0.5872004561982608,
        1.2012204277183207,
        -2.022132590479041,
        -0.02411990340628338,
        -0.5719279034754104,
        0.1880759905039717,
        1.167088036198785,
        -0.0019140641178863604,
        -1.2320508044885328,
        0.6094342057584451,
        -0.6507127485647269,
        -0.8702367369446563,
        -1.289068958425367,
        1.2892180767537238,
        -0.05283985131721751,
        -0.929697288707573,
        -0.5402474530833316,
        -0.40412191513694146,
        -0.3537960591841214,
        0.22269385115611867,
        0.04431266584441362,
        -0.17343819671710556,
        0.7965806499697845,
        0.9024222480744036,
        -0.39754214229314316,
        1.255587487360521,
        3.4951940013894487,
        0.6598630065355988,
        -0.7177825792898509,
        0.19827890310482418,
        -0.35955918308409063,
        -0.41154172789966176,
        1.0042679088983406,
        -0.259196553746088,
        -0.04913017911915629,
        0.5577910331388379,
        0.7292541827351261,
        0.7886029458388657,
        2.153052339361098,
        0.3252632441036494,
        -0.46461919679208297,
        0.9757595297955465,
        1.6122652529348747,
        -0.8112449788094633,
        0.8628594556187021,
        0.3479326569607162,
        -1.0784227793813823,
        1.2834501677811143,
        -1.4547132953378328,
        0.8428037247692128,
        0.7249217759760183,
        -0.0992444579414962,
        1.3202758851811691,
        1.9002195957851047,
        0.7266738775639591,
        1.627269277078215,
        0.6473986377340186,
        0.023319310024421697,
        1.6673259168289711,
        2.0022732440658793,
        -0.10033668956332224,
        -1.0451482742022549,
        0.4367228649889123,
        0.4190355319918435,
        -0.44188181054173936,
        -0.08693817705912191,
        0.7927058958736142,
        0.300912075315616,
        -0.07208123948760142,
        0.5828187745027449,
        0.44648504868117367,
        -0.8027898959558757,
        0.22627607372404573,
        0.7165068425409826,
        -0.28085272938702927,
        0.19517951983526158,
        -0.5484010308989014,
        -0.9998925088930983,
        -0.8365434279973004,
        0.29834288548062726,
        -1.3252181493200477,
        -0.06355426056082808,
        0.24641375796613002,
        0.9292718062799974,
        0.48332363214901086,
        0.27366144122114305,
        0.8947510648012788,
        0.8537842266651061,
        -0.22289070428228097,
        -0.0014527546582387453,
        1.01690734179664,
        -0.6292890211978969,
        0.04950253485100542,
        -0.7737126701784085,
        -0.7401958314203883,
        -0.2355431814494893,
        1.1089824085805007,
        0.6872900562883679,
        -0.3836030569521438,
        -0.6769758444137043,
        -1.6752338694247817,
        -0.5049400476236922,
        0.13224543469788372,
        -0.3796857589646635,
        1.2510172709007557,
        -0.6889305887813031,
        -1.2846351433755572,
        -0.9635004464290897,
        -0.17826259213457724,
        0.8803366073601969,
        -1.5215314431657385,
        -0.33741017916376165,
        0.9506557904841665,
        0.18977644902716156,
        -0.06478465482272007,
        0.8314021433897942,
        -1.0929940912462515,
        -1.340480501629448,
        -0.6862374409981846,
        0.9427654253769968,
        -1.0368503165713625,
        1.7393585091189925,
        -1.2347681598074411,
        1.2584131987929708,
        2.780453970626482,
        0.40790181886387367,
        -2.135791561995545,
        0.6445833915661454,
        -1.366633828984712,
        -0.49237959911897194,
        1.0330712185274655,
        -1.3895418233953822,
        1.6716567939939584,
        1.4035871222192322,
        -0.2825004509989714,
        0.6155413350170619,
        0.16397180789977006,
        0.680025394987382,
        1.2845937649058534,
        0.18182854825642822,
        -0.6747754326810319,
        0.6909470579402822,
        -0.08304050471675523,
        0.6519025090077163,
        0.48520646502143006,
        0.9297135206721601,
        1.3774345513966628,
        -1.1684056004199794,
        1.1626754335265876,
        1.0236974719345964,
        1.7932178330410764,
        0.5911380310174521,
        -0.7290132623362464,
