{
    "idx": 713961,
    "fights": [
        {
            "enemy": 5,
            "fitness": 89.19275134159977,
            "player_life": 47.8000000000003,
            "enemy_life": 0,
            "time": 267
        },
        {
            "enemy": 6,
            "fitness": 84.77165549623892,
            "player_life": 3.4000000000002344,
            "enemy_life": 0,
            "time": 262
        },
        {
            "enemy": 7,
            "fitness": 90.15289246928256,
            "player_life": 55.00000000000032,
            "enemy_life": 0,
            "time": 210
        },
        {
            "enemy": 8,
            "fitness": 88.26324619773175,
            "player_life": 39.40000000000028,
            "enemy_life": 0,
            "time": 292
        }
    ],
    "weights": [
        0.8314471916026727,
        0.7796562478580528,
        1.3275850424211035,
        -1.0565879514524628,
        -1.505004490278559,
        0.35885715302684196,
        -1.27992572923328,
        1.2808213421917771,
        -0.8362089824494754,
        1.2689964725735932,
        -0.3637052405266529,
        -0.4179960778242835,
        -0.9538184384116155,
        -0.5905957510220604,
        -0.5462669357280989,
        2.932425323973375,
        1.9763577364046965,
        1.9621875533172055,
        0.6856589077822977,
        1.9584958911054229,
        -0.7270209595305562,
        0.37836708963643334,
        1.0422557558399737,
        2.6532433760468788,
        0.6036463561860185,
        1.5238587644462818,
        -1.7999502845827016,
        0.18602766411087557,
        2.4474099827399747,
        -0.16916709016895143,
        -0.3257197508270851,
        -0.703017052009533,
        -0.4134831555180301,
        -1.4673098818496104,
        0.7009099381678889,
        -0.019794459479909078,
        0.06105355234973242,
        -0.9341400662497057,
        -0.03225824185904865,
        0.6299764929549863,
        -0.4788072211458898,
        -0.7944970907291447,
        0.09339557679241886,
        1.0822075898730907,
        0.04021018886319158,
        -0.5844732298077358,
        0.9240973663987103,
        -0.20933268426566057,
        0.7226013793719189,
        1.37155541882669,
        -0.5836651765419927,
        1.857547107537282,
        -1.9316442289449975,
        -1.047875521847038,
        -0.8313357433409077,
        1.6928352667375774,
        0.3616302331909372,
        0.16012716194932808,
        -1.820608228165151,
        0.8197479752249314,
        1.2606773369609006,
        -0.6488283059472575,
        -1.1848936472222011,
        0.44124689947170004,
        0.2693570573004262,
        0.695693402311844,
        -1.4288582416783702,
        0.9075908491500384,
        0.2348399022293659,
        0.6302547042524851,
        0.568767723952194,
        -1.125778283949463,
        -0.6196933788003754,
        0.4362496567186418,
        0.05724684736684568,
        -1.0009399217152617,
        -0.17259496414437703,
        0.2393680520459951,
        0.8492646344692969,
        1.1966553034552663,
        0.5073526737172708,
        -0.24302648962535434,
        0.23425071381806617,
        3.019368262502898,
        -0.18788282436681647,
        -0.5496443915194824,
        -0.13652014759754333,
        0.372895256973923,
        0.7266562440693161,
        -1.2980835854447463,
        -0.7301474473277138,
        -0.9079652306827634,
        0.21609246635445972,
        -1.197015450606574,
        0.6552784706103588,
        -0.23801663609024182,
        -1.1365434574589715,
        0.37298965016692576,
        1.9311245145547051,
        -0.48037429860937003,
        1.0786060678287124,
        -1.3019741926945745,
        0.0010991183779869018,
        -0.3500659570972291,
        0.17374275871839417,
        0.9641651090932329,
        -0.07472252984068763,
        -1.3428787743106134,
        0.7486976808092343,
        -0.7559203976436167,
        -1.243012473232769,
        0.22065901881504785,
        1.2712264575016294,
        0.4645803896455885,
        -0.9997697449537241,
        -0.4861292643357665,
        -0.2596656984748419,
        -0.3812506022163973,
        0.2089440518302387,
        0.010461305758312906,
        0.03427623092043658,
        0.8186386426358492,
        0.6707252291942318,
        -0.5828163392027863,
        1.2582648342187048,
        3.541536741140205,
        0.8576483357199389,
        -1.1258543618443564,
        -0.14660378631195622,
        -0.5139003266888704,
        -0.9054104427559772,
        1.2386592942405614,
        -0.07545219182784915,
        -0.07975566318296459,
        0.13450088059206577,
        0.7286156229577442,
        0.5619615062370343,
        2.284689005436861,
        0.6313627204040293,
        -1.0720573652068262,
        1.628878771001156,
        2.01347558279051,
        -0.8548793891232693,
        0.9848605538239832,
        -0.09814113908374326,
        -1.3965153466629074,
        1.142767094465211,
        -1.5533444557162193,
        0.9633023684302244,
        0.6511724191181384,
        0.09163082350330343,
        1.1889695747964781,
        1.20443149431317,
        1.049194640681568,
        1.6666913107028947,
        1.1194573097253426,
        0.03753552048576543,
        1.9645981593989683,
        1.998819608136159,
        -0.5426676034699766,
        -1.0307383500665568,
        0.5549820393079005,
        0.44964185183048777,
        -0.17097268765182,
        0.06264810872320871,
        -0.40654031800184365,
        0.06290347652176898,
        0.15653368752579688,
        0.7042566828124006,
        0.41133181534015706,
        -0.06990496888334083,
        0.25776942698276467,
        0.6407850860217764,
        -0.06179765155302829,
        -0.13850813893359426,
        -0.801853531435615,
        -1.0191844183439633,
        -1.0190096306147638,
        0.12303396411778664,
        -1.2724754105098175,
        -0.33271363678014365,
        0.3848267176057814,
        0.7845774195048186,
        0.8589831381443237,
        0.21763247083242462,
        0.6390885937831486,
        1.0923908018968926,
        -0.43161412123653375,
        -0.032809647798940356,
        0.9242081039431657,
        -0.8014185053386866,
        0.08722716151806309,
        -0.5196269805055777,
        -0.8347181674106824,
        -0.5345809090844239,
        1.049426629394553,
        0.45555629706335576,
        -0.6398939979174724,
        -0.3005803925543871,
        -1.7322904289781318,
        -0.5590185688400044,
        0.1642615495335299,
        -0.24621567837822583,
        1.285723178149098,
        -0.5742330761296786,
        -1.3605326948900134,
        -1.3226474585797647,
        -0.21322916738376818,
        0.3785794381041507,
        -2.409428056457496,
        -0.1305634419507305,
        0.5503673495399446,
        0.5119702652432206,
        -0.08192328126405822,
        0.8764805347579175,
        -1.0702942085244835,
        -1.2812391240038001,
        -0.2539782663989923,
        1.2431895877758294,
        -0.9540078281416461,
        0.9279935303087453,
        -1.453764401197446,
        1.1633456897078331,
        1.4203811797953296,
        0.4018565962143952,
        -2.0730484465133294,
        0.08439167216748478,
        -1.4719313666483893,
        -0.4635427295010544,
        1.1574810108987432,
        -1.4176434508814886,
        1.7219287714922205,
        1.511331259774301,
        -0.31320891070796764,
        0.5753879607875578,
        -0.5106750488147798,
        0.6042719385778845,
        1.1560519517600643,
        0.06922120866709623,
        -0.8560779272534231,
        0.8750939681001275,
        0.22865047829634463,
        0.775764000929593,
        0.26106863390945906,
        1.025190917161607,
        1.0742603450174772,
        -1.1409271958670397,
        0.5458174460450355,
        1.622419579078197,
        1.5642593172577346,
        1.0451332871419474,
        -0.6636005965710374,
