{
    "idx": 702988,
    "fights": [
        {
            "enemy": 5,
            "fitness": 90.45650369121833,
            "player_life": 60.40000000000033,
            "enemy_life": 0,
            "time": 266
        },
        {
            "enemy": 6,
            "fitness": 57.409013019489144,
            "player_life": 0,
            "enemy_life": 30.0,
            "time": 268
        },
        {
            "enemy": 7,
            "fitness": 90.56669517527554,
            "player_life": 58.60000000000033,
            "enemy_life": 0,
            "time": 199
        },
        {
            "enemy": 8,
            "fitness": 88.90878821817867,
            "player_life": 45.4000000000003,
            "enemy_life": 0,
            "time": 279
        }
    ],
    "weights": [
        0.5826879923540877,
        0.48149637041444715,
        1.092140604599984,
        -1.230432109205299,
        -1.359119040280923,
        0.17015920125715572,
        -1.4481200249790116,
        1.2957883903222498,
        -1.2790689312032453,
        1.6390617167150647,
        -0.01901630054692069,
        -0.399964148448895,
        -0.9627073543780009,
        -0.2597637574780795,
        -1.2047427346245783,
        2.4273155293297743,
        1.0298564810384438,
        1.076354225791444,
        -0.10507971358605235,
        2.297190044256245,
        -1.6509147820521486,
        0.437990120357445,
        2.216020469892572,
        1.3213547321137658,
        0.5092460227170802,
        1.3902846596996472,
        -1.444837902729054,
        0.5208978450544203,
        0.9957500284808499,
        1.0315951640969656,
        -0.6178121991311811,
        -0.6417146403570387,
        -0.9488923613848386,
        -0.4950899275317817,
        1.065380524462219,
        0.12947766512701647,
        0.34129757861629345,
        -0.7769882049542329,
        -0.24157053425290667,
        1.0866284788011138,
        -0.3393891059690776,
        -1.112404713468589,
        0.5475202333361517,
        0.605759378737236,
        0.1731586585788912,
        -0.3046463020025198,
        1.5489268421563125,
        -0.44954386278167924,
        0.6683609640422884,
        1.2192399670928495,
        -0.3412335863838572,
        1.7088235891652614,
        -1.3919719194611502,
        -1.1320057453394987,
        -0.36897789109358803,
        1.203794157893784,
        0.5748985017710981,
        -0.34872081367514746,
        -1.8946427293750039,
        0.4831523407599038,
        1.1419223288581952,
        -0.5512347834275404,
        -0.2478759493990332,
        0.6028038573305441,
        0.9874859881354606,
        0.7007863424991989,
        -0.7423764905572704,
        2.511788938983621,
        -0.38985580644295653,
        -0.315193061621041,
        0.9180604595124543,
        -0.6962051634385467,
        -0.1372127888323477,
        0.33762734771031455,
        -0.44280859485530866,
        -1.5304702612393073,
        -0.3839564470416779,
        -0.20503695261010857,
        0.7050818110372088,
        -0.17237499301778167,
        0.44065129201096565,
        0.051980301746615235,
        0.4613033598850152,
        2.469132774684673,
        -0.40544650667651116,
        -1.074301163506911,
        -0.23689470772195553,
        1.1063593505335447,
        0.07245943440014187,
        -1.2397370132924792,
        -0.584882368598688,
        -0.5183017128806942,
        -0.19816525020118433,
        -0.9993160147859501,
        0.9320995661833961,
        -0.6835787204369963,
        -1.0148069487955251,
        -0.2778169642684772,
        1.7212758278158338,
        -0.8231961626225603,
        1.171889642480645,
        -1.827916249540076,
        0.5816676777432388,
        0.28455374132288414,
        -0.1754078367842654,
        0.6498428102531375,
        0.15667242073484117,
        -0.7660854962073584,
        0.7086665410419493,
        -0.669744035720456,
        -0.8924278184268848,
        -0.4560030997072052,
        0.5577705295681582,
        0.27272699406354256,
        -1.4325331585561387,
        -0.00893764891471284,
        -0.13006333164165454,
        -0.39762237832064307,
        -0.13401742152411422,
        0.422655157470753,
        0.31005411111803527,
        0.1532843968217076,
        0.23827051546316258,
        -1.0585576620598554,
        1.418274167602427,
        1.60998887574255,
        0.7037004309742995,
        -1.4664134615529578,
        -0.446120764896759,
        -0.2777045860041943,
        -0.6274328758614119,
        0.8153091149611749,
        0.17652868010391184,
        0.7604733772713395,
        0.4741712590382105,
        0.6840012708642501,
        0.18048314603942106,
        1.821224109882029,
        0.3233590020110042,
        -0.8459372254916816,
        1.0081548700833987,
        1.2774823572883578,
        -1.1553348929139118,
        -0.19948214083138666,
        0.5554890923736098,
        -1.2185147078722438,
        1.535472901669913,
        -1.6745049153391285,
        1.1747834009279936,
        0.6816316316606179,
        -0.06319513187299698,
        1.3301770088876372,
        1.1586420027090112,
        0.25746193266524836,
        1.2193236138266759,
        1.3548288237349966,
        0.249064827460803,
        1.4350969697788944,
        0.9015087207782766,
        -0.6246774887305092,
        -0.9538560783611333,
        1.4725635766050715,
        -0.06147195815111323,
        -0.5348709586009072,
        0.7108725033161627,
        0.28245580196548914,
        -0.35109916551137266,
        0.4994478953392213,
        0.5166828200020706,
        0.7564356501005841,
        0.012373758624700639,
        0.04656034911836024,
        0.4472161290495297,
        0.6189087127681546,
        0.43924710618698987,
        -0.7618387389287732,
        -0.635176239410072,
        -0.5898216082416851,
        0.06084314251820128,
        -1.191114601127746,
        0.08962111677930636,
        -0.49143607757777796,
        -0.28504419014082377,
        0.6425997305249598,
        0.34880319737634247,
        1.5005952901614703,
        0.5127144188420093,
        -0.8000036730692427,
        0.21018221423198988,
        0.5111716396249415,
        0.22559042873111948,
        0.007306314072578124,
        0.016292239509053126,
        -0.28750717200590686,
        -0.05747296510382085,
        0.8127440230956597,
        0.26793427678856074,
        0.046325876787462104,
        -0.20259178827892216,
        -1.9028601116629933,
        -0.5498365671594675,
        -0.036344962906223126,
        -0.2120018199088513,
        1.607464904844331,
        -0.4454852570634592,
        -1.1076433167442299,
        -1.4080582050569461,
        0.4596026325161575,
        0.852440155074141,
        -1.5025032162230556,
        -0.44633410356463066,
        0.8657379990741578,
        0.49917495026864395,
        -0.3373898199539048,
        0.8824861389073498,
        -0.9135064857392128,
        -1.3659583695991442,
        0.1793084888890592,
        0.9510645986588478,
        -0.015195357508954385,
        1.2138119444901403,
        -0.8684067397453225,
        1.2816167516547399,
        0.08077032258754151,
        0.24242313293633133,
        -1.3708563912686202,
        0.7115148000572704,
        -1.5185662026931899,
        -0.16809206288432124,
        1.4395311699139874,
        -1.1912038109627765,
        1.1891541027507566,
        1.3111325888257785,
        0.020569860194050882,
        0.2806905043596482,
        -0.36134400713167714,
        0.6464582771675925,
        1.7709140751516694,
        0.5290007303594176,
        -0.41944805818039044,
        0.8918888275431205,
        -0.0029838955148791257,
        0.6449701591134752,
        0.7447697588956053,
        1.5018235574944967,
        0.3846779289257726,
        -1.2116039847921263,
        0.5722547931204085,
        0.9914857088878323,
        0.2199083294381767,
        1.084548922195094,
