{
    "idx": 702577,
    "fights": [
        {
            "enemy": 5,
            "fitness": 91.0002701740138,
            "player_life": 65.80000000000032,
            "enemy_life": 0,
            "time": 265
        },
        {
            "enemy": 6,
            "fitness": 21.511062273843315,
            "player_life": 0,
            "enemy_life": 70.0,
            "time": 242
        },
        {
            "enemy": 7,
            "fitness": 85.99703951986407,
            "player_life": 16.60000000000023,
            "enemy_life": 0,
            "time": 288
        },
        {
            "enemy": 8,
            "fitness": 90.01936107665804,
            "player_life": 55.00000000000032,
            "enemy_life": 0,
            "time": 240
        }
    ],
    "weights": [
        1.1769488612161183,
        0.15202742213323178,
        1.2654456584408162,
        -1.0164234942634303,
        -0.7962555948886237,
        0.7122871884664995,
        -2.354471275230458,
        1.4385211718920687,
        -0.48597282272141,
        0.5036178684883582,
        -0.3176325472368561,
        0.22956237019538075,
        -0.8138686752875627,
        -1.2351615237295999,
        -0.1989964288692329,
        1.2585227027100814,
        -0.13583471639593514,
        1.5446604330000377,
        1.1331476688022655,
        0.9121654000056243,
        -0.35266156413914446,
        -0.255552462419498,
        2.0016633075980574,
        1.4653497481414426,
        1.0943557776048232,
        1.8608307718769752,
        -0.3665136584797357,
        0.49154441684123545,
        1.1681083382171538,
        1.513286186825284,
        -0.16450960938166298,
        -0.20890528397748048,
        -0.6181093518571694,
        0.4797128711490227,
        1.1523221569985544,
        -1.05777546987363,
        0.581979062381652,
        -1.0170215142676953,
        0.04628761139099723,
        1.2368654656314875,
        -0.4642537372405973,
        -0.9272789551000681,
        1.7140391942964013,
        0.5225755727956259,
        -0.3790930891344701,
        -0.265430597612661,
        0.9159810460087382,
        -0.2794000238547009,
        0.8533450539587971,
        0.35409588217858307,
        0.022645852448727785,
        1.0280389123379516,
        -1.3717015901752279,
        -0.8865976833292675,
        -0.9281697324716851,
        2.34054787281888,
        0.5893516729508963,
        -0.044880830036285305,
        -1.6752062074653138,
        0.5154482391795354,
        0.25025533284331924,
        -0.40087647601339693,
        -1.5446994567880976,
        0.5855048538743367,
        0.2863218951805096,
        -0.27896084046461117,
        -0.42035815088638184,
        1.3584872495543536,
        -0.24690113336427566,
        0.9266792299335862,
        0.4659249173953031,
        -0.3455522658650863,
        -0.2930795712440523,
        0.2979996404723073,
        -0.1756439056864647,
        -1.375444852831071,
        -0.2286804610184456,
        -0.6697140332243243,
        0.0464198839771931,
        0.5283676760201077,
        0.8850312933943639,
        -0.4281797758933146,
        0.042843182321763304,
        0.343088049063917,
        0.21460203532651867,
        -0.3739757118353574,
        -0.6208815524740752,
        1.8290471737004053,
        -0.20150490045278413,
        -0.19280334101133678,
        -0.23010084146856144,
        -0.9607560564455024,
        -0.05020339777490569,
        -0.82890537286321,
        0.643397870515341,
        -1.1848352740665997,
        -0.5341239020596852,
        -0.5197123765069211,
        1.6207601434833083,
        -0.3750852865264881,
        0.4091276679302638,
        -1.196339019099531,
        -0.2582001502354825,
        -0.6022770657120747,
        0.6548620116497352,
        0.13640526128367347,
        0.5458504298065,
        -1.5094360873600878,
        2.074914121753638,
        -0.8730522903270602,
        -1.5477631290199867,
        -0.16886840895703584,
        1.1098669370596501,
        0.6237757147285081,
        -1.6155420043276079,
        -0.09455746749986552,
        0.02922409940111098,
        0.44168669710936426,
        0.18997987843752306,
        0.4919737765254047,
        0.37401156289564086,
        1.2778531562006843,
        0.3466109835491842,
        -0.36432455776243333,
        1.0652980709166275,
        1.740481136669129,
        -0.34043941828201335,
        -1.4673913006177906,
        -0.5895489534057438,
        -0.6455025467948761,
        -0.6879151774864983,
        0.14427857425256727,
        -0.10574548255000155,
        0.5313138823583846,
        -0.2842423753581828,
        1.2720076681363535,
        0.13117352068456,
        1.7366482814252342,
        -0.012969509713767424,
        0.6749886147387805,
        1.0994812911079554,
        1.1636122680919772,
        -0.8221489259606436,
        -0.3214857590701427,
        0.8745816977344292,
        -0.6411651061451475,
        0.9554244821390271,
        -0.7428651737633917,
        0.23246985366342576,
        -0.11527451734280542,
        -0.045621341970981305,
        0.6318802636065857,
        0.18896023805779552,
        -0.3378967630712394,
        1.616411350609395,
        0.6090188352108249,
        0.2656228366556514,
        0.8383294359685227,
        0.4552238689709818,
        0.11629876288916867,
        -1.048319725040225,
        1.2422436026617252,
        -0.032804436741436946,
        -0.568196039918895,
        -0.4021877465175243,
        0.9404628192374922,
        0.02452914849395271,
        -0.0054565704797549,
        0.4379257910353344,
        0.25917665872453133,
        0.49066960825290923,
        -0.2612770530958666,
        0.26585812464843767,
        0.27303210420573437,
        0.5763568513085395,
        -0.1580704255175096,
        0.17403210551099813,
        -1.4271877781042388,
        0.21969463548594817,
        0.07632125217382779,
        -0.6380288614004705,
        -0.8655277796840561,
        -0.8377295693478773,
        0.8494223387590623,
        0.1926561397650303,
        0.7029089087785775,
        -0.4101480551518208,
        -0.4604650605521544,
        -0.003986942961048151,
        1.2389669365143354,
        1.4261544537135804,
        -0.21805789575654505,
        0.40753305739818063,
        0.24491128222865013,
        0.3105559055885374,
        0.8832958933449273,
        0.6772297149920363,
        -0.8592633580153016,
        -0.4876411500175719,
        -1.3363975434606539,
        -1.0525973531243453,
        0.2593624559727137,
        -0.7083723631720737,
        0.371062073973391,
        0.5803805140287751,
        -1.008276589928293,
        -0.1681690233447449,
        0.9702308305675152,
        0.5002106902128869,
        -1.61387235060361,
        -0.18201399230363768,
        0.7427678292822919,
        1.0607673788565168,
        0.013245832442389298,
        1.1045806846677477,
        -0.8447078226352652,
        -0.3662296176395447,
        0.2640902013509993,
        0.8159345091887507,
        0.412232884786099,
        1.484952206359433,
        -0.15636703379686617,
        1.1440230156514783,
        0.008939059234738084,
        -0.19885568470286583,
        -0.8524736788482937,
        0.5312029220085163,
        0.26662841054482955,
        0.5173457266249396,
        0.7358179789259003,
        -1.0627150330096276,
        1.2854687887345653,
        1.8680550616294465,
        -0.355584996047079,
        1.5430711849870622,
        -0.7082318909940868,
        1.8083088604683557,
        1.1923133288936174,
        0.1301498113858631,
        -0.015435927832795307,
        1.0099280545013176,
        -0.1840220055371125,
        1.8610042542620324,
        0.8007197818061184,
        0.6906353626593646,
        0.22387510659471385,
        -0.8794626762381251,
        1.330533150144717,
        -1.1939066261409501,
        0.6624144423137109,
        0.6572149221828594,
        -0.4544461610510906,
