{
    "idx": 702567,
    "fights": [
        {
            "enemy": 5,
            "fitness": 85.29777673454485,
            "player_life": 15.400000000000228,
            "enemy_life": 0,
            "time": 514
        },
        {
            "enemy": 6,
            "fitness": 48.45092391510478,
            "player_life": 0,
            "enemy_life": 40.0,
            "time": 257
        },
        {
            "enemy": 7,
            "fitness": 89.16472159231587,
            "player_life": 45.4000000000003,
            "enemy_life": 0,
            "time": 216
        },
        {
            "enemy": 8,
            "fitness": 87.53788162462297,
            "player_life": 33.40000000000027,
            "enemy_life": 0,
            "time": 331
        }
    ],
    "weights": [
        1.1617649494478424,
        0.29287734544745464,
        1.3172941782999799,
        -1.3418606443232852,
        -1.1545843118164203,
        0.7882617657657381,
        0.5020992963770957,
        0.2437920794063073,
        -0.1726655951298902,
        1.4764517001743989,
        -0.5875717650173943,
        0.6660261393751936,
        -0.8356638163470707,
        -1.2955487218473405,
        -1.246527122651891,
        1.5046617313407542,
        -0.5782587885713879,
        1.8561032170155163,
        0.7781532676030776,
        1.3167189538563493,
        -0.38848014407419323,
        -0.5987484385298982,
        1.1716392528299941,
        2.642953617054341,
        0.8095532427157159,
        1.936092731887661,
        -1.4099493369548082,
        1.2965478948418336,
        0.3670595370758013,
        1.4064599960701074,
        0.028887905628838056,
        0.25724866796047585,
        -2.0795089372434856,
        0.386530948769382,
        1.0290508798207385,
        -1.2799836793686354,
        0.6959872164401387,
        -1.0315553374998192,
        0.11276535081663905,
        0.9929358572684299,
        -0.806199794249654,
        -1.0740778095972154,
        1.5704751766692848,
        0.7535637333377658,
        -0.2678719777366929,
        -0.24028710578621562,
        0.654303182582076,
        -0.03659288780080347,
        0.30701843097492343,
        0.1767654620071646,
        -0.1479999476683709,
        1.0558345249007934,
        -1.2579465378652919,
        -0.8641061800507185,
        -0.6104979542760612,
        2.503524223582536,
        0.5909164799740785,
        -0.550030210585695,
        -1.6157578275269722,
        1.124300476119912,
        0.17622221469037364,
        -0.9519482523890828,
        -0.12195471163346577,
        2.605867351028601,
        0.6275672981744373,
        -0.4539751916588815,
        -0.21880986430992133,
        1.8926538053821975,
        0.09991311153515324,
        -1.1156688320307975,
        1.0522376743733461,
        -0.37222723534282115,
        -0.8811947600966015,
        0.21298892089956356,
        -0.20033454836506495,
        -1.74363877790407,
        -0.18756962581154016,
        -0.8093853117751457,
        1.1846459019623086,
        0.44620078334975277,
        1.4800892763206246,
        -0.401487818039104,
        -0.4696118087442296,
        0.21658110426854674,
        -0.46766112916713265,
        -0.5494999849633807,
        -0.4441685708799028,
        1.0572394423802762,
        -0.36692536158272787,
        -0.5015244983252468,
        -0.3283221501141244,
        -0.7808720557192483,
        -0.03753196585844171,
        -0.48728997651575484,
        0.5658904790880422,
        -1.3562514995813966,
        -1.0625480532579745,
        -0.1309562368353713,
        0.6709336739809835,
        -0.8794127845186139,
        0.9264248000455718,
        -1.1416843916894799,
        -0.30989761126418364,
        -0.10043036418646364,
        0.1875233321102193,
        0.6000617993512207,
        0.6749742346270116,
        -0.9505916793788864,
        0.8501455338418271,
        -1.0302495642133433,
        -1.5347946821426057,
        -0.42311566919858246,
        0.8965862701482382,
        0.4460632508107166,
        -1.4546785904016362,
        -0.3240803494376361,
        -1.5693170168382844,
        -1.194379414968862,
        -0.10698821733252692,
        0.4898540312023122,
        0.3685504745584661,
        1.3469224913598175,
        0.7275017362410742,
        -0.6325731875438226,
        1.4990094848453093,
        1.3375712318184683,
        -0.5753700899485541,
        -1.2360380469455117,
        -0.05610508615418086,
        -0.9236037330473272,
        -0.4502660985237541,
        0.04755847717655953,
        0.147776977709558,
        0.444347138732311,
        -0.25284514729465474,
        1.77707535522789,
        -0.36006633527779863,
        1.637537609612499,
        -0.04005177549919976,
        0.6102933563545111,
        0.6040733577670149,
        0.5642376278606543,
        -1.5673113249335446,
        0.27462704894186857,
        0.6205089443645829,
        -0.6047365682814478,
        0.751674905928012,
        -0.6535680664801784,
        0.965955998794902,
        -0.2520227838158784,
        0.28662019634603375,
        0.99628357351572,
        1.2238310313385892,
        -0.3491210753572722,
        0.7619068685535709,
        0.4919901156834905,
        -0.4505836580865431,
        0.34852381530840626,
        0.5610934585068276,
        -0.2729386640865138,
        -1.1370357946608256,
        2.121285088989107,
        -0.3541912313936318,
        -0.31203634235109445,
        -1.4330664006728675,
        0.7015199294360582,
        -0.13366413525390478,
        -0.48288113177305275,
        0.4917385992563398,
        0.3286855682888298,
        -0.3549622303010556,
        0.19743515838950576,
        0.3643230631249759,
        0.1606907079484721,
        0.33162618561101953,
        0.2792535502482946,
        0.23607217211643716,
        -1.2632604997843548,
        0.13820969433165697,
        -0.13197325745838945,
        -0.7597086970508327,
        -0.33771860525909103,
        -0.861721668348257,
        0.5409419769368551,
        0.2584488972470164,
        0.11376817624088201,
        -0.2534302438798334,
        -0.5394879211575111,
        0.07846056561362014,
        0.7873401741829518,
        0.6572001016589615,
        -0.26794959749810987,
        0.25609119337986685,
        -0.24716994837151154,
        0.43462562833288887,
        1.1177012331796519,
        0.5565765455338284,
        -0.49034976678120024,
        -0.5893925397240327,
        -0.8278166166105542,
        -0.867971612196716,
        -0.04178605093858373,
        -0.4290145042561583,
        0.49451043940768113,
        0.1326286964534757,
        -0.8325760395144308,
        -0.6168960231415025,
        0.9383781920691692,
        0.7912931410074577,
        -1.3267275323245153,
        -0.22136010875792697,
        0.6249713601375998,
        0.8508548074917476,
        -0.08228404366889475,
        0.7554436829698123,
        -0.8379388368821156,
        -0.2702755332702357,
        0.19723034970281345,
        1.2408731054142357,
        0.12015837222098455,
        1.5545404094431143,
        -0.2597990709358513,
        1.7938061837883748,
        0.086528658345077,
        0.49548105826044175,
        -1.1987253887780518,
        0.9320711132879195,
        0.28787072871854524,
        0.6126297391749852,
        0.5048758887289565,
        -1.1908696129085663,
        1.8400365030329355,
        1.6678171729625586,
        -0.112028262008496,
        0.7588086609188085,
        -0.7276418077672141,
        2.0346289495060037,
        1.143443315177024,
        0.07813309541136529,
        0.08118996096425374,
        0.8568671795583527,
        -0.42290209549525504,
        0.07165949260072496,
        0.9345438240815738,
        1.0567912303055125,
        0.3617606845455401,
        -0.6359226431823084,
        0.21668519741205194,
        -0.07183053826387265,
        0.6896183067932984,
        1.0490260769470598,
        -0.8061287164339582,
