{
    "idx": 702588,
    "fights": [
        {
            "enemy": 5,
            "fitness": 86.90628484395722,
            "player_life": 29.20000000000026,
            "enemy_life": 0,
            "time": 409
        },
        {
            "enemy": 6,
            "fitness": 39.409013019489144,
            "player_life": 0,
            "enemy_life": 50.0,
            "time": 268
        },
        {
            "enemy": 7,
            "fitness": 90.15289246928256,
            "player_life": 55.00000000000032,
            "enemy_life": 0,
            "time": 210
        },
        {
            "enemy": 8,
            "fitness": 88.81968822339262,
            "player_life": 45.4000000000003,
            "enemy_life": 0,
            "time": 305
        }
    ],
    "weights": [
        1.2097012054867489,
        0.10010573155707596,
        0.9277985569559468,
        -1.2244759921769572,
        -0.5957393947915176,
        1.0871242848078118,
        0.542861697451439,
        0.15641226498569333,
        -0.8362515273276157,
        0.8286660609154338,
        -0.7458998923396273,
        0.1556421955711555,
        -1.4759807235047582,
        -1.0298933138082844,
        -0.48567756561284026,
        1.4792834714932714,
        -0.44486261637598906,
        1.7216785445447311,
        1.0013962119925843,
        0.5842214229400344,
        -0.23638079830080294,
        -0.8574199046177104,
        1.3618223071071056,
        0.44701338855210915,
        0.8627503055436752,
        1.447671272854456,
        -0.5194387409559,
        1.2464585705745157,
        0.7033952052926904,
        1.6488369525340332,
        -0.46796438901242177,
        -0.10673511013390061,
        -0.9417995480024312,
        0.6898786364975672,
        2.13654981352816,
        -0.7364820018527232,
        0.568015693760797,
        -1.1287230622800828,
        0.1945351998654363,
        0.8396878891637061,
        0.1424217913578742,
        -1.5254491651681163,
        1.0317203842310692,
        0.40040487478500647,
        0.02303503044833656,
        -0.1948837874735949,
        0.2024210789313456,
        -0.7394787656813224,
        0.4764624079879354,
        -0.01406093011184184,
        0.11948403119295524,
        1.0710877481529117,
        -1.5397912720661289,
        -1.2890524406386243,
        -0.5656766838652767,
        2.4610310389935806,
        0.37296670767413004,
        -0.5368389377300917,
        -1.6727818786739375,
        0.8693182268012649,
        0.21502014598759311,
        -0.6219877318789535,
        -0.06308498108433055,
        0.827879100182009,
        0.4266288047551686,
        0.4246984016520805,
        -0.763452185875724,
        1.1193169969333816,
        -0.9574236355397175,
        0.45778844833501364,
        1.096557847267454,
        -0.4692231396266388,
        -0.7291162761831861,
        0.025831381143668897,
        -0.23078678135233732,
        -1.809008817000306,
        -0.025464659326777227,
        -0.8482363592436959,
        0.4094866808270014,
        0.31673969153023884,
        0.8171307718606936,
        -0.628280921666579,
        0.30678374320042784,
        0.5722886386330497,
        -0.055028621722667606,
        -0.24395873373757443,
        -0.3232443846719813,
        0.5631631287804856,
        -0.5242495043998122,
        -0.1540818908718849,
        0.6032824243642098,
        -0.9043333436778488,
        -0.5156476547518453,
        -0.290701949469675,
        0.7524887606311906,
        -1.3801007594920638,
        0.0738028162370733,
        0.50469729055567,
        1.1052509230278018,
        -0.2207466733402167,
        1.0223820617851143,
        -1.3232275386975434,
        -0.6914971694128882,
        0.16378453011969402,
        -0.6904332815769297,
        0.8616692700504898,
        0.5573548964640219,
        -1.8264610601933677,
        0.5885898955415226,
        -0.8908887839627315,
        -1.519264641584221,
        -0.25931466827589966,
        1.0468482440856919,
        0.443243567166244,
        -1.310529753667111,
        -0.1742421987928729,
        -0.21013039395852828,
        -1.7394357032573793,
        0.6079102218562259,
        1.0386673874329073,
        0.21375760251963355,
        1.4388823279434533,
        0.7434889471561624,
        -0.480137668047423,
        0.9847291317079081,
        1.8421419304768227,
        -0.4853135800355579,
        -1.5411250156465768,
        -0.36561186443460725,
        -0.5159452425349478,
        -0.18315708748718743,
        0.1508180592691371,
        -0.00381744050211405,
        0.714109688878984,
        -1.8896981611159178,
        2.1033579760224526,
        -0.3479884807852362,
        1.6110335760918297,
        0.24923304531101007,
        0.7516906155870295,
        0.6506744251521468,
        0.5230762796144188,
        -1.3904749116391713,
        0.3639889287938971,
        0.9525495029791525,
        -0.036598152722563004,
        0.9495834290380367,
        -0.3858629743893417,
        1.7985098463959168,
        -0.5404609089045236,
        -0.03714467701017361,
        1.0490842523441462,
        1.7491157128899304,
        -0.04709398497508678,
        0.9255839550085135,
        0.5327750796206768,
        0.4802504505158215,
        0.5558067917242769,
        0.45628268277530304,
        0.1282673052449708,
        -1.1554624942269145,
        1.580385448756023,
        -0.027448321089262387,
        -0.26002529296772886,
        -0.029418170350634598,
        0.7874875722610903,
        1.2541813403466926,
        0.5201758763449582,
        0.511446150595483,
        0.1716289312546141,
        -0.23553198280782875,
        -0.1369464486470125,
        0.12329165164103821,
        0.2213160685573421,
        0.9568549103932452,
        -0.039163042699175324,
        -0.3499404910903382,
        -2.033322164298535,
        0.16514092376130177,
        0.7909419034286853,
        -0.7770972363005807,
        -0.16319267587279357,
        -0.3056284085248326,
        0.5499476423035805,
        1.4577607215264528,
        0.1634795996196412,
        -0.06825387710683162,
        -0.6308428424102326,
        -0.3178033333292073,
        0.9133136723892569,
        1.1202213793931244,
        0.05658292739331717,
        -0.7542095375125747,
        -0.10208382540856302,
        0.13544284372491533,
        1.119185520307722,
        0.5500354123662521,
        -0.2928729865735896,
        -0.19551895718321755,
        -1.0248001470480175,
        -0.9345985547851312,
        -0.11114698356671705,
        -0.4906659045834313,
        0.48183121663198547,
        0.5557512339390858,
        -0.2563462197768222,
        -0.5835250510150567,
        0.7018454438028402,
        0.6098995937180016,
        -1.4691955222251707,
        -0.4884598647057137,
        0.9803310213126422,
        1.008962121213396,
        0.08396842826825193,
        1.102517232937988,
        -0.6896800438480133,
        -1.0265881233537002,
        0.4560419310785735,
        0.36222216226328774,
        0.40881902223976335,
        1.5158687485202567,
        -0.7756936553825462,
        0.872947636630882,
        -0.2082232686920106,
        -0.29246779796053024,
        -0.7746314710874489,
        0.7438344205433967,
        0.20653151340327036,
        0.6845029606144042,
        1.0006982215807554,
        -1.2427236340214731,
        2.1584564083598536,
        1.8379380121725215,
        -0.5880396150318826,
        0.4533672871323763,
        -1.1076806411141704,
        2.045516550912352,
        1.1225284534142141,
        -0.049219269524460756,
        0.6857286074421205,
        1.136657209496326,
        -0.3186677964804933,
        1.8272196268302707,
        0.8373959778386643,
        0.07495262354861376,
        0.06847123745841083,
        -1.450195544046385,
        1.4362702333769042,
        -0.22245265147749768,
        0.42880793702674225,
        0.2956931770300722,
        -0.4793263973328822,
