{
    "idx": 714549,
    "fights": [
        {
            "enemy": 5,
            "fitness": 85.91858578874555,
            "player_life": 19.000000000000234,
            "enemy_life": 0,
            "time": 396
        },
        {
            "enemy": 6,
            "fitness": 66.37959913428286,
            "player_life": 0,
            "enemy_life": 20.0,
            "time": 276
        },
        {
            "enemy": 7,
            "fitness": 86.9638995977956,
            "player_life": 23.800000000000246,
            "enemy_life": 0,
            "time": 225
        },
        {
            "enemy": 8,
            "fitness": 88.81968822339262,
            "player_life": 45.4000000000003,
            "enemy_life": 0,
            "time": 305
        }
    ],
    "weights": [
        1.2423517366589683,
        0.9074447220220198,
        1.3324693702611994,
        -0.9683528027355532,
        -0.38496988825240464,
        0.14945576953265027,
        -1.2246480439082037,
        1.3312340894124968,
        -0.4138567442337401,
        1.2477161593414094,
        -0.4404232464380882,
        -0.6656026000127957,
        -0.8705442359222361,
        -0.9722432523723467,
        -0.544265247082713,
        2.8123123771631806,
        2.1894459109139492,
        2.307700600796575,
        0.13108981221323812,
        2.413638857513095,
        -0.6587142477137393,
        0.13360049248394507,
        1.2080509269503743,
        2.4256330692325028,
        0.8890309167793071,
        1.494623074353001,
        -2.1035547344473238,
        0.30357938383138194,
        2.672251494086951,
        0.13413942744929888,
        -0.7021280985729985,
        -0.8680841546337433,
        -0.1560143414254215,
        -1.5426961448857417,
        0.9372775590157336,
        -0.12202420806909917,
        0.7247144366413598,
        -0.8035446831585297,
        -0.6296547895333174,
        0.3373296573561797,
        -0.834823830256371,
        -0.7101073497533547,
        0.27583229728063324,
        1.0498525220962436,
        0.8681591832300852,
        -0.8002696107079327,
        1.0137387678039593,
        -0.018519174298515795,
        1.170781907271313,
        1.767680627739233,
        -0.9064520725109982,
        1.7991920521181008,
        -1.1893279873682214,
        -0.9273063503903505,
        -0.7092277188102811,
        1.7161387926980165,
        0.6788336970938854,
        -0.3438327108132512,
        -1.556873158545287,
        1.0386779179761594,
        1.259644374792168,
        -0.5137573497005329,
        -1.47953042594061,
        0.5853421416272451,
        0.34575876628041124,
        0.3442966227640074,
        -1.7462031968261373,
        0.7110061227452753,
        -0.13428695230561535,
        -0.7428272125468386,
        0.1360857642784408,
        -1.433099436869503,
        -0.8004764143214885,
        0.693575122771098,
        0.37788444269646726,
        -1.7086237257812231,
        -0.19357596980180863,
        0.29715258090705715,
        1.054235936988741,
        1.2229543576692157,
        1.1226159816579349,
        -0.2895922375845657,
        0.14173899056884862,
        3.087126495181526,
        0.013960435866144982,
        -0.5512754905161811,
        -0.2431137495138487,
        0.4217523047124194,
        0.6785375399874685,
        -0.34641180130866134,
        -0.8100803162255436,
        -1.9522325887591507,
        -0.11675612785855183,
        -1.2979653974751042,
        0.8360989064142826,
        -0.9058143982423377,
        -1.1098762503026467,
        0.4725230782168903,
        2.112825594334853,
        -0.414135032237398,
        1.3477414227331481,
        -2.179267782880803,
        0.11431711556342901,
        -0.5248761771440474,
        0.1502494463796841,
        1.2187484554735089,
        1.724442789190207,
        -0.9188756676072115,
        0.5816572984348698,
        0.23680675597725626,
        -1.1852805913388822,
        0.2952536791376277,
        1.3212942370212986,
        0.092007733427136,
        -0.9362613049398159,
        -0.6713546164363711,
        -0.3919440272659777,
        -0.19457221635094996,
        0.08956380110961783,
        0.10544915597250062,
        0.048286754508843205,
        0.5916586739292973,
        1.389340838623605,
        -0.36581091027894774,
        1.0555090229772892,
        3.7175975368391696,
        0.7690389628410816,
        -1.0109311620898664,
        -0.14453886758280915,
        -0.3472791165931687,
        -0.2867871473731375,
        0.651583823356285,
        -0.015245592375756567,
        -0.2679678266183564,
        0.21327524385640545,
        1.1947242873209922,
        0.2906281133490799,
        1.9868246662365319,
        0.8773372922672228,
        -0.8609163294888853,
        1.5265430064745706,
        1.4127446444732976,
        -0.4265395179593516,
        0.4793074901581753,
        -0.10957715785893833,
        -1.1260255166838995,
        1.2381747907494407,
        -1.3243011335666282,
        1.105883395937737,
        0.5410177266920485,
        -0.3684595719385586,
        1.1557777041796178,
        1.6019772210423844,
        -0.32909116511043435,
        1.4671013304170992,
        0.8639373915633699,
        -0.19682314434190018,
        1.4885027387311798,
        1.9654056256097137,
        -0.34944869250007426,
        -0.7443654311063258,
        2.6684602900452656,
        1.487980934663375,
        -0.3041121955095277,
        -0.16682173423400712,
        -0.4968614373981861,
        -0.19333244620383203,
        0.5196628376192453,
        -0.08176471953469877,
        0.5117120405321623,
        -0.6264234211872935,
        0.34420914865737195,
        1.022193731384806,
        -0.14385788498740937,
        -0.2734859653444828,
        -0.5297307640029734,
        -1.3337053549670423,
        -0.6879190271950553,
        -0.33182035077471983,
        -1.4581857330242578,
        0.3161320848674465,
        0.2858614230709742,
        0.6305407614985808,
        1.0402357825705562,
        0.441264406752638,
        0.813191862134568,
        1.3050296917736142,
        -0.18185554641742013,
        0.5363855768520877,
        0.27530180293312495,
        -0.7293177133863237,
        0.22785762667888337,
        -0.5888868139095462,
        -0.8923641549208668,
        -0.4971168698003158,
        1.1771513113727698,
        0.6743721972466648,
        -0.38504590607745065,
        -0.20437673554890254,
        -1.7708735758039316,
        -0.6391059207014179,
        -0.14801009721479752,
        -0.1633522885082796,
        1.1571380483656983,
        -0.7909991354257725,
        -1.591838877696567,
        -0.7412387038328656,
        -0.007937941580153499,
        0.16846130503125534,
        -1.402170436412726,
        0.17887821328400494,
        0.9407497332886167,
        0.9077557265650379,
        0.4785185217029077,
        0.931991296269406,
        -1.0097575125959397,
        -1.3721038917754147,
        -0.27004239275061465,
        0.7859565081380394,
        -1.1340767207629805,
        0.5054798268764784,
        -1.290817140271735,
        1.6270666979771506,
        2.0890552545440984,
        0.45939515343806747,
        -1.9222127943158067,
        -0.0733082451785177,
        -1.675072910052661,
        -0.8033926267435441,
        0.8328572463001738,
        -1.2917909938903431,
        1.8286130872018589,
        1.686722713893055,
        -0.19686540995074084,
        0.46013600987867515,
        -0.6300136424249265,
        0.8094627961088133,
        0.5632342098748265,
        -0.08115158207340992,
        -0.732064034424402,
        0.8148135727636645,
        -0.2683563726620831,
        0.8184331409730055,
        0.5126615717262772,
        1.5085379040343396,
        1.5134493479344528,
        -0.9427828554365059,
        0.271386764421927,
        1.6868794882503324,
        1.694818620536915,
        0.8227385279348887,
        -0.6169400138254487,
