{
    "idx": 704545,
    "fights": [
        {
            "enemy": 5,
            "fitness": 87.405069269148,
            "player_life": 32.80000000000027,
            "enemy_life": 0,
            "time": 356
        },
        {
            "enemy": 6,
            "fitness": 21.482547103535293,
            "player_life": 0,
            "enemy_life": 70.0,
            "time": 249
        },
        {
            "enemy": 7,
            "fitness": 90.741682633452,
            "player_life": 60.40000000000033,
            "enemy_life": 0,
            "time": 200
        },
        {
            "enemy": 8,
            "fitness": 89.16324619773175,
            "player_life": 48.400000000000304,
            "enemy_life": 0,
            "time": 292
        }
    ],
    "weights": [
        0.36779778359567583,
        1.0093257541037233,
        0.7641503839086363,
        0.3592091686003328,
        -1.1571069712427704,
        0.42316681507115206,
        -0.5508718661190768,
        0.8826872381784714,
        -0.8856156557760889,
        0.7882873426357029,
        -0.9248140371821283,
        0.4481193269595857,
        -1.005122944080417,
        -0.939213128094375,
        -0.03336912823303295,
        1.6605945778343725,
        -0.2502645299088831,
        1.8566304559162203,
        0.6042037395491282,
        0.8670487235333662,
        -0.8094439402028399,
        -0.021541596944517585,
        1.6397368852515137,
        2.0374065638188608,
        0.4556213801386352,
        1.1303578865786976,
        -0.8566368948808444,
        -0.07462446632157832,
        0.34477776583183256,
        0.663971694988549,
        -0.14602603389719704,
        -0.851037907008803,
        -0.9662628635958459,
        0.5131900804288589,
        1.7931906027885,
        -0.6436927915351701,
        0.7063322028083364,
        -1.0719933524833318,
        0.6839456102718103,
        0.1720085807448794,
        -1.0159528668192193,
        -0.5335949694611991,
        0.8445859556381206,
        0.5277943341265448,
        0.17471636096278578,
        -0.8299988402517477,
        0.6099136966928436,
        -0.2226529128946587,
        0.3591110189128975,
        1.169198317871043,
        -0.05619188674988408,
        1.4750764524469049,
        -0.6747381622063099,
        -0.5256141787375335,
        -0.006627346069424722,
        1.4156424957274032,
        0.47702694574866533,
        0.5827925049309618,
        -1.6124658346882732,
        0.5395380028423418,
        1.058601288072741,
        -1.4209717377770044,
        -1.6133118251937166,
        0.5978586034445583,
        0.5759602596738381,
        0.6284023387125133,
        -0.6958922398869244,
        1.9563221080370203,
        -0.22166501759508198,
        0.5198577913347521,
        0.9849507970576346,
        -0.2101269952062078,
        -0.5645344306506761,
        -0.28519102909072125,
        -0.5009241708118967,
        -1.2470783608994742,
        -0.07521726407917878,
        -0.058415619225744675,
        1.1294681425959676,
        1.1324779858980274,
        1.0673014808137449,
        0.2552781684509196,
        0.2610355923639091,
        0.25311870707069284,
        0.03163849546866607,
        0.2750945077942192,
        -0.906103166543298,
        0.8199782726741704,
        0.5251909087220918,
        -0.16172751272876013,
        -0.6478884789895267,
        -1.4067633157669532,
        -0.4608612991660917,
        -0.47121160440866794,
        0.6479775299932663,
        -0.3664287292962171,
        -0.31720009601442095,
        -0.660506249632338,
        2.1621699289936287,
        -1.019034127325274,
        0.9596805699704953,
        -1.5577933403297395,
        -0.030170606054554572,
        -0.16195227823797406,
        0.30055470933500733,
        -0.25818980873339403,
        0.2040739734217355,
        -1.443899010431761,
        1.0561056350163673,
        -0.8092809462789027,
        -1.0035823812586642,
        -0.2725254278449305,
        1.0142355001300627,
        0.053794235306861324,
        -0.9969123468554196,
        -0.09916244198025614,
        0.34665459486986716,
        -0.3830685510599329,
        0.2930794522325564,
        0.4480358585007746,
        0.06135962649060886,
        1.0130128302359407,
        0.36616574544974023,
        -0.40495043275299036,
        1.6912463540549347,
        1.0296714881027107,
        -0.18356583244014874,
        -1.0176894932413258,
        -0.17694841034100953,
        -0.5182748452653766,
        0.0509845553661161,
        0.08809338561780114,
        -0.1096611063601007,
        0.15367462093884837,
        -0.5623336361741554,
        0.5615829094355987,
        0.036673543247997986,
        1.5761395276505445,
        -0.39954386110524354,
        0.10972891237628464,
        0.8635639401483768,
        1.0447642383389022,
        -0.5229330722738126,
        0.6908450499691137,
        0.6946419602705058,
        -1.3127595833135501,
        1.3428687443890808,
        -0.5263075693539949,
        1.1287871673427998,
        -0.22827694527074566,
        -0.3646646038450266,
        1.3091750879267607,
        0.9758723710551588,
        -0.5135353494743611,
        1.293202620146908,
        0.4667894497009051,
        0.4757092878835678,
        0.8225780553652248,
        0.008827898227262647,
        -0.4920884689376549,
        -1.4567415999881639,
        0.4932085410683747,
        -0.40126325694865034,
        -0.8734573527706584,
        -1.1446951016907891,
        0.07461691482623153,
        0.6493349613812347,
        0.19238918161006766,
        1.1527715312905704,
        -0.015077418973332316,
        0.12465197949445173,
        -0.0011774183210031697,
        0.839650304710983,
        0.07848221196470692,
        0.5463248031396198,
        0.23378337489851808,
        -0.21466821839369885,
        0.07009724426108849,
        0.4890738355094988,
        -0.018661271829141388,
        -0.6996917417089128,
        -0.7257505667452404,
        -0.11920346598443698,
        0.15239638615024648,
        -0.0573387075310429,
        0.48964900370422954,
        -0.1286942910108687,
        -0.6970012400823842,
        0.03660188894049376,
        0.3769625779639836,
        0.8169163204579803,
        0.5930257175125029,
        0.40414916359721853,
        -0.1055455073777648,
        -0.3016402215333588,
        1.0842206492893987,
        0.4597862709016498,
        -0.41221301353343964,
        -0.8863629689700591,
        -1.8379749724619185,
        -0.7139336890122693,
        -0.8259968753048815,
        -0.19674508405798818,
        1.1823801415786657,
        0.7719149616999121,
        -0.6366825511139436,
        -0.5420309208600291,
        0.5342036218198587,
        1.0095108924985774,
        -0.9468804244605202,
        -0.12124669369420919,
        0.2784132626307443,
        0.703841013829009,
        -0.0680717908860376,
        2.4783341458611656,
        -0.9441715528384035,
        -0.8393416850585877,
        0.7066500948247628,
        0.5397803690060043,
        0.05806042215734548,
        1.4841128635389291,
        0.7656764064588273,
        0.9255007583104209,
        -0.4347052454240705,
        0.5546028579529014,
        -1.193961094694723,
        0.8675473873155771,
        -0.03577916108349236,
        0.19527317985610462,
        1.108595598021378,
        -1.0639534735506593,
        0.4557532045145199,
        2.911297385300646,
        -0.1534490646928453,
        0.2963806308198438,
        -0.7923442674859809,
        0.16148336821005477,
        -0.09398525214407426,
        -0.0769239752080259,
        -0.1282712740973828,
        0.8148965482067546,
        -0.8808329895623612,
        0.09634880409048695,
        0.410199054447956,
        1.250160099823443,
        0.2281179016529798,
        -0.6681347502938912,
        0.09548721253146344,
        0.18966766917706593,
        2.639917546123646,
        0.5961567058182364,
