{
    "idx": 703856,
    "fights": [
        {
            "enemy": 5,
            "fitness": 88.11621752534381,
            "player_life": 38.20000000000028,
            "enemy_life": 0,
            "time": 300
        },
        {
            "enemy": 6,
            "fitness": 85.75011907701949,
            "player_life": 14.200000000000228,
            "enemy_life": 0,
            "time": 290
        },
        {
            "enemy": 7,
            "fitness": 66.30290651349459,
            "player_life": 0,
            "enemy_life": 20.0,
            "time": 298
        },
        {
            "enemy": 8,
            "fitness": 90.02661051127251,
            "player_life": 55.60000000000032,
            "enemy_life": 0,
            "time": 253
        }
    ],
    "weights": [
        0.8138237275972575,
        1.0197918472111123,
        1.3595935424712173,
        -0.8171178144258051,
        -0.9806690603545363,
        0.5848962968782013,
        -1.5851454880053197,
        1.3567657481546045,
        -0.2268341450398465,
        1.302674393129666,
        -0.08112522815688011,
        -0.4150728311073198,
        -1.3169263328469774,
        0.6203598446124208,
        -0.7013667285681338,
        2.959653667675814,
        1.764126558503862,
        0.6339671786426194,
        0.13399008170002535,
        2.9929577962667944,
        -1.4996816149273986,
        0.20601572916566271,
        1.5014865715997223,
        1.4983419868527341,
        0.1758097049093105,
        1.9137155406191646,
        -1.9192453704220112,
        0.3101233498555643,
        1.0788524122695131,
        0.8591467963163462,
        -1.3585056139234983,
        -0.011305070609820306,
        -1.2180561795147182,
        -0.7040235362774409,
        1.1759096185630689,
        0.4222470994792186,
        -0.11307733110009205,
        -1.1193556939063642,
        -0.22095579630065185,
        0.6628294345923782,
        0.050522517323500576,
        -0.7987089420229828,
        0.47731783442868747,
        1.1325748867252567,
        0.1997148859307025,
        -0.7972716640061897,
        1.2891088320381987,
        -0.03785774741593578,
        2.099258014395089,
        1.2107790416852717,
        -0.9091487738895684,
        2.013080523985228,
        -1.7261376845307745,
        -1.2188293252154752,
        -0.27168178914500474,
        1.1647449377438392,
        0.6169072303631778,
        0.05015813358355084,
        -2.1164603585391824,
        0.6219930188882965,
        0.9651228986913741,
        -0.9859898232611273,
        -0.5410396454609251,
        0.11048268152324461,
        0.522142658747194,
        -0.17117041382406417,
        -0.990868481816385,
        1.9066621694523211,
        -0.6166632494880318,
        0.24869974694337788,
        0.7401329648853046,
        -1.1230128400445456,
        0.3080897579316437,
        -0.039046824383730735,
        -0.37249087983437046,
        -1.1312847777613517,
        -0.6503688804474919,
        0.22062443320158495,
        0.8718936160708842,
        0.02303889024270944,
        0.7996732881403312,
        0.08985549561732929,
        0.2915202521345922,
        2.9061321886083276,
        -0.26590217715903985,
        -0.8962412071649698,
        -0.33679875512880403,
        0.808387487159634,
        0.5996588294341219,
        -1.7868816826622393,
        -0.9134636778441321,
        -0.48831866706449706,
        -0.12798991076870428,
        -1.0167037031697743,
        0.6910895322434156,
        -0.5366643460822187,
        -1.1635804417194127,
        0.11187305317747132,
        2.161895856451827,
        -0.8489468835295659,
        0.7380852648207747,
        -1.511545468933667,
        1.423414164754365,
        -0.867248137913182,
        0.14158940683640076,
        0.8291765003428504,
        -0.05752838570436086,
        -1.1103399681955044,
        0.8482764491727651,
        -0.7723080328640198,
        -0.04303584376866046,
        -1.2439900523275484,
        0.7157561905413463,
        0.5002781543877143,
        -1.2065670522373533,
        -0.38728680601825816,
        0.009264834515486951,
        -0.5182321079243162,
        -0.11529001144437728,
        0.2884332633610044,
        0.3876650695249256,
        0.13517153446248034,
        1.006553185254304,
        -2.703766792233445,
        1.4200461478872726,
        1.8518954604787579,
        0.23919270896228256,
        -1.551087614504419,
        0.21745994472701602,
        0.2878485949772394,
        -1.0426967744133415,
        1.155461327311053,
        0.5992038997814475,
        0.4803840259293746,
        0.6406774069629163,
        0.6503738467691845,
        0.3396039355333984,
        2.1855789280550106,
        0.22669200932482303,
        -0.9514660339867613,
        1.351959286938943,
        1.3242393743410208,
        -1.2297583666262877,
        0.13205416464417358,
        0.5890161080140114,
        -1.004775729156952,
        1.362984268157951,
        -1.230947907575269,
        1.0944879908248482,
        0.8856046201290009,
        -0.12511150247398428,
        1.8065223421566396,
        1.6472121215966846,
        0.21552818722116845,
        1.4169029168562823,
        1.1119351036345224,
        -0.20384021280015302,
        1.0757341318232887,
        0.7736946534373839,
        -0.8260949058081617,
        -0.36787627037419557,
        0.9630990399933295,
        -0.0752797278316214,
        -0.2365921491820125,
        1.3520548202058276,
        0.17852825398711597,
        0.13276244905252166,
        0.9416586203197448,
        0.27431104658901306,
        0.6732204047390314,
        -1.6169114304495957,
        0.31883895426234493,
        0.8008268844970694,
        0.8625962561310362,
        0.7115808165870805,
        -0.9556188818689777,
        -0.621598315195233,
        -0.6658976388979588,
        0.5699565847948499,
        -1.4029813487345875,
        -0.14214304672636036,
        0.20233815429329874,
        -0.29671126798899045,
        0.17609067410453375,
        0.392611968962867,
        0.9041615775062736,
        0.18345503276486405,
        -0.46157720435660515,
        -0.13501253161219862,
        0.9939027571928761,
        -0.2369725239313204,
        0.2283822719601819,
        -0.5824428242411452,
        -0.5707692791924459,
        -0.3014336977960632,
        1.3100846912608193,
        0.16485588613230323,
        -0.5491363570308855,
        -0.9406314831759771,
        -2.1738524074146035,
        -0.4884874721701379,
        -0.037876094969869295,
        0.08314168718241703,
        2.1196205821278413,
        -0.7194830847501915,
        -1.0224524604987266,
        -1.3216247899544642,
        0.662886715491933,
        0.7666582227967652,
        -2.0619245427543222,
        -0.2763009485345554,
        0.6569334587516124,
        0.6763370124329369,
        0.6034707079501718,
        1.1573783888201314,
        -0.744839141641657,
        -1.2290031901024043,
        -0.12545502626972896,
        0.9096507800489175,
        -0.5523926232395887,
        1.0428259917767335,
        -1.5250792949434744,
        0.9940448174539896,
        0.9254129359262631,
        0.5852831822914601,
        -1.3099343197801467,
        0.41236622317217325,
        -1.532008838642989,
        -0.32866762462963,
        1.620120554681526,
        -0.8283508610226495,
        1.1899913563928584,
        1.0451948600477223,
        0.06140825090469159,
        0.426278302345887,
        -0.3631646413982464,
        0.5763355508999933,
        1.679980621624003,
        0.4251950151228157,
        -0.7428738306481824,
        0.6671761903787128,
        0.07081881348526614,
        -0.1628567669632574,
        0.9178823705972594,
        0.9407284340298389,
        1.0390056116130448,
        -1.1223648249667644,
        1.2406748421714233,
        1.3193443873373047,
        0.03712813581321721,
        0.8806537181735742,
        -0.9365978651935248,
