{
    "idx": 703855,
    "fights": [
        {
            "enemy": 5,
            "fitness": 89.39466846406768,
            "player_life": 49.000000000000306,
            "enemy_life": 0,
            "time": 246
        },
        {
            "enemy": 6,
            "fitness": 57.4316554962389,
            "player_life": 0,
            "enemy_life": 30.0,
            "time": 262
        },
        {
            "enemy": 7,
            "fitness": 88.93504998251862,
            "player_life": 43.60000000000029,
            "enemy_life": 0,
            "time": 227
        },
        {
            "enemy": 8,
            "fitness": 86.33574420258549,
            "player_life": 22.600000000000243,
            "enemy_life": 0,
            "time": 374
        }
    ],
    "weights": [
        0.6653378919732195,
        1.391365796014667,
        1.315452533368982,
        -1.2073593560685285,
        -0.8636024407165411,
        -0.022240641135823986,
        -1.0787220443697703,
        1.0730322282795002,
        -0.39264501094164883,
        1.394711723021911,
        -0.5611579923939987,
        -0.5641223127451879,
        -1.0448582481640134,
        -0.17712615238707202,
        -0.598117486235771,
        2.601962273273975,
        1.0565202986303843,
        0.5881056278229392,
        -0.06102845479247759,
        2.483317619186675,
        -1.9624208943661188,
        0.3155307049128378,
        1.663400305520702,
        1.4399069474506752,
        0.2813879198433218,
        1.887551184887109,
        -1.7458183100535194,
        0.4688552449269231,
        0.8888013768541229,
        0.32488637935795645,
        -1.3264097377475639,
        -0.37429136058660556,
        -1.0584902856435416,
        -1.0846318021919266,
        0.7457041957460322,
        -0.39571094642216853,
        0.20025987145643587,
        -0.6030374267953671,
        0.10055747763339182,
        0.005703200974067631,
        -0.4268283791542347,
        -0.7382526537017923,
        0.4924365420966986,
        0.5567878305888196,
        0.11727016471394001,
        -0.8755430456117461,
        1.057678778041535,
        -0.04097429627141461,
        2.212420688429363,
        1.3663726745216247,
        -1.2603083996132391,
        1.7812738544926392,
        -1.0123038931833674,
        -1.0250193457476664,
        -0.734252403355094,
        2.9296168151707764,
        0.4590375584027104,
        0.27449961348070684,
        -2.13482462441351,
        -0.2944617509695071,
        1.0311656812243897,
        -0.679038075714303,
        0.5284190016023544,
        0.143199744956718,
        0.6094269190304834,
        0.685670639710772,
        -0.9978570792427186,
        1.4811369633474851,
        -0.9229577511561569,
        0.25894823201959166,
        0.6802120895625059,
        -0.8596836256818987,
        -0.020813691439477006,
        -0.05702141477460332,
        -0.47349204481112706,
        -1.4022497760484798,
        -0.44364467138012054,
        -0.6546369770876468,
        0.8656232096562966,
        0.5058073980921408,
        0.49740128709710735,
        -0.031084599056301288,
        0.41573079858597006,
        3.2417213704953824,
        -0.2209926119775425,
        -0.4397327043949284,
        -0.4714701435250847,
        0.8239176095330705,
        0.42178693354329416,
        -1.611052637338487,
        -0.631767872239564,
        -0.15280861115686606,
        -0.21132667315864154,
        -1.0453325107564193,
        0.5049360362147534,
        -0.44680294124967673,
        -1.1795774679666784,
        0.4694671633398755,
        1.906209127752079,
        -1.0204479570197715,
        0.7052177773628412,
        -1.3828795425208438,
        0.9583877486884891,
        -0.7080375307690012,
        0.3910942311662428,
        0.7623105838126611,
        -0.0693116974562143,
        -1.017619824902313,
        1.1946162519722603,
        -0.6727244256906103,
        0.347196042089301,
        -1.0796290552614238,
        1.2531263713230691,
        0.07312546493522357,
        -0.7651998429931705,
        -0.4813275638167088,
        0.07103236339910701,
        -0.6170362676477629,
        0.08094903286134242,
        0.5997198885239443,
        0.565842128976942,
        0.43700092653069156,
        0.28728023575133943,
        -1.185180430545168,
        0.8160605352359328,
        2.5166630713542797,
        0.6406566232743796,
        -1.1113027125205657,
        -0.09495510536589503,
        0.38700630966751354,
        -0.8521072801348833,
        0.06166227429956886,
        0.7814172919779768,
        0.2545117417921416,
        0.7788847223396322,
        0.8386380682643507,
        0.1507461237568768,
        1.8159247445075466,
        0.5677702979005653,
        -0.6034171500227087,
        1.5176834046964192,
        1.4524272020908107,
        -1.073786209878096,
        0.2415402108867044,
        0.760719800394255,
        -0.7301777878505272,
        0.7654160536609307,
        -1.8044561999263178,
        1.5418522913953376,
        0.7824019132963203,
        -0.552152770928367,
        1.5888644778038232,
        1.5711336015833377,
        0.6310123368738981,
        1.3008511226139932,
        1.2562505568242317,
        0.1548013766640397,
        1.5143377758629566,
        1.2376605395699785,
        -0.5214634932303367,
        -1.1880869640219167,
        1.1896974166304035,
        -0.020520992135577287,
        -0.23295599780562565,
        0.9374707428491094,
        0.15811063150917293,
        0.249500041591293,
        1.2112386608827743,
        0.29970282342122034,
        1.191581184773502,
        -1.7558606010807887,
        0.1074454219029817,
        0.46740444954021226,
        0.6919297417655554,
        0.5671123291898021,
        -0.8547422527320304,
        -1.0900930000194138,
        -0.582772913420589,
        0.5559119533674441,
        -1.5718732358995477,
        -0.35687803110811345,
        0.26927276999372673,
        -0.5138069930739141,
        0.29234118762920047,
        0.4799717353117081,
        0.599329142635398,
        0.06676150497811897,
        -0.495995510075841,
        -0.14375599441279904,
        0.44278777048692397,
        -0.11082436333594893,
        -0.4032207425629022,
        -0.5014598327481261,
        -0.40222489596988126,
        -0.43579403341372563,
        1.2217809375659443,
        0.2562154985613746,
        0.4832740654640916,
        -0.04848032900161073,
        -1.978626078773857,
        -0.6187983363747347,
        0.15298333377550025,
        -0.026830629417480212,
        2.210555089460382,
        -0.4823104656533613,
        -1.5523661830118987,
        -0.9133155328653909,
        0.2955831557673821,
        1.0175758779585282,
        -1.8535349707383453,
        -0.3448233346519217,
        0.390150580077507,
        1.0971332745025602,
        0.11147254279248678,
        1.202351011761249,
        -0.85103629873904,
        -1.315365418856442,
        0.027406374278453337,
        0.8391576374535483,
        -0.8216759174738516,
        1.2086889800126523,
        -1.5115128378466274,
        1.4722724127524176,
        0.7883628725913364,
        0.643963609477757,
        -1.3107076912159887,
        1.1078770790296864,
        -1.2055329539468043,
        0.05659070150819485,
        1.8003423052942185,
        -1.8834012976284114,
        1.5198225733707578,
        1.4202192093889763,
        0.24057093996320095,
        0.3675173163795913,
        -0.46050399824692606,
        0.5132112346692698,
        0.8938106859311704,
        -0.07545761179783475,
        -0.7706171701709814,
        0.5743924355582211,
        0.010200142182909825,
        -0.3155617519092279,
        1.092157088917919,
        0.8176875592280097,
        0.9456735904792917,
        -1.1344074282844328,
        0.9555867026338124,
        0.8652186067632773,
        0.7902468258269733,
        0.6261029559445704,
        -0.8823269280818067,
