{
    "idx": 700478,
    "fights": [
        {
            "enemy": 5,
            "fitness": 87.62559716573517,
            "player_life": 35.20000000000027,
            "enemy_life": 0,
            "time": 363
        },
        {
            "enemy": 6,
            "fitness": 30.950143992750462,
            "player_life": 0,
            "enemy_life": 60.0,
            "time": 156
        },
        {
            "enemy": 7,
            "fitness": 90.87679627126205,
            "player_life": 61.600000000000335,
            "enemy_life": 0,
            "time": 197
        },
        {
            "enemy": 8,
            "fitness": 90.20661051127252,
            "player_life": 57.400000000000325,
            "enemy_life": 0,
            "time": 253
        }
    ],
    "weights": [
        0.5926249238319568,
        0.6038306347382439,
        0.9416160701724641,
        -0.8639321006538663,
        -1.2839404117305793,
        0.7505818094478162,
        -0.97272171451898,
        -0.6843788982552665,
        -0.473701512025799,
        -0.05818330099551075,
        -1.2073410254757555,
        0.6042102157205661,
        -2.2373947005551464,
        -0.7767470931809035,
        -0.6008455042547723,
        2.239717681334947,
        -0.1156497152209039,
        1.7184070671227263,
        1.966158143829813,
        1.0957085911802218,
        0.2441472496325125,
        -0.39365128358502854,
        1.2387821680553448,
        1.0486876986517866,
        0.6041185603917812,
        1.0665006489294704,
        -1.5041644827909115,
        0.08753775908119935,
        1.1180683439897123,
        0.5418798655371104,
        0.39112758429408234,
        0.19474926487440064,
        -0.8413265970726622,
        0.7146280468906415,
        0.6562629799164478,
        -0.4036081485411262,
        0.2811415785051882,
        -1.023028227958937,
        0.23435365365695598,
        0.07480719037803943,
        -0.1319684703178881,
        -1.4472446575155664,
        0.9499740380673813,
        0.8859660756894101,
        0.00990686868055227,
        -0.8157340275139804,
        0.9514545750121957,
        0.6917987750235634,
        -0.09403321909963663,
        1.1655650453159696,
        -0.37878988545014886,
        1.5887948794079783,
        -0.9185713342845879,
        -0.33055045551845713,
        -0.21130763179557366,
        1.5801443811494846,
        -0.243793010011963,
        -0.22535434695062279,
        -1.117761870108619,
        1.1848868355393722,
        0.683136124051086,
        -0.7155638258090183,
        -0.9761671981164747,
        0.6800475895964673,
        0.9852265491093581,
        0.6543014718267413,
        -0.33427849074784666,
        0.22774104174970927,
        -1.005835309452744,
        1.575890610633769,
        1.1134641778433942,
        -1.2474665732708285,
        -0.3855310029497661,
        -0.33402976770338944,
        -0.3999331118024316,
        -1.6116174855473144,
        0.4503317018727433,
        -0.3510480990373129,
        0.620967717478178,
        0.5154158256680766,
        0.053203562671334484,
        -0.27533606758543805,
        0.8316741759933255,
        -0.21466073650583742,
        0.8952138507239671,
        0.0859504713669508,
        -0.0516984802004361,
        0.8697856734960762,
        1.0545581323236908,
        -0.3683390826494519,
        0.7768086606202007,
        0.14117006498960244,
        -0.6410956670387512,
        -0.964712244656556,
        0.2529961936204645,
        -0.13912110459267923,
        -0.7273099680976453,
        0.16710359914725642,
        1.0052488510927668,
        -0.6368454743228551,
        1.3861159466360518,
        -0.9836224749788942,
        -0.6486232873617273,
        -0.060558624052202095,
        0.06553456178002018,
        0.3866524742579172,
        -0.05735445335532941,
        -0.9471510766842224,
        0.687166484255797,
        -2.3904885254310493,
        -0.7722655525387923,
        -0.2018963511009703,
        1.2489124633822932,
        -0.5513883360242194,
        -0.6543433569643861,
        -1.257688197915211,
        0.21390947459635165,
        -0.8578863742597576,
        -0.24449946463824335,
        0.005066368273559413,
        0.1622942683378959,
        -0.0796326728605829,
        0.72225184286627,
        0.1483969875696275,
        0.5801289888397141,
        0.44561443618911856,
        -0.7667592053070862,
        -0.8081033412702615,
        0.48123634481096894,
        -0.4852311094068265,
        0.1392889516878312,
        -0.09770375244862801,
        -0.5516364800602395,
        1.234106241599288,
        -0.125703131434129,
        1.7670577524142352,
        0.11125661946798637,
        1.0622212290086794,
        0.26326079124503493,
        0.07436368676044736,
        1.3037559031473103,
        0.6681967042680855,
        -0.34321712876392424,
        0.8227777233138078,
        2.071687854329041,
        -0.880486412738914,
        0.8092286490479668,
        -0.24031358015257115,
        1.2443053339557588,
        -0.17657966530326843,
        -0.5839076325920552,
        0.8891427283993563,
        2.3452444298719977,
        -0.7447191563182672,
        0.8692197287668372,
        1.078496193192706,
        1.8328245086905,
        -0.3309489769983065,
        -0.22258505329290282,
        -0.32946041541596993,
        -1.8756399581208942,
        1.3952416457041728,
        0.0012150061511456145,
        -1.3922772855643046,
        -1.26079986524973,
        0.602431459843997,
        0.5666218189635497,
        0.2727918126715091,
        0.3276118897089703,
        -0.5283182375584438,
        -0.23361246064670738,
        0.09966144022323509,
        0.3072198264733615,
        -1.1119454388966519,
        1.5111868165096054,
        0.08773295748610259,
        0.026425634530295734,
        -0.6039280994231639,
        0.6541278702256413,
        1.0502482524102676,
        0.34806218194918875,
        -1.5189857711233712,
        -0.4604981254295339,
        0.33245428063108523,
        1.4684159221727808,
        0.8552966990349471,
        -0.3686613309256203,
        -0.4729105636104085,
        -0.39195751528609796,
        1.5383378671583439,
        0.4543431154621917,
        0.11215820544165411,
        1.3404065756779435,
        0.4092789603562455,
        -0.39803548036365954,
        0.21675667052591915,
        0.25037789862415544,
        -0.37449364899044707,
        -1.9036671682712103,
        -0.6673709548777819,
        -0.8635137116892322,
        -0.5546291647387109,
        -0.5386957056364085,
        2.0348124176489084,
        -0.2841693938137382,
        -1.0397101732367189,
        0.9968785028287933,
        0.11059510031038383,
        0.7668058341525795,
        -1.421095661818581,
        -0.7827133349426525,
        0.23845595663676522,
        0.6230763477993977,
        -0.4150123083047636,
        0.2361328338363587,
        -0.29438282012914235,
        -0.2767575877219342,
        1.4331563253936197,
        0.8441411027211854,
        0.17488051017101044,
        1.5511956083107963,
        -1.416396176957496,
        1.5158214919119959,
        -0.6509811761151651,
        0.005696059592299371,
        -1.793568087157158,
        0.7572761374082441,
        0.25940903680878524,
        0.4871508419060046,
        0.43030196931234355,
        -1.1201429685688322,
        1.41641029714395,
        4.346090177494444,
        -0.2181628054798137,
        0.3580989606463588,
        -1.6932856616423757,
        1.0343625830110232,
        0.4431806292589697,
        -0.30361505355725876,
        0.19896487557788867,
        0.6108360471386971,
        -0.02766989314337817,
        -0.015921243761454082,
        1.1481952325873734,
        2.317874755418762,
        0.4742324636891906,
        -1.5153523271335327,
        -0.041417104040718224,
        1.9274399441134167,
        1.7631006542043244,
        2.1934430473922406,
