{
    "idx": 700452,
    "fights": [
        {
            "enemy": 5,
            "fitness": 83.67752803949323,
            "player_life": 2.200000000000234,
            "enemy_life": 0,
            "time": 694
        },
        {
            "enemy": 6,
            "fitness": 21.416503691218303,
            "player_life": 0,
            "enemy_life": 70.0,
            "time": 266
        },
        {
            "enemy": 7,
            "fitness": 89.30168263345199,
            "player_life": 46.0000000000003,
            "enemy_life": 0,
            "time": 200
        },
        {
            "enemy": 8,
            "fitness": 89.05968822339261,
            "player_life": 47.8000000000003,
            "enemy_life": 0,
            "time": 305
        }
    ],
    "weights": [
        0.8922351898497645,
        0.5881346116949243,
        1.2407154512590342,
        -0.987527754499417,
        -1.0189956193141922,
        0.5101250365984109,
        -0.8635732904339588,
        -0.9658808110922816,
        -1.19057055225696,
        0.584399757381662,
        -1.290910236078094,
        0.27581607199100455,
        -2.154747874781964,
        0.27001620767724965,
        -1.4208410275893684,
        2.1690240747944163,
        -0.28945563586558154,
        1.3767933253310873,
        1.0831876688478603,
        1.131571618289306,
        -0.19098262048457748,
        -0.4011206478445777,
        1.1027629312598106,
        1.2540111780727727,
        0.5378153556486036,
        1.612844774645643,
        -1.2509127616542441,
        0.04814767522161227,
        0.41199104686365007,
        0.5375781721388372,
        -0.7367830768135657,
        -0.4024835893919585,
        -0.6015609939081752,
        -0.37107963113183384,
        0.7421086487856947,
        -0.6364255559362599,
        0.08502584095117674,
        -0.9791551329994874,
        0.3691246965778482,
        -0.3275598643149744,
        -0.607792272138046,
        -1.446472366899316,
        1.2944265867594946,
        2.0742696147579265,
        -0.4683817580762796,
        -0.8126287918767237,
        1.2192812928209928,
        0.8891969917242496,
        1.6832916271202116,
        1.0507634938963308,
        0.03792346250652546,
        1.3631000827536206,
        -1.1559774347470366,
        -0.3382261681357884,
        -0.2764040235359055,
        1.9160208882562557,
        0.20605756772725087,
        -0.2927992936746352,
        -1.436964897131288,
        0.431752904447511,
        0.7490163846047221,
        -0.7253052598162104,
        -1.095256792130396,
        0.6044328718817799,
        1.0710840996626483,
        1.572854605029399,
        -0.3578077731893311,
        0.4378514166105374,
        -0.9559191436898955,
        -0.6169543346208995,
        0.9160298824358442,
        -1.0053391239244625,
        -0.6204227430227742,
        -0.6589404226508713,
        -0.536164914278788,
        -1.443083602226339,
        0.6038994965694947,
        -1.3547314236142225,
        0.8258508871372818,
        0.5747591055644117,
        -0.3936120528351488,
        -0.305616213631576,
        0.9315846117670904,
        0.4987393349968523,
        -0.2647675056682725,
        0.11099570628223626,
        -0.4445733410166877,
        0.7292361118607271,
        -2.898349650613903,
        0.19620923078823665,
        -0.700737188039746,
        -0.6834297930753027,
        -0.712056894488529,
        -0.6681270852560804,
        0.4039932223326279,
        0.2682710515790143,
        -0.7827401869265166,
        -0.07072130831438488,
        1.059346095130329,
        -0.645279952247946,
        1.2199678484916843,
        -1.1882381607168604,
        -0.7863746891828725,
        -0.22916576957517903,
        0.3661452027750481,
        0.6020374818924992,
        0.0846930140143081,
        -1.1395222954124764,
        1.1660885724060772,
        -1.9139445956032597,
        -0.8884845920185488,
        -0.5484896597503126,
        0.8049159757279124,
        -0.9374936979650053,
        -1.5463201267111977,
        -1.5166056142878808,
        0.1847302626891829,
        -0.8067976541775034,
        -0.15506887859222887,
        0.09974913301042604,
        0.1942222967867612,
        0.029144949830464877,
        0.8865925840838266,
        0.5091977533908818,
        1.622086359783565,
        1.26647979769386,
        -0.10674550142888485,
        -0.3975800718461302,
        -0.17257472691534192,
        -0.6300947724846353,
        0.24526058602211667,
        -0.0867881491433978,
        -0.340892521091686,
        0.5060957047072352,
        -0.11571589845999534,
        1.7412755085164133,
        -0.3912541686608978,
        1.2991546650202752,
        0.48203302061732284,
        0.7240391665906571,
        1.001500577987801,
        0.6472717673721232,
        0.4974707753769036,
        0.8795782028466563,
        0.7477265317476541,
        -0.7521122514177675,
        1.5124200246491823,
        -0.6477331365645745,
        1.212755556654027,
        -0.07135709551264312,
        -0.6232664200433884,
        0.9516706396755449,
        1.1046663642800127,
        -0.7986870925990331,
        0.7057535888148747,
        0.9749906250641726,
        0.31762655468097384,
        0.04209002958971173,
        -0.21780438019254658,
        -0.09802345077473051,
        -1.7280662042798396,
        1.3337567441303002,
        -0.0447879623752518,
        -1.5118023030565348,
        -1.2248608519795003,
        0.43608412579488515,
        -0.24701064806625772,
        0.3436060119475126,
        0.6199527984297807,
        -0.2710728930405457,
        0.1792994387987974,
        0.046912234100460415,
        2.002968536754216,
        -1.2295734898054267,
        0.9339832243193293,
        -0.9093656615276374,
        0.1548388911223379,
        -1.5247354019659694,
        0.7332123417197569,
        -0.27934178673825044,
        -0.09795864667946877,
        -1.1212848649553586,
        -0.40867544087221,
        0.251293215917482,
        1.2152849947256932,
        0.9215947220133902,
        -0.39437152890245886,
        -0.094049838058991,
        -0.35044261388187564,
        0.7760122951513374,
        0.5038790567498592,
        0.15890189071325253,
        0.688061162804102,
        0.05406008017815106,
        -0.7359645757822065,
        -0.028311810954060768,
        0.48260375581786974,
        -0.473506915585629,
        -1.4715289376168095,
        -0.9608621603240048,
        -0.7239043512676804,
        -0.18488397503846146,
        -0.48647389937488844,
        1.4854325921837104,
        0.22256826395180568,
        -1.1378449606512038,
        0.15775685893821212,
        0.19174395303258152,
        0.8929667166601223,
        -0.3221698800138195,
        -0.5592090467082026,
        0.05859652313288005,
        0.8217396137895706,
        -0.5788073957780859,
        0.6448437146000108,
        -0.27689623363931976,
        -0.29140847614359605,
        0.7550014960223095,
        0.7186509086259333,
        1.0210909424952674,
        1.4582757765456407,
        -1.5413697779478528,
        0.9840062875343262,
        -0.485105609642894,
        0.11251967058189351,
        -1.96245512013818,
        1.095391832142182,
        0.31980647060090944,
        0.47031471148097403,
        0.4799196703502143,
        -0.919987872626799,
        1.7615061021376284,
        3.670408388050056,
        -0.3617389785720556,
        0.2422367340083944,
        -0.45613680411672275,
        1.123952904349212,
        0.2896744407769219,
        -0.35525801661718753,
        -0.2975474207197835,
        0.6613386340451146,
        -0.009399792153943418,
        0.03861324736288305,
        0.9155627806948464,
        4.3183483824838795,
        0.790623740173785,
        -0.23905410435389132,
        -0.09083875323723217,
        1.9966694414127104,
        1.5352716424234578,
        1.6456382946641561,
        -0.2822239615885737,
