{
    "idx": 700477,
    "fights": [
        {
            "enemy": 5,
            "fitness": 90.81288973525116,
            "player_life": 65.20000000000033,
            "enemy_life": 0,
            "time": 301
        },
        {
            "enemy": 6,
            "fitness": 57.3978811791203,
            "player_life": 0,
            "enemy_life": 30.0,
            "time": 271
        },
        {
            "enemy": 7,
            "fitness": 84.55703951986408,
            "player_life": 2.200000000000234,
            "enemy_life": 0,
            "time": 288
        },
        {
            "enemy": 8,
            "fitness": 88.8796882233926,
            "player_life": 46.0000000000003,
            "enemy_life": 0,
            "time": 305
        }
    ],
    "weights": [
        0.28201604721317425,
        0.2913483150157731,
        1.1123402282298018,
        -0.8309332443280149,
        -0.548633310863381,
        0.4659494365898269,
        -1.1862226082666583,
        0.5417965913754934,
        -0.35313861178115596,
        -0.11646348236158141,
        -1.4234706968117057,
        0.013293060826715747,
        -1.3135197282383368,
        -0.8925513911004296,
        -1.0834510203841672,
        1.983133048820831,
        -0.26841012646396345,
        1.647731973142134,
        1.8937308097807215,
        0.7888656812141451,
        0.13173598943018944,
        -0.283972728897053,
        1.6995854473118275,
        1.6466758580854644,
        1.3120253718561254,
        1.2393692674287473,
        -0.8902368239911945,
        0.06201959061018835,
        0.32886438534363216,
        0.9203080361436954,
        0.11734562097770981,
        -0.5272084184100783,
        -2.0237153207527436,
        1.188502066264962,
        0.7247256742201706,
        -0.8896684447677112,
        0.31013155985318847,
        -1.0048761328749525,
        0.15360526768149918,
        -0.18766542166130867,
        -0.17033806268857132,
        -1.3987209482418328,
        1.1481352142467978,
        1.5846443362220137,
        -0.10516452297567765,
        -0.786732966855529,
        2.444693949750872,
        1.0388069797272903,
        0.20171527323541633,
        1.201643691961046,
        -0.11426282053220922,
        1.517309652571337,
        -1.2526572033458614,
        -0.45592455678238164,
        -0.6554439078828055,
        2.045244543678534,
        -0.42375964837664704,
        -0.179949833449059,
        -1.6536109582066412,
        0.3591023107456344,
        0.7719074216161607,
        -0.6444146899989197,
        -1.6113255665972328,
        0.46704749033014414,
        1.1860022767293577,
        0.4999350842806577,
        -0.28154426570708896,
        0.5243323793346798,
        -1.195509610668197,
        -1.266262936283042,
        0.8439971745858061,
        -0.8587338801624771,
        -0.6053983998277753,
        -0.6122531595419458,
        -0.6973676051741274,
        -1.687927968802807,
        0.5788207559235535,
        0.5609452240447907,
        0.9584961125750766,
        0.7490274231397115,
        0.26896267884507513,
        -0.3661166921746624,
        0.9647389121004925,
        0.49405998434426046,
        0.0669581457972872,
        -0.3436950852465706,
        -0.8864972749744475,
        1.3612011847155845,
        -0.9481369291487908,
        -0.4180431141409584,
        -0.6824922185023592,
        -0.6708647558286807,
        -0.7091832587220132,
        -0.7335637649998464,
        0.5143887472960013,
        -0.2589346326009347,
        -0.5311492293502226,
        -0.05580342990172171,
        1.0032206770869831,
        -0.09482698634261477,
        1.034021878650901,
        -1.1547238124276298,
        -0.7203597630417015,
        -0.30641777941097986,
        0.9186691825248495,
        0.7030940055621275,
        -0.006855311806604217,
        -1.16795347903454,
        0.989783693323739,
        -1.0698378394308778,
        -0.7953897276145541,
        0.06795718171533842,
        1.354575026457279,
        -1.08743286307122,
        -1.3925274908271912,
        -0.5170397728712718,
        0.2856149147062777,
        -1.3935159573167208,
        -0.24604493177925862,
        0.3401819129713691,
        -0.03030697018298024,
        -0.09029930539942446,
        0.8779677788403364,
        0.31426408650571824,
        0.6213241005613324,
        0.3150096865307892,
        -0.4057908076381735,
        -1.5583820585928059,
        -0.4265388310156724,
        -0.37119361708101606,
        -0.501241397564979,
        -0.00836479743591953,
        -0.39652421340191857,
        0.6760577596783298,
        -0.37866468774904927,
        1.5532429890019819,
        -0.5517141640552792,
        1.3342018815627992,
        -0.03406614933553517,
        0.6256193853434029,
        1.0829663291143548,
        0.8775985856825644,
        0.553937969569143,
        1.2124534158775782,
        0.8782765033580993,
        -0.8514723849076377,
        0.6151831443606471,
        -0.13843599858510788,
        1.307820885848541,
        -0.48738116860176217,
        -0.6827503071282593,
        0.7848683205704104,
        1.5441749741973585,
        -0.9115446278158889,
        0.50083639483792,
        1.5632324781654154,
        0.2837648953665865,
        -0.14830601506630903,
        -0.2435009291178201,
        -0.2073623222091356,
        -1.8608951751139602,
        1.3400574597060795,
        -0.5362794875529107,
        -1.1998129199257055,
        -0.8238042820391968,
        0.4605009183039966,
        0.17817405324913793,
        -0.5196605933965361,
        0.5276990695395821,
        -0.34564692507535777,
        0.1499039874521477,
        -0.24118903453445667,
        1.381499316905931,
        -1.2789246477699625,
        1.4300237143578365,
        -0.9573201250945487,
        0.5503532076287069,
        -1.6257674772712363,
        0.48646328110132186,
        0.4911008576408845,
        0.9300995148534477,
        -1.2345991459382422,
        -0.59250820025449,
        0.08727021785676904,
        1.0901047477018582,
        1.0155637527121841,
        -0.4272430096942777,
        -0.778907866638225,
        -0.3364466076104472,
        0.8442104514829569,
        0.5167709792761956,
        -0.6885543467665051,
        0.3256320706334368,
        0.01997767378559904,
        -0.12920498850888074,
        -0.3791906471040727,
        -0.16248783755989776,
        -0.47138455640928745,
        -1.5522259966029346,
        -0.901281157682707,
        -0.6794208782221909,
        -0.9239212478034571,
        -0.3612752478233852,
        1.4064991272433083,
        -0.06687737611091438,
        -1.024866444063802,
        0.35959531083718677,
        -0.024723678534300103,
        0.7635021070113129,
        -0.9096258964796438,
        -0.16782446263889614,
        0.15344847703407122,
        0.5515384246763726,
        -0.6337271952289877,
        0.20026340918039226,
        -1.5206512128115746,
        -0.4806858529036619,
        0.8565463057993733,
        0.8463450781260777,
        0.8411521913077372,
        1.8537879633109502,
        -1.4659995062469586,
        1.233180445913933,
        -0.09211830729262002,
        0.05083509744460529,
        -1.969736983008209,
        1.0540556973979505,
        0.2502656362551124,
        0.4426420904345709,
        0.8052960588842224,
        -1.1056854475107196,
        1.3622603469323684,
        3.384654803100265,
        -0.21455684028010388,
        0.29457906955851004,
        -0.712062907719672,
        0.9036201119636177,
        0.9765283445559211,
        -0.6036768403510409,
        0.7872733181545618,
        0.6540667212852158,
        0.042038999006450556,
        0.45442002255681074,
        1.0713022401019952,
        2.9831152702793395,
        1.2564809944139956,
        -0.26497341099350613,
        -0.18926161031271418,
        1.4039786067754971,
        1.3753111465270969,
        1.7862850325514352,
