{
    "idx": 700494,
    "fights": [
        {
            "enemy": 5,
            "fitness": 89.96772932632855,
            "player_life": 54.40000000000032,
            "enemy_life": 0,
            "time": 238
        },
        {
            "enemy": 6,
            "fitness": 85.62322890233345,
            "player_life": 12.40000000000023,
            "enemy_life": 0,
            "time": 275
        },
        {
            "enemy": 7,
            "fitness": 66.63870783429057,
            "player_life": 0,
            "enemy_life": 20.0,
            "time": 213
        },
        {
            "enemy": 8,
            "fitness": 89.85616819497443,
            "player_life": 53.200000000000315,
            "enemy_life": 0,
            "time": 236
        }
    ],
    "weights": [
        0.7487928849931133,
        0.5178737863183686,
        1.3351802037964853,
        -0.7287794671924304,
        -1.4667291996837049,
        0.25865118919723595,
        -0.8995675765377088,
        0.3235758897818257,
        -0.5416254935383862,
        0.32926505092418923,
        -1.6545930127330413,
        0.5219738846437803,
        -2.4522043241211233,
        -0.4184687818412459,
        -0.8075877752810842,
        1.7513290013269254,
        -0.2259338241085056,
        1.6431198711152308,
        2.227014411099674,
        0.878322713995087,
        0.1250384493516553,
        -0.3864537037874394,
        1.6994238686013503,
        1.3921682131243798,
        0.8732830194152382,
        1.3384994191377,
        -0.8218458628433012,
        -0.013683823838590535,
        0.1316541460455143,
        0.3555615017919575,
        0.07098775051684524,
        -0.5328856545956384,
        -0.8332795073985072,
        0.6461319977434734,
        0.7055752701594777,
        -0.2521795509863374,
        0.24893629548757235,
        -0.9962820788284448,
        0.09584011480724089,
        -0.2820006648790434,
        0.3652481421264119,
        -1.0810101031115908,
        0.835527864291259,
        0.9794592685627552,
        -0.9448862101779129,
        -0.9085444271149627,
        1.4483974189564714,
        0.737531492433047,
        1.6943436842954502,
        1.4748221769350476,
        -0.32672971237986154,
        1.3631431151652582,
        -0.977021063469484,
        -0.5190594752290695,
        -0.8031771257059083,
        1.4836157293495484,
        -0.45159210500547997,
        -0.27395009121765923,
        -1.454675809567228,
        0.8365666880216118,
        0.7955664110595709,
        -0.630842623254567,
        -0.7577964955954685,
        0.17224965806552758,
        0.8630380610080259,
        3.00087127882328,
        -0.47904523695720647,
        0.4133969130770159,
        -1.216562347397855,
        -0.4397721271449486,
        0.7828320237777567,
        -0.9223866705023109,
        -0.42108432009538366,
        -0.674084010191215,
        -0.47107691856248424,
        -1.6084875073667688,
        0.5221818717531499,
        -1.1236018773298728,
        0.783607654118045,
        0.6172586601265209,
        -0.22629113977865606,
        -0.36559559001335773,
        0.9655238113476844,
        0.6016034117133384,
        -0.07141756989205726,
        0.08975809134170187,
        -0.5013755735269932,
        0.891545946373189,
        0.4005605905487654,
        -0.48627815951545017,
        -0.736749644316714,
        -0.8219933362401926,
        -0.5948684237755459,
        -0.8084909422276947,
        0.6513739053725263,
        -0.22440510579236767,
        -0.8316529379938767,
        0.057211670651483956,
        0.8915677655336514,
        -1.2362000841668501,
        1.0495868004057016,
        -1.2036314707155151,
        -0.5811744766597998,
        0.11735251710303177,
        0.12699991176063427,
        0.22429733645506997,
        1.951632563699479,
        -0.9549117521133245,
        0.617726278730311,
        -0.54376478847773,
        -1.0592302039886865,
        -0.17826216954103832,
        0.9379179658456072,
        -0.5053511003748775,
        -1.0478857226995602,
        -1.298892071887653,
        0.3962767712303584,
        -1.3083494070663169,
        -0.3764653795563712,
        0.4349138756495289,
        0.1350131306200866,
        0.11476612033529249,
        0.7845746530238745,
        0.6507291305729317,
        0.8768854566760276,
        0.8737857165593848,
        -0.7992583414291171,
        -0.7400067641977708,
        -0.6750289322287645,
        -1.1755774373222623,
        0.07350048564542258,
        -0.5847660765124076,
        -0.788701176786723,
        1.432507655376519,
        -0.039567973553781804,
        1.0842785669871269,
        -0.5639650921653795,
        1.1376838391549695,
        0.7958566358008008,
        0.18477853853053358,
        1.1016073943330855,
        0.34231371471986,
        0.5595777112815983,
        1.0621532390357633,
        0.29975399794314966,
        -0.8534304234298192,
        0.5971335380326901,
        -0.46891332634518407,
        1.094318941693636,
        -0.5593410139073157,
        -0.5596687993930222,
        0.9550218211946967,
        1.2417469819654097,
        -0.3392978845464221,
        0.6345820660669993,
        1.6636446238225924,
        0.4738614501988875,
        0.007213014950750787,
        0.2103403559220277,
        0.2501507267241233,
        -1.82328440912579,
        1.1042005437567404,
        -0.3847015836449356,
        -0.6070104624080002,
        -1.0681194481559426,
        0.04410699962627486,
        0.03935352573154478,
        0.4062119679459208,
        0.2997073493414258,
        -0.3511062439505995,
        0.07378038123436341,
        0.04290190653681533,
        0.22903738983025307,
        -1.2323990021846154,
        1.061281066502513,
        -0.6216165047209334,
        -0.06369336513177214,
        -1.513169128548819,
        0.5122954069056314,
        0.43800938930137445,
        0.41660463254232305,
        -1.120076164853474,
        -0.3246435899416359,
        0.22967343874215176,
        1.3067847670382404,
        0.9690439230377726,
        -0.1061691921824653,
        -0.6740241765795778,
        -0.44173630660248897,
        1.14528864772599,
        0.4236150135534212,
        0.18188129246982823,
        1.3669464064420986,
        0.5474804889734737,
        -0.6836305832319682,
        0.29540596112321305,
        0.4586137783207986,
        -0.463937094957503,
        -1.5302254160714945,
        -1.1104692017391453,
        -0.265526993534475,
        -0.653113807823218,
        -0.4209834554075631,
        0.8355870015007896,
        0.18644292870249995,
        -0.9422631846989625,
        0.01021327957693366,
        0.16075639740908598,
        0.9207968290413581,
        0.9116282048042789,
        -0.2051331900768994,
        0.07549224919774955,
        0.6616070936931508,
        -0.5746315950660582,
        0.21109720415730687,
        -1.1229862609815688,
        -0.04139947052090867,
        1.322101203268082,
        0.705888579110176,
        0.3977810550266832,
        1.5785906901041171,
        -1.6258042605765843,
        1.3503926633544037,
        -0.4222348775611914,
        0.04455312689067702,
        -2.1943485033592762,
        0.8694266023644117,
        0.5228163255202496,
        0.35356236790799517,
        0.2839544480045696,
        -0.8973306795851295,
        0.155382756421573,
        3.4062464576886224,
        -0.09682558968158492,
        0.1938042213536587,
        -1.100841822734253,
        0.7124054371598116,
        0.8258438108017105,
        -0.43671141493479754,
        0.46774124600673206,
        0.7884694924693983,
        0.12226764448660904,
        0.14668607557751584,
        2.2413441793073914,
        2.2536771704887446,
        1.5446243434659228,
        -0.8502191395736025,
        -0.16270369156940442,
        1.5744703959408577,
        1.5599825261491507,
        1.960925188119914,
        -0.4992790411463034,
