{
    "idx": 700476,
    "fights": [
        {
            "enemy": 5,
            "fitness": 88.3624637949176,
            "player_life": 43.00000000000029,
            "enemy_life": 0,
            "time": 379
        },
        {
            "enemy": 6,
            "fitness": 39.269900217026425,
            "player_life": 0,
            "enemy_life": 50.0,
            "time": 308
        },
        {
            "enemy": 7,
            "fitness": 90.69173296930549,
            "player_life": 59.80000000000033,
            "enemy_life": 0,
            "time": 198
        },
        {
            "enemy": 8,
            "fitness": 88.99968822339261,
            "player_life": 47.2000000000003,
            "enemy_life": 0,
            "time": 305
        }
    ],
    "weights": [
        0.6374139373159822,
        0.3410329106422522,
        1.5280792488522552,
        -0.8256727150267926,
        -0.9098435948829448,
        0.45394771657617833,
        -1.457460952088082,
        0.7344453481301649,
        -0.3952824139857465,
        0.04598675326491489,
        -1.3391105595157071,
        -0.03600171107187754,
        -1.4103465102226602,
        -0.8979372854238672,
        -0.8380774567150632,
        1.850775633352656,
        0.8812476692973055,
        1.6626563833684733,
        1.4934386845321657,
        0.7817137618232936,
        0.18147626032692393,
        -0.25640171933544936,
        1.6728598819773817,
        1.4516750219596122,
        0.6138274257581,
        1.465644337505096,
        -1.1983730605559888,
        0.05308602730958478,
        0.2554653024318752,
        0.8221697904708375,
        0.023007737309466814,
        -0.4832771241279981,
        -2.002643269033654,
        0.589484363945669,
        0.7519760438624308,
        -0.7500234044219417,
        0.3098457086654068,
        -1.087377834842608,
        0.029927829824215837,
        -0.16792335692936608,
        -0.19152435427407666,
        -1.371015646261621,
        1.196606400342334,
        1.6603432427788472,
        0.04958804114622673,
        -1.0738466696554645,
        2.352168580578049,
        0.7720735541326071,
        0.20663292579228532,
        1.4668721878142783,
        -0.18990475269679177,
        1.483337187906374,
        -1.2671228891729103,
        -0.49689079918858275,
        -0.715647685529525,
        2.324362752225164,
        -0.40510254506801957,
        -0.1591847385380184,
        -1.749383617673041,
        0.3390743373702676,
        0.3773133937931947,
        -0.7394945279315085,
        -1.6995069420900992,
        0.4597110264885243,
        1.2234506712042688,
        0.5316280658960999,
        -0.34054406577780505,
        0.4866783378844955,
        -1.2271557456628903,
        -1.5280780359745338,
        1.0418063118136347,
        -0.963353940162892,
        -0.5223225237063391,
        -0.7458905467435074,
        -0.7099716400254033,
        -1.6676676720567356,
        0.5242583244576774,
        0.15998237169666935,
        0.8620445929747335,
        0.5873864200275777,
        0.21245700284934188,
        -0.27521334688585625,
        1.0802359973752143,
        0.5345399794850948,
        0.18123989965492357,
        -0.20032437251675653,
        -0.733616215993864,
        0.9141884159553101,
        -0.639956608688453,
        0.10433025094373727,
        -0.754345111842933,
        -0.6335693207463781,
        -0.7067348076481699,
        -0.8359562822503943,
        0.5860345072828933,
        -0.17218635076605698,
        -0.6412097331734139,
        -0.32954813882239886,
        1.1441780104504524,
        -0.7543184944067496,
        1.186768578184316,
        -0.9115181700716505,
        -0.6394780694150264,
        0.24900979343208013,
        0.6582252236155361,
        0.5114108222315281,
        -0.06706832186376264,
        -1.254397779325081,
        1.0333773549428589,
        -1.132861688760988,
        -0.9429860414329319,
        0.05697372737820584,
        1.6004663915218726,
        -1.049822263654469,
        -1.306673471602152,
        -0.5723729534946728,
        0.2749186417795492,
        -1.445829287839583,
        -0.2454374938466535,
        0.3172059028294117,
        -0.04161905082274103,
        -0.06271593470874166,
        0.8807192301741198,
        0.5704472065462215,
        0.6750358821574515,
        0.5446560478016486,
        -0.443421326942824,
        -1.604539832450493,
        -0.47999787808090344,
        -0.37978144190992635,
        0.3309058298480813,
        -0.17690473417489383,
        -0.8441009824576661,
        0.6904696908444831,
        -0.16772372076604983,
        1.6716472698143647,
        -0.7363730844705625,
        1.383571742726141,
        -0.04312396436495189,
        0.7922841086326423,
        1.1124372518984451,
        0.600890356773915,
        0.8854018589201482,
        0.6957174381106785,
        0.7514796421520562,
        -0.6415715138612211,
        0.5749834636379881,
        -0.04626883207370297,
        1.1582680632120361,
        -0.5289259871346359,
        -0.37619169397819074,
        0.8221913998943622,
        1.0640132459825344,
        -1.0171475255359717,
        0.21030937991265808,
        1.5338183378760837,
        0.24737325609670205,
        -0.34297951960195094,
        0.35844858493899534,
        0.2820364814766885,
        -1.9326111479053691,
        1.56310875154211,
        -0.6558930466550875,
        -1.3323527626627583,
        -0.9475085070331037,
        0.2372644438353469,
        0.14555021213496608,
        -0.4818453877849811,
        0.5015281240000737,
        -0.345683728404816,
        0.12424922093013603,
        0.11037574272231397,
        1.2974087193383197,
        -0.798033336368512,
        0.8920124853191181,
        -1.0599628863234372,
        0.6502597670101465,
        -1.5896577195804227,
        0.331307660771853,
        0.540204339454625,
        0.5516201120057764,
        -1.1595937893391395,
        -0.6690522451263945,
        0.08027117901855939,
        0.9405689166797461,
        1.4311533421319855,
        -0.5303796731404005,
        -0.07451882464086834,
        -0.2100297514663003,
        1.9332025591721733,
        0.35198826071764405,
        -0.7331222037950941,
        0.2822924951386223,
        0.11161273133295858,
        -0.18516569137413716,
        0.2156573599162167,
        -0.08473145214968425,
        -0.5307998548883607,
        -1.643872840700836,
        -0.9159496436756477,
        -0.6452472300852335,
        -1.1226319628878103,
        -0.44651953205132744,
        0.7607282971356034,
        -0.27284156712719726,
        -1.06199325124683,
        0.44234894985554113,
        0.23597153554610167,
        1.1945268760785226,
        -0.9531702261516982,
        -0.931260604775389,
        0.031125860869870375,
        0.5851994691988154,
        -0.6139764525716122,
        0.23636531676042205,
        -1.2100065380965372,
        -0.4014758019045154,
        0.8950612903645261,
        1.2083796419251631,
        0.5886626317742844,
        1.7998413919863787,
        -1.4695612582592301,
        1.1618744095073563,
        -0.07068980220569847,
        0.2583891257172541,
        -2.1117477934488558,
        0.9108886597633303,
        0.2500798680736019,
        0.49345750821019546,
        0.7426803713239931,
        -1.0854534020945008,
        0.6621368616092811,
        3.830348929556939,
        -0.32533426290615663,
        0.21852222683711203,
        -0.034663542212430204,
        0.9399500018828721,
        1.0048665594746253,
        -0.6002714213294529,
        0.6840292786597367,
        0.5539484453512991,
        0.3650410439965608,
        0.590484416116808,
        1.0198591542935544,
        3.0396628448505996,
        1.1069518795454958,
        -1.571694043300659,
        -0.21815320035907992,
        2.261481324078008,
        1.746048879167539,
        1.9642828193200494,
        -0.1722888129233831,
