{
    "idx": 708625,
    "fights": [
        {
            "enemy": 5,
            "fitness": 87.08384284030167,
            "player_life": 31.000000000000263,
            "enemy_life": 0,
            "time": 410
        },
        {
            "enemy": 6,
            "fitness": 48.55326262833369,
            "player_life": 0,
            "enemy_life": 40.0,
            "time": 232
        },
        {
            "enemy": 7,
            "fitness": 87.55703951986408,
            "player_life": 32.200000000000266,
            "enemy_life": 0,
            "time": 288
        },
        {
            "enemy": 8,
            "fitness": 86.95935834262663,
            "player_life": 28.000000000000256,
            "enemy_life": 0,
            "time": 344
        }
    ],
    "weights": [
        0.4407069977299112,
        0.08747018530599071,
        1.3059348473485086,
        -0.34040943473160595,
        -1.2122702595767731,
        0.16932685058492195,
        -1.3276362663374794,
        1.0067465173475472,
        -0.6068906110364176,
        1.0926201882310536,
        -0.4534939934041937,
        -0.6185804224669073,
        -0.9802519753845527,
        -1.0453634671593202,
        -0.2005476955276297,
        2.7242866199764615,
        1.9050440988518302,
        0.6161850364265181,
        0.02509708815289742,
        1.8423605415811586,
        -1.1432641329227058,
        -0.17626837047353652,
        1.2604551228555485,
        0.8881917727873454,
        0.6637918939019759,
        1.6782875058502245,
        -0.9009888498022427,
        -0.4232313197662687,
        0.10619907496737918,
        0.45282272827770514,
        -0.7008177245833881,
        -0.4927288261760906,
        -0.6123597796704249,
        -0.8569185118241285,
        1.0375213226853612,
        0.3841940720923036,
        0.5402629703264717,
        -0.5999549083334687,
        -0.2295936543033692,
        0.7060356782364453,
        -0.529209104134241,
        -1.0656605745479264,
        0.832617343145988,
        1.0101704042960664,
        0.38837434023023537,
        -0.6497259905668936,
        1.7413101654881522,
        -0.18431255266637497,
        0.5058378583204988,
        0.8930726550209911,
        -0.6584031702761228,
        1.8965241324175708,
        -1.5705065593932659,
        -0.910888861831382,
        -0.7134711807156926,
        1.8312111560432556,
        0.33798198733895635,
        -0.7842402310553297,
        -1.5628012047310011,
        0.7445078919054012,
        1.0891916868779106,
        -1.1134569441186937,
        -0.5639865088791647,
        0.18861410544643567,
        0.4133281431353636,
        0.6159166147080273,
        -0.9866729834757396,
        1.34541828171145,
        0.593341754867372,
        0.12558488358182848,
        0.35481216190786197,
        -0.6198856601701486,
        -0.8640803696636864,
        -0.05394768641006117,
        -0.6107898276693267,
        -1.5035051458661763,
        -0.5987567316498953,
        -0.32225393907607436,
        0.4822793741245635,
        0.32269925610166084,
        -0.06999177386942972,
        -0.19854475668186883,
        0.5768593525405322,
        2.5543451139444278,
        -0.23562390539788075,
        -0.7722455500092984,
        -0.7440562132101589,
        1.0610258710474474,
        -0.35372190205614173,
        -0.28633961902894284,
        -0.51529494319509,
        -1.0304352634014462,
        -0.025199227206393077,
        -0.20292586022299353,
        1.2160377963577,
        0.15326909529747995,
        -0.771625873773684,
        9.622692966765323e-05,
        1.2803556259760482,
        -0.6307762367959118,
        0.9863090334900485,
        -1.8320527709498173,
        0.22028445580460737,
        0.14561698332119252,
        0.33796975665168916,
        0.776955007354921,
        -0.10625628894984644,
        -1.358690241116562,
        1.2508121320517538,
        -0.6541311164687222,
        -0.699541168751017,
        -0.7587682202069128,
        1.0048965573473747,
        0.027779277281945486,
        -1.121704553481465,
        -0.5099876269597093,
        0.12122389190290725,
        -0.45787751626180545,
        -0.006646791337457117,
        0.4218889745092538,
        0.1825072011231279,
        0.4867461514296146,
        0.3858511438971569,
        -1.4064230669993918,
        1.449600194938299,
        2.6530452120392773,
        0.5654148323608728,
        -1.6694500468179616,
        -0.7378198412829997,
        -0.0006803980880638327,
        -0.38146393059372363,
        0.1310335931010808,
        -0.020628857164923072,
        0.42353466751720437,
        0.46427313843873796,
        1.070343446828529,
        0.21397228912184596,
        1.0543663353559518,
        -0.07877090015945645,
        -0.2265244003534688,
        0.688443269306327,
        2.1932060870728702,
        -1.2515526784677677,
        0.2813547508599231,
        -0.20707386160401836,
        -0.8591645312670173,
        1.9138869284715028,
        -1.074930447021933,
        0.6654100523521027,
        -0.2730306176804611,
        -0.17877531835291371,
        1.2370269275276717,
        1.5209699583238592,
        0.3081488430513101,
        1.2166171088191247,
        0.8465427671951445,
        -0.17838725761648164,
        2.1190989261514734,
        0.8503932116310147,
        -0.44027260464462126,
        -1.1637347817409731,
        -0.28994635378452394,
        0.28503972484622925,
        -0.17294965273198043,
        0.5297074965673305,
        0.20959670616849393,
        0.07465029938910853,
        0.5978426423170607,
        1.3159596998511873,
        -0.05095398855624624,
        -0.047394986338467365,
        0.27898768723335365,
        0.5925857216960161,
        0.22496744726891482,
        0.9549609945858886,
        -0.08212194562901746,
        -0.5731865215309343,
        -0.7982583205230154,
        0.7201489296889717,
        -1.7182087347948205,
        -0.6992089095461158,
        0.9652830590037409,
        -0.05013412755948968,
        0.5318396943885264,
        -0.14852179950956795,
        0.36729891678471516,
        0.9796416753025181,
        -0.6411484509238443,
        0.133747165635666,
        1.2416942936032938,
        -0.4005383301643693,
        -0.659662694250361,
        0.21657491657115868,
        -0.4182430873702979,
        -0.0661032731795319,
        1.1686768796374345,
        0.12008693411025897,
        -0.36365095431503136,
        -0.5009708384856286,
        -1.8269981802141266,
        -0.6217426915273486,
        0.01877847534764371,
        -0.9640245150036194,
        0.11875227438242343,
        -0.42226572433664683,
        -1.0627152924745789,
        -0.8113705053550992,
        0.6690113034370982,
        0.6554661082591374,
        -1.7929021280885922,
        -0.06535964455619045,
        0.39698391232711844,
        0.8516849583063334,
        -0.2779697401696814,
        0.8967464036213212,
        -1.0192495318033703,
        -0.9287452273458563,
        0.2524650751806219,
        1.4011287620079744,
        0.13910754592693414,
        1.24247419219841,
        -1.44262855884,
        1.1750331290115497,
        0.16292015157571574,
        0.0986593658732911,
        -1.2689472644621052,
        1.2074920548531993,
        -0.5471640354466506,
        0.21545805160584225,
        0.3923787252427979,
        -1.4001047484554405,
        1.4203785999143201,
        1.588943675040661,
        0.32284877090802605,
        0.37009557121941106,
        -0.8112699785783554,
        0.7938729033131968,
        1.066908228682389,
        0.7980551240883994,
        0.09598845447897465,
        0.5357022743343045,
        0.0027172624030984416,
        0.11747842413994661,
        0.7617651812316718,
        1.3837219446246722,
        0.08350348886262494,
        -1.0402090917268845,
        -0.03164339121334721,
        0.5835238128143387,
        0.3782373155312233,
        0.968402813524119,
