{
    "idx": 706302,
    "fights": [
        {
            "enemy": 5,
            "fitness": 89.65106227384334,
            "player_life": 51.40000000000031,
            "enemy_life": 0,
            "time": 242
        },
        {
            "enemy": 6,
            "fitness": 39.527729326328526,
            "player_life": 0,
            "enemy_life": 50.0,
            "time": 238
        },
        {
            "enemy": 7,
            "fitness": 87.81288973525115,
            "player_life": 35.20000000000027,
            "enemy_life": 0,
            "time": 301
        },
        {
            "enemy": 8,
            "fitness": 86.95935834262663,
            "player_life": 28.000000000000256,
            "enemy_life": 0,
            "time": 344
        }
    ],
    "weights": [
        0.7627729356980905,
        0.5832501811331154,
        2.1000840613169385,
        -0.6750580168349317,
        -0.6965760692834311,
        0.7197962403200686,
        -1.1535342157740816,
        0.9364088535404838,
        -0.5269335499288097,
        1.5815659888347864,
        -0.22276629247787774,
        -1.1215421697078356,
        -1.3089941611057536,
        0.09671298303858586,
        -0.3674441691841422,
        2.054127174016495,
        1.4846070793729007,
        0.5163469511593476,
        0.25710797681958175,
        2.7283488805351137,
        -1.2505464287136068,
        0.8449198275162314,
        2.0839168024831927,
        0.9642392328273892,
        0.4375268564866877,
        2.042432081393978,
        -1.6563096428329886,
        0.5715066399168652,
        0.4932822631537841,
        2.2088320892629985,
        0.13284935852877278,
        -0.5347575786292474,
        -0.5598944392858108,
        -1.0518913996781891,
        0.4669497318462612,
        0.42429420632979575,
        -0.05258092013060806,
        -1.0724365892206442,
        -0.07923271418245487,
        0.8344901595484604,
        -0.27793655109496546,
        -1.013704763461522,
        0.06955257973737505,
        0.5970669249186559,
        0.16517571809182036,
        -0.19786474098044243,
        2.246845661742546,
        -0.10775344005044865,
        1.6525298649313735,
        0.6564215520160486,
        -0.877436843733098,
        1.7381988306299392,
        -1.9470606353812228,
        -1.048809343971862,
        -0.7110632085155332,
        2.2711075927416156,
        0.913173359391358,
        -0.3756346886500968,
        -1.7858417011815237,
        0.2758725652255178,
        1.1318288140243713,
        -1.1363437788590314,
        0.847112504367132,
        1.1638132291472152,
        0.3768862265419475,
        0.7253500165356839,
        -0.7552464485757154,
        2.431928595610483,
        -0.7975195139298916,
        -0.14148193621612015,
        1.3078504435569833,
        0.16214712420885916,
        -0.5014667512111926,
        1.0412130908391692,
        -0.6397870230419465,
        -1.1742586641239878,
        -0.9997388710222707,
        -0.548249607223802,
        2.4394975005459685,
        0.5440461098222688,
        0.09991925142402605,
        0.44135824454465433,
        0.5795189383194491,
        3.216660812013041,
        -1.044006989295923,
        -0.09089786111269536,
        0.32067836203848793,
        1.0159984299399196,
        0.09628741016946478,
        -1.5629203281918063,
        -1.2396144837427592,
        -0.8959879464590257,
        0.2997435219417069,
        -1.028944300795984,
        0.935515642106416,
        -0.9969783456671346,
        -2.2313073136180033,
        0.12986188289180284,
        1.5547910892620218,
        -0.6729539500185452,
        1.840654858596717,
        -1.925356254328771,
        0.5061316187602913,
        0.5943194154638236,
        -0.3229714863693832,
        0.20007236135848072,
        -0.456824953486686,
        -0.9865379001535929,
        0.8993256606027659,
        0.2571055727057175,
        -0.2936285034609286,
        -0.8828502713590566,
        0.9852361568209494,
        1.0596034814408264,
        -1.2813520958734381,
        -0.3024215371730038,
        0.4195401677348988,
        -0.2335794282814583,
        0.4004537584070452,
        0.22038031667628505,
        -0.02598518357569302,
        0.2680746211983528,
        0.8091190919200962,
        -1.3690306946715067,
        1.37672574747124,
        3.4017666003551494,
        0.9055362620868195,
        -0.7537016337377147,
        -0.3069734687135888,
        0.1442808333735152,
        0.1256810307531439,
        0.3295754532201358,
        0.06491591209541767,
        0.2179726853862293,
        1.317075554068207,
        0.7866003342914281,
        0.47611713670355793,
        1.9921612419469625,
        0.1858664627889136,
        0.1680913322462132,
        1.3810236825369822,
        3.1324476114774384,
        -1.0929002020202838,
        -0.2349749487012774,
        0.45437142041939205,
        0.13330326973131906,
        0.7035648688595483,
        -1.0823081839737652,
        1.6221223499213886,
        0.21956534192680946,
        0.13090620079337276,
        1.2788689862596343,
        2.110062732683482,
        0.2641374550056769,
        1.0917707706755195,
        1.41630782732094,
        -0.5662635724433853,
        1.5783146593894952,
        1.3377265466915673,
        1.0334777565169142,
        -0.6245889240146655,
        0.08421122524060429,
        -0.5032672989517762,
        -0.8684459936614786,
        0.13218377799996706,
        0.3043080814795156,
        0.703909179271196,
        0.6404715514752373,
        0.05795603472701563,
        0.3757053537877387,
        -1.1858420750139866,
        0.989723205784181,
        0.642195622227909,
        0.33479882505810266,
        1.9228602549804223,
        -1.3291754789953787,
        -0.9854520004773285,
        -0.6072318236697972,
        0.6613830805937833,
        -1.6307871913570926,
        -0.2744195434907868,
        0.38967115692934884,
        0.12757335606439757,
        0.30828635186271836,
        0.3871313175176032,
        0.3199511724221558,
        1.2651219077501628,
        0.14044305090907094,
        0.5804350489824028,
        0.6035785220468411,
        -0.46401349320693125,
        -0.6438741696503552,
        0.3329644273997558,
        -0.291045256174961,
        -0.23066871182881982,
        -0.15982300977153793,
        0.2702970818524061,
        -0.3625538648751199,
        -0.7605331335331815,
        -1.9414997249658992,
        -0.6842912662263158,
        0.17941039575991818,
        -0.45394155330689323,
        1.9306031108657187,
        -0.2417077270475344,
        -1.54816640175828,
        -1.4258248392489365,
        0.28208024389375036,
        0.8256827887804501,
        -1.8894326533288681,
        0.23793274936751116,
        0.5264021493660117,
        0.7880950634192269,
        -0.2638518409417719,
        0.9512166968033492,
        -0.9361860403005157,
        -1.3154799291847377,
        1.1399405866294579,
        1.2171263804434052,
        -0.5821464917239944,
        1.3638170377756715,
        -1.2355005959810557,
        1.3970747773068115,
        0.9641083742547245,
        0.03859154405543863,
        -1.797647251963753,
        0.7541326323270505,
        -0.8979569292318966,
        0.84914608776388,
        1.6640043399789617,
        -0.5817310450843083,
        1.33086099483226,
        1.5139189041695198,
        -0.4992984777241794,
        0.2369971178944484,
        -0.49636509163414455,
        1.2685762996220455,
        1.143290013782825,
        1.2619270749978129,
        -1.072098630563305,
        0.6989355201021507,
        0.5729469545357557,
        0.21873433252077065,
        0.05934608875447886,
        1.659770010410901,
        0.20516985445307606,
        -0.9316816789388264,
        1.2921399541082692,
        0.8967010479023979,
        0.44305206728461566,
        0.05787390129492101,
        -0.5116950465730679,
        -0.5905134704306209,
