{
    "idx": 706319,
    "fights": [
        {
            "enemy": 5,
            "fitness": 89.84772932632856,
            "player_life": 53.200000000000315,
            "enemy_life": 0,
            "time": 238
        },
        {
            "enemy": 6,
            "fitness": 30.701682633451963,
            "player_life": 0,
            "enemy_life": 60.0,
            "time": 200
        },
        {
            "enemy": 7,
            "fitness": 89.17946500072773,
            "player_life": 46.0000000000003,
            "enemy_life": 0,
            "time": 226
        },
        {
            "enemy": 8,
            "fitness": 87.13935834262664,
            "player_life": 29.80000000000026,
            "enemy_life": 0,
            "time": 344
        }
    ],
    "weights": [
        1.0122435581798659,
        0.009321999138003578,
        1.7187096136777933,
        -1.1684993612944639,
        -0.7459978160380221,
        0.7911546450969652,
        -1.1011919637954712,
        1.6787089246113045,
        -0.708885067997851,
        1.2068407321198418,
        -0.147729868684622,
        -0.6441716883469872,
        -1.355685276563211,
        -0.10293624467987655,
        -1.025533193572829,
        2.7513678396261616,
        1.7594899459958553,
        0.478354794997679,
        0.34718379199402527,
        2.553355268442979,
        -1.2134435949547175,
        0.22761854237568702,
        2.771619881941505,
        2.046301464780287,
        0.45026420461156935,
        1.7946265306813316,
        -1.7046186499619342,
        0.029877274447030124,
        0.628594129560798,
        1.6657464399446764,
        -0.05293763777363698,
        -0.7704915650422675,
        -0.47569766680894165,
        -0.7277879194908201,
        1.1751356840453202,
        0.4962095945366895,
        0.002529817973564465,
        -0.6630078449340555,
        0.04306913218613214,
        -0.10452258028139397,
        -0.7092632264930242,
        -0.780262196431829,
        0.6835518357624671,
        0.7833524572630461,
        0.4027910923660101,
        -0.2521774086912192,
        1.6183247465554946,
        -0.14486180642378882,
        1.609966369499408,
        0.6596136454059913,
        -0.9017826946069167,
        0.5358087598002992,
        -2.632973203613663,
        -1.2952497626067028,
        -0.3996038533718462,
        2.0407775645650634,
        0.8810532740726301,
        -0.2699081684944438,
        -1.8905455448876567,
        0.2064462878362812,
        0.6884355815562287,
        -1.3565391209835929,
        1.313195834004474,
        1.144362928605445,
        0.5080855068788468,
        1.0612716611762376,
        -1.0438643549259587,
        2.288741424274515,
        -0.595061239227919,
        -0.04688545217527527,
        1.071587186164266,
        0.16660301427223217,
        -0.44135876145103775,
        1.0686758516135024,
        -0.7715247784959279,
        -1.3286709610972107,
        -1.661942769623165,
        -0.6401986951320132,
        2.4685601188275723,
        0.6940763929284558,
        -0.15817403544469816,
        0.16708238090841016,
        0.8466443101887854,
        2.901954695170608,
        -0.3835853864255632,
        -0.08565016056243506,
        0.6749324112720085,
        0.8121628224702893,
        0.03610925290834734,
        -1.9816348948592633,
        -0.4608248535668923,
        -0.49922986816715026,
        0.007271371674512632,
        -0.8254229435988252,
        1.2683575596095684,
        -1.0339813049054332,
        -0.802065118459682,
        -0.07950327259787734,
        1.6214240328737788,
        -0.5968713588059864,
        2.256731246132982,
        -0.9203266519952693,
        0.664680793119168,
        -0.7710143798535657,
        -0.0016388601343668985,
        0.3842247963999733,
        -0.31442349654325225,
        -0.5336793167566669,
        0.9907556136577298,
        0.06519550539220872,
        -0.21679781596917075,
        -0.9003022991601776,
        0.8570770601584333,
        1.063242835915523,
        -1.3699104757688167,
        -0.09772226494900575,
        0.3048686958638585,
        0.25369729310416156,
        0.6162945983151208,
        0.2781123828460853,
        -0.08528600732578744,
        0.5902026990091187,
        0.6637773630035722,
        -1.5193877636628792,
        1.3852759002359472,
        3.07723959450184,
        -0.1020685794056251,
        -0.8206546600314714,
        -0.1954624952634647,
        0.17570215831336228,
        0.21159342865275757,
        -0.07023644034825295,
        -0.05045035803307525,
        0.24229933300706125,
        1.4204114781496346,
        0.5010489717001534,
        0.7451167628937458,
        1.9345171321375916,
        0.29961653254799414,
        -0.20479284190394162,
        1.4309356268082294,
        2.6624432892812187,
        -1.2166615860351189,
        -0.12565504692163318,
        0.27930803506299806,
        0.47387455039229176,
        0.934598462004582,
        -1.0617341945440617,
        1.1088832867777316,
        0.15982671994120254,
        0.18546234446816245,
        1.6479436638850296,
        1.853170196553474,
        0.0723631988941349,
        1.4804464017083991,
        1.4023183978977076,
        -0.3045729859261289,
        1.9638710505673034,
        0.8433089912266691,
        0.8987322835264269,
        -1.0487939310557017,
        0.1828487699076764,
        0.85744565598259,
        -0.4214115103018406,
        0.04522398313733693,
        -0.5777926782664785,
        0.38065022955809125,
        -0.5380561845032887,
        -0.01568015477428269,
        0.39498571824401946,
        -1.1562602740782468,
        -0.2199656469610909,
        0.6081056078934584,
        -0.13575615890840642,
        1.3018449682345665,
        -0.7423761041941572,
        -0.9022370655259104,
        -0.9944961497132383,
        0.8741079866072609,
        -1.6118910566570155,
        -0.24025569421793858,
        0.2343450894807073,
        -0.026851404509602973,
        0.1108452923737795,
        0.021100125583796675,
        0.4684862684560328,
        0.6910592556590629,
        -0.015521860149005431,
        -0.05848432827925937,
        1.3098178542847656,
        1.2752569239348923,
        -0.3818649842970888,
        0.41657130480792043,
        -0.3429137631103087,
        -0.20294181781993478,
        0.8088737431266809,
        0.6112664110432455,
        -0.5824097323629308,
        -0.7728737660398951,
        -1.2549331256659222,
        -1.2924224876233128,
        0.007503189325352766,
        -0.4063382348481529,
        1.6917694546525457,
        0.35857974607455023,
        -1.5674670343859722,
        -1.1674140931285177,
        0.04208957511507334,
        0.5744002204016163,
        -1.81004319691326,
        -0.0069190231045426626,
        0.5010368134013194,
        0.8621043839193504,
        -0.3584074779973474,
        1.5025600623770363,
        -1.2520085250338506,
        -1.5120076844140642,
        -0.1903405600332938,
        0.9964632495199758,
        -0.6950765974322068,
        2.0045973793247205,
        -1.4013897100289827,
        1.473757448614311,
        1.1719550295112848,
        0.2268137611870542,
        -1.6460028612099482,
        0.6429979364633885,
        -1.0331493332683677,
        0.4492474427385014,
        2.457576067657753,
        -0.6595889437504098,
        0.992928430601979,
        1.587568544636812,
        -0.5670110848190762,
        0.24845959932300493,
        -0.035390090682935964,
        1.0178828427613924,
        1.4842266321464326,
        -0.24479917702695522,
        -1.0839291813151517,
        0.41725365715744234,
        0.2383954546467531,
        0.17462915923620956,
        0.1557450790860043,
        1.696103950948017,
        0.19538382477410868,
        -1.1087209395768736,
        1.2731329311437214,
        0.950265783590015,
        0.14285143776754494,
        0.1284235294005412,
        -0.130618332233034,
