{
    "idx": 707165,
    "fights": [
        {
            "enemy": 5,
            "fitness": 88.70901301948916,
            "player_life": 43.00000000000029,
            "enemy_life": 0,
            "time": 268
        },
        {
            "enemy": 6,
            "fitness": 39.4165036912183,
            "player_life": 0,
            "enemy_life": 50.0,
            "time": 266
        },
        {
            "enemy": 7,
            "fitness": 90.51679627126205,
            "player_life": 58.00000000000033,
            "enemy_life": 0,
            "time": 197
        },
        {
            "enemy": 8,
            "fitness": 88.5196882233926,
            "player_life": 42.40000000000029,
            "enemy_life": 0,
            "time": 305
        }
    ],
    "weights": [
        0.4698326997736667,
        0.9869681048375293,
        1.060340360730327,
        -0.2824183283952024,
        -1.5742594802485106,
        0.7275349548304981,
        -1.481305712445949,
        1.2047388936865315,
        -0.37496350664153827,
        1.0625433055415792,
        -0.2061819394048718,
        -0.7327145058214427,
        -1.5181403501949764,
        -0.6329220016838861,
        -0.18435220991777176,
        2.3777214702974874,
        0.9286366376831272,
        0.7000576497256422,
        0.940387178573637,
        2.241401126801695,
        -1.4648715053145802,
        0.058774163680292174,
        1.3579750963010464,
        1.076580884849917,
        0.7893707056615135,
        2.087450371112635,
        -0.8744801604239717,
        0.14674958843838765,
        1.0487467062563374,
        0.1837596375104144,
        -0.39053316539594857,
        -0.5261883517728269,
        -0.28465593633497965,
        -0.7614104522286664,
        0.7246035688380449,
        0.2822575288111669,
        0.11644370266124705,
        -0.52192616232094,
        -0.18944687938935184,
        -0.106985602311016,
        -0.3556113882280232,
        -1.1316117467067734,
        1.046951921763305,
        1.028991099489994,
        0.007922276648273247,
        -0.19457005887728457,
        2.67905914091606,
        -0.7972294245884327,
        0.5529329396170534,
        1.0613301021931287,
        -0.2963326248833145,
        1.2308489682956223,
        -1.9833719197901056,
        -1.2657905179508502,
        -0.6996288407494747,
        1.403251928506981,
        0.5051934358691205,
        -0.2325134327089803,
        -1.9341683162476393,
        0.6545562036612522,
        0.6907837328204858,
        -1.1330776486639027,
        -1.2695466780032125,
        0.5313531157015355,
        0.37720140603006147,
        0.035192384305446175,
        -1.0247607092747104,
        2.6028977835643725,
        -0.7548933482850458,
        -0.2101037084472638,
        0.33581505067525597,
        -0.21089060699740353,
        -0.4863878485420107,
        0.5500551095770161,
        -0.8222179476424063,
        -1.4258594425418578,
        -0.29729081388394735,
        -0.5022074434010264,
        0.48530902681605337,
        0.0774918499449905,
        -0.27128580073527153,
        0.060061899556073016,
        0.33902281605671636,
        2.687852096503727,
        -0.1848196827399103,
        -0.34293851906486483,
        -0.6106368355162916,
        1.237112063835492,
        -0.27059320112894736,
        -0.2715882629384413,
        -0.5769528658046447,
        -0.36180244626527563,
        -0.21117782556804648,
        -0.6015077766081982,
        0.950287562658712,
        -0.9965362046015082,
        -0.7618722797029421,
        0.2464427320864337,
        2.237857443430282,
        -0.597355700904894,
        1.2466204981193543,
        -1.4932973819188353,
        0.3292826217208057,
        -0.5139099139533351,
        0.5030865439152956,
        0.7580526655123482,
        0.018838767536991183,
        -1.5001135057024493,
        0.9053810213303289,
        -0.5965611421330812,
        -1.18070455353505,
        -0.01621115465163947,
        0.9090802676832878,
        0.025987804801266275,
        -1.0544803937150924,
        -0.7513038969309099,
        0.43040638669667936,
        -0.48679997244984546,
        -0.14306334361303708,
        0.5318887718152169,
        0.3965502896453141,
        0.17170891721523623,
        0.8447144758819456,
        -0.6716396224157637,
        1.3034979428204292,
        1.2456793729853808,
        0.5641730786094458,
        -0.5417630297805555,
        -0.18476005188055244,
        0.357999555975812,
        -0.1738270570400643,
        0.12401429811458992,
        -0.2378432769165747,
        0.6787779444682833,
        0.6739189793951521,
        0.7834946765768985,
        0.28925764430393214,
        1.5183042266143465,
        -0.14082441560075698,
        -0.4442645244843035,
        0.9014416045998591,
        1.9381730556105174,
        -1.4734000150061368,
        0.43249778754290374,
        0.06067898026500276,
        -0.2672242659959329,
        1.1603763261970892,
        -0.7298584346587256,
        1.096559689121839,
        -0.5184840299148522,
        -0.013104153659604115,
        1.8940860280234069,
        1.462928320754946,
        0.5483713256100755,
        1.2763755743480327,
        1.272360238699457,
        0.007104415549176542,
        0.3701382670571546,
        0.8561299604476342,
        -0.6055870383401302,
        -0.694162469135196,
        -0.35348938446758355,
        0.6075834144309409,
        -0.4743629161304273,
        0.7549499877622585,
        0.4570622662009025,
        -0.39919849426783505,
        1.0649871131059756,
        0.5133362324863437,
        1.0149848575838443,
        -1.0331204864541874,
        0.20493463206683202,
        0.6389254280718148,
        0.34342318719619513,
        0.16879554527348287,
        -0.5995094282205511,
        -0.9550049308464975,
        -1.1635924296739732,
        0.16663954817760038,
        -0.19105408183605688,
        -0.5970720509183544,
        0.35818050572133026,
        -0.5738642788720378,
        0.6061197275701522,
        0.23690800661613093,
        1.0741994358924492,
        0.692275033549738,
        -0.38752530217311376,
        0.04308053012745382,
        0.6588477967656581,
        -0.09350567757070298,
        0.06655286838693708,
        -0.5227710499323669,
        -0.10425711383681659,
        -0.6442898040663091,
        1.1743455315676472,
        0.4511894281664358,
        -0.21871133233334922,
        -0.5664065432792142,
        -1.8089821461802038,
        -0.20319570245821483,
        0.02158430671127666,
        -0.6866690370020265,
        2.338851905953683,
        -0.3165299521273893,
        -1.6821383302763928,
        -0.8941146622713932,
        -0.342520180537106,
        0.6777962858174764,
        -1.8977356154440619,
        -0.18481009148062005,
        0.8296441622605676,
        0.8852776322331409,
        0.03826738080710993,
        1.5479849838654633,
        -0.7931279043267986,
        -1.2076659356004673,
        0.10087968110073123,
        0.9261296937888936,
        0.3416764978054272,
        1.3719896725431038,
        -1.3378535763980786,
        0.9437802531070036,
        0.6103846809668236,
        0.2543729137667767,
        -1.4766089048866369,
        0.9230932746672711,
        -0.7578496477061709,
        -0.14821053156932634,
        0.844123214982025,
        -1.1860982044152233,
        1.1398628805248676,
        1.4422758744270487,
        0.3307733960987287,
        0.8948441502955546,
        -0.8349337842499716,
        1.1005152314546247,
        0.9781037745587571,
        0.890025184595659,
        0.3583752594149604,
        0.746408553436062,
        -0.3781528222687534,
        0.5210319922004247,
        0.6336923887125538,
        0.8888070957102976,
        1.0586489743883067,
        -1.1059296497479862,
        0.7996372946767383,
        0.9578187091233188,
        1.5926836272680625,
        0.835002995320031,
        -0.8712188738381017,
