{
    "idx": 707198,
    "fights": [
        {
            "enemy": 5,
            "fitness": 89.66901301948917,
            "player_life": 52.600000000000314,
            "enemy_life": 0,
            "time": 268
        },
        {
            "enemy": 6,
            "fitness": 57.58389959779558,
            "player_life": 0,
            "enemy_life": 30.0,
            "time": 225
        },
        {
            "enemy": 7,
            "fitness": 86.48957298262515,
            "player_life": 22.00000000000024,
            "enemy_life": 0,
            "time": 302
        },
        {
            "enemy": 8,
            "fitness": 86.33574420258549,
            "player_life": 22.600000000000243,
            "enemy_life": 0,
            "time": 374
        }
    ],
    "weights": [
        0.5375331029257601,
        0.8177320142061226,
        1.3029847502199083,
        -0.7033038212903939,
        -1.3463809582346105,
        0.4790304768058772,
        -1.7516116478454957,
        1.5384155198603804,
        -0.36871281259474387,
        0.7336122573057131,
        -0.19457999188800873,
        -0.7438576235834102,
        -0.9651833814813776,
        -0.20325110741770078,
        -0.9127415007327171,
        2.4519588289006475,
        1.3172679703604195,
        0.5349760820692177,
        0.5805893629356567,
        1.9363680790117153,
        -1.3860220344917407,
        0.149459709748563,
        1.4393073155796954,
        1.3937274254525742,
        0.9356307339337779,
        1.9829834544949712,
        -1.5329164196529161,
        -0.31844336883734914,
        0.0019456303992361965,
        0.2860060477543791,
        0.5736643649857887,
        -0.40010169310284166,
        -0.8571916934354902,
        -0.4511014554206718,
        0.9750478673948161,
        0.08846094255404677,
        0.1554520639936931,
        -1.1191654610683057,
        -0.4909188405070757,
        0.671855002930998,
        -0.14549355363290367,
        -0.632231907854135,
        0.8502766960727716,
        0.9297829073499115,
        1.0471287850985083,
        -0.2539421471661742,
        1.8137037242907101,
        -0.152790608241788,
        0.5401179040692363,
        0.8949033315762491,
        -0.10607621397406852,
        1.7313461066675397,
        -2.0228776235059023,
        -1.114767596337343,
        -0.8290739682433589,
        1.5515619141097514,
        -0.2584012938650368,
        -0.3531018628227721,
        -1.4835329440452363,
        0.630757146223551,
        0.4486516735227562,
        -1.144198603391758,
        0.41117140122856033,
        0.5494792821791932,
        0.4645281616937258,
        0.34835426342926057,
        -0.7931575698614267,
        1.1227889370007567,
        0.8809745008598344,
        -0.2392699518300389,
        0.45765748029468445,
        0.05384557045295044,
        -0.25757042661711493,
        0.779983677362227,
        -0.6826457850977444,
        -1.5920003999360142,
        -0.22043347433720617,
        -0.10566130387700881,
        0.7269677447837147,
        -0.13553565453437846,
        0.8007758858648226,
        0.12868287445350857,
        0.27002501880613383,
        2.2272168240523578,
        -0.10028967602212494,
        -0.7591929041286096,
        -0.5260865091962946,
        1.4278792943146439,
        -0.13745534453068384,
        -1.3310382761306438,
        -0.7182753593778539,
        -1.1518275209862565,
        -0.31511211296288355,
        -0.6924045230115466,
        0.953930809696449,
        -1.1068352325262947,
        0.004411389336762689,
        0.2774241309247206,
        2.186100463528765,
        -0.42223240610730517,
        1.2820043983957463,
        -2.3120205788301154,
        0.0884071508867926,
        -0.12737908531759382,
        0.6111054691610504,
        0.4583867115728266,
        -0.0003159672565876681,
        -1.5224651140983367,
        1.5117105675465068,
        -0.8705369016036968,
        -1.441044023437351,
        0.43661495308735765,
        1.3745893251593453,
        0.17212957550639751,
        -0.8309086387825902,
        -0.3954213750563541,
        0.0424701614211602,
        -0.8929109410571648,
        -0.3038572628718571,
        0.8112138003668078,
        0.2611943469770267,
        0.10810163549632046,
        1.0165928067763867,
        -0.6530174481290631,
        1.502621888249041,
        1.5321022354204452,
        0.06901175582759181,
        -1.1978692838167573,
        -0.37181519386228196,
        0.4622301569436363,
        -0.22718447364713237,
        0.4659345686082996,
        0.03273805096511989,
        0.5371903952155755,
        0.8034785289814296,
        0.32468588408081434,
        0.5979534014124017,
        1.6302148174062312,
        -0.15496383524043134,
        -0.46935400991923015,
        1.2125474031259686,
        1.954496463196619,
        -1.3202994702111708,
        0.43120967308663083,
        0.7247032020153998,
        -0.3899786418247393,
        1.1746561503445299,
        -0.6371154932048602,
        2.0399260489544906,
        -0.6578617792869367,
        -0.01775148852627524,
        1.914298599912851,
        1.2153926374486237,
        0.9573852734706583,
        1.0859413622597052,
        0.3655550484304735,
        -0.09762421534344672,
        1.9380754442031622,
        0.8813336856600567,
        -0.6407203215689058,
        -0.5706810732915137,
        -0.57057979497436,
        -0.0346311332597617,
        -0.4838864973317798,
        0.8510962383841671,
        0.6373486117052071,
        1.3662107320807033,
        0.3273442508035468,
        0.41661718010834486,
        0.9539902322467666,
        -1.3229463869421794,
        0.4375534362774007,
        0.520077283846561,
        0.3410892327022584,
        0.4726014559288959,
        0.38947795031242527,
        -1.303009562700719,
        -0.7459682690341335,
        0.21054903579561898,
        0.06044210217283824,
        -0.8791010860107095,
        0.07233449464969598,
        -0.47034972284000653,
        1.0299341121630148,
        -0.3025619312132004,
        0.7697502214417095,
        1.1593991106272155,
        -0.37395984424404527,
        0.030671191685688853,
        0.6771348954201764,
        0.15426057725685086,
        -0.08004999933433195,
        0.5109634368289168,
        -0.1645210397464161,
        0.3117110219583125,
        1.2162159786440423,
        0.3860951627728476,
        -0.3171667725805055,
        -0.4913608115112237,
        -1.3864212846366908,
        -0.35518456096320494,
        -0.1766785313054829,
        -0.3897380567138081,
        1.9170678131631962,
        -0.6205241414520892,
        -1.6985279302845793,
        -1.682521045465661,
        1.2197783100855568,
        0.5906363220342681,
        -1.7064947219540636,
        -0.811894864699206,
        1.008426048130966,
        1.2476626352482845,
        -0.9427593390237542,
        1.5523830408251311,
        -0.8975109087792789,
        -1.4915457832296588,
        0.71168769036719,
        0.7560877011987643,
        0.020956155981224037,
        1.2415326610602686,
        -1.2624419356662335,
        1.2080380540292321,
        0.39616972755872626,
        0.23431125023422583,
        -1.1841653696188155,
        0.878512129888902,
        -0.5083586072739136,
        -0.1610428701608449,
        0.8455230369082469,
        -0.9606339532287377,
        1.2523436287116356,
        1.6303915195181715,
        0.009580055101136353,
        0.654436068847157,
        -0.698585099673143,
        1.3354046081468312,
        2.1624612229805504,
        0.5584730934208154,
        0.5147029252782078,
        1.1219661095859876,
        -0.45033955168465356,
        -0.5638611955460909,
        0.5105063132564871,
        0.9957211223935838,
        1.1253277697755166,
        -1.6218582806669124,
        0.7652542240524925,
        1.3061330707433576,
        0.700909856894557,
        0.810312722248586,
        -0.6766879493034957,
