{
    "idx": 711216,
    "fights": [
        {
            "enemy": 5,
            "fitness": 86.18544845445561,
            "player_life": 19.600000000000236,
            "enemy_life": 0,
            "time": 322
        },
        {
            "enemy": 6,
            "fitness": 21.835214026076486,
            "player_life": 0,
            "enemy_life": 70.0,
            "time": 175
        },
        {
            "enemy": 7,
            "fitness": 90.03289246928257,
            "player_life": 53.80000000000032,
            "enemy_life": 0,
            "time": 210
        },
        {
            "enemy": 8,
            "fitness": 88.00878821817867,
            "player_life": 36.400000000000276,
            "enemy_life": 0,
            "time": 279
        }
    ],
    "weights": [
        0.8024040230613482,
        0.4819089817520979,
        1.2069597012812454,
        0.48500835815898174,
        -1.814265064148725,
        0.2769842106496717,
        -0.6226763870303594,
        1.1307053441468835,
        -0.06628686895544118,
        0.7778134020567206,
        0.04140361151199823,
        -0.3184929330815531,
        -1.3154998777103837,
        -1.377442694600195,
        -0.05379849911949505,
        2.2143055160121983,
        1.7149608605864,
        0.9925872480263899,
        0.33367704939958165,
        2.1621780624525737,
        -0.9792237608717161,
        -0.018371780214206185,
        1.588760574586691,
        1.897995171156614,
        0.313409356167227,
        1.0303499334533743,
        -1.21310643949599,
        -0.43556993938664645,
        1.0434939434828496,
        0.8382709375107771,
        -0.9582925419444754,
        0.1995942236097532,
        -0.6106149238540175,
        -1.0175127475935433,
        0.8774471489989646,
        0.38610586966893123,
        0.42764418487852174,
        -1.3219947314694012,
        -0.6980791010140376,
        1.2035826047055107,
        -0.5039635940997983,
        -1.6292495782613123,
        0.6323516977460129,
        0.3558080579730857,
        0.44950815584127846,
        -0.7279735351424982,
        1.6651789531982353,
        0.01002051743697431,
        0.29402279018399097,
        1.8034728545814736,
        -1.0301351970044679,
        1.4603889612606054,
        -1.715641900651295,
        -1.3517099862942858,
        -0.9011213127618992,
        2.702944128854517,
        0.8089906669268252,
        -0.7698688880932809,
        -2.337969778685706,
        -0.101344007686214,
        1.3311828857892742,
        -1.1843805357541153,
        -0.7281402063584417,
        1.1859560681071664,
        0.19275816028040582,
        0.5083719584098259,
        -0.6481451445805105,
        1.7797323225817911,
        -0.23377794261430335,
        0.5896819867117964,
        1.2528176914605669,
        -1.5349247748730042,
        0.3849266330817817,
        -0.05302092147199211,
        -0.09111277061171648,
        -1.4657707416292884,
        -0.7280627683842562,
        -0.5968987885823482,
        0.2634829652744888,
        0.14428914130811615,
        1.2294596397953197,
        -0.08046035442147412,
        0.6736705359383353,
        4.65339253103838,
        -0.41446383371776185,
        -0.40974082690482166,
        -1.1520252917865823,
        1.458489909721533,
        1.00992011017943,
        -1.2472678732617497,
        -0.5513861418496698,
        -0.4288990160919342,
        -0.48032297046142935,
        -1.297063287355315,
        0.9007293377938392,
        0.34223885036691737,
        -0.9974449670694074,
        0.45274083984302854,
        0.778861327012886,
        -0.6698533546766965,
        1.5606125562200825,
        -1.652763745807007,
        0.3414688100685645,
        -0.5780180316590314,
        -0.1011564457975728,
        1.012018008001539,
        1.0729830676465828,
        -0.838716262841197,
        1.4177554624742295,
        -1.085328801709574,
        0.7526798515484066,
        -1.4615915408909201,
        2.1319329631486577,
        0.5515329229673147,
        -1.1997205968739126,
        0.02301582951150402,
        0.40583474456185203,
        -0.28958904671890023,
        0.3367024569498911,
        0.5635720164068295,
        -0.24823079290203207,
        0.08853000795974968,
        0.3962829684317821,
        -0.5537633079906592,
        0.9391317640098816,
        2.4539787078198936,
        0.39098757122550293,
        -0.6855728063797257,
        -0.5301683655528759,
        0.45410350265935445,
        -1.0365749837579223,
        0.3042795412303858,
        0.6324215987772032,
        0.22174534569569582,
        0.3896076499946831,
        0.8637081497251079,
        0.24689827521840646,
        2.702007450175637,
        0.9768738708623494,
        -0.974796657043343,
        1.6459967056366214,
        0.8807710685063662,
        -2.206911037439843,
        0.1633493191672879,
        -0.03202862917257589,
        -0.48759841163097883,
        1.2722567518656214,
        -1.7210731538968878,
        0.7149317711126574,
        1.1282930977835814,
        0.03969268305090137,
        2.2207227492116104,
        1.2583700562385902,
        0.45684658795174937,
        1.3347285510807014,
        1.3964043562980712,
        -0.4995789310179293,
        1.4208503771877425,
        0.2828341211674066,
        0.050167412086898816,
        -1.0810557045690286,
        1.0469180018100221,
        -0.1478733676666137,
        -0.26869880076039687,
        0.49930429660734127,
        -0.27660583653767495,
        -0.12151200114293009,
        2.1939599537118233,
        1.0768936630503314,
        0.26767256944721957,
        -1.5692432702877206,
        -0.15685509879628134,
        0.5902372129843474,
        0.698912832263436,
        0.14129691066275255,
        -1.3875056761797657,
        -0.8506361542857852,
        -0.9359331592069354,
        0.7372826027837682,
        -1.2896272444654229,
        -0.9351982178884506,
        -0.06171074368301971,
        -0.14379136968202272,
        0.39610562352912954,
        0.14354440994721135,
        0.8892294618709486,
        0.267998723283044,
        -0.7916107027782522,
        -0.03253714930064065,
        1.1510761723439868,
        -0.7374341851245824,
        -0.0735401478852262,
        -0.06970090762244399,
        -0.02603126733894498,
        0.1940322751011619,
        0.8006666353703465,
        1.0701542522317538,
        0.9258162039362992,
        0.6688553128071193,
        -2.809497243082434,
        -0.7824333460410257,
        -0.06767346511397075,
        -0.5673037939872759,
        -0.19808560801154412,
        -1.2127424470500243,
        -1.0705426796299682,
        -2.0020839207483094,
        0.4227673620851544,
        1.0709283557280216,
        -2.1746848848115716,
        0.21345468217112495,
        0.6044326544217147,
        0.9513111065932017,
        -0.1747553679246358,
        1.0385457146323371,
        -1.166911904888178,
        -0.9088584305475477,
        0.2157292994019553,
        1.3666015773932627,
        -0.5277510504425253,
        1.0961339294622747,
        -1.4745557129637894,
        1.6336602165413443,
        0.7953186542907658,
        -0.23210094917400498,
        -1.0952132019755239,
        0.030142924526551138,
        -1.111678966662072,
        -0.4074977944153771,
        1.7023344682087425,
        -1.36980264444873,
        1.539601958015812,
        0.9724004976167693,
        -0.6868120058899817,
        0.5432682814156643,
        -0.9993225394851075,
        0.06960864365035546,
        1.4774326653346879,
        0.4751981728743404,
        0.6048309361039579,
        1.2341240959190092,
        0.15048327086531957,
        0.4972072201051113,
        0.8512328614901857,
        1.3746962763108372,
        0.5353959538609914,
        -0.8126006922698011,
        1.7508271936105602,
        0.4579960154380473,
        1.5116896465873486,
        0.717363615069185,
        -1.0242694186652836,
