{
    "idx": 701938,
    "fights": [
        {
            "enemy": 5,
            "fitness": 87.69955642660935,
            "player_life": 34.00000000000027,
            "enemy_life": 0,
            "time": 299
        },
        {
            "enemy": 6,
            "fitness": 57.22855887686998,
            "player_life": 0,
            "enemy_life": 30.0,
            "time": 321
        },
        {
            "enemy": 7,
            "fitness": 88.93946500072774,
            "player_life": 43.60000000000029,
            "enemy_life": 0,
            "time": 226
        },
        {
            "enemy": 8,
            "fitness": 87.07935834262663,
            "player_life": 29.20000000000026,
            "enemy_life": 0,
            "time": 344
        }
    ],
    "weights": [
        1.201747835397678,
        0.7268870905622294,
        1.3163136666743034,
        -1.0434696082347399,
        -1.5590895121867716,
        2.0170608159295145,
        -1.6420566227729843,
        1.7979731292168986,
        -0.2711122504701973,
        1.3838843352662047,
        -0.16382879352342247,
        -0.6236919291125368,
        -1.0848103871677588,
        -0.45924919817887244,
        -0.5253339122655319,
        2.0035774478226136,
        -0.7190794735874328,
        0.43251798110070777,
        0.033987497210736115,
        2.235168346955905,
        -1.053163351852589,
        0.8060438905410877,
        1.5948505942684463,
        0.6641638520027703,
        0.6894857238243364,
        1.7535618565343625,
        -1.0720856977823392,
        0.33297468226369875,
        0.26533513715550705,
        -0.05836739734272175,
        -0.4606637360307485,
        -0.29628757987422083,
        -1.1001299779625269,
        -0.5087553362339795,
        0.6023926254999508,
        -0.9773627386053045,
        0.3204687000264666,
        -1.0862247235547273,
        0.2808075807304289,
        0.7016563773994808,
        -0.10072650072907191,
        -1.3848439733239688,
        0.855463478285688,
        0.7145704176950987,
        -0.7117382812024039,
        -0.9024270334530295,
        1.4057534734845754,
        -0.10098854645335652,
        0.32234260706586604,
        1.3270673297170181,
        -1.0355154417626902,
        1.0745324039432105,
        -1.476878471376454,
        -0.9103072755974597,
        -0.9686399421849667,
        1.6336200031287205,
        0.3410058782434116,
        0.6448301288330971,
        -1.7918675035715677,
        0.5036391758212344,
        -0.8305538756524644,
        -1.3976623498600815,
        -1.0679205630798143,
        0.9792874823164331,
        0.6355781778536448,
        1.543570636381772,
        -0.1915896737956992,
        2.0232426243432777,
        0.5979893027283703,
        -0.4947354208145923,
        0.23250191087032115,
        0.11017467710511186,
        -0.6494512487244212,
        -0.16807284096345856,
        -0.12152868058481717,
        -2.0480799878992837,
        -0.19151785433989332,
        -0.9791975745382665,
        0.2798821975757504,
        -0.231563354801761,
        -0.14767083612553716,
        -0.2028559859054948,
        0.32332501622904264,
        2.3434547067381146,
        0.321846939443404,
        -1.0989592866023403,
        -0.8561561234529638,
        1.3358169702518716,
        0.7503913995839577,
        -0.2781550070427694,
        -0.10217438149923044,
        -0.3174282652439901,
        -0.1445678612708115,
        -0.8162809051847562,
        1.0708770228073705,
        -1.068551705065667,
        -0.5757650468407898,
        0.05110542339135398,
        1.517326170949214,
        -0.7853535940338,
        1.1968575087976823,
        -2.0207929257254613,
        0.7373071351711258,
        -0.8301517351242218,
        0.059592067153723075,
        0.6095331542228839,
        0.0884765204954872,
        -1.2867842597871997,
        1.1201702077108164,
        -0.6305798308085147,
        -1.0638645666996789,
        0.15467541120686684,
        0.4251043239678408,
        0.5743825445232504,
        -1.5354815529182302,
        -0.5815481324424735,
        -0.5649178390882641,
        -0.5692905023458009,
        -0.12663756028319365,
        0.6686852619684919,
        0.2337706315814851,
        -0.1664295345308964,
        0.8416421594974342,
        -1.3002650017479753,
        1.188487158310648,
        2.1246935267750477,
        0.3071921090827896,
        -1.3476977831053658,
        0.15469330556328492,
        -0.18724315339559403,
        -0.22783743128243808,
        0.472249562852077,
        -0.1718169790542516,
        0.17864683054547625,
        0.39146761760811255,
        0.98737630213118,
        0.33719322255001183,
        1.5764346054978962,
        -0.06667740592366805,
        -0.5835791560243064,
        1.0713129298286836,
        0.7909960552508309,
        -0.7039996439820285,
        -0.17109486696643436,
        -0.18129835402210945,
        -0.46590145182589804,
        1.6796862096294443,
        -0.9489104569817609,
        0.6575369453100357,
        -0.14143990865904896,
        -0.2060774550076401,
        1.161564537924532,
        1.7012603014497139,
        0.207547956478416,
        0.9551592683555348,
        0.7003428590290225,
        -0.09879202142655738,
        0.4672477790587502,
        1.3056306313471482,
        0.3162007488590217,
        -1.5704463982956967,
        0.2839714010043412,
        -0.4170282751219408,
        -1.3563738124056328,
        0.5191713751420441,
        0.41924764143358445,
        0.22739676490777827,
        0.5375880151365532,
        0.8594210802677699,
        1.209864172190297,
        -0.6371595860631629,
        0.7800094616865221,
        0.32212434873836004,
        1.8197220567349517,
        0.6437653182466747,
        0.48488117953025056,
        0.12177520951018758,
        -1.2723361177836432,
        0.6738697367961674,
        -0.2209494392096755,
        -0.2516025158095463,
        -1.094381945600388,
        0.03981183488172799,
        0.4250579598135481,
        -0.34860261154640027,
        0.5380153256498734,
        0.44635187951704347,
        -0.4131338540051085,
        -0.021219744836898622,
        0.6832988300830066,
        0.6295199003923138,
        -0.0789757212478659,
        0.19560561075345345,
        -0.26513073122939607,
        -0.23232990108527665,
        1.133850807267387,
        0.44734907375032545,
        -0.01888752467474271,
        -0.47067206472474177,
        -1.1076095986992167,
        -1.052828576014246,
        -0.23122618316389493,
        0.20354272339341606,
        0.3705638469673978,
        -0.29746731293044054,
        -1.4285837643337773,
        -0.6540582739433739,
        1.235566008029313,
        0.549285063341084,
        -1.7969503347197613,
        -0.23468814932370066,
        0.7525799257358816,
        0.6572502901087978,
        -0.4566420517606144,
        1.4101967048122181,
        -0.5632443883240424,
        -0.8155085163062679,
        0.4848655627587146,
        0.8129446376705989,
        0.365923219776157,
        1.192800859133815,
        -1.0427429094082872,
        1.4078030289323105,
        0.6561777538862421,
        -0.09234616842021608,
        -1.2350211676252585,
        0.10044590574206279,
        -1.2044243580856482,
        0.005265808880835866,
        1.8794817183529118,
        -0.8766133228579984,
        1.492018122473144,
        1.6522408661328527,
        -0.009330074312961175,
        0.4997506198973548,
        -0.5372442384298577,
        0.6878414936647758,
        0.8280389950770394,
        0.585408929730655,
        -0.9015625028065157,
        0.804827502846168,
        -0.06348008745913838,
        0.5324905472157959,
        0.4100583280110149,
        0.7003353650882013,
        0.16450573480048852,
        -0.8702820446168652,
        0.17732524911336717,
        1.037379129126753,
        1.5411378250939956,
        0.5817497109092781,
        -0.6275627965693114,
