{
    "idx": 702381,
    "fights": [
        {
            "enemy": 5,
            "fitness": 87.07419793370403,
            "player_life": 26.800000000000253,
            "enemy_life": 0,
            "time": 272
        },
        {
            "enemy": 6,
            "fitness": 48.62010264645954,
            "player_life": 0,
            "enemy_life": 40.0,
            "time": 217
        },
        {
            "enemy": 7,
            "fitness": 87.02957298262515,
            "player_life": 27.400000000000254,
            "enemy_life": 0,
            "time": 302
        },
        {
            "enemy": 8,
            "fitness": 87.13935834262664,
            "player_life": 29.80000000000026,
            "enemy_life": 0,
            "time": 344
        }
    ],
    "weights": [
        0.5488757046027922,
        0.13313211260392116,
        1.176741729528605,
        -0.2521500538558249,
        -0.8821486832352972,
        0.7459568665298236,
        -1.2291539478120892,
        0.6492772626495626,
        -0.3893896392810231,
        0.7650892508969069,
        -0.9635674577958002,
        0.4938597897774369,
        -0.9195305013922931,
        -0.7663411236951073,
        -0.11798475217704119,
        1.572958308761826,
        -0.2602327494061303,
        1.962752619387499,
        1.0133605100076863,
        1.0292307622430172,
        0.07902195930486072,
        -0.10511837157473707,
        1.4796092347173375,
        1.1028487500693884,
        0.45370557851721127,
        1.299003131132345,
        -0.7974945526037923,
        0.9568599938224829,
        0.32574019037218055,
        0.5781160156655407,
        -0.19697120078844652,
        -0.31281017705790654,
        -1.156137408275423,
        0.12056018379420398,
        0.7069070175331075,
        -0.9153083259755669,
        0.7156090343013544,
        -0.6344065300172614,
        0.4107766250555033,
        0.8162309014291766,
        -0.3335361171033205,
        -0.7289419224797117,
        1.348319443672653,
        -0.23594483317084233,
        -0.1327055401946633,
        -1.006495669173989,
        0.6976505601958439,
        -0.15893082344396234,
        0.4951482298871501,
        0.8477076088957514,
        0.09381299852178396,
        1.212010591566256,
        -1.181108975801859,
        -0.5789821061518848,
        0.08714005964515974,
        1.549063493926152,
        0.7395284957129152,
        -0.08518173178701864,
        -1.4586608947839492,
        0.5196273681920252,
        0.7007624865319663,
        -1.1506453954265157,
        -1.7554348065663132,
        1.1955369122038777,
        0.24899825917192864,
        0.7508044303329525,
        -0.30981311097318887,
        1.0304512156013115,
        0.012003695348374754,
        -0.35123316098191404,
        0.7635536637587306,
        -0.5111194895387372,
        -0.6071604762709905,
        0.2020487403301954,
        -0.5920766378115234,
        -1.6423584030273655,
        0.06661889951623401,
        -1.082529422058439,
        0.8181433811205198,
        0.5284093002402289,
        0.554572404246951,
        -0.40432609491535676,
        0.5031186397627683,
        0.570229980976271,
        -0.20915994317993203,
        -0.23761805853159362,
        -0.5747686495626104,
        0.725496776458179,
        -0.2538580301687964,
        -0.4734755280703384,
        -0.5030324333592855,
        -0.4775615469404664,
        -0.5697709796733188,
        -0.8228509131799705,
        0.5117458544674554,
        -0.3835903513338656,
        -0.5524854939979259,
        0.13142568136893334,
        1.7237685554374047,
        -0.5887230011631137,
        0.4638417706075778,
        -1.4028022863885306,
        -0.16674611497147276,
        -0.18958458903483738,
        0.6219448235747881,
        0.23581291337469068,
        0.3824132920512015,
        -1.4051733528467887,
        1.2798345526930857,
        -0.8927895173623012,
        -1.1217151412332476,
        -0.14602559659672043,
        1.0399396895297714,
        0.41260192961350395,
        -1.1652041703972702,
        -0.23275585218184885,
        -0.09671694710667057,
        -0.8084897300761871,
        0.005661088205395404,
        0.5207705013164585,
        0.2668981837412159,
        1.4389876276318725,
        0.5621805036477862,
        -1.1208951978166166,
        1.1684746851192418,
        1.5850599140182995,
        -0.522852740423349,
        -0.6387103556503217,
        -0.1377951075999188,
        -0.6665846164008806,
        0.01460059386341703,
        0.46558682969426834,
        -0.17401149710283062,
        0.5280886234953388,
        -0.37920353659284994,
        0.12851443011435823,
        -0.47790857054867153,
        1.670603366668915,
        0.3144149461802759,
        0.4400755482608806,
        1.0158670782488635,
        0.676621387571664,
        -0.9432716745250126,
        0.4564039572343889,
        0.8638089121699511,
        -0.8904698770216741,
        0.9092284911159553,
        -0.618375011747685,
        0.6541506270715973,
        -0.2935010254677308,
        -0.28431317502364784,
        1.1762672501783131,
        1.2101883080118003,
        -0.3403981086010078,
        1.0304101261186422,
        0.2566219373161341,
        0.19771879441629042,
        0.45350152982392544,
        0.3809170505024628,
        -0.46085789048773695,
        -1.0788333886379309,
        -0.20801051121171857,
        -0.01569294563898921,
        -0.05620501894865487,
        -0.10835372229791349,
        0.38252857391538103,
        0.26046610797464537,
        0.20022052917369776,
        0.4517262810601939,
        0.22887070521831426,
        0.08520730909649407,
        0.489467909407604,
        0.45145469275077454,
        0.3521119100717292,
        0.30124746869501284,
        0.11837821582630845,
        -0.44459163043411865,
        -1.191513745883948,
        0.3874395208023029,
        0.09554337501442872,
        -0.8443086283809186,
        -0.2686748280385419,
        -0.8401980364246272,
        1.2077651918973382,
        -0.02675206752739811,
        0.657740697841517,
        0.08667546316742267,
        -0.868732365740278,
        0.23575233998868345,
        0.3655999994106502,
        0.31915187378891013,
        0.01821104080272866,
        0.31560925831271336,
        0.2408891785264592,
        0.21344450298490286,
        1.190604689900486,
        0.1646053396287253,
        -0.05077410189811775,
        -0.5862053079640367,
        -1.336179181360398,
        -0.5677934651080019,
        -0.72597814871373,
        -0.06587930106151851,
        0.6503960983132112,
        0.31238925586258426,
        -0.9733501321534532,
        -0.7522770317313894,
        1.1319276954349446,
        0.5477544296058282,
        -1.746614377790554,
        -0.1634666811678018,
        0.8887785167985525,
        0.9447737071477782,
        -0.4036870082828216,
        0.8435199555741432,
        -0.6539138488136798,
        -0.9733235209689162,
        0.5326599457156351,
        0.941060386421999,
        -0.07580036629981834,
        1.2177514379780314,
        -0.5587644713790922,
        1.0313646504597913,
        -0.4479032208948458,
        0.31493445992482394,
        -1.1194569254778228,
        0.27758548853325243,
        0.44858167518059466,
        0.08114052124081766,
        0.6637154610945257,
        -1.456637346006203,
        0.36353648807409633,
        1.8064842515106245,
        -0.2416015209748453,
        0.8267957636293077,
        -0.6324524239941878,
        1.1541710816432413,
        0.8607186549795757,
        0.038602764440729645,
        0.2853431988707503,
        0.9621617758131193,
        -0.3652654443671992,
        0.8134378054736406,
        0.8672734814777984,
        1.0261594159355798,
        0.38103489167934435,
        -1.0625025008146936,
        0.4302314331028394,
        -0.12030883499043635,
        1.0262635235389646,
        0.799356447802949,
