{
    "idx": 700757,
    "fights": [
        {
            "enemy": 5,
            "fitness": 84.24339389891516,
            "player_life": 4.600000000000234,
            "enemy_life": 0,
            "time": 501
        },
        {
            "enemy": 6,
            "fitness": 39.46266573298146,
            "player_life": 0,
            "enemy_life": 50.0,
            "time": 254
        },
        {
            "enemy": 7,
            "fitness": 87.19703951986408,
            "player_life": 28.600000000000257,
            "enemy_life": 0,
            "time": 288
        },
        {
            "enemy": 8,
            "fitness": 86.99788162462296,
            "player_life": 28.000000000000256,
            "enemy_life": 0,
            "time": 331
        }
    ],
    "weights": [
        0.4803389951714837,
        0.6779797925381524,
        0.7814705830572233,
        -1.2847222284776718,
        -0.7676266038482948,
        0.23417603661420733,
        -1.406199560003093,
        1.0362321456664958,
        -0.3599800882155035,
        1.1418387059858044,
        -0.4474293465199115,
        -0.2280945036669411,
        -1.4998102591631552,
        -0.4910155052790292,
        -0.43583870672933084,
        2.40731405473414,
        -0.6933885378587941,
        1.1373447769257858,
        -0.3285975917771955,
        1.4961734901534363,
        -1.0075732587922999,
        -0.5173076729740569,
        1.5686437472165595,
        1.5523963800685003,
        0.6780627893496796,
        1.1664785131989437,
        0.3534053551521042,
        0.1315469710750403,
        0.3528203126941505,
        0.5463893817824926,
        -0.4645575235153559,
        -0.0331268900951362,
        -1.2867035991679951,
        -1.354097441303458,
        0.8525498217530508,
        -0.021537086858319697,
        0.49280944795217674,
        -0.9484490316188058,
        0.3074575703493202,
        0.2096708687891181,
        0.20033060591799776,
        -1.881707945928506,
        0.914994662006591,
        1.7009610681447596,
        -0.042430932716922144,
        1.03191827369721,
        1.5663864042550302,
        0.7579676213390336,
        0.8490566056225075,
        0.6775172902741701,
        -0.5117220298468343,
        1.023360158403906,
        -1.571498629742958,
        -1.1707279723547002,
        -0.38601608969059287,
        1.8606476467533588,
        0.6215136403662413,
        0.18858515306991488,
        -1.9846706169018087,
        0.3028864600511393,
        1.1206129024124247,
        -1.2129896939604268,
        -1.5851322161589927,
        0.5069023475038389,
        0.1272842224911176,
        0.17792331140663364,
        -0.179799522085501,
        1.1465037114357568,
        0.37703195937837053,
        -0.019045852157572873,
        0.8955474384089116,
        -0.4592855065801403,
        -0.7716311054063837,
        -0.0407722003059752,
        -0.4725053925916954,
        -1.0779245554222303,
        0.8562409382663777,
        -0.9918638962640857,
        0.6200349013450858,
        0.6289732159065331,
        -0.28077936770771056,
        -0.3573353011046763,
        0.18482352965322846,
        1.6865232548035476,
        -0.17017185969636167,
        -1.1854362106732645,
        0.42122436916816275,
        0.47438173817147755,
        1.179296969198334,
        -0.36837298011108655,
        0.30694250020966474,
        -1.176332718644669,
        -0.9720445036542702,
        -0.36853857569799475,
        0.7436827592536225,
        -0.35497866963740204,
        -0.3986358341016882,
        0.15047700543856493,
        1.4168451613202222,
        -0.7619845671551733,
        0.8663290374907412,
        -1.4592790017262645,
        0.16754203638844561,
        -0.4893651416333872,
        -0.13196934857519654,
        0.3791964807139969,
        0.8285240796577752,
        -1.9365095283038716,
        1.202532596519246,
        -0.89973637702419,
        -0.9486610464869599,
        0.023029770113785798,
        1.3176799448467862,
        0.28064680660567753,
        0.2793584212610072,
        -0.9201969615815787,
        0.47568670894611814,
        -0.08844152930273269,
        0.12665609002304382,
        0.6864782645654866,
        0.5579386683757717,
        0.41306873547971473,
        0.9525677243435317,
        -0.9733324214293009,
        1.4960973835241604,
        1.560744924905532,
        -0.14107360921963658,
        -1.0525202050393636,
        0.41068673632991803,
        -0.8119571416162092,
        -0.20700098672860856,
        0.4418233574846223,
        -0.493014524977611,
        0.4623063284556488,
        2.453965468332348,
        1.0384436100913865,
        0.30608222431711973,
        1.4141278468805953,
        0.22522697084809587,
        -0.5278769530481826,
        1.7655542727337377,
        1.6622047693219975,
        -0.6646242920531719,
        0.3547267196992941,
        0.42441443528181283,
        -0.807509634941419,
        0.9644259806269301,
        -1.1534252141061443,
        1.499935571490064,
        -0.12290332136536927,
        -0.7294476331577122,
        1.3286787453965758,
        0.9902883038773591,
        -0.6823769374094102,
        0.9961571463177022,
        0.5165481479493192,
        -0.3993294554588845,
        0.6173636165399492,
        0.3693298093400319,
        -0.6666874288815708,
        -1.431035210550068,
        -0.15613421282948536,
        0.19819254139951686,
        -0.19907916810729023,
        -0.6138715649278895,
        0.594319679889927,
        0.05813521613915734,
        0.6293355992637781,
        -0.17172860073790314,
        1.1204526084360125,
        -0.03947920886725414,
        -0.03751280565380609,
        1.239234994775938,
        -0.1575138297522141,
        0.890427233223686,
        -0.14795005181617366,
        1.412495628829086,
        -0.37692318551704235,
        0.5808683396434395,
        -0.19155855132874125,
        -0.9368148942343126,
        -0.5177032465723895,
        -0.28544998483388945,
        0.3115011691742047,
        0.1042816887044299,
        1.0657732083461617,
        -0.3099774617797652,
        -0.8025258974234211,
        0.14913465536417445,
        0.6615128744792215,
        -0.1862032235737074,
        0.21042788023009562,
        0.4358402937458512,
        -0.23642870416636322,
        0.11223908465635013,
        1.2224518927437464,
        0.25895135559662674,
        -0.7572764655716869,
        -0.4693944933510703,
        -1.204110992033873,
        -1.0947493634197656,
        -1.2027295159536073,
        -0.7009412112932809,
        0.7037402325086782,
        0.25516591915234,
        -0.1367736045913978,
        -1.0629700712345984,
        0.34267048996714466,
        0.6915882874907429,
        -2.265827896263783,
        -0.13477654833390915,
        -0.00270404889357553,
        1.3172997703937457,
        0.17934846651444455,
        1.4544712598714176,
        -0.7787812422712107,
        -0.9900214270359593,
        0.7652040129994981,
        1.2716394883779012,
        0.211942124101094,
        1.3936878957951668,
        -1.2544954210627735,
        1.173352637194612,
        0.10145150444983135,
        0.10951497566537803,
        -1.595264699645491,
        1.129303712712389,
        -0.8350683634945686,
        -0.49878394516580254,
        0.29531105317063044,
        -0.2605152864762603,
        1.0782823497877772,
        1.3927903433985263,
        -0.25283963329269876,
        0.45423542165188346,
        -0.7665356470400986,
        0.9579665271742248,
        0.5694021586240122,
        -0.012219078635930379,
        0.47618153964073895,
        -0.03215207237052069,
        0.2789976017877506,
        0.6320585393271312,
        0.41453570773775184,
        0.35851709712148483,
        0.1044884694030587,
        -0.3228738812591087,
        0.3848859680537245,
        0.702475567145495,
        1.0520620642184657,
        1.00876850689371,
        -0.9334242552661556,
