{
    "idx": 702288,
    "fights": [
        {
            "enemy": 5,
            "fitness": 89.05106227384334,
            "player_life": 45.4000000000003,
            "enemy_life": 0,
            "time": 242
        },
        {
            "enemy": 6,
            "fitness": 57.37959913428285,
            "player_life": 0,
            "enemy_life": 30.0,
            "time": 276
        },
        {
            "enemy": 7,
            "fitness": 85.99703951986407,
            "player_life": 16.60000000000023,
            "enemy_life": 0,
            "time": 288
        },
        {
            "enemy": 8,
            "fitness": 85.37520676758503,
            "player_life": 14.800000000000228,
            "enemy_life": 0,
            "time": 448
        }
    ],
    "weights": [
        1.2304671339548336,
        0.6304259002577818,
        1.6427101290902546,
        -1.4672897471537478,
        -1.2848615500247302,
        -0.021170842766943858,
        -1.3635356207399716,
        1.7343320400004645,
        -0.36465295367320877,
        1.695994945662716,
        -0.07304620918524342,
        -0.5663771496384523,
        -0.46394507656128414,
        -0.1918706784974827,
        -0.5600719936891241,
        1.920633269694138,
        -0.5731538709205745,
        0.44258131407933077,
        0.0025818818191329362,
        2.3993021512248065,
        -0.8971686315716959,
        0.8843346749790795,
        1.9488949603692562,
        0.8898105752383167,
        1.0752593638667374,
        1.9988367869838988,
        -1.643696018640044,
        0.29403160719294796,
        0.6892193016533188,
        -0.050829535866090236,
        -0.4985489366369721,
        -0.4758440118440456,
        -0.7512020404457873,
        -0.5207797294803594,
        1.1311069737337693,
        -1.0738180549669094,
        0.129041406505941,
        -1.269163882242679,
        -0.07223054773849766,
        0.44319307319302303,
        -0.23164958771796448,
        -1.6986614199554162,
        0.8155949274578747,
        0.9633508495152173,
        -0.06423566327664434,
        -0.8416784926949179,
        1.481457981368234,
        -0.03625251878396784,
        0.504079383742393,
        1.75441588158273,
        -0.9851459446522383,
        2.035119597292526,
        -1.464320934650625,
        -1.1921339929260988,
        0.06662917491363404,
        1.5629175113699039,
        0.16193943276644096,
        -0.7057247679291704,
        -2.1459187040647443,
        0.3199691399642449,
        -1.6275297429674787,
        -1.4582335702969602,
        -1.217430979361972,
        1.2942979623129713,
        0.7775075137635391,
        -0.28368058235934457,
        -0.8161213304962162,
        1.6160006072873585,
        0.9579314104635983,
        -0.03628090250833893,
        0.7352375639867621,
        0.1586886121366102,
        -1.0468674320649336,
        0.00021704253091750156,
        0.08513170847219757,
        -1.9503590023476078,
        -0.6743024903720055,
        -0.391931661262398,
        0.7621178947515719,
        -0.12476775033773314,
        0.04348351335501799,
        0.6084088323966362,
        0.2530990101011592,
        2.7190682314377144,
        0.09663763103965134,
        -1.0750344257582498,
        -0.6204829222641988,
        1.4130262978006078,
        -0.3824889254335462,
        0.15439161825162387,
        -0.7138661148727252,
        -0.05985557295689819,
        -0.18032996729747713,
        -0.19575376112526022,
        1.192140429381472,
        -1.1703838302331802,
        -0.4753169944163834,
        0.5463272347379109,
        1.4178102588769592,
        -0.6817822008777105,
        1.423085117304068,
        -1.2040977420792438,
        1.0256011444421311,
        -0.6475504140825318,
        0.5277733211713564,
        0.856881371280632,
        -0.04906424294357562,
        -1.4351679293969757,
        1.149801155334182,
        -1.0178520298116476,
        -0.26181913789246297,
        -0.18111754733871527,
        0.8216085369208097,
        0.09627313004414206,
        -1.6191401197187172,
        0.024338758774867367,
        -0.6470636767932355,
        -0.403669016003241,
        0.010912023493961046,
        0.09622573696341537,
        -0.4644438198317443,
        -0.04842945392307776,
        0.717809606469699,
        -1.0476606719117523,
        0.9973176859867168,
        2.8936215369761236,
        0.5743325805527679,
        -1.0602467546113277,
        -2.0809970103066844,
        -0.427892785367411,
        -0.33967295745619613,
        0.4696118577757067,
        -0.693508956269097,
        0.1535867343159057,
        0.9777865072260845,
        0.6625251162374456,
        0.8026092023467637,
        1.5586548860112464,
        0.0533381872159698,
        -0.9985547661909104,
        1.8587534320819257,
        1.0720628088111177,
        -0.45361453461804346,
        -0.27605582086543634,
        -0.06611308704939795,
        -0.672773480279456,
        1.6389388215072211,
        -0.6063985462927105,
        0.3845893431065839,
        -0.6395836083845402,
        0.35502896616220203,
        1.060830749307013,
        0.9684150610671619,
        0.10241012622350656,
        0.9253894458855649,
        0.6263439446852538,
        0.1351219652997464,
        0.6326267195955785,
        1.2789101368517617,
        -0.08487094370590055,
        -1.4265735224962461,
        -0.2806229655767482,
        -0.5648250552304773,
        -1.1940358340412596,
        0.8246121031691597,
        0.44181795367562526,
        0.10695926459902123,
        1.366560958108718,
        0.8080802879430871,
        0.8686818077067592,
        -0.2903437761760078,
        0.03559777154173797,
        0.5973629901210955,
        2.024938601011069,
        0.8189751354182694,
        0.6652455139797955,
        -0.49435820293294025,
        -0.56971166984298,
        0.6719874860079131,
        -0.5354720890890932,
        -0.8709970633364045,
        -1.2573039223012392,
        0.057075945951420015,
        0.43253383003126566,
        0.1962322418103944,
        1.2567518798316513,
        0.7474393328391163,
        -0.6763384352869488,
        -0.30786642888165355,
        1.2899696296371224,
        0.35132184231852476,
        -0.15918632018859477,
        0.009263947670625397,
        0.22972826171047783,
        -0.3013840446232905,
        0.8221539565143675,
        -0.1778108973219038,
        0.029997048126052236,
        -1.3677717243718661,
        -1.7534221445427787,
        -0.796772879701262,
        0.12486435850836952,
        -0.08064481688618087,
        0.10401383382894991,
        -0.3189813637506623,
        -2.0158583448375222,
        -1.2754034601249122,
        0.9607223386574167,
        0.4856459221716561,
        -2.0827992092483747,
        0.20854169541435344,
        0.5991934835114846,
        0.7199027835385385,
        0.023108488856169083,
        1.0863092601242557,
        -1.51189112059455,
        -1.019277851360018,
        0.5356125954799754,
        0.637662598819514,
        0.06585557567993469,
        0.9883988413135191,
        -1.08624867566776,
        1.45967127253095,
        0.5323143477871713,
        -0.16328514882535555,
        -1.0590743163747833,
        0.5664710246088697,
        -1.211995279640304,
        -0.40073355374238173,
        3.204924937832449,
        -0.8822347143055873,
        0.3915067339064893,
        1.8754978855389344,
        0.14130315099656832,
        0.20356695557382343,
        -0.4277392197762542,
        0.8848703237637765,
        1.0585380854178832,
        0.4673570324124693,
        -0.9823032418744868,
        0.6685209826978082,
        -0.07089738720085097,
        0.792867664837131,
        0.41782405167692993,
        1.5885226907345835,
        1.6381380953410725,
        -1.0889750555549662,
        0.03674937333511855,
        1.3877026400394707,
        1.755241484781446,
        0.9129835433597818,
        -0.6331897361837096,
