{
    "idx": 702291,
    "fights": [
        {
            "enemy": 5,
            "fitness": 86.42384284030167,
            "player_life": 24.400000000000247,
            "enemy_life": 0,
            "time": 410
        },
        {
            "enemy": 6,
            "fitness": 30.515203066509343,
            "player_life": 0,
            "enemy_life": 60.0,
            "time": 241
        },
        {
            "enemy": 7,
            "fitness": 87.97703951986408,
            "player_life": 36.400000000000276,
            "enemy_life": 0,
            "time": 288
        },
        {
            "enemy": 8,
            "fitness": 86.95935834262663,
            "player_life": 28.000000000000256,
            "enemy_life": 0,
            "time": 344
        }
    ],
    "weights": [
        0.7504369353994117,
        0.5654756496024764,
        1.4567427868289033,
        -1.3874578808312157,
        -1.6891352898768328,
        -0.0028363224366019027,
        -1.786245525077161,
        2.131845048099364,
        -0.5850163785152298,
        1.1533082577645817,
        -0.12556421916224972,
        -0.7576514872022111,
        -0.6956191126468565,
        -0.4530827768814967,
        -0.6597276523205771,
        1.606431954689245,
        -0.7968765185656453,
        0.17961550932998435,
        -0.12099342212698055,
        2.147342238369374,
        -0.780336864620425,
        0.8722949858825106,
        1.8085089446308849,
        0.5742400941893728,
        0.6014494700324445,
        1.7318920545060248,
        -1.6598884853163074,
        0.286404824525158,
        0.9280237584718862,
        0.13879311916513976,
        -0.3794598837266574,
        -0.7131482695452126,
        -0.9756402272922833,
        -0.19438333612410386,
        1.3358382490186438,
        -1.048424751113153,
        0.4036822949966944,
        -1.2736671910037756,
        -0.203121665900176,
        0.646565208002242,
        -0.47852757921667555,
        -1.7201003711965794,
        0.7647981703169144,
        0.953725294255601,
        -0.49473184397319336,
        -0.7931949763832868,
        1.728235947910864,
        -0.42652415427559215,
        0.010707046895863822,
        1.2308717989013407,
        -1.2911373214799515,
        1.491075887947769,
        -1.9285720878005934,
        -1.1378191818914274,
        0.3642029245584068,
        1.915246111975584,
        0.2069777116657472,
        0.8608468870741,
        -2.111191245459774,
        0.4575998967128886,
        -1.2045456910410006,
        -1.0180451801190644,
        -1.3635938434767458,
        0.5973740482582612,
        0.9451996541285961,
        -0.2658432776264182,
        -0.6177987273479844,
        1.6113051479841811,
        0.9686965511468039,
        -0.6333766802702365,
        0.5647902713587063,
        0.2894679177892048,
        -0.9106181132421219,
        0.028043140842491657,
        -0.1143945583743069,
        -2.2089964605846073,
        -0.5420751970086045,
        -0.20266421468607979,
        0.6648577496051107,
        -0.2922497871289532,
        -0.08451040138452215,
        0.1020367810931303,
        0.05613950485345709,
        2.6729744820797445,
        0.06192142354933127,
        0.15123299853472416,
        -0.4812407403423451,
        1.1915790028013424,
        -0.23216277943545013,
        -0.35284955591225287,
        -0.2885653962492775,
        -0.24094795491234974,
        0.15285960287197564,
        -0.15134878890463535,
        0.9489534774544234,
        -1.1747025065692625,
        -0.4316717218227863,
        0.29203167060997176,
        1.1842981104524328,
        -0.6052757878660332,
        1.1872775591854003,
        -1.9104975622373215,
        0.7453898763117672,
        -0.454190246069312,
        0.35042150863404126,
        0.9958160615126181,
        0.32782655808503186,
        -1.228843893348917,
        1.0893115447487869,
        -0.751991176051158,
        -0.2357310834187269,
        -0.14521298152057438,
        0.9567395941096957,
        0.4069628789565335,
        -1.5375850566727352,
        -0.3412427718645098,
        -0.5045460079967493,
        -0.246146507271031,
        0.04406619316120204,
        1.0487382627398705,
        -0.25209886066179366,
        0.08841091930776779,
        1.2945472393746191,
        0.9232870597892913,
        1.0428713409384331,
        2.5485470308547935,
        0.3461138034794612,
        -1.0465540750401023,
        -0.224051366667829,
        0.03921729755926265,
        -0.4705118804771709,
        0.6727058172006954,
        -0.7151760184952491,
        -0.017666845083531564,
        1.158223218969865,
        1.0674592435269918,
        0.6556324593759486,
        1.0605690544326998,
        0.14216325456857812,
        -0.6890173674155864,
        0.9244763324569667,
        1.0601034878479996,
        -0.5533138730952567,
        -0.3271860765748345,
        -0.12142646312790391,
        -0.8403652971929519,
        1.4505269302974853,
        -0.5341174454570612,
        1.4402950840927762,
        -0.6060019879289038,
        0.12302124743150997,
        1.0444152909126059,
        1.7130686112096567,
        0.47041114785613913,
        0.9991198440862953,
        0.7044582980099776,
        -0.01018540725834749,
        0.16543007199830262,
        1.4040115016409556,
        0.14515333314501402,
        -1.565743447484395,
        -0.34328841665680004,
        -0.5394370566681503,
        -0.6059599874834978,
        0.6827177242819729,
        0.6208630628752743,
        0.1381258838673146,
        1.252767170583677,
        0.7300247604894776,
        0.555932096528582,
        -0.799805469857024,
        0.7412571935191533,
        0.5335490990140194,
        2.3097907837174105,
        1.0666872416767328,
        0.35045341033935545,
        -0.42497054815317065,
        -0.9043401310026528,
        0.661296989223768,
        -0.7220053984649006,
        -0.6132747101526892,
        -1.0728224234529482,
        -0.28786887834781616,
        0.2710915017254495,
        0.7161747177568328,
        1.734965072132396,
        0.6804619825366496,
        -0.724412977242207,
        -0.15424947703965045,
        1.3794484756294976,
        0.7457306342938308,
        -0.31366102273313456,
        -0.295467073065539,
        -0.07697595320210686,
        -0.6568034881060025,
        0.8198799542790483,
        0.17285936369336807,
        -0.22256760173847365,
        -0.4787252221541365,
        -1.383492752980245,
        -0.5381754631889379,
        -0.8518208544879937,
        -0.062118035853577266,
        0.48412051819040947,
        -0.3087909728421205,
        -1.568792997828223,
        -1.055357200348122,
        1.1287113171064653,
        1.1383743678464515,
        -2.242058127056168,
        0.10143540190603671,
        0.6429713070987259,
        0.5530581386947254,
        -0.11832517102045591,
        1.26344436682633,
        -0.7423485340779795,
        -1.295719851366251,
        0.9601132484062234,
        1.3649404335676736,
        0.2301540080173594,
        1.1995724326614043,
        -1.0992757920820737,
        1.5572361700667696,
        0.5222660776746382,
        -0.11801314691640401,
        -1.4324972599668306,
        1.1499460354327666,
        -1.101434139650817,
        -0.27519714216821056,
        2.18068846105591,
        -1.276732886204527,
        1.0670775933799859,
        1.582390574835389,
        0.32365127123548415,
        0.20127300128030534,
        -0.6389785034310416,
        0.7167098680135884,
        1.0912812256371838,
        1.0849223443527845,
        -0.8312495000857727,
        0.7131395110746067,
        -0.1731513147391142,
        0.922914872177167,
        0.541954918867311,
        1.5072401892927032,
        0.835026135877078,
        -0.7450199715960073,
        0.053375845758917205,
        1.2033439697152304,
        1.8591285905313861,
        0.804497738816899,
        -0.3907311659772915,
