{
    "idx": 707643,
    "fights": [
        {
            "enemy": 5,
            "fitness": 86.72384284030167,
            "player_life": 27.400000000000254,
            "enemy_life": 0,
            "time": 410
        },
        {
            "enemy": 6,
            "fitness": 57.706695175275506,
            "player_life": 0,
            "enemy_life": 30.0,
            "time": 199
        },
        {
            "enemy": 7,
            "fitness": 90.21289246928256,
            "player_life": 55.60000000000032,
            "enemy_life": 0,
            "time": 210
        },
        {
            "enemy": 8,
            "fitness": 88.07788162462296,
            "player_life": 38.80000000000028,
            "enemy_life": 0,
            "time": 331
        }
    ],
    "weights": [
        0.3921622378947782,
        0.8543032752796604,
        0.6962718942543962,
        -1.1874678604609614,
        -1.5426134262568119,
        0.9463037098569783,
        -1.6784805892753734,
        2.00813116586988,
        -0.5531744189628793,
        0.9118299082567911,
        -0.4927241505979265,
        -0.9035575793502933,
        -0.902750669071264,
        -0.7757199761752218,
        -0.49446669942248644,
        1.9912803113523267,
        1.1185614781614284,
        0.6824844948652082,
        -0.25990688731935796,
        2.1914552438207,
        -1.0138496676893118,
        -0.013226995548986327,
        1.974091868897517,
        1.5782768618786505,
        1.2472904827594309,
        2.033354917156801,
        -1.386372256635798,
        0.04852575754684198,
        -0.20110104675940532,
        0.4349407989697902,
        -0.47143761757610275,
        -0.8586997984760967,
        -1.0786976413590887,
        -0.6828480099127942,
        1.0542288430728903,
        0.2983254807037946,
        0.5298951179663437,
        -0.9260188538405543,
        0.3416347392965403,
        0.4718231528123175,
        -0.43784957656012746,
        -0.4196200432503223,
        0.700922273390514,
        0.8721031005281552,
        0.6003086245302072,
        -0.7917171235976856,
        1.7026746564928792,
        0.2817550706095843,
        0.7114683496289662,
        1.1244021597598013,
        -0.7811604070002003,
        1.1406459141998453,
        -1.913624073219587,
        -1.4918815814044775,
        -0.6445588418688445,
        1.9444801387377835,
        1.1173579479186202,
        0.0948122157946401,
        -2.0228788163012945,
        0.5988681028175774,
        0.7263271664888337,
        -1.4628124301774634,
        -0.8594268680492112,
        0.36532950496481575,
        0.30832616785540407,
        -0.3228926600942198,
        -1.590351367895782,
        2.0668085445593642,
        0.8204691203859784,
        0.5403510008844407,
        0.5886270129541507,
        -1.0397108844885667,
        -0.6410767710150539,
        0.008242250391883421,
        -0.4360766761126941,
        -1.6914457965953846,
        -0.4577522597681678,
        -0.1510385696142926,
        0.8850820603157867,
        0.1405937423357702,
        -0.29314345546633097,
        -0.3577342973143595,
        -0.29766763344196145,
        3.135113584625027,
        0.7359180208636279,
        -0.6716465937586373,
        -0.9685914304257087,
        2.556401511962847,
        -0.03552823763113455,
        -0.3131553926244836,
        -0.2492677155978738,
        -0.5083092374088394,
        -0.12415679238503995,
        -0.653322758579139,
        1.302223781822581,
        -1.0462635671930522,
        0.017357857030965804,
        -0.5499015690051938,
        1.3646793305165754,
        -1.1829397456886668,
        0.828563991319033,
        -1.8739189872102107,
        0.5851862742093342,
        -1.1638372535838983,
        0.522880858217131,
        -1.00763688149841,
        0.39993872254713325,
        -1.6690417132365452,
        0.8658733327313953,
        -0.09828267450051051,
        -1.1034383506050807,
        -0.13344911345604632,
        1.3191870507971906,
        0.5492821032921689,
        -0.9830801039452443,
        -0.9407348982363687,
        0.29356070498673115,
        0.18397223837788435,
        0.47257990810783806,
        0.5272177698352231,
        -0.11709474119889085,
        2.0580212217676146,
        0.43868493092381233,
        -0.6196702965118555,
        1.167780197048193,
        1.6859539879719998,
        1.1337600704214155,
        -1.257814388859782,
        -0.5387064078503657,
        1.0599746571886093,
        -0.041235617454631335,
        -0.22342578735801844,
        -0.2620681045449403,
        1.161311470096864,
        0.6236380781716591,
        1.1517355229120425,
        0.11983042429222321,
        1.773091301637585,
        0.6973635690079549,
        -0.9622055265146132,
        0.6658699126150109,
        1.6445276208657034,
        -0.7765523516023134,
        0.9258952811469119,
        0.7077421997053008,
        -1.1319467095010542,
        1.0554208619458778,
        -0.5841275619267996,
        1.8605359995836313,
        -0.3785158884109062,
        0.2329359934335377,
        1.4439526190454746,
        1.188823112166855,
        0.5860696302343206,
        1.0941183785326172,
        1.4507604833070402,
        0.6261476688085159,
        1.9459134836284975,
        1.0458266215675573,
        -0.9813809639301779,
        -0.8446953114886742,
        -0.20947736058612615,
        0.37166803520785063,
        -0.3710922157418577,
        0.5211310036542229,
        0.3376470510193813,
        -0.2603039518548633,
        0.9103582016998314,
        0.6097592548977636,
        0.5689136515596344,
        -1.2720124745704056,
        0.5018816181769666,
        0.5756097098676733,
        0.253566105820912,
        0.8841060706564898,
        -0.2430339187144873,
        -1.3415552132160937,
        -0.9787447728007387,
        0.5670670460556245,
        -0.04529138617853867,
        -1.146215739773563,
        -0.6828370208760317,
        -0.15482302589870814,
        0.24717887272428968,
        0.12969134932251541,
        1.0740724057898516,
        0.243840726154753,
        -1.0214027796251035,
        0.854537663766686,
        1.2415631952104396,
        0.14771758041474117,
        0.06796438190698029,
        0.5308602229619555,
        0.05803987414656017,
        0.4167819243819935,
        1.2109023817714673,
        0.5338232092761689,
        -0.29565799044846436,
        -0.1481437397534271,
        -1.594968507380516,
        -0.6625377592062577,
        0.22545056037319514,
        -1.1938784395861448,
        0.08910194810064628,
        -0.2613611471068239,
        -1.7271305943555018,
        -1.6198707293900556,
        1.4902535285823166,
        0.147234993119211,
        -1.5436913082060288,
        -0.8612122976175923,
        0.6634422323421328,
        0.6026054793248206,
        -0.7901981748060252,
        1.679348979451924,
        -0.9712042291375335,
        -1.9736732619142006,
        0.10325840663473196,
        -0.15441868112035737,
        0.27738245414383694,
        1.7244175566430844,
        -1.6605137490225264,
        0.8108278417688329,
        0.7005431250088148,
        -0.21700218982368313,
        -1.6490016463987445,
        0.2256783392288625,
        -0.06983531028195605,
        -0.19661566607555742,
        0.6821096239977683,
        -0.9123880117586363,
        1.7656477497229726,
        1.980978658234465,
        0.020151366832900985,
        1.5156355481711532,
        -1.1746008674617627,
        1.1969439816347347,
        0.9313436691256813,
        0.9197257295382054,
        0.24245996911875667,
        0.3820242280948286,
        -0.4796584672933049,
        0.13375856439392808,
        -0.04543051126899281,
        2.2873759928653614,
        1.897513704100891,
        -0.7083972139821006,
        0.9642003455912437,
        1.2698811921666184,
        0.41302105317539983,
        0.5255113491621628,
        -0.5047751938208993,
