{
    "idx": 701548,
    "fights": [
        {
            "enemy": 5,
            "fitness": 88.70353644806852,
            "player_life": 41.80000000000029,
            "enemy_life": 0,
            "time": 239
        },
        {
            "enemy": 6,
            "fitness": 30.58835394814496,
            "player_life": 0,
            "enemy_life": 60.0,
            "time": 224
        },
        {
            "enemy": 7,
            "fitness": 84.45288973525115,
            "player_life": 1.6000000000002341,
            "enemy_life": 0,
            "time": 301
        },
        {
            "enemy": 8,
            "fitness": 89.17968822339262,
            "player_life": 49.000000000000306,
            "enemy_life": 0,
            "time": 305
        }
    ],
    "weights": [
        -0.4004311959067226,
        -0.10877553955957822,
        0.8184512683113182,
        -1.9048396284315183,
        -0.6327617999410315,
        0.7090042291467005,
        -1.4794063958679031,
        0.3893381418354517,
        -0.7412370596965284,
        0.8738419559201767,
        -0.7984931923417128,
        0.33029972241882766,
        -0.47281544684619375,
        -0.03293273710163837,
        -0.9847018358806261,
        1.5901047963584345,
        0.02851638713644844,
        0.8331309192822567,
        -0.3934862164972438,
        0.3509076253897595,
        -2.1983789904304416,
        -0.06391300284290938,
        0.989051828843593,
        0.7369464540072318,
        0.9846327007089007,
        1.1833837419776663,
        -1.302402388881488,
        0.3602972666083775,
        0.7130752443652191,
        0.7302187674995869,
        -0.3648985105763317,
        -0.058841424934012086,
        -0.6650857317327321,
        1.252630349324843,
        0.24860333061863263,
        -0.30622192826834826,
        0.8450829769667224,
        -0.18341593814153812,
        0.02139594015220407,
        -0.04236876405721987,
        -0.026339506280290026,
        -1.278204283366541,
        1.1619757215845425,
        0.5003703533621887,
        -0.042259165647421076,
        -1.450146582725342,
        0.3450610637092293,
        -0.1867863667730152,
        1.207490497569264,
        1.3285068906847706,
        0.041988233261578745,
        1.0081016521774402,
        -2.2463913084290192,
        -0.521571502007999,
        0.026373541394486888,
        1.9773889342985607,
        0.7614130222859162,
        0.528375003511701,
        -2.099496480653739,
        0.7438793152605121,
        0.29177997278003526,
        -1.4412045382860674,
        -1.5955416709917745,
        0.2518276583404319,
        -0.5659633504509902,
        0.10557124147427392,
        -1.5660876529365984,
        0.9401321771184095,
        -0.26663513861133004,
        -0.047483270820636525,
        1.3288477470617321,
        -0.5206448891027181,
        -1.0531335710413168,
        0.9158236957848271,
        -0.27363979023686474,
        -0.802107210486716,
        0.5243573153715826,
        -1.1781929568089167,
        2.226952601784782,
        0.3843955805298202,
        0.7320231157304934,
        -0.5862553762889711,
        0.527591708445207,
        -0.32951673919070656,
        0.05523532519606115,
        -0.3052149275874832,
        -0.5394795824236414,
        0.26903376221975916,
        -0.4453174577478119,
        -0.3122974180247529,
        -0.5786424523736488,
        -0.6091386512233472,
        -0.26981577378669025,
        -0.5273351777481953,
        0.9266343015495544,
        -0.07160268665139304,
        -0.07539882078127794,
        -1.1680858483003511,
        1.4650767731059944,
        -0.39804860987013596,
        2.3906365615178196,
        -1.181978108596757,
        -0.2186447891795649,
        -0.8938058853037987,
        0.7284903485012895,
        0.5896104814378588,
        0.22159359857298921,
        -1.2343676932311913,
        0.4863317315767469,
        -0.6890077978886404,
        -1.2484518933689808,
        0.3646316494127267,
        0.6429143372189476,
        0.33507704701326113,
        -1.7126679442290926,
        -0.09686702103229902,
        -0.16722956072116224,
        -0.9113625970988561,
        0.44182807202178237,
        0.42732359326636776,
        -0.7221268017465072,
        1.2291007405547605,
        0.6097945683237709,
        -0.7411844555637549,
        1.6909490102446108,
        1.2095314791615661,
        -0.5995607821718925,
        -0.5934111048496067,
        -0.863528049505358,
        -0.07713717258780206,
        -0.3207785104112911,
        0.14087491764917978,
        -0.8859856764708106,
        2.3139341983476682,
        -0.020413011031443717,
        1.7310233877267842,
        -0.5881426251585194,
        0.8714082943383503,
        0.9486512393771324,
        0.40427840626344247,
        -0.1883685174558616,
        1.6218645605762205,
        -0.3683813596194612,
        -0.5854531766783397,
        0.9178000413851712,
        -0.6711182991115364,
        1.0183375658218439,
        -0.6602604016879874,
        0.5071011968916318,
        -0.12592550091015564,
        0.035181470883688004,
        0.8966658940808355,
        1.4162916195296584,
        -0.1790739648475822,
        1.262112034198434,
        0.1730445113878477,
        -0.024926082873960885,
        0.27950285045430673,
        0.48919755670965137,
        -0.013835131803066003,
        -1.271720832337917,
        0.47560837865605243,
        1.1309890938969769,
        -0.6719436576404849,
        -0.04165414147035895,
        0.7628217956308055,
        0.6319539478715723,
        0.4884782045991021,
        0.47389458442903865,
        0.14739459537895866,
        -0.3771512462965278,
        0.1292906557888357,
        0.986067706659332,
        -0.6847361457775,
        -0.2803881338595063,
        1.1839532817231966,
        -0.17942470905419516,
        -0.6294349387701559,
        0.051350619403366805,
        -0.3682698711933478,
        -0.9102958423089857,
        0.16233385296168762,
        0.42363445060010696,
        0.5579539038882284,
        -0.7817881877418513,
        0.27428424710949784,
        0.14042724161818892,
        -0.10102026192522812,
        0.41256606521434963,
        0.9976550817463504,
        2.159714677012402,
        0.5326649009659854,
        0.5773953362121413,
        -0.42987312588492,
        0.7736973820686494,
        0.5300716942778347,
        0.8461294293654217,
        -0.3483007110389647,
        -1.0169792502461392,
        -1.4864850376809047,
        -1.4320736338856623,
        -0.2260751071981043,
        -0.7412745174182724,
        1.201856696316997,
        -0.7275985389396582,
        -0.3141002732736161,
        -0.7281519139902947,
        1.1134674671692086,
        1.2126547634322702,
        -1.248021989199366,
        -0.45240104349040083,
        1.2980938024606499,
        1.426309060478275,
        -0.4781500264660653,
        1.4850925770237102,
        0.3725354614632996,
        -1.212993138186787,
        1.0050950397016285,
        1.5360159549480383,
        0.28269881962944343,
        1.6545432827245152,
        -0.5209973995652883,
        0.8019148906488822,
        0.15064004002526418,
        -0.2512951728333329,
        -1.2964518887765921,
        1.1478983016199222,
        -0.12172200500741,
        -1.080141954593943,
        1.2837040682020704,
        -1.2574148254226034,
        0.9345116512918397,
        1.4590619444948691,
        0.16447517186584898,
        0.4018312994488876,
        -0.8109449495220129,
        1.4243147244156742,
        0.9459431525868724,
        -0.03552033577205144,
        0.13964431661601967,
        0.6580434940049693,
        -0.34907120766529276,
        1.215425736391452,
        1.8179355027504676,
        1.1388392770168176,
        0.5640499192046429,
        -0.9136746412377351,
        -0.5990073589861948,
        0.7361395128667433,
        1.8331227293573646,
        0.6313124869390959,
