{
    "idx": 707789,
    "fights": [
        {
            "enemy": 5,
            "fitness": 90.32353644806852,
            "player_life": 58.00000000000033,
            "enemy_life": 0,
            "time": 239
        },
        {
            "enemy": 6,
            "fitness": 30.62936197187234,
            "player_life": 0,
            "enemy_life": 60.0,
            "time": 215
        },
        {
            "enemy": 7,
            "fitness": 86.78957298262516,
            "player_life": 25.00000000000025,
            "enemy_life": 0,
            "time": 302
        },
        {
            "enemy": 8,
            "fitness": 86.95935834262663,
            "player_life": 28.000000000000256,
            "enemy_life": 0,
            "time": 344
        }
    ],
    "weights": [
        0.7275569106522101,
        0.7112316734250762,
        0.8566526019790279,
        -0.4343207067206397,
        -1.3320257705340137,
        0.9489375810852283,
        -1.4710708768135299,
        1.8975559688963313,
        -0.4534825187501008,
        0.8631678983895398,
        -0.4817817554260547,
        -1.022597955919378,
        -1.1909333168293543,
        -0.43235586253146263,
        -0.15701666360097752,
        2.5501597089886876,
        1.0653120259044242,
        0.4561384601375208,
        -0.40165089628080664,
        2.192464819363252,
        -1.424938768819515,
        -0.056537776646301385,
        1.4980979503892948,
        1.5212563343073298,
        1.069715700518878,
        1.8945225909924253,
        -1.3069640400203864,
        -0.05059684438057071,
        -0.17127759247854396,
        0.35953629997243713,
        -0.3036225157445245,
        -1.1334855249711118,
        -0.9163464996969601,
        -0.9177745550309876,
        1.0680480402506278,
        0.8337147407851628,
        0.6351430204807664,
        -0.9196132029443073,
        0.3482935095155529,
        0.9768163815705891,
        -0.5131351760657196,
        -1.0663475253683161,
        0.5824729926817391,
        0.6284408488583553,
        1.0571040221205141,
        -1.082215238543527,
        1.8995006364457832,
        0.13656508193083894,
        0.82967347216323,
        1.2313382547180174,
        -0.48919332462774373,
        1.8042664618151798,
        -1.7963848534584133,
        -1.1419561051053582,
        -0.7260920357070115,
        1.9050040752258361,
        0.8042587915425634,
        0.2260840584666856,
        -2.295672561562529,
        0.4654822171169024,
        0.43650569774852754,
        -1.464337276610881,
        -1.6341436150397726,
        0.34143043571987597,
        0.5614763402086765,
        -0.18932637304283823,
        -0.8154788624769387,
        1.9628370529493127,
        0.90395275059205,
        0.3180080612160799,
        0.715129528209358,
        -0.7454327529393893,
        -0.284606675484186,
        0.020263038460288214,
        -0.4929136791870001,
        -1.391057369990312,
        -0.84101420978673,
        -0.3470527848048949,
        0.6656660193099656,
        0.23498859081308426,
        -0.06057412530300657,
        0.3404323258832942,
        0.7006701173380668,
        2.498460569961308,
        0.7339066293109597,
        -0.004341090921752305,
        -0.9967395946354427,
        2.491969264955888,
        -0.2492889759463942,
        -1.2893998025453515,
        -0.5368185932125683,
        -0.5134302909332608,
        -0.2831234793944177,
        -0.3891723180565988,
        1.3687969743377502,
        -1.2665826651600007,
        -0.1414831240177063,
        -0.5162719443095568,
        1.6302181383785321,
        -1.1104964397501205,
        0.6000731770170723,
        -0.7750095842379272,
        0.34470587330728225,
        -0.7875250159548883,
        0.3417268731675883,
        -0.19476204813070616,
        0.7749307704147863,
        -1.803587644191783,
        0.5838667029824398,
        -0.5846826585039886,
        -1.6373763639133176,
        0.53187640510788,
        1.6415804113372297,
        0.32288051572183185,
        -1.0469561830016993,
        -1.1139801934816342,
        0.35556567019887014,
        -0.22569141025460998,
        0.6833988400541927,
        0.4530993184696144,
        0.18009016991514712,
        0.11277201219853399,
        0.3517327031783394,
        -1.0248024172053394,
        0.8806721265485921,
        1.839386428524181,
        0.4318467625346749,
        -1.2584192350037002,
        0.10512857200982148,
        0.8132549822235718,
        0.1277561552703801,
        -0.21277533869282136,
        -0.023147044469104733,
        0.8776838195466181,
        0.5869358178599264,
        1.001478679699129,
        0.47787935472929477,
        1.716654100902142,
        -0.25290206602068055,
        -0.7228776156468304,
        0.7080054506836134,
        1.2601242127234569,
        -0.5301921744309763,
        0.0416926521606849,
        0.017703142950773437,
        -0.13620543683819075,
        1.2032386122212229,
        -0.8939256627000609,
        1.8516584914178207,
        -0.5533604476345124,
        0.40322406134507555,
        1.0035939598683739,
        1.4592840904903792,
        1.3913843478088967,
        1.1153522903831499,
        0.28223889928563295,
        0.39327481086324784,
        2.135174645270378,
        1.516796429478279,
        -0.8737033643829633,
        -0.9769942585183052,
        -0.3801690713494111,
        0.4212739093844922,
        -0.1826749522334846,
        0.4728054398660167,
        0.385355804843608,
        -0.4990845894400413,
        0.6891442170133512,
        0.7649020392123782,
        0.599558861911599,
        -0.41931279160198476,
        0.8858411081719026,
        0.9735115110707191,
        0.1885429716638396,
        0.6787717120172482,
        -0.5211252892476191,
        -1.1843256664532835,
        -0.9383414642244067,
        0.6576076956535126,
        0.1907088737448863,
        -0.650960246631614,
        0.17909850144219402,
        -0.2968168662533957,
        0.3521026895401872,
        -0.7584745072469369,
        1.3029016356822931,
        0.1801047297638147,
        -1.1794061094432313,
        0.8009758232162116,
        1.0638322967916845,
        -0.1511987732080616,
        0.452870857412075,
        0.5291990512291973,
        0.09618405226296349,
        0.10076264894707733,
        1.0370091078418477,
        0.21852604269123974,
        -0.2852188758187735,
        -0.7637376433221926,
        -1.914579575422873,
        -0.5891893788816566,
        0.023497036974567023,
        -1.4256000498530677,
        0.31456438540858855,
        -0.21068538778557222,
        -1.7763105288892702,
        -1.5475082830791143,
        0.8592498266052473,
        1.1223514578259115,
        -1.719550744765719,
        -0.8401055779801547,
        0.8600092187745834,
        0.4960626401738488,
        -0.7241271135407364,
        1.6989197807898075,
        -1.308274190956772,
        -1.651497090352124,
        0.3291014918677421,
        0.8843997036074939,
        0.47219878542806104,
        1.9251036984562169,
        -1.3886232857436338,
        1.4166653579332102,
        0.41415713566941786,
        0.06245507221091706,
        -1.2577956662060674,
        0.8907266909054647,
        -0.47311811708830004,
        1.0433369424556556,
        0.8909777724350726,
        -0.9665471316306506,
        1.073523456725619,
        2.1607273802771747,
        0.041726214152865364,
        1.1605787013428914,
        -1.1383184399703792,
        1.0989254481355573,
        0.9063178188449786,
        0.14324088502590504,
        0.2240326933160654,
        0.5669834755058651,
        -0.7585120227600493,
        -0.13893312112159514,
        0.043910335061074786,
        1.3787776333977233,
        1.2593107064536966,
        -0.5077329203160943,
        0.8303291578789739,
        0.8735507645716005,
        0.8375435327291645,
        0.6087993884848583,
        -0.9341396989126749,
