{
    "idx": 703114,
    "fights": [
        {
            "enemy": 5,
            "fitness": 86.09262782095375,
            "player_life": 21.40000000000024,
            "enemy_life": 0,
            "time": 423
        },
        {
            "enemy": 6,
            "fitness": 84.41060701409177,
            "player_life": 1.6000000000002341,
            "enemy_life": 0,
            "time": 314
        },
        {
            "enemy": 7,
            "fitness": 57.51520306650934,
            "player_life": 0,
            "enemy_life": 30.0,
            "time": 241
        },
        {
            "enemy": 8,
            "fitness": 86.95935834262663,
            "player_life": 28.000000000000256,
            "enemy_life": 0,
            "time": 344
        }
    ],
    "weights": [
        0.5516959247698686,
        0.8964644348690521,
        1.1048355958600755,
        -1.161368133233711,
        -1.2850736667183305,
        0.08399668211494324,
        -1.5654476593655358,
        1.732780319011499,
        -0.9304722464756439,
        1.6170754386770783,
        -0.5356065412352105,
        0.14243391621155482,
        -1.080039987817438,
        0.3476117830600489,
        -1.0521987076465924,
        2.3491942076548087,
        0.8749990715329967,
        0.9958237726806458,
        -0.1719623728951311,
        2.4586487433164805,
        -1.6160882671648822,
        0.4366127925746475,
        2.2449611105503986,
        1.4762907621979409,
        0.9949563792728615,
        1.3227681337108297,
        -1.70152325008055,
        0.4493665050977273,
        1.0351706370471139,
        0.7554825876841849,
        -0.5935831852890241,
        -0.5559618596465462,
        -0.8144654002750568,
        -0.9139517356651632,
        1.605586242897296,
        -0.11882397845741155,
        0.15423774644438282,
        -0.04702424756228141,
        -0.07601845077060936,
        0.7379233557422007,
        -0.026996283009898946,
        -0.9963904688946226,
        0.6489079422990546,
        0.90910764537869,
        -0.17538019692370727,
        -0.5602823399553555,
        1.237986927562871,
        -0.2634590430602416,
        0.4416128870075449,
        0.9852094432196148,
        -0.08480088623238881,
        1.9888754197005811,
        -1.273402594808504,
        -1.4850869517881684,
        -0.4717846124982532,
        1.2335065061493753,
        0.300049217780892,
        -0.3371927631415864,
        -2.401485922610804,
        0.3771349392746082,
        0.6191415398395635,
        -0.4684709536203228,
        -0.293315790967692,
        0.7046067807584483,
        0.57872133491674,
        0.4445781948997981,
        -1.1234032001039467,
        1.2801610307627092,
        1.2580647605847304,
        -0.6304368997306901,
        0.9231679573748612,
        -0.5329943012250339,
        -0.07733444887433984,
        -0.563093419537314,
        -0.12588810477569423,
        -1.6716629344053773,
        -0.4203466406704507,
        -0.1691038412862382,
        0.8718946520661318,
        0.28614051036537047,
        0.30731343614151735,
        -0.09265155538806912,
        0.8546325906995087,
        2.6849977040989543,
        -0.4162437171010653,
        -0.8434157443401021,
        -0.24613327028774637,
        1.4091706340510024,
        0.14506344341814292,
        -1.2829989650971128,
        -0.5928754695164666,
        -0.2726708265415396,
        -0.17618010485551341,
        -1.0676698553942936,
        1.0631889936446917,
        -0.8388702145527744,
        -1.0351102797880651,
        0.41140526252508314,
        1.4444718726627355,
        -0.6304819224576387,
        1.5211241630593955,
        -1.9737652415371822,
        0.5775376054407549,
        -0.7510639899812943,
        -0.13074802825822918,
        1.1007502885960914,
        -0.1330758953694638,
        -0.6573491409392431,
        1.3015090775941967,
        -0.5503203041977689,
        -0.8098771621698617,
        -0.7328476096234569,
        0.4108191086285998,
        -0.012045827079551402,
        -1.2088318056194653,
        -0.186364878788154,
        -0.21013747198386556,
        -0.7072191577386207,
        -0.15023894117421688,
        0.22612248347545166,
        0.5766424716798798,
        0.16114151641306204,
        0.2468330922051984,
        -0.8199629246571108,
        1.3902982662998158,
        1.8610984914518582,
        0.8396262810556947,
        -1.2739009629380977,
        -0.10975640608135422,
        0.16955564159048642,
        -0.024152463504142185,
        0.015583116961221945,
        0.29306719543063947,
        0.44269398908439117,
        0.5996443304523402,
        0.9068539510715852,
        0.12608147592854763,
        1.742547675496543,
        0.690004771232766,
        -0.612049410391134,
        1.19141771644339,
        0.8690363675932409,
        -1.3178600836230177,
        -0.3592111299855863,
        0.47251530500430855,
        -0.6603694722141331,
        1.6331432519293123,
        -1.0003615553988088,
        1.3664017169627705,
        1.0296119769316847,
        -0.20957664282241434,
        1.7863658785767933,
        1.6189430102926516,
        0.3378990012560022,
        0.5745410965069749,
        1.348287585287672,
        0.48894284896205087,
        1.411052093990786,
        1.0817970659655545,
        -0.7007551158948686,
        -0.4881801115338433,
        1.2219362287997675,
        0.03653319828578361,
        -0.5605703948612248,
        0.4644351440130101,
        -0.11075403713647844,
        -0.5234618083935085,
        0.7078539153489019,
        0.406830891442282,
        0.5287009980815617,
        0.07792581939496755,
        0.523714719952694,
        0.3744103891439666,
        0.7218605594661383,
        0.6473904826975286,
        -0.8517313435254431,
        -0.686630453920921,
        -0.9523912820778188,
        0.18504641229092184,
        -1.1072378143896842,
        0.18794905120610358,
        0.34916996953496826,
        -0.7318275657318767,
        0.8206458532003198,
        0.39396341971103743,
        0.8345759932025154,
        0.897964777490769,
        -0.14524040218453466,
        0.2951732503347329,
        0.8597173240273274,
        0.16193265805201007,
        -0.16379350079697053,
        -0.34892836174702807,
        -0.207988046412378,
        0.04859400647931092,
        0.520926906275606,
        0.41872839229634873,
        -0.14535997227783642,
        -0.27893687154105073,
        -1.6980312308167624,
        -0.7126701224595645,
        -0.08043066655270176,
        -0.050216909205633535,
        1.9862893724440824,
        -0.46842049027557436,
        -1.1388306139244417,
        -1.435079320645127,
        0.6356654263923498,
        0.6407929583142717,
        -1.5354236300287438,
        -0.374148720897327,
        0.6073628191678884,
        0.8875626704936085,
        -0.22999416157747835,
        1.1059334304217363,
        -1.119973421725385,
        -1.5232372060360169,
        0.36458300607556743,
        0.8537757162859411,
        -0.14943179675833032,
        1.090148629973691,
        -0.9053151777953312,
        1.1535623297346576,
        1.3149924970624864,
        0.3176649351494778,
        -1.3717163288533176,
        1.1110263119873378,
        -1.5072697010204876,
        -0.15183771968628995,
        2.014332238345577,
        -1.2588269731259274,
        1.0826257179943068,
        1.125438909859076,
        0.06026357586120831,
        0.16978836938842262,
        -0.2462398184368012,
        0.6122436435661951,
        1.3257022039481468,
        0.46898674697706466,
        -0.5767895751105866,
        0.39815302009506026,
        -0.10348874500161459,
        0.3864009631491183,
        0.9495206607194748,
        0.9676569107302702,
        0.4334604905267031,
        -0.9034637064684305,
        0.6233847351910227,
        1.1109351385953985,
        1.5924417197331862,
        0.7966509798389506,
        -0.6467180789716486,
