{
    "idx": 703135,
    "fights": [
        {
            "enemy": 5,
            "fitness": 88.8252886203982,
            "player_life": 44.200000000000294,
            "enemy_life": 0,
            "time": 269
        },
        {
            "enemy": 6,
            "fitness": 66.19788162462294,
            "player_life": 0,
            "enemy_life": 20.0,
            "time": 331
        },
        {
            "enemy": 7,
            "fitness": 89.17946500072773,
            "player_life": 46.0000000000003,
            "enemy_life": 0,
            "time": 226
        },
        {
            "enemy": 8,
            "fitness": 87.53788162462297,
            "player_life": 33.40000000000027,
            "enemy_life": 0,
            "time": 331
        }
    ],
    "weights": [
        0.48001157826907226,
        0.7756382752760775,
        1.1942822900350327,
        -0.8901143182662683,
        -1.1028326017548669,
        0.008534479005801163,
        -1.6260230541100809,
        1.154245998306516,
        -1.1125735640439611,
        1.7763499499256425,
        -0.4346042171092999,
        -0.48575138789462824,
        -1.1236440303859598,
        0.22168382396155378,
        -1.054082798534567,
        2.458831981199526,
        1.072514439851445,
        1.0211160874151006,
        0.024121752333263295,
        2.5705878323902587,
        -1.583316568754865,
        0.5303955675327263,
        1.542938627640292,
        1.3973536351884852,
        1.2137778862438557,
        1.5223898091064558,
        -1.6993095269270808,
        0.4038239424341164,
        0.8915669314724974,
        1.014726781277985,
        -0.5173198452167537,
        -0.630684759643729,
        -0.758397319757329,
        -0.33915534985756157,
        0.9474825414207749,
        0.22470056961901896,
        0.10603812799725296,
        -0.614550865965863,
        -0.287723315957224,
        0.7173632308501798,
        -0.27103589040116527,
        -0.9008915052712384,
        0.6066698729948732,
        0.8394165447695048,
        0.6868364793255031,
        -0.40975684963318965,
        1.4680881975016924,
        -0.20515948257438366,
        0.902670140662583,
        0.759042603791706,
        -0.5800276106153429,
        1.623132673650647,
        -1.2414979224220823,
        -1.401372542584021,
        -0.12246549352958917,
        1.11749416038558,
        -0.17764994526355438,
        -0.16967484400508295,
        -2.2427871678795226,
        0.9479792730428885,
        1.1756430586965634,
        -0.3168534589026495,
        -0.5496758381789887,
        0.8945799369436853,
        0.8966458014302952,
        1.1567171441778612,
        -0.9298343622837958,
        1.3689155382609193,
        -0.5626961533880195,
        -0.6478537237818445,
        0.720227898007465,
        -0.7062077781426244,
        -0.06714133267363806,
        -0.23170447510355902,
        -0.1800511992743108,
        -1.4850172401929786,
        0.27524173407125446,
        -0.3423436870684618,
        1.421186289295687,
        -0.3364380069292943,
        0.6536297081223367,
        -0.12104552497220998,
        0.5308029543489728,
        2.122372726584021,
        -0.16465681217080672,
        -0.6928197273026631,
        -0.11717368293588962,
        1.2321484779965972,
        0.5498880125162752,
        -1.614357225293598,
        -0.7617409467038377,
        -0.5468685425168134,
        0.18500349513269004,
        -1.0217276472431727,
        1.0793267458383895,
        -0.3917552035227379,
        -1.2062468577595964,
        0.3873869093891039,
        1.7204094222715118,
        -0.8635995870166892,
        0.9458659865766119,
        -2.0837430229880938,
        0.827509186738801,
        -0.6246733645195631,
        -0.15162431042119986,
        0.6819573992029845,
        0.11732500810931845,
        -0.994639816388364,
        0.9718371936590872,
        -0.6846615734448983,
        -0.8554016989677771,
        -1.27146646189054,
        0.3237668962031139,
        0.1051401622560553,
        -1.0913084158682713,
        0.043862341137950685,
        -0.10618224692226387,
        -0.800971656612538,
        -0.09884996880827111,
        0.43272982514831243,
        0.3089905027237356,
        0.5069257566866727,
        0.38050792865365407,
        -1.297776675121419,
        1.3166006092857385,
        1.824902302928643,
        0.18573073159847203,
        -1.2821137547688937,
        -0.34950657661455004,
        0.17360042818861746,
        -0.6773657428433676,
        1.1055371376563699,
        -0.10087664483404278,
        1.2192680806572338,
        0.2689616535354889,
        1.084020984120451,
        0.07472576619018637,
        1.7966438544593402,
        0.7687327135702704,
        -0.8096863312007636,
        1.5173356526806874,
        0.862060502455404,
        -0.557094888193544,
        -0.6486102876774067,
        0.4849034601365345,
        -0.655848938913271,
        1.255443981513281,
        -1.7927520318928496,
        1.1375972430005168,
        1.450442318953965,
        -0.23789904055054895,
        1.846905951648943,
        1.6395063009011879,
        0.19842243628626452,
        1.2751343060457128,
        1.2027084671124506,
        0.44186437853941185,
        1.394614091301172,
        0.8677543060775467,
        -0.6161229781509892,
        -0.7466425641706019,
        0.5955947645071025,
        0.013595837641968728,
        -0.2969941182733878,
        0.8283041023945408,
        0.32676496842029956,
        0.03172777679014339,
        0.8642999662439983,
        0.39733360408166774,
        0.8572001603938675,
        -0.13611846011294818,
        0.28085582549892285,
        0.5178549821589851,
        1.1708515946319242,
        0.30916622189824133,
        -0.7617487493299633,
        -0.5452394923434734,
        -0.8080991213192225,
        0.17428826653719284,
        -1.1825529876628664,
        0.07967889094091865,
        0.3676905265444741,
        -0.23022043896434477,
        0.7322209302324943,
        0.23193818521785414,
        1.102231590080729,
        0.2088883681511038,
        -0.7103204714830249,
        0.33545409004187215,
        0.4320725555075762,
        -0.10093358448221977,
        -0.09457671468131248,
        -0.22541613171799063,
        -0.196806125017893,
        -0.23872605205654487,
        0.9719604065702795,
        0.06968083220865727,
        -0.2628182752376535,
        -0.4323179448620192,
        -1.9059177114252819,
        -0.5227530122613882,
        0.04842540994881191,
        0.05636906809723237,
        2.334142494545857,
        -0.2673638699090219,
        -0.9968368304032597,
        -1.2543174462320164,
        0.6516404241670694,
        0.9738540792617837,
        -1.6844849631320913,
        0.02006715964391112,
        0.3291263970976017,
        0.5631265998531778,
        -0.3766427992102118,
        0.7799529539731902,
        -0.9410568083335763,
        -1.4225724551713579,
        0.08290543643454479,
        0.9542064017745628,
        -0.36191448429569273,
        1.0275470109432143,
        -1.5987088348778475,
        1.369359901477071,
        0.6288842958426839,
        0.0517899445198117,
        -1.4609978716111884,
        0.6030108300993421,
        -0.9250373980187416,
        -0.03168499297499326,
        1.6903242533953278,
        -1.14156330490184,
        1.0696002492547458,
        1.3820013037492358,
        0.21494213951121988,
        0.375285880091778,
        -0.4547746693324429,
        1.0251389225989598,
        1.137049808145577,
        0.3105459034845325,
        -0.9433368271952366,
        0.691671075648195,
        -0.29395626104728584,
        0.5281535109408199,
        0.8101382181499655,
        0.9354395905883945,
        0.37457212284056207,
        -0.8884948541849387,
        0.7730988382882027,
        0.9927475277958225,
        0.4104975236847331,
        0.9874087305829515,
        -0.34499923738250693,
