{
    "idx": 712651,
    "fights": [
        {
            "enemy": 5,
            "fitness": 87.39196501081939,
            "player_life": 33.40000000000027,
            "enemy_life": 0,
            "time": 383
        },
        {
            "enemy": 6,
            "fitness": 48.394197933704,
            "player_life": 0,
            "enemy_life": 40.0,
            "time": 272
        },
        {
            "enemy": 7,
            "fitness": 90.4517329693055,
            "player_life": 57.400000000000325,
            "enemy_life": 0,
            "time": 198
        },
        {
            "enemy": 8,
            "fitness": 90.08661051127251,
            "player_life": 56.20000000000032,
            "enemy_life": 0,
            "time": 253
        }
    ],
    "weights": [
        0.7198328020839918,
        0.9544985604069467,
        0.1938898998197675,
        -1.1561311824544822,
        -1.3567258997103495,
        0.25631594934193047,
        -0.9343613757712433,
        1.9498203463209822,
        -0.6206166716900877,
        0.8477924357638575,
        -0.5116423916262549,
        -0.9798003144415866,
        -0.8532920834195833,
        0.22425360490422558,
        -0.9647705398107472,
        3.2368533368540673,
        2.419020559790752,
        1.9230165514907187,
        0.6762527120161634,
        2.6323066594384175,
        -2.088576572486786,
        0.08364277778621082,
        1.3698943682110793,
        2.08668428785824,
        0.15491105133026822,
        1.3707005659782316,
        -2.030663262913701,
        0.9448618866066985,
        1.0118769811763877,
        0.5866544661031036,
        0.2111516240951406,
        -0.8727278267357013,
        -1.0309994559750806,
        0.43996967719320995,
        0.99588548025794,
        -0.11419476801565338,
        0.8539709977008821,
        -0.9582146713683519,
        -0.476586009921666,
        0.28275444089628143,
        -0.9560954009167435,
        -0.9315221025578689,
        -0.00273572428908829,
        0.6640119624562292,
        0.6697544362933829,
        -0.6057580961781072,
        1.1758811151751982,
        -0.15123924664019897,
        0.3548775537724584,
        1.4069336373739376,
        -0.8743622218973981,
        1.6221856693410044,
        -1.718146789504282,
        -1.2662344486219546,
        -1.2644116124750404,
        1.7287380648391781,
        0.10717283889982299,
        -0.8873052012440044,
        -2.3376455469846213,
        -0.18103484496491465,
        0.1671586777301185,
        -0.9834667045737769,
        -1.4832006084692875,
        0.27584655907482947,
        1.0166625610629336,
        0.9666262519186658,
        -0.7872739100416687,
        1.1731611747543873,
        -1.0084926283567508,
        0.24859039185170104,
        0.9134822788730923,
        -0.9356164977806474,
        -0.19244016914143275,
        0.33737828674555687,
        0.4010575722886851,
        -2.90711362430792,
        -0.7262910648835219,
        -1.093894138523061,
        1.4077765105806765,
        -0.3663200773307798,
        1.1275608827059267,
        -0.14297858865469262,
        -0.1396788503699785,
        2.7817582328620185,
        -0.4036363920843071,
        -0.7811632412881845,
        -0.1281793620860326,
        1.0617627778014715,
        0.7474707443471501,
        -1.5512216818941993,
        -0.133404272056884,
        -0.37008014251304244,
        -0.0071301654227090665,
        -0.5347462135721924,
        0.4017484151895291,
        -0.46190994640054694,
        -0.7856714354997754,
        -0.24288178607186556,
        1.5505130402229292,
        -0.42577425493463894,
        1.5802295825653356,
        -1.1266955982810616,
        0.7618599790171683,
        0.8288222286005372,
        0.8584184898859532,
        1.0197608120659545,
        -0.34411066362148546,
        -1.2637915023840234,
        0.8585936660250266,
        -0.5447769541814658,
        -0.5018598500706891,
        -1.2630451779435197,
        0.8650878333327806,
        0.3327905804573272,
        -0.9746335909350903,
        -0.19158380030936634,
        -0.35627901453235405,
        -0.9128889361333303,
        -0.3185358553116765,
        0.9967073968651275,
        1.1277782156582699,
        0.3734829826149482,
        0.6377105911628247,
        -1.2504608218504798,
        1.8141972682521983,
        1.0735176985707997,
        -0.1417798486282637,
        -1.1409650727945493,
        -0.30768446823982104,
        0.44306797313164864,
        -0.7299796606811126,
        0.19495079411789884,
        0.9814196129412971,
        0.7372866579922134,
        1.0612386040456032,
        0.8542349217061128,
        0.2268970615717566,
        1.9728167257445377,
        0.8974593772289993,
        -0.6949901632631341,
        1.3500435532917974,
        2.281606155469784,
        -0.6199780354084313,
        1.5409853995487108,
        -0.1889564589159248,
        -1.2278189819085878,
        0.7147467937862767,
        -1.1700544879913526,
        1.2272025371230721,
        -0.26782586612304893,
        0.16536473325620382,
        1.2621121944292348,
        1.3281405190508917,
        -0.4298385742175662,
        1.9373051369315115,
        0.31263805777740306,
        -0.1588953160983309,
        2.623364573547715,
        1.3559450937789328,
        0.029072627119255262,
        -1.514618470701296,
        -0.5809154588347825,
        0.44297026142423274,
        -0.837390086588436,
        0.7442416840764554,
        0.8998215640546497,
        0.1541436829996087,
        0.37802867435082693,
        0.6854171277408213,
        0.10918601970245707,
        -0.9824210354532581,
        0.6499224725024253,
        0.6615645779480044,
        0.23378662927706512,
        -0.03639490435599187,
        -0.35477310261267514,
        -0.07305090210443932,
        -1.319296549220378,
        0.5302019933521325,
        -1.5354158454299536,
        0.06737344641268486,
        0.43556536859689277,
        -0.4041650562637351,
        0.5075469095722716,
        0.004470944943357275,
        0.8093689384409753,
        1.1754774206854304,
        -0.7092243992465959,
        -0.01831687272488553,
        0.3196666922924861,
        0.9712173960633126,
        -0.16456731363813382,
        0.43578991000455464,
        -0.8302609058063244,
        -0.7478690284370286,
        0.37550981683817697,
        -0.2744923312381064,
        -0.7750060875779058,
        -0.7404694197608094,
        -2.726899841322479,
        -0.5555834634094086,
        -0.12787484337701446,
        -0.5970736193003483,
        2.0195527773308233,
        0.03740412653630617,
        -1.3236460149291018,
        -1.303508149889081,
        0.8234608562911897,
        1.0250480650472025,
        -1.4273185953333185,
        0.09571136604496308,
        0.5021742805242543,
        1.3351538179739602,
        -0.584952955122942,
        1.7314958424815958,
        -1.1159118697897665,
        -1.1841716998027714,
        -0.41946179428283775,
        0.5564757915690655,
        -0.9227348845739493,
        1.219133574607046,
        -1.1311794487264957,
        1.0947965925792669,
        -0.45733424202071643,
        0.7231352159986904,
        -1.2137533372385536,
        0.34325680876094566,
        -1.059045618933976,
        0.0934998195278959,
        1.8307986306597288,
        -0.6828309274583604,
        1.1082503556227385,
        0.9059978767002104,
        0.28873544628478526,
        0.6817880477084695,
        -0.7479988820236658,
        0.6644612676039261,
        1.3850472586394607,
        0.30861116120946785,
        -0.24056592795434603,
        0.7096971154368202,
        -0.18255284838477429,
        -0.6364989569069951,
        0.5394733695253535,
        1.2857373764691964,
        1.6387394500413037,
        -1.5835324237763475,
        0.848578588644924,
        1.2952550659448883,
        1.1075523841745538,
        0.596421830364358,
        0.0904785123939772,
