{
    "idx": 705590,
    "fights": [
        {
            "enemy": 5,
            "fitness": 88.91486503108354,
            "player_life": 47.2000000000003,
            "enemy_life": 0,
            "time": 332
        },
        {
            "enemy": 6,
            "fitness": 48.95014399275046,
            "player_life": 0,
            "enemy_life": 40.0,
            "time": 156
        },
        {
            "enemy": 7,
            "fitness": 86.9638995977956,
            "player_life": 23.800000000000246,
            "enemy_life": 0,
            "time": 225
        },
        {
            "enemy": 8,
            "fitness": 86.93788162462296,
            "player_life": 27.400000000000254,
            "enemy_life": 0,
            "time": 331
        }
    ],
    "weights": [
        1.1127508180353674,
        1.1020505546189745,
        1.0138386125636882,
        -0.8624927704446462,
        -1.5920318330792673,
        0.5823798670240273,
        -1.6056061641394488,
        0.9517546418570724,
        0.009889890177535688,
        1.3982317861644735,
        -0.36777824799258596,
        -0.3723099271868585,
        -1.6543691544491466,
        -1.1817259511396012,
        -1.5000718531497437,
        1.348702003582669,
        0.876267516194323,
        0.6047176302153062,
        0.640475680560534,
        2.292823967471997,
        -0.9270512356026359,
        0.28938635675678737,
        1.3598268577620374,
        2.3043055066434435,
        1.1009793878944083,
        1.995763732240481,
        -2.2230066744863115,
        -0.21318127077983534,
        1.4961064294781001,
        -0.32578471557788,
        -0.6651186571722298,
        -0.8521588931451703,
        -1.6388097212100194,
        -1.1355805171675304,
        1.3189473286873616,
        0.9527513670393382,
        0.27344428865923875,
        1.2221287205093307,
        -0.029017428759508086,
        0.8785377041627357,
        -0.4521501811285217,
        -0.451528134224226,
        0.6066767567789041,
        2.4473836896505032,
        -0.03466625122085172,
        -1.2703488744322269,
        1.7118624850566084,
        -0.378289877433629,
        0.7400316005529768,
        1.055255745975763,
        -1.101224337114457,
        1.8584493845573244,
        -0.15238117524337919,
        -1.4800218056467451,
        -0.9346981506512383,
        1.365882528757027,
        0.5742355247707859,
        -0.2597956833868878,
        -1.4537099374799516,
        -0.43601180535608297,
        0.9166617596775508,
        -0.1738506508623463,
        -0.9721878955070804,
        0.7677608767842298,
        0.5450448875151475,
        0.546121494789192,
        -1.514967002974741,
        2.598913373329412,
        0.012521956177815527,
        0.41459481307566903,
        0.8290576006797802,
        -1.1714452044099286,
        -0.16937661122218822,
        0.5891092780849787,
        -0.5155561470809579,
        -1.5006975816135992,
        -0.31192821555791783,
        0.33464725194082273,
        1.262171512711803,
        0.18967153875694678,
        -0.44312577710894985,
        -0.020413744539922302,
        0.6438688704936795,
        2.2135320197962893,
        0.33585977399826705,
        -0.8897904561277249,
        0.5778192773155837,
        1.1515843011003775,
        1.1242117755319423,
        -1.5389100572724514,
        -1.3940376644427037,
        -1.3339902909429067,
        -0.5348820700262437,
        -1.2450470440761392,
        1.2880062099558347,
        0.1566757717447584,
        -1.4088206357291773,
        0.6941150667501906,
        2.408086622336231,
        -0.871593549359562,
        1.0597173845985757,
        -1.639606038671044,
        1.458677633217083,
        -0.911744480128794,
        0.5103436665408245,
        0.6069765330420036,
        -0.6049637971582703,
        -1.775419254016041,
        0.7755526359162985,
        -0.7754783634773578,
        0.16893196634531218,
        -1.0505122124635173,
        0.6202020555426533,
        -0.08009830351472663,
        -1.9144592072048712,
        0.015262924283105741,
        0.2670980650659653,
        -1.4579193107526864,
        -0.11961303123397352,
        0.00796336403428119,
        0.4354262021961017,
        0.3520682958902946,
        0.47129885706873076,
        -1.524806021138347,
        1.7058481058858674,
        2.2863996528074546,
        0.6574047577381239,
        -0.8327197644420276,
        0.32445207172622637,
        -0.013275969856463298,
        -1.0290491074497092,
        0.032606076644005444,
        0.9654379552675535,
        -0.1911860419989757,
        0.5752632699082425,
        0.8965855226126657,
        0.4146303856929091,
        2.309525556669493,
        1.4559009623044008,
        -1.0797275588865745,
        1.5675679485983134,
        1.0683928128379123,
        -1.253059272168371,
        -0.061460969453197796,
        -0.05519681662283891,
        -0.7230980007777873,
        1.8099286129261591,
        -1.307556365585501,
        1.1770566063802905,
        0.9166501939876965,
        0.14867712773477704,
        1.9980040956490452,
        1.8619093516031162,
        -0.3674066080433658,
        1.0375314012733516,
        1.068343927712567,
        -0.2416024221641936,
        1.0886946314341235,
        0.9527899187648223,
        -0.3159590590165706,
        -0.7883917223652924,
        -0.2355580459456822,
        0.22007717171904564,
        0.09781020794669851,
        0.43348190480134624,
        0.46594742052167337,
        0.3303163767102556,
        0.9792201697244434,
        0.14248171212943586,
        0.8695801062509383,
        -1.4175935151867658,
        0.02353062707023018,
        0.8672158156817512,
        -0.04420753728446114,
        -0.04758134848466292,
        -0.8759967503516298,
        -0.7490715412946565,
        0.0014199964621140482,
        1.0908671824754945,
        -2.0651970437175873,
        -0.2908463210226051,
        -0.68212036028553,
        -0.39471829230583083,
        0.7042635603592693,
        0.8134128954323114,
        0.4410561935484787,
        0.5677661834026613,
        -0.7398641926842652,
        0.43320509973410226,
        0.6795471686741014,
        0.04343556351371905,
        1.0075058652375182,
        0.42048729571365356,
        0.5339944724883572,
        -0.44815293424684005,
        0.8778161603214603,
        0.3956338085638601,
        -0.19779482143450852,
        -1.2465187003352265,
        -1.721059661342092,
        -0.46165409537663515,
        1.3170584304474975,
        -0.8704571870448601,
        1.954471085503641,
        -0.5984600177669706,
        -0.8154775495898061,
        -1.4964640675811858,
        1.298924342699715,
        0.8183825127835413,
        -1.7253614232860863,
        -0.3883406105668817,
        0.3187686865401004,
        0.41941484438277815,
        -0.38394619017289855,
        1.6403546912925098,
        -0.6357630218811053,
        -1.2355701581299614,
        0.463431156780553,
        0.9100114720869009,
        -0.8343573007364817,
        1.0892107948326113,
        -1.0433338970067556,
        1.337601993639987,
        0.7514133140703858,
        0.32916029754664533,
        -1.5227631196669829,
        0.8087254922423883,
        -0.8291795801490348,
        -0.12016423399478117,
        1.302654276897042,
        -1.4717931093380126,
        1.3082170010706051,
        1.417690559285595,
        -0.013968165639256763,
        0.09095582749302793,
        -0.7679531780307993,
        0.5821324449798614,
        1.8228810507128042,
        1.1042517432109467,
        -0.007378086632978021,
        1.0864977633240536,
        0.30764090892815693,
        0.015834130752687546,
        0.8944050008066656,
        1.4188836394878375,
        0.19333531827284423,
        -0.7875276468722262,
        0.4097190990310856,
        1.2592485034096772,
        1.611161205899731,
        0.8214491272120614,
        -0.6438778756129021,
