{
    "idx": 700159,
    "fights": [
        {
            "enemy": 5,
            "fitness": 88.63052820481506,
            "player_life": 42.40000000000029,
            "enemy_life": 0,
            "time": 273
        },
        {
            "enemy": 6,
            "fitness": 12.58835394814496,
            "player_life": 0,
            "enemy_life": 80.0,
            "time": 224
        },
        {
            "enemy": 7,
            "fitness": 88.93946500072774,
            "player_life": 43.60000000000029,
            "enemy_life": 0,
            "time": 226
        },
        {
            "enemy": 8,
            "fitness": 86.33574420258549,
            "player_life": 22.600000000000243,
            "enemy_life": 0,
            "time": 374
        }
    ],
    "weights": [
        0.4220653876272281,
        0.30854047119588923,
        0.6675368761002066,
        -1.0692238520260358,
        -0.5601089976573921,
        0.4343326957523182,
        -0.8985237349169486,
        0.674725808645637,
        -0.4526878973892521,
        0.8607420746472347,
        -0.7487290191960249,
        0.4831279608629097,
        -0.7971996420746401,
        -0.5892665213854549,
        -0.5058966984815074,
        1.7047167547252349,
        -0.20732405253225453,
        1.06892751988833,
        -0.06191767626975251,
        1.231532870183624,
        -0.7766240261341031,
        -0.048212601178043615,
        2.127979858276908,
        0.42176478288734554,
        0.5619708953203365,
        1.5824569288060264,
        -0.9874308749519218,
        0.14787546605971197,
        -0.024154989798651435,
        0.43542492564640656,
        -0.3842698947202627,
        0.06708901923346736,
        -1.0695818797765946,
        -0.007893833991971737,
        0.7257106972763326,
        -0.49504932415007746,
        0.4246329581310581,
        -0.6602716197508439,
        0.4608530545752715,
        0.301516314424142,
        -0.5418064361999844,
        -0.9207160454498865,
        1.0370783422801282,
        0.598617767640082,
        -0.36828371765567397,
        -0.844672973941739,
        0.48221702450125786,
        -0.2629685736185764,
        0.4167630853715609,
        0.966761772272074,
        0.3226518117124616,
        1.563719864249772,
        -1.2961125814793348,
        -1.0084907967670238,
        0.0008282612923467686,
        2.1101315253658903,
        0.2038985247227913,
        0.2448427911438008,
        -1.0583128995358653,
        0.5721869500545067,
        0.8911559166483696,
        -1.2828111318309718,
        -1.0302490477703237,
        0.24574975056420248,
        0.42134393485992444,
        0.29391307803315486,
        -0.3654661158965927,
        1.1544093871766563,
        0.07774942185372857,
        -0.16814943421028836,
        1.616218468463991,
        -0.4377954036102542,
        -0.8324871340438351,
        0.3108972501071454,
        -0.6302471689712666,
        -1.8660235369541587,
        0.1585331614479377,
        -0.8534168521735592,
        0.8029278965698715,
        0.8802175071951748,
        0.22407523363166137,
        -0.20490478729947625,
        0.4388411651413694,
        0.18219050072618959,
        0.2785447479844348,
        -0.8090649670283031,
        0.026781014151507063,
        0.33828882174057945,
        0.12042845356538498,
        0.000864523016380625,
        0.15023785885600618,
        -0.6098870801821545,
        0.03097684855843357,
        -0.20457275987684015,
        -0.06850868850401713,
        -0.19544815891405642,
        -0.19883803055002236,
        -0.07000355784560566,
        1.5920607527071213,
        -0.8430361680920107,
        0.9587226590733912,
        -1.2474278694945433,
        -0.2556081044023485,
        -0.34510509051778016,
        0.785284436702368,
        0.5690738883400472,
        0.37706193269882826,
        -1.501239700928514,
        0.9142172041293926,
        -0.9053934896679405,
        -1.2926953539403736,
        -0.12434931525876594,
        0.8244360807574449,
        -0.20182889152211855,
        -0.7898966434689819,
        -0.2945756961043202,
        -0.4576978575615184,
        -0.6957503825747935,
        0.02020419126846689,
        0.7534323534285594,
        0.2580395274897631,
        1.2287134741271621,
        0.4219809612159673,
        -0.8147406228651584,
        1.1651490358926613,
        1.3658817118231732,
        -0.3429491224749112,
        -1.1222244200445146,
        -0.0058019997499322296,
        -0.7513875437824538,
        -0.03869583042280529,
        0.05044834179656767,
        -0.5632050588729185,
        0.2562001131119681,
        -0.4000292634915249,
        0.6810189822977282,
        0.018867014387498222,
        1.2766344224985837,
        0.13555609259216655,
        0.13994996479278435,
        1.7113981241020502,
        1.2390196919302705,
        -0.541603669392658,
        0.3658119450894984,
        0.5470423246103348,
        -0.7875384268447818,
        1.0314900516547825,
        -0.8709653651608621,
        0.8771556632319492,
        -0.3251524583357081,
        -0.3450179674625774,
        1.164264617299153,
        1.7843468535444125,
        -0.11606353166756792,
        1.2909970114129066,
        0.6354228691338805,
        0.24819819880239968,
        0.7211095135396103,
        0.40025934707461,
        -0.17812767962528495,
        -1.1418074067837958,
        -0.24522258339768757,
        -0.12891122126732704,
        -0.7306667893800677,
        -0.03078368624624181,
        0.5393799066544719,
        0.09224463520569762,
        0.8738633755545046,
        0.6073535657603529,
        -0.0957195398527759,
        0.29176554149734996,
        0.12092283474057425,
        0.08181051270294248,
        -0.23683269662204,
        0.8963147775359258,
        0.046545964120144556,
        0.11497033349828037,
        -0.2564165015021017,
        0.4831025173693173,
        -0.1508841980447535,
        -0.7833526864031606,
        -0.13461191484379753,
        -0.5247673908276189,
        0.7846555033169069,
        0.2528885244593345,
        0.31456922498921697,
        0.2990133855564913,
        -0.5318284792056022,
        0.23211970255420036,
        0.4023734664611441,
        0.13883245741277356,
        -0.049874280781741706,
        0.4580568809058829,
        -0.24890925221451982,
        0.19825422765768175,
        1.2946040416355535,
        0.5001699067589682,
        -0.29167867283654675,
        -0.5915588623099549,
        -1.0226885461033404,
        -0.9468398888139578,
        -0.5403710421703701,
        -0.3132792861178484,
        0.49879638198672394,
        0.0019597003239130856,
        -0.7319205631636897,
        -0.9188176336684334,
        0.5925127843538439,
        0.38097119244370026,
        -1.666238416433809,
        -0.3982764447318794,
        -0.05310060314679878,
        0.9802409855626367,
        -0.7767083569294769,
        0.9558638375667546,
        -0.5315482839716134,
        -1.1938176232414937,
        0.527504733800287,
        0.9429582311428362,
        0.24222909622562627,
        0.8650355397130878,
        -0.7241616767277567,
        0.9687184114758366,
        -0.06872640210798311,
        0.14622991860927104,
        -1.2473483014484883,
        0.9729949015797652,
        -0.19606516281652958,
        0.047442386196464445,
        0.3758433763551363,
        -1.0295279362825012,
        0.6865569859224682,
        1.6678779447291203,
        -0.23862776860013918,
        0.5470881040097109,
        -0.8750187607305825,
        1.4200837512453488,
        1.2116772486055427,
        0.6344031595866633,
        0.16366553911907333,
        0.8287043907209455,
        -0.048204353922962816,
        -0.1894899060476331,
        0.8349388188033814,
        0.7719370000853129,
        0.5304869931643357,
        -1.005536804585055,
        0.20353085523349035,
        0.7915198312619052,
        1.2063298894166934,
