{
    "idx": 700171,
    "fights": [
        {
            "enemy": 5,
            "fitness": 87.74384284030168,
            "player_life": 37.60000000000028,
            "enemy_life": 0,
            "time": 410
        },
        {
            "enemy": 6,
            "fitness": 39.5750499825186,
            "player_life": 0,
            "enemy_life": 50.0,
            "time": 227
        },
        {
            "enemy": 7,
            "fitness": 89.84341372532802,
            "player_life": 52.00000000000031,
            "enemy_life": 0,
            "time": 212
        },
        {
            "enemy": 8,
            "fitness": 87.13935834262664,
            "player_life": 29.80000000000026,
            "enemy_life": 0,
            "time": 344
        }
    ],
    "weights": [
        0.5417993449281491,
        0.722837280656123,
        0.5802565334229625,
        -0.08308197933696565,
        -0.34034278957756525,
        0.7058157745684909,
        -0.9925442424296548,
        0.6347661246343759,
        -0.7497839497313991,
        0.741974995539264,
        -0.5349310072905714,
        0.45343402317691156,
        -0.9327516719284729,
        -0.7111113505395296,
        -0.3043222196822685,
        1.6497586000321165,
        -0.13020123683170454,
        1.2015103401762186,
        0.3543506822078384,
        0.5675459604323088,
        -0.02171656640298228,
        -0.5306930410688422,
        1.5649291350355412,
        0.5577731904794929,
        0.5604374942992373,
        1.3972627632343337,
        -0.9390663867660652,
        -0.10474378941886939,
        -0.27198658729209385,
        0.08611622022001239,
        -0.4370763466258242,
        -0.37744039858040634,
        -1.1014488416464319,
        0.04633454583294414,
        0.8696837170235427,
        -0.31155944569375543,
        0.7072112235619554,
        -0.7438379946022871,
        0.15262897270998144,
        0.30820438702497993,
        -0.7520784064295889,
        -0.9158521480780436,
        0.7755130954504448,
        0.7251265720108377,
        -0.48454178985261154,
        -0.6698284482816504,
        0.6542587641017017,
        0.03483864536362194,
        0.31726313538786394,
        0.9497385398063838,
        0.005496951063890136,
        1.5063772940907028,
        -1.2181667844752941,
        -0.9721715840087068,
        -0.29182301949622935,
        1.9034403764769163,
        0.4764490880013181,
        0.1984671819418004,
        -1.445568152538672,
        0.47405296529059077,
        0.9494198433313759,
        -1.0548747991114946,
        -1.2283656356918213,
        0.5508224638601895,
        0.7322850608793307,
        0.7158861966931147,
        -0.3953753703634093,
        1.036837895280019,
        -0.04760542839377514,
        -0.16946931025351686,
        0.8812164694075361,
        -0.16486037688117355,
        -0.7451785914074298,
        0.1179336787010717,
        -0.6479055379952453,
        -2.1571690929448843,
        -0.026776909154177502,
        -0.9745353922898269,
        0.5378730369265986,
        1.1127303026846171,
        0.145633975407104,
        -0.13752503510009903,
        0.6140966395664165,
        0.46918533768011683,
        -0.037897579377511495,
        -0.8751085263573558,
        -0.32465790832740843,
        1.113191048026139,
        0.10888541804598287,
        -0.5948273049416669,
        -0.18052595908482177,
        -0.4445900529003548,
        0.3200366717394624,
        -0.5759280151345425,
        0.8515060243471675,
        -0.18312527267263934,
        -0.13529332890814538,
        -0.11224878080330788,
        1.4592929175063756,
        -0.910615949205512,
        1.1067431413484508,
        -1.2341079185236912,
        -0.06446924910579269,
        0.11989615812612579,
        0.3015630753502155,
        1.0029454280229053,
        0.748275428280187,
        -1.4206153481498058,
        0.9516365246833335,
        -0.5755455682186078,
        -1.1530278177679267,
        0.04907560435224494,
        0.8582992194021529,
        -0.22056849606375378,
        -1.313848557093589,
        -0.051008029312592074,
        -0.020135199575805028,
        -0.9693677464136045,
        0.17134325463937655,
        0.6870046809918661,
        0.3936652042825835,
        1.3586921358739399,
        0.6525595770261249,
        -0.8280506848420185,
        2.3183239550621932,
        1.054777123550307,
        -0.17694849824499742,
        -1.180242180320185,
        -0.5915592267872569,
        -0.8613161820958716,
        -0.09950301944261689,
        -0.053994724622445534,
        -0.3022448969695283,
        0.3946828224541431,
        -0.512689978334755,
        0.9600258027687428,
        -0.3747060256484991,
        1.3642799427722578,
        0.10998149930931077,
        0.6206960835430023,
        1.0890404207942672,
        1.3728066565298036,
        -0.46463219477057577,
        0.3462963354288192,
        0.5707965527004533,
        -0.7960150548191268,
        1.1006137127541358,
        -0.9602554917003294,
        0.9768393557072405,
        -0.5066934581828603,
        -0.37512273304569005,
        1.0957515786042764,
        1.3863716725668096,
        -0.5587898565043063,
        1.2844336062181778,
        0.8184151996638304,
        0.4115258097758853,
        0.7108321081304726,
        0.33452512218244457,
        -0.22178324809303412,
        -1.1258418128160383,
        -0.12326876659267179,
        0.2578898685909652,
        -0.7254892799520577,
        0.07085915389573189,
        0.3038224561073688,
        0.22641620542772273,
        0.9876224382008795,
        0.791984728631491,
        0.4905830305745222,
        0.003947431981277352,
        0.5962088947529823,
        0.8611140638986904,
        0.13445515707121497,
        0.6257703208489155,
        0.14958234990180552,
        0.05886294305535093,
        -0.8889814665932239,
        0.5059930240267169,
        -0.08455824168602526,
        -0.9027575806297403,
        -0.2390097787165153,
        0.39927737401935254,
        0.7239679249421023,
        0.14049910561208206,
        0.5273266520596049,
        -0.10172377170153897,
        -0.5442949608192098,
        0.31661806514207036,
        0.4028866142585493,
        0.4607810355246289,
        -0.17181918169563865,
        0.352506866332057,
        -0.19935198640358145,
        -0.14175013166734682,
        0.9134899375987479,
        0.45135303549183947,
        -0.3678688122761605,
        -0.3085801687733051,
        -1.2892228898134965,
        -0.7771236078268855,
        -0.5053335783308118,
        -0.3464938227052064,
        0.5932989196997341,
        0.12158823629278415,
        -0.8210055306187607,
        -0.8216362808903451,
        0.47852131493558137,
        0.6349072493687737,
        -1.7815500580196135,
        -0.19807289046582088,
        0.1834152309541622,
        0.9709182067500168,
        -0.6425794048146592,
        1.0807808078396342,
        -0.8338180933394848,
        -0.9399015664109078,
        0.2595679490371269,
        1.2087597304942215,
        0.4135480332322897,
        0.9760957894063671,
        -0.9962434831190065,
        1.1999493665454033,
        0.7697036537682069,
        -0.26635779040896945,
        -1.3201951497849178,
        0.8733733373285372,
        -0.5172261509555546,
        -0.02035706815461384,
        0.5709227503853902,
        -1.2539477379748345,
        0.6113060716359466,
        1.751411548841119,
        -0.2953533105412815,
        0.497920813065689,
        -0.9287838942935194,
        1.5502060122179118,
        1.051033177290482,
        0.3383469183962237,
        0.04274701697547348,
        0.9091515712131205,
        0.033525362045186725,
        0.8112156276266649,
        1.252746030313299,
        1.561862475421212,
        0.2168191736183604,
        -1.1086726235817888,
        0.14213619749075335,
        0.6454397254072105,
        1.3130769893130474,
        1.004087055359556,
