{
    "idx": 702891,
    "fights": [
        {
            "enemy": 5,
            "fitness": 89.51982739098297,
            "player_life": 52.00000000000031,
            "enemy_life": 0,
            "time": 293
        },
        {
            "enemy": 6,
            "fitness": 85.03011907701949,
            "player_life": 7.000000000000233,
            "enemy_life": 0,
            "time": 290
        },
        {
            "enemy": 7,
            "fitness": 90.93679627126204,
            "player_life": 62.20000000000034,
            "enemy_life": 0,
            "time": 197
        },
        {
            "enemy": 8,
            "fitness": 90.02661051127251,
            "player_life": 55.60000000000032,
            "enemy_life": 0,
            "time": 253
        }
    ],
    "weights": [
        0.6075294549142423,
        1.2398007814766514,
        1.296617318353339,
        -0.8156334061289372,
        -1.227609604291332,
        0.11002385790464217,
        -1.4131033802667528,
        1.2347725630272213,
        -1.4092078921208606,
        1.4700608420322592,
        -0.061141538893200925,
        -0.5374197549932103,
        -1.079330344406763,
        0.2526286296490812,
        -1.185620323773511,
        2.436537043941441,
        0.9746544689867455,
        0.9309696202072193,
        -0.3133450213332175,
        2.102078778389368,
        -1.628497446846508,
        0.3033072047779807,
        2.355518672350993,
        1.203493892612632,
        0.8085302229941633,
        1.4627270285008451,
        -1.4029150924389386,
        0.5804536475479609,
        1.1821526467281054,
        0.6045753464795811,
        -0.5113205700318703,
        -0.5380607944633577,
        -0.6891077929175736,
        -0.8342162723907165,
        0.5313743236421538,
        0.19480651616282654,
        0.012731248395168052,
        -0.7246991940525833,
        -0.2011267938590884,
        0.7014249944846606,
        -0.17851938252870742,
        -0.951762736919533,
        0.9648053494297929,
        0.9650420254419109,
        0.13250189494781198,
        -0.5775405431351326,
        1.2977774884048998,
        -0.24928522135554398,
        0.057181491369570986,
        1.0713601180149968,
        -0.751703476490292,
        1.142921792470569,
        -1.3557063996738803,
        -1.23756931608232,
        -0.42516066704796296,
        1.6887378052156228,
        0.5496238976660504,
        -0.307689163303958,
        -1.8613908065730853,
        0.47116159764462207,
        0.9584189382350078,
        -0.4378552050394797,
        -0.33971182229738783,
        0.39840566098469077,
        0.38351954695470564,
        0.6964873604949654,
        -0.805952987628703,
        1.1995433056855027,
        1.0684628881996057,
        -0.4436226874231843,
        0.9857056776631118,
        -0.6026115965535381,
        0.0783905912888112,
        0.5454390550298419,
        -0.33856253477926807,
        -1.7702925202841553,
        0.22932686645367606,
        -0.3429578736350253,
        0.7873166977955008,
        -0.1669175053648725,
        0.3884529045055373,
        -0.11847263593927494,
        0.4871388950908405,
        2.30432203490235,
        -0.1746126314944526,
        -0.694272755543411,
        -0.18872697232259322,
        1.0793065680427487,
        0.22444097557531462,
        -1.2163519223809829,
        -0.6438024450595603,
        -0.5026451124481222,
        -0.22223427516490424,
        -0.9562141880512985,
        1.141616894131656,
        -0.8370124527497774,
        -0.7068661306742674,
        0.36974380101398746,
        1.6643882900294982,
        -0.5787964427176986,
        1.1928501815997496,
        -1.8432234025035539,
        0.560655220169381,
        -0.6526091506612905,
        -0.11114025100620803,
        0.8224446923543279,
        0.08885708680988538,
        -1.116936101003476,
        0.9775833870957421,
        -0.4778925239237427,
        -0.660126137200348,
        -0.8337984947585432,
        0.50836758811454,
        0.11098211918039178,
        -1.3651011937600421,
        -0.12856992362522335,
        -0.18870211976467036,
        -0.5498190201372029,
        -0.02994492522385189,
        0.5293203149380735,
        0.10862365143638232,
        0.18290261535331492,
        0.1821119347386137,
        -1.051100136340521,
        1.3231140964297476,
        1.4333199843566302,
        0.7710124114594055,
        -1.4218171444385275,
        -0.4305605394754862,
        -0.1853895124789417,
        -0.6218538103680078,
        0.7519270149583606,
        0.15545298097790755,
        0.4561730464938484,
        0.36048242869344116,
        0.5882024139207779,
        0.20650025612998033,
        1.740487690673438,
        0.39629924054626753,
        -0.7837159622200732,
        1.4261581829035115,
        0.9414732095855174,
        -1.1896562365601888,
        -0.17071335321156314,
        0.44089938853813093,
        -0.6442227347080012,
        1.5742773244579364,
        -1.7360055350238153,
        0.9961777505971958,
        0.5275944238113611,
        -0.0714965721214551,
        1.5634618379755088,
        1.4384983564422282,
        0.3253659531112109,
        1.412115020813047,
        1.2145595017269473,
        0.22850169935637712,
        1.4236508270602655,
        0.82828582368129,
        -0.638500924231171,
        -0.9923162468583175,
        1.2259886087565273,
        0.05704325717164727,
        0.031802575167979893,
        0.8749410419823831,
        1.3988191560216547,
        -0.41292946272518904,
        0.8746557711009995,
        0.5620032685570914,
        0.6710032766968119,
        -0.07452664491325306,
        0.06903127803810113,
        0.3594005736754904,
        0.5843017714199307,
        0.016035146119673032,
        -0.8259429627790558,
        -0.5896827548520079,
        -0.7378402104654337,
        0.10900066408927063,
        -0.7673845427287851,
        0.10825985658278436,
        0.5109317372517526,
        -0.37954661343759394,
        0.7330892833009028,
        0.32131196503124493,
        0.9463144429253729,
        0.1860399197984707,
        -0.7751628065464198,
        0.06851506375212457,
        0.7467850856633944,
        0.22060325385973886,
        -0.008156115259189009,
        -0.14093107238528912,
        -0.2203308730411085,
        -0.11476685043911895,
        1.2686041651817836,
        0.22293472122410332,
        0.09820309834868338,
        -0.3710006279593047,
        -1.9219792615992481,
        -0.4463483823657092,
        0.08542394113685171,
        -0.01410551038541348,
        1.6185567983070082,
        -0.298399959733355,
        -1.1725830181119075,
        -1.3856608013201033,
        0.47933650073931366,
        0.7821346897944366,
        -1.4649780571007003,
        -0.6266531102080725,
        0.6386970242239651,
        0.5649980517977107,
        -0.21889895316607852,
        0.8107090110495716,
        -0.8960559880552581,
        -1.3922943716034797,
        0.31030821436760936,
        0.9345742517877603,
        -0.39367065273013185,
        1.0351198069031284,
        -1.4702270215212256,
        1.3213575554168673,
        0.12056375304250275,
        0.41587905479110054,
        -1.3865119094146179,
        0.9045084924979067,
        -1.4338322912259327,
        -0.11761398048597044,
        1.4643864484355897,
        -1.2507163505138787,
        1.2684620196420124,
        1.3178223943422525,
        0.02126982478648183,
        0.21094953724483728,
        -0.4476933499788416,
        0.6712038815706854,
        0.887876505309178,
        0.3493186659475256,
        -0.6994119110853614,
        0.9569592587581874,
        -0.12024317207847157,
        0.2716340134937984,
        0.9128233176704639,
        1.1944070717791915,
        1.3696577082620391,
        -1.123536540561332,
        0.5784304616780208,
        1.0364139530479923,
        0.2762132882208818,
        1.1321712637075196,
