{
    "idx": 702854,
    "fights": [
        {
            "enemy": 5,
            "fitness": 84.33777673454486,
            "player_life": 5.800000000000233,
            "enemy_life": 0,
            "time": 514
        },
        {
            "enemy": 6,
            "fitness": 84.60322890233346,
            "player_life": 2.200000000000234,
            "enemy_life": 0,
            "time": 275
        },
        {
            "enemy": 7,
            "fitness": 30.662461920298682,
            "player_life": 0,
            "enemy_life": 60.0,
            "time": 208
        },
        {
            "enemy": 8,
            "fitness": 88.81968822339262,
            "player_life": 45.4000000000003,
            "enemy_life": 0,
            "time": 305
        }
    ],
    "weights": [
        0.5747731158992259,
        1.0063385341254667,
        0.6931849768898554,
        -1.0632515496742576,
        -1.2674630256297363,
        0.029397139956142394,
        -1.5119319098536546,
        1.1255070272687249,
        -0.24320917469445122,
        1.5329167192836448,
        -0.4364989935864111,
        -0.29709273065639213,
        -1.0330372404368324,
        -0.015839053546852513,
        -0.7336558026864781,
        2.646583429337888,
        0.92989251522732,
        0.785978788065274,
        0.44784210946713776,
        2.3885500863482223,
        -1.667065771972289,
        0.5194845109187198,
        1.5782297103058105,
        1.3692880876718005,
        0.618209156786113,
        1.4778260610719591,
        -1.8173739347497209,
        0.4234384154599002,
        1.1080029401573241,
        0.7897451781263284,
        -0.7604529332811347,
        -0.6277835253597638,
        -0.8268642788525574,
        -0.7107738194423736,
        1.2141707678647031,
        0.0963863436075797,
        0.30778248611888487,
        -0.7474984994125999,
        -0.19039679359893041,
        0.7625012935944908,
        -0.2712898029806148,
        -0.9553051580574548,
        1.4378079378287005,
        0.47184629744608597,
        0.0627865660820019,
        -0.30679642356921266,
        1.3160455151909647,
        -0.2532835995008937,
        0.39562636753935,
        1.3432302366967734,
        -0.7753091218549623,
        1.7680701808131267,
        -1.6078829895833646,
        -1.3840804200252965,
        -0.42580577240340844,
        1.2034292718907507,
        0.48849861191322785,
        -0.35789043237716767,
        -2.102216071269576,
        0.8613798583477386,
        0.8653355586364506,
        -0.6971920272251395,
        -0.30827806364884136,
        0.7614357197816053,
        1.0896729867847639,
        0.5878413753218964,
        -0.8335018188407586,
        1.072777037520219,
        1.0716657609424827,
        -0.4226031280677148,
        0.7080346544613862,
        -0.6311742014954299,
        0.06761438112055465,
        0.4179071371115387,
        0.0949544520831782,
        -2.0536055417227748,
        -0.4499390711470598,
        -0.18960407310570201,
        0.9572723660245599,
        -0.3771909214354735,
        0.6164299779779704,
        -0.20407130379205213,
        0.29936297558234387,
        2.308392881924101,
        -0.24570046446965102,
        -0.7491155601985194,
        -0.3258412810154916,
        1.036611148097273,
        0.06841010965842922,
        -1.227732552730168,
        -0.6420043926070247,
        -0.6799809104837835,
        0.17026475639209138,
        -0.8134595838557268,
        0.6328075036398647,
        -0.8523842754105635,
        -1.028012172005535,
        0.09398217983225716,
        1.4217521653388383,
        -0.5307495483964868,
        1.5073746439579259,
        -1.958378546110827,
        0.3931142494648168,
        -0.4915308288604607,
        -0.14172676758693545,
        0.550109214767893,
        -0.01909400373712511,
        -0.9204824603868011,
        1.0409947869574139,
        -0.9052294936800129,
        -0.9674021478766754,
        -0.44814757905931457,
        0.43212217674006426,
        0.1337857638889348,
        -1.1058012069816268,
        -0.24442808546968925,
        -0.047738652513293914,
        -0.49997142719960574,
        -0.03957436905402909,
        0.33507876699460337,
        0.11300997970795001,
        0.454645111188523,
        0.5371242911610314,
        -1.1113807810118257,
        1.626665091061258,
        1.7153658661014282,
        0.5240536611524869,
        -1.2767994593242995,
        -0.7801518834994193,
        -0.19682527315380746,
        -0.379896822372626,
        0.5384228658098736,
        -0.023768582292172238,
        0.8529969783663209,
        0.3532771443798252,
        1.0313506972140078,
        0.38785049901644025,
        1.6188158092532927,
        0.38855233312075665,
        -0.8328499140030555,
        1.4847213353016073,
        1.1556217144983285,
        -0.8808450386515081,
        -0.24180627769666485,
        0.12134204993918793,
        -1.1482696256152818,
        1.422543820749978,
        -0.910364952014104,
        1.2561951220485474,
        0.9111534899448057,
        -0.02015488428966252,
        1.5529567323884625,
        1.5635538758207719,
        0.5394619511748256,
        1.326621659292952,
        1.0893675392784217,
        0.10093588273622105,
        1.2389455696435563,
        0.8519870963090787,
        -0.43719066421742825,
        -0.9240602341845251,
        0.282601266086862,
        0.05274028408954047,
        -0.2747637525480716,
        0.773935613515295,
        0.33094163555234574,
        0.1812505608444382,
        1.0817021326196405,
        0.6745470957860328,
        0.7025012601555424,
        0.07868118854254975,
        0.027508110301737047,
        0.7311407847990822,
        0.6976788962376608,
        0.08153951374710426,
        -0.8107095081497785,
        -0.7999404586542026,
        -0.5761119612858094,
        0.32555047918257435,
        -0.9033888350774771,
        -0.18741486105875937,
        0.36107339259472154,
        -0.6498229835829226,
        0.6879872832856695,
        0.23329409661709138,
        0.9144274808534738,
        0.28002992305947133,
        -0.3344026540420496,
        0.1643268837241237,
        0.7466144729270833,
        0.2621012460475761,
        -0.32855744546826254,
        -0.0722443829861237,
        0.35182490319221715,
        0.12100323176623012,
        0.7774237838444603,
        0.21336298107334487,
        -0.009848903335873335,
        -0.16973009336837377,
        -1.9415317003119907,
        -0.4450648656543364,
        0.206028400084671,
        0.133004822781826,
        1.9714881753589486,
        -0.4037618807294812,
        -1.1927417655195884,
        -1.372768412322601,
        0.44714858398634705,
        0.713075291990771,
        -1.8285240172443344,
        -0.0910439528535586,
        0.3346641776880465,
        0.5594519572811493,
        -0.6428523268851922,
        0.5919634006628064,
        -1.0619856883593108,
        -1.3900629277029275,
        0.04258811868274537,
        1.0042194334241135,
        -0.19145808386357702,
        1.116235423812851,
        -0.8508769101012414,
        1.2065334269529082,
        0.5936823481609751,
        0.3074427374286659,
        -1.2055989558866682,
        0.6244915182375365,
        -0.9708700079352841,
        -0.2188934172989962,
        1.9651288238758793,
        -1.4085064019707163,
        1.0992289863753977,
        1.3383639568668348,
        0.07042385461603139,
        0.6239793006588598,
        -0.49170018123645043,
        0.8534869985790643,
        1.081354778818798,
        0.7438392108807026,
        -0.4534426966436393,
        0.9228802078482246,
        -0.0706679996247167,
        0.67668254537969,
        0.8395693323302764,
        1.1742683659767987,
        0.6864457130147412,
        -0.8215083522562739,
        0.6575562569854744,
        1.0897453442476495,
        0.5658269380179032,
        0.6373951607778492,
        -0.7091058669572418,
