{
    "idx": 703255,
    "fights": [
        {
            "enemy": 5,
            "fitness": 90.09282822853991,
            "player_life": 55.00000000000032,
            "enemy_life": 0,
            "time": 223
        },
        {
            "enemy": 6,
            "fitness": 30.5446788846423,
            "player_life": 0,
            "enemy_life": 60.0,
            "time": 234
        },
        {
            "enemy": 7,
            "fitness": 88.1638995977956,
            "player_life": 35.800000000000274,
            "enemy_life": 0,
            "time": 225
        },
        {
            "enemy": 8,
            "fitness": 86.33574420258549,
            "player_life": 22.600000000000243,
            "enemy_life": 0,
            "time": 374
        }
    ],
    "weights": [
        0.3631054131192508,
        0.435607636183688,
        1.3009994682274582,
        -1.0327848718209307,
        -0.453242789198695,
        0.5980179376676041,
        -0.9591239979219607,
        0.668821592231052,
        -0.23702844354234448,
        0.5914480480542408,
        -0.5508988167507678,
        0.5082996379758501,
        -0.8205786107693435,
        -0.6165459885412261,
        -0.7071137078570262,
        1.2436283037643308,
        -0.27933949115576223,
        1.0366174931262806,
        0.1611682969613862,
        0.5606320130814589,
        -0.8815805544337663,
        -0.07368106424570038,
        2.0912062125745647,
        0.6614919809318675,
        0.8247106605286674,
        1.6902249995416865,
        -0.9165931815051852,
        0.24156632191305735,
        0.5880441530449644,
        0.25005347734750694,
        -0.6989201244656824,
        -0.4933428156800043,
        -0.6609598476935802,
        0.5206351891479306,
        0.849815010035347,
        -0.5101256325625184,
        0.4082087420823145,
        -0.6075824099621786,
        0.6395574919452585,
        0.12417048807981362,
        -0.42227030552076517,
        -0.8832452883426116,
        1.131606620851828,
        0.14187101983261852,
        -0.33051845640680566,
        -0.4371159426564311,
        0.6794070756574802,
        -0.16056719662957195,
        0.136922506245451,
        0.8027615853675255,
        -0.1665847760417331,
        1.3809182901951993,
        -0.9576187821252028,
        -0.7125095974413519,
        -0.4218411147149034,
        1.9006743542950504,
        -0.19524176393547096,
        -0.23560783211663852,
        -1.3155504102887479,
        0.4767912635411533,
        1.0259660825892338,
        -1.2337774665633896,
        -0.8355844156555198,
        0.4471303974208802,
        0.09623791245868649,
        0.4488546874026433,
        -0.44332192677141125,
        1.4005943029388033,
        -0.8591274328978928,
        -0.0027036428412577154,
        1.3096665166411452,
        -0.4327116143297528,
        -1.017658476716791,
        0.23641113595395355,
        -0.5167962341242479,
        -1.5088252278588994,
        0.48389111644812494,
        -0.672678638961802,
        1.048231718692097,
        0.4807559797574769,
        1.1623483619651545,
        -0.00947852193721442,
        0.29878855417038747,
        0.2781439180783305,
        0.057785333004642156,
        -0.4708456278559753,
        -0.18770609565455038,
        0.8791985153588598,
        0.17867187290638592,
        -0.28123398259565024,
        -0.4459004247564959,
        -0.34917518999226155,
        -0.08019914238827756,
        0.09096840272526496,
        0.4042743053325323,
        -0.8561157093347953,
        -0.6506113339660891,
        -0.012998955640178736,
        1.4436636835517236,
        -0.9894879405067727,
        0.8396874206975008,
        -1.5113472176077178,
        -0.34973506194762893,
        -0.32606190883664754,
        0.42672759921366943,
        0.5240038233454704,
        0.39562529484381986,
        -1.518467079686913,
        1.394517547360291,
        -0.390049949946364,
        -0.7587983116368927,
        -0.07151279912926481,
        1.1032889028283417,
        -0.45326243678887485,
        -1.3856422856091797,
        -0.10629099978568207,
        0.3487334667493023,
        -0.34377789517187674,
        0.20831540726499959,
        1.2095786274301865,
        0.34717222768002026,
        0.9884878724461554,
        0.7374412145357542,
        -0.8641416814568282,
        1.1578445706136886,
        0.9987857291353311,
        0.2016067057273852,
        -0.8068005237448503,
        -0.5205679229212956,
        -0.6914114677469444,
        0.329403090500443,
        -0.3499758810331695,
        -0.22015029253050228,
        0.8916180280884488,
        -0.15019914475812735,
        0.6791584158446566,
        -0.3101830616373963,
        1.4093119773063214,
        0.04076967524451873,
        0.41470371140614837,
        1.4550784559987502,
        1.0209148907453103,
        -0.1148955123677292,
        0.5767796574107427,
        0.6480398184321454,
        -0.9487900165497334,
        0.9890769173255777,
        -0.789436032030289,
        0.5548020541402555,
        -0.17542507062601506,
        -0.5854256353394631,
        0.7628423113985486,
        1.464314088437593,
        0.4615010877638219,
        1.0834855798012568,
        0.3939318299187222,
        0.1824470044075483,
        1.0806052857612358,
        1.1316433290705028,
        -0.22319541280977032,
        -1.336050617971218,
        0.25902419117502384,
        0.0317419072226031,
        -0.6787081014486,
        -0.27519076751594673,
        0.37263198063768865,
        0.3080814607076606,
        0.33994579968457367,
        0.5788042003029856,
        0.06654194232095148,
        0.09227768068084248,
        0.031855533078287944,
        0.5539586835955266,
        0.07908911057652157,
        0.5278534830878543,
        0.28063204013203163,
        0.3325464594972914,
        -0.31074982362918824,
        0.0770824241423212,
        -0.11634451065938228,
        -0.6741215640563207,
        -0.14713438680449403,
        0.15642330688751455,
        0.8578533312973153,
        0.1763438063300429,
        0.5404911873700694,
        0.022312776198924168,
        -0.3471609374520039,
        0.040170025025286514,
        0.5214061437855575,
        -0.20533799370244002,
        -0.3434482394788245,
        0.18991274066618224,
        -0.6012443051163959,
        0.0477435930115573,
        1.4032281276312621,
        0.3440434349820451,
        -0.17424485821401348,
        -0.655493327806125,
        -1.071140159528545,
        -1.107975610765831,
        -0.7817486938582904,
        -0.24396834394784037,
        0.8202859107861381,
        0.32622036326449844,
        -0.8646812589835287,
        -1.074132040356493,
        0.9997582256587951,
        0.8609844646647377,
        -1.5775442067455605,
        -0.1649350177803505,
        0.19819031130641976,
        0.6332684780375955,
        -0.4363893746068126,
        0.9881896600441377,
        -0.46894511503552594,
        -1.3073909384648943,
        0.5309218613554612,
        1.1940478873069156,
        0.2918113426950033,
        0.8387254029664301,
        -1.170361007906183,
        1.3154600991299428,
        -0.24399920377566114,
        0.09775299277523572,
        -1.5901453971851327,
        1.220567606563999,
        0.12441828185584775,
        -0.16307539950719843,
        0.6209899085415242,
        -1.2920762757485944,
        0.6055679946252978,
        2.3172382577738393,
        -0.1608466015155214,
        0.6836686632394579,
        -0.9679626087145307,
        1.137311012887588,
        0.43948318524385044,
        0.482197289444632,
        0.5017359814467577,
        1.2032311537552414,
        -0.2892838830253557,
        0.17833844979936345,
        1.066118730644059,
        0.03633010120667216,
        0.28811581420878474,
        -1.17983464481523,
        0.2623778589414977,
        0.19812933144293982,
        2.0437224443194415,
        0.973745262141781,
