{
    "idx": 703270,
    "fights": [
        {
            "enemy": 5,
            "fitness": 89.16649699436175,
            "player_life": 50.80000000000031,
            "enemy_life": 0,
            "time": 370
        },
        {
            "enemy": 6,
            "fitness": 48.52353644806849,
            "player_life": 0,
            "enemy_life": 40.0,
            "time": 239
        },
        {
            "enemy": 7,
            "fitness": 85.21703951986407,
            "player_life": 8.800000000000232,
            "enemy_life": 0,
            "time": 288
        },
        {
            "enemy": 8,
            "fitness": 89.1866105112725,
            "player_life": 47.2000000000003,
            "enemy_life": 0,
            "time": 253
        }
    ],
    "weights": [
        0.32516740831666047,
        -0.04170525035860943,
        1.408661763903783,
        -0.7335278017931776,
        -0.6780312359591406,
        0.45562316210929804,
        -1.0871354710406071,
        1.1208369579844644,
        -0.9547353007572482,
        0.39495345666854964,
        -0.3176561638911302,
        0.5802448648674903,
        -0.7595626714532026,
        -1.0750212291144765,
        -0.8668197098616548,
        1.9833481429665678,
        -0.255011637399105,
        1.3497340881909492,
        0.24650832305590553,
        0.46658931403425835,
        -0.6254169236010969,
        -0.35330838199668196,
        1.753033938973504,
        0.509189850823012,
        0.1759543883350323,
        1.5396099812320163,
        -0.9299923067221186,
        0.18067288427643935,
        0.09682228900298297,
        0.38652186040538733,
        -0.37136937793143004,
        -0.377071305326012,
        -0.974575337649768,
        0.22366366072050467,
        1.0608921710808852,
        -0.25093446500156935,
        0.7998662061193949,
        -0.6380871014567525,
        0.5084686466950749,
        -0.09781107661784744,
        -0.5905718551121549,
        -0.9643381054948479,
        0.7797070702174596,
        0.5218449655912973,
        -0.17353465562621523,
        -0.37979877122052197,
        0.6568905428658904,
        0.6912076323118997,
        0.17014385453889092,
        0.6398938933090931,
        0.3472302036893917,
        1.4007157430637882,
        -0.8455465859295311,
        -0.6391434421838618,
        -0.14998995368791387,
        1.9864201740362022,
        0.6855296404696556,
        -0.01944834570497264,
        -0.8463355207584882,
        0.5008577522290167,
        1.170968203799134,
        -1.2026725394187028,
        -0.9068143609954449,
        0.41980913774768736,
        0.4771184053536558,
        0.34361635050374495,
        -0.7226213636403984,
        1.4311404617450565,
        -0.7950740880584434,
        0.009918991022534056,
        1.140270768588761,
        -0.3037501185681735,
        -1.0552204217654473,
        0.28746180819605444,
        -0.829267508746151,
        -1.481033207975283,
        0.21956695056218378,
        -0.4560604517229425,
        0.7658840691774295,
        0.5686326554181167,
        1.1773766575950566,
        0.3046463605037463,
        0.4659206046566999,
        0.3934696601760951,
        0.3032129234512641,
        -0.7024927277511737,
        -0.6906049922514882,
        0.645852038696014,
        0.03678253146018223,
        -0.5145272478374151,
        -0.30770043700165134,
        -0.5333018785491846,
        -0.33218506828411054,
        -0.36895158887863244,
        0.4900015150642811,
        -0.6253349122840937,
        0.023066266543569375,
        0.2516222903367363,
        1.4424873089192893,
        -0.144801796237283,
        1.0171991148928372,
        -1.5084465246671301,
        -0.32652241622778844,
        -0.3604519438741508,
        0.30607099309181524,
        0.34357087892762983,
        0.5012046554641792,
        -1.5556017459651021,
        1.017086654031254,
        -0.8504373101237399,
        -0.7776190992761828,
        -0.17874365674129267,
        1.127578507658981,
        -0.47609254422297476,
        -1.2994119006884757,
        0.2116955579110051,
        0.30215958032054724,
        -0.8363282656488296,
        0.19903718806366155,
        1.3013268685251076,
        0.029273962844171816,
        0.9149445621206509,
        0.4829058872336844,
        -0.780409389786563,
        1.1683931712936204,
        1.2367652338084587,
        -0.03539097897472328,
        -0.9310347249000502,
        -0.47554951471544044,
        -0.6195342104636232,
        0.3574637248421117,
        -0.33129603523754103,
        -0.43691333312612507,
        0.39224496956420696,
        -0.46388197236678697,
        0.129404202905942,
        -0.20201024474349252,
        1.2482097978895585,
        0.0685597769755177,
        0.31839568848945154,
        1.3044807224941963,
        0.9995976571024561,
        -0.3906701150007016,
        0.6951990306925157,
        0.448575004369078,
        -0.7254366936965763,
        1.0094852941972103,
        -0.5932462205806005,
        0.9101770886001356,
        -0.4823939811538161,
        -0.16511816611044286,
        0.8653375178971242,
        0.9541402363666834,
        0.150077095429072,
        1.1567095576239521,
        0.2013676618010951,
        0.09542124548425812,
        0.8205233156019632,
        1.1858865335874798,
        -0.17129011873741273,
        -1.3243411988157265,
        0.2001833480726392,
        0.34568141076900516,
        -0.5688615488956228,
        -0.5817641003176925,
        0.4875841560605335,
        0.11279355477985745,
        0.14030874348149466,
        0.5741706729257888,
        0.17048149974268326,
        -0.01115561045434014,
        0.26371675678203077,
        0.5654372587378083,
        0.14321109458266834,
        0.6110091585575047,
        0.006322374151122176,
        0.4681044036100811,
        -1.082486512576019,
        -0.1936700853770337,
        -0.00552058982427343,
        -0.7501239963794151,
        -0.3232777613018164,
        0.046715294604775796,
        0.8956982651378212,
        0.08669327527345594,
        0.5407533072148367,
        0.050396652786476676,
        -0.17541388721328785,
        0.18095021126762584,
        0.5197779811448743,
        0.14589669116665221,
        -0.1096954395775154,
        0.058773435451588765,
        -0.3037454422708374,
        0.3268422039555474,
        1.3189635205547299,
        0.34895868599983365,
        -0.10578213175667185,
        -0.8914479693481824,
        -0.8165970005355713,
        -0.8522154674641393,
        -0.4978071672646731,
        -0.42907432774370335,
        0.5814790579630008,
        0.2224748103183502,
        -0.5959863868140898,
        -1.0612356779267933,
        0.9014748713465355,
        0.8941873442301984,
        -1.4163167412088875,
        -0.06261769877632133,
        0.3418378137346424,
        0.5692310932064364,
        -0.6235850920461933,
        1.0278146219303927,
        -0.16383386698609434,
        -0.5900426363539144,
        0.8136265594386053,
        1.0105023021972541,
        0.38731203663146624,
        0.8500978396199211,
        -0.8691114972556734,
        1.300491797472005,
        -0.22456334172137496,
        0.47923006336716056,
        -1.5962905863143098,
        0.9580961050903218,
        0.39712424697674015,
        -0.158372950147152,
        0.5173197759757446,
        -1.7633392763120064,
        0.40651336916445313,
        1.6777280555459582,
        -0.19268308893442854,
        0.49156983567291723,
        -0.9378783790682046,
        1.3911816762351799,
        0.7210278947282033,
        0.532580639989337,
        0.2314569871108592,
        1.1602925415997778,
        -0.22589397422874005,
        0.7531528572040116,
        1.222986207151455,
        0.08629818380835659,
        0.40940513367913955,
        -0.7295396919715763,
        0.1504319791988833,
        0.16970426408550043,
        1.4421089534299465,
        0.4598385405619919,
