{
    "idx": 46,
    "fights": [
        {
            "enemy": 6,
            "fitness": -5.62040086571715,
            "player_life": 0,
            "enemy_life": 100,
            "time": 276
        },
        {
            "enemy": 3,
            "fitness": 85.59611293289346,
            "player_life": 16,
            "enemy_life": 0,
            "time": 405
        },
        {
            "enemy": 4,
            "fitness": 20.84939723155372,
            "player_life": 0,
            "enemy_life": 70.0,
            "time": 469
        }
    ],
    "weights": [
        -0.49039701683616493,
        -0.6594800855867755,
        -0.28617806776851384,
        -0.37516908897783036,
        -0.2844442547264682,
        -0.8509620611951894,
        -0.021615500349988496,
        -0.4935784245466351,
        -0.15356516573779724,
        0.8723780448536156,
        0.6324048544137214,
        0.8597636705723372,
        0.03429798653760101,
        -0.8627511334765245,
        -0.28404556767249195,
        1.0824593752563243,
        0.6189724648702881,
        -0.388925501844148,
        0.7103260133701735,
        0.8969338475846627,
        0.26277110760893396,
        -0.5495413178262502,
        -0.5667502114875707,
        0.6875207309955923,
        0.5432352916862017,
        0.04804652745314544,
        -0.08763547877080767,
        0.6436458865470617,
        0.717715892146163,
        0.5258628964281897,
        0.09158463903426614,
        -0.08601570130419793,
        0.5802246856896108,
        -0.048573058112527524,
        -0.5228483443901015,
        -0.20597581623864203,
        0.1998641479309965,
        0.27531366757231895,
        0.7574528884812454,
        0.16380697301485475,
        0.7819290043965096,
        -0.5789619608661163,
        -0.24681652194783074,
        -0.6973552018199773,
        0.6412457698690638,
        -0.5229914844797069,
        0.7997120743120391,
        1.0243432464672124,
        -0.9151679809016477,
        -0.5808867408342111,
        -0.18322261038970716,
        -0.781454654475494,
        0.20575886541820093,
        0.12379165558713516,
        -0.06069102212733219,
        -0.4691672907784832,
        0.2885996953616939,
        0.7235465567603896,
        0.18410533387651784,
        0.6745330571253065,
        1.5269752724579018,
        0.09626046256915698,
        -0.7245971982939297,
        0.02523177003939593,
        -0.7197197268255701,
        -0.6832604042452,
        0.7151545927333968,
        -1.0639931065058497,
        -0.08620462175716856,
        -0.19018206014488942,
        0.4836044416963482,
        -1.0518797609613777,
        0.8948981940171337,
        0.4331888051588256,
        -0.29262357707161923,
        -0.49380883175432555,
        -0.37923997871980075,
        -0.006664084758249311,
        -0.6270989620791988,
        -0.4106760898327055,
        -0.6895126217755279,
        -0.819461365850356,
        -0.14553824396122383,
        -0.0026153223544216845,
        0.3044710552956566,
        0.8000316169439461,
        0.21256048535522792,
        -0.5462250158605405,
        0.2313857117129589,
        -0.13495423379729773,
        -0.008543968279011216,
        -0.15023428796593347,
        0.0616284575190352,
        0.28794950594897856,
        1.0114461225611133,
        -0.03724582103923406,
        -0.8373661412171461,
        -0.5722685184917539,
        0.6384244257985936,
        -0.7214834404544689,
        -0.8690967039673958,
        0.6435418344652838,
        0.5194574971697186,
        -0.7738178874696665,
        0.623082315069281,
        -0.7821820054276748,
        0.3020859247025049,
        0.5611020713777376,
        0.3087815697682361,
        -0.9044674807405503,
        0.3751662176719098,
        -1.016865540384452,
        0.6977054378903842,
        -0.4784835642439234,
        -0.9034332163821136,
        -0.9978222962282011,
        0.24824783704651804,
        -0.21614960559265223,
        -0.8553156565756364,
        0.1319486220949171,
        0.08344696337411095,
        0.48183740306470185,
        0.7456782706229995,
        -0.6899847726301064,
        0.5038169372621137,
        -0.23520963450637866,
        -0.15315531604818494,
        0.3273751157265892,
        -0.7326833300941041,
        1.0795425636061686,
        0.7732039579760185,
        0.45780610554382667,
        0.8766814612091649,
        -0.4928189696623092,
        -0.7228506240337835,
        0.367004022230873,
        0.5732858208279401,
        -0.11974389224498916,
        -0.9168698653367133,
        0.13655833601512404,
        -0.8597926770487991,
        0.3633772544215554,
        -0.9742141295134414,
        0.8154451129247865,
        1.0138715941021441,
        0.3792619341004598,
        -0.16478729427182764,
        -0.3190664189020589,
        0.3675160569517519,
        -0.7400289548005307,
        -0.9065818002781287,
        0.3496216145484329,
        0.3586996363681748,
        1.0835686011861247,
        -0.45267350161636066,
        0.36459914424253104,
        -0.8385314971814549,
        -0.6517603451936671,
        -0.08267501581482507,
        -0.36972940912740015,
        1.46501854277643,
        -0.14906541196926976,
        0.3646718302858486,
        1.0352931821386313,
        -0.6842369172865981,
        0.7074021394025154,
        0.9220654610413702,
        -0.09305100785325301,
        0.8636589836575856,
        -0.09058800784193091,
        0.012571253288809078,
        -0.7281895323773045,
        0.266770212357431,
        -0.8064785820314716,
        0.236685510951776,
        1.5888165666929324,
        0.8332710016756096,
        -1.0113187489012794,
        -0.22303014259761736,
        -0.27659363852385493,
        -0.8265967792439193,
        -0.922261291830045,
        -0.12730060078687358,
        -0.8638657600428864,
        0.5287939987001228,
        0.2973462086774753,
        0.8520617782685879,
        0.6943340813938724,
        0.2748445929397004,
        0.7143305120200099,
        0.7863832920363586,
        -0.9260794094763559,
        -0.6831274461683239,
        -0.6015977270741217,
        -0.21307946304963726,
        -0.28179795627529663,
        0.7574082869196243,
        0.8637139910378878,
        -0.406834624905601,
        0.3284042176685747,
        0.23898759843519268,
        -0.6619242881547514,
        0.6933435922146749,
        0.5775862796313193,
        0.753534659647874,
        -0.3735363235447825,
        0.6175432561988996,
        -0.8090039944481359,
        0.16824938903459044,
        -0.7863267533466557,
        0.11731860810315103,
        -0.22735785102408435,
        0.7522986098995087,
        0.21754423018905153,
        -0.5627670312604979,
        -0.7378550205460412,
        -0.025870881740835044,
        -0.218652547489988,
        0.6025213638773549,
        0.36207907965948805,
        -0.5378317822969355,
        -0.6253909188803715,
        1.0069327815805582,
        -0.18886557959243977,
        -0.5031013031698511,
        0.697293688264611,
        -0.9590479904277518,
        0.22071148550434877,
        -1.0808675655727134,
        -0.7506515457610704,
        -1.0251370442455172,
        -0.8081432287436203,
        -0.9082376173087292,
        -0.34676062642797956,
        -0.6811886291189517,
        -0.528941617057788,
        -0.20524814738554747,
        -0.06257660285553285,
        1.1493959935080291,
        0.7262715846696871,
        -0.5256700125206477,
        -1.0970627295763031,
        -0.262012255792977,
        0.4058941133347235,
        -0.7665718526423339,
        -0.6692037536976861,
        -0.30666964763454246,
        -0.09609358753620593,
        0.8655205830557376,
        0.1679777542704747,
        0.3174462675989179,
        -0.7840063938171273,
        0.9747690206754578,
        0.7279660925186662,
        0.7806272464292221,
        -0.027608816883558276,
        -0.21497000579869815,
        0.8592409316691813,
