{
    "idx": 707074,
    "fights": [
        {
            "enemy": 5,
            "fitness": 87.49419793370403,
            "player_life": 31.000000000000263,
            "enemy_life": 0,
            "time": 272
        },
        {
            "enemy": 6,
            "fitness": 48.50693855665945,
            "player_life": 0,
            "enemy_life": 40.0,
            "time": 243
        },
        {
            "enemy": 7,
            "fitness": 90.1906543710456,
            "player_life": 56.20000000000032,
            "enemy_life": 0,
            "time": 228
        },
        {
            "enemy": 8,
            "fitness": 87.13935834262664,
            "player_life": 29.80000000000026,
            "enemy_life": 0,
            "time": 344
        }
    ],
    "weights": [
        0.5436219442431384,
        0.7164602301905647,
        1.8119781461136426,
        -0.9343056221355346,
        -0.6794643493295252,
        0.7251623257980315,
        -1.5105428487995232,
        1.1594051039334659,
        -0.43357775574472124,
        0.8306089615286547,
        -0.19722680624157518,
        -0.29836492945577214,
        -1.2045799961147414,
        -0.20372180456662656,
        -0.7979461229808982,
        2.6776641030073987,
        1.0234621740874725,
        1.1221703803065468,
        0.5422618574124447,
        1.8526290395851697,
        -1.354317440001833,
        0.32126205484766207,
        1.1918021370191194,
        1.1620545051538236,
        0.5362873826231548,
        2.2094143154961667,
        -1.5899753658735767,
        -0.26640992061757807,
        0.43059771174770295,
        0.40912198100997377,
        -0.4843069032972962,
        -0.5522419492993793,
        -0.9143723622827872,
        -1.183951412830647,
        0.8782090905786465,
        0.35364905987106693,
        -0.0031589038477740916,
        -1.3917063051089547,
        -0.31321528651586805,
        0.5909235125136504,
        -0.16459912309535243,
        -0.7990493718752593,
        0.17348355470419188,
        1.6753838052887695,
        0.2311302382885992,
        -0.7682704043170102,
        1.6533897003142695,
        -0.14277976436498652,
        0.4562074545316088,
        1.0643305240021526,
        -0.943641622986455,
        1.5351834012676004,
        -2.0856352064915464,
        -0.9443472477752428,
        -0.8758624201278266,
        1.653601300635471,
        0.41111945553739726,
        -0.22093613764243772,
        -1.834376701164932,
        0.6810849432646489,
        0.42824633271809365,
        -0.8957560561092379,
        -1.3289847772896457,
        0.654805245303291,
        0.43420578225599593,
        0.0558969740930492,
        -1.193238567125026,
        1.72868820262228,
        -0.8222036417810341,
        -0.2320200877605601,
        0.4534590136895416,
        0.0923805624393551,
        -0.01585513698101803,
        0.8353815953917848,
        -0.7250201400849804,
        -1.6105783439910084,
        -0.5468290091120973,
        -0.5868542417619937,
        1.6220318005961956,
        -0.07965354374413766,
        0.716522360783334,
        0.23936356992858335,
        0.40804058629457146,
        2.2634560990438954,
        -0.8803787320988462,
        -0.3456074554999459,
        -0.5545746738081005,
        1.4174315215617257,
        0.24659216920731405,
        -1.089168984993293,
        -0.8129559665183339,
        -0.9170775751349152,
        0.04925214995423802,
        -0.7401738983594197,
        1.3413589376571113,
        -0.9911458882669015,
        -1.1381204574847699,
        -0.26249950844260594,
        2.2246921469788536,
        -0.5961629039191144,
        1.3830378078901626,
        -1.8145758710836208,
        0.19249609486112462,
        -0.6231974305798644,
        0.4968457472405469,
        0.22825135185532414,
        -0.2211201996327191,
        -1.2436108422849381,
        0.8643902320457598,
        -0.31373407786885343,
        -1.0873636064957992,
        -1.158993437219695,
        0.9168125408706989,
        0.4565956081554416,
        -1.0213429879308082,
        -0.439571907370208,
        0.5618415995198419,
        -0.3716726398472315,
        -0.2512368235765571,
        0.5923218369457326,
        0.14408313449940768,
        0.1283552684194187,
        0.8265093415927732,
        -0.741181857492804,
        1.3907705510683606,
        1.4166720830183661,
        0.5111239926073103,
        -0.7818649666806331,
        0.4483535347870221,
        0.49484046564948864,
        -0.33298116496349456,
        0.1696256650454174,
        -0.15710483883428825,
        0.6173322146804748,
        0.5525901461539202,
        0.9011979695942826,
        0.12951520956150542,
        1.5366368099978784,
        0.26781149258232706,
        -0.5918551145621069,
        1.0402302565431198,
        1.3715469040683648,
        -0.6646628932737026,
        0.28737131384384684,
        0.07324694659455924,
        -0.8514781328714555,
        1.2555491162392645,
        -0.8923653071748558,
        0.5164437372062192,
        -0.47811073806947224,
        0.12379647183678119,
        1.6259375487184067,
        1.2729995414211885,
        0.3696091191554495,
        1.7159985454791675,
        0.4228241000265115,
        -0.2054896814319825,
        1.1752871658716715,
        0.8901442823368432,
        -0.5367844992368788,
        -0.8151377396980387,
        -0.18715069078700336,
        0.012332730290676802,
        -0.16272003609088723,
        0.43561315963133057,
        0.5833584854589818,
        0.8483251746507878,
        0.9563560286564444,
        0.9662423817180512,
        1.0449965286318184,
        -1.074013405052506,
        0.34190341267312535,
        0.6009937446429285,
        0.6882221561295224,
        0.6567455768906091,
        -0.6034105161100471,
        -0.9875416219241593,
        -0.9176939122429765,
        0.40395741366450066,
        -0.019536865325941094,
        -0.28092791542154316,
        -0.7177131151281303,
        -0.48334209315702,
        0.9480591862096089,
        -0.060016455282181184,
        1.0367352560443253,
        0.13776843062024274,
        -0.6090291685875803,
        0.31517624813970097,
        0.9504402582431286,
        -0.1127764949344203,
        0.18313999931275593,
        -0.7673562272659331,
        -0.43351274304220305,
        0.9438533321152092,
        1.5802380826970894,
        0.35148295392765505,
        0.014241578711182474,
        -0.4814154611368771,
        -1.807411497878906,
        -0.9296556041420011,
        -0.19635371939256707,
        -1.043695686500444,
        2.1113699791281637,
        -0.9936666591922446,
        -1.497953450188668,
        -0.9913914886037201,
        0.3809330571228512,
        0.5918965454322453,
        -1.582305862457563,
        -0.47871302415261185,
        0.7617098733735892,
        0.7382617444699621,
        0.1416944853329977,
        0.8019429085669022,
        -1.0791257700716497,
        -0.8136993111968874,
        0.9746941073447002,
        1.5086164282364267,
        0.23120172028943156,
        1.3550031709083588,
        -1.27851818233038,
        1.0090451800110734,
        0.19066346646762014,
        0.05375549545879741,
        -1.6488750582315304,
        0.23628202641089233,
        -0.6454356147353368,
        -0.21718842553110715,
        1.0083412396190534,
        -0.6682664725620346,
        0.9632190751129139,
        1.9562799714519001,
        0.5399284736117773,
        0.24016752510138678,
        -0.38889251067041986,
        0.8156328364916424,
        1.072492781214125,
        0.5395668759565614,
        -0.03566931763236546,
        0.7926820702903327,
        -0.3386910069613823,
        0.04656866471833457,
        0.5805549413895187,
        0.9390239762265145,
        1.2847308037108442,
        -0.6990856900424648,
        0.9819723009615299,
        1.2243876682147594,
        0.9871790206798259,
        0.80619806587527,
