{
    "idx": 701418,
    "fights": [
        {
            "enemy": 5,
            "fitness": 90.22027017401382,
            "player_life": 58.00000000000033,
            "enemy_life": 0,
            "time": 265
        },
        {
            "enemy": 6,
            "fitness": 39.64341372532799,
            "player_life": 0,
            "enemy_life": 50.0,
            "time": 212
        },
        {
            "enemy": 7,
            "fitness": 89.8906543710456,
            "player_life": 53.200000000000315,
            "enemy_life": 0,
            "time": 228
        },
        {
            "enemy": 8,
            "fitness": 86.33574420258549,
            "player_life": 22.600000000000243,
            "enemy_life": 0,
            "time": 374
        }
    ],
    "weights": [
        0.9406784614897815,
        0.3868366810288996,
        1.2234319317800373,
        -0.2589596628825708,
        -1.4683815990028184,
        0.3332077067046747,
        -2.0380739859875106,
        0.714798863692396,
        -0.6393826645190999,
        0.6763469052963075,
        -0.12743863277966033,
        -0.611462339669783,
        -1.3389224130634871,
        -0.5491089390440378,
        -0.5932065727377764,
        2.3812018182103123,
        0.5271192934307747,
        0.5516137274709886,
        0.48558951756623453,
        2.2624645573648023,
        -1.0245974386289756,
        0.0721848932595757,
        1.7159310302922675,
        1.0427751963559175,
        0.27836687121753645,
        1.6477238908271343,
        -1.5797132553142705,
        -0.03778455120844472,
        0.47606832065226645,
        0.34634336363978435,
        -0.5331641996289787,
        -0.47358420524205785,
        -1.0030803523380019,
        -0.34831010155071984,
        0.8697643826878022,
        0.20587653250724955,
        0.21866472206868504,
        -0.33348980123438093,
        -0.23934377435829993,
        0.5058897865510248,
        -0.3251063161572901,
        -0.6482792828592809,
        0.571373761014371,
        1.050078200179078,
        -0.15040138334954364,
        -0.7142345510722223,
        1.85486929357287,
        0.07591543986187238,
        0.371528031060536,
        1.0731165979380308,
        -0.5472213696650907,
        1.107701827898826,
        -1.517908209232598,
        -1.1473823649305974,
        -0.5715590632186518,
        1.5764332613977947,
        -0.07793477206340602,
        -0.5012934957653971,
        -1.8082589983188246,
        0.6329495072857662,
        0.4408410931634529,
        -1.4292208926353864,
        -1.0792982038886625,
        0.46682608814372156,
        0.5521368402510769,
        0.07367060006986785,
        -0.6081743388006791,
        2.4606358058435682,
        -0.05747041119733573,
        -0.27302655393795905,
        0.8049505822403185,
        -0.6673874332411437,
        -0.31082023311260587,
        -0.22615586575994304,
        -0.3832741189430767,
        -1.8817445880714787,
        -0.4362477647335494,
        0.0005869118301804407,
        0.5660756926344311,
        -0.1754038453198251,
        -0.0659543038955433,
        0.2687262057679329,
        0.5641924163331522,
        2.343065881633409,
        0.22053335228305015,
        -0.9579122905088605,
        -0.6212562613533325,
        1.2029263310555818,
        0.14098658745397444,
        -0.6038363432462157,
        -0.47014302226908394,
        -0.7213898213508625,
        0.04444449353136572,
        -0.4774327501217147,
        1.376738174582846,
        -0.9607263384693308,
        -0.6046025004177605,
        0.34126886419314234,
        1.4772394066999546,
        -0.5221404200486164,
        1.1443851461825874,
        -1.7488812189143907,
        0.2670576707435034,
        -0.46743668505503017,
        0.6516401945052701,
        0.14573556843259353,
        0.2805883636995259,
        -1.3410833663905042,
        1.3631428108419767,
        -0.9097145203082733,
        -1.4764319783987465,
        0.2502280996328785,
        1.0075974602337299,
        0.18294435263601388,
        -1.0658815567657844,
        0.11811899047730404,
        0.3283320439344172,
        -0.6165191167144424,
        -0.1871105021256602,
        0.43835552273531375,
        0.026855859018762335,
        0.13146642893400273,
        0.4367909004443043,
        -0.9178428696153281,
        1.3082221771914584,
        1.468326810594555,
        0.5447393988693172,
        -1.2197700962679816,
        -0.287031421975964,
        0.36156275197099896,
        -0.1782221869841949,
        0.07929188928670708,
        -0.08779078619367886,
        0.611197299557335,
        0.5729893592828359,
        0.9474342504397322,
        0.058922270300166536,
        1.310204866158431,
        0.6430948216345617,
        -0.47456816415643505,
        1.0578926204948922,
        1.270312690410185,
        -0.7257865471536407,
        -0.21770196608595868,
        0.197072618655095,
        -1.0257509840828982,
        1.327427212812142,
        -0.9634243207466584,
        0.7170721246134436,
        -0.2587655490960639,
        -0.03706056782096352,
        1.4765594281085892,
        1.0710430799079116,
        0.5915893724194111,
        1.3196020807702762,
        0.24305318848515428,
        -0.02351996376152437,
        0.9799049260426572,
        0.9460351538376425,
        -0.7249540331896088,
        -1.0034377822752993,
        0.09271262027938028,
        0.011558800758399018,
        -0.15754863197602378,
        0.5384699911032909,
        0.3216724062365766,
        -0.1218746658166072,
        0.7882783160274565,
        0.648075279391088,
        0.11762395494540145,
        -0.31048397421172247,
        0.6381654661765377,
        0.7785389991564365,
        2.3872988920530216,
        0.4604790237774935,
        -0.07556462232682622,
        0.02064382773555312,
        -1.07754432499338,
        0.2124540461196055,
        -0.2488685007564201,
        0.0768862479145271,
        -0.6490778408827017,
        -0.5086835328111535,
        0.7358660668185617,
        0.041848128564586556,
        1.0942535841720307,
        1.6747988984475377,
        -0.6005204359586507,
        0.25874796263411354,
        0.5428624692420374,
        -0.11704357233385938,
        -0.32358309300115556,
        0.3173510320703965,
        0.1361895485656592,
        0.016879670788709333,
        1.1515687767870757,
        0.6351117402831149,
        -0.0211911160313781,
        -0.5117697973935345,
        -1.3115232512731743,
        -0.842524110483156,
        -1.0089673925909126,
        -0.7061555679303265,
        0.06685152719517336,
        -0.21819010608816178,
        -1.3684341776230766,
        -0.7674315972215445,
        0.5850553130850333,
        0.829347905409891,
        -1.8713124746801633,
        -0.26228955883604455,
        0.729408422893707,
        0.7373198101659785,
        0.04162057987365256,
        0.7145758886341305,
        -0.7540577232500971,
        -1.3372079450283505,
        0.13872103306191724,
        1.237064173032131,
        0.2832641300624722,
        1.048736074899077,
        -1.0737395602507267,
        1.42897310591593,
        0.35572331079647107,
        -0.12858425246777017,
        -1.0183302739495672,
        0.629986537771539,
        0.03732793231521761,
        0.19052306095522903,
        1.2193110323679193,
        -1.0960321718425177,
        0.6979994547067266,
        1.9442918995079952,
        0.026019186671715558,
        0.5133639216492711,
        -0.44500303175798106,
        0.8109788911495427,
        1.1109089734701427,
        0.9905778007029914,
        -0.25526638400901924,
        0.42474670280656096,
        -0.3137192729472281,
        0.7702870388995129,
        0.7483914684446037,
        0.7336960243168039,
        -0.13324030143255292,
        -1.189889928014024,
        0.5187081655381692,
        1.201247248121305,
        1.5067608445858836,
        1.1178376416042168,
