{
    "idx": 702971,
    "fights": [
        {
            "enemy": 5,
            "fitness": 89.11968822339261,
            "player_life": 48.400000000000304,
            "enemy_life": 0,
            "time": 305
        },
        {
            "enemy": 6,
            "fitness": 39.752975927839515,
            "player_life": 0,
            "enemy_life": 50.0,
            "time": 190
        },
        {
            "enemy": 7,
            "fitness": 89.79679627126204,
            "player_life": 50.80000000000031,
            "enemy_life": 0,
            "time": 197
        },
        {
            "enemy": 8,
            "fitness": 89.22322890233346,
            "player_life": 48.400000000000304,
            "enemy_life": 0,
            "time": 275
        }
    ],
    "weights": [
        0.2565457098890471,
        0.20756526914403706,
        0.8573079708820348,
        -0.9998849271349266,
        -0.7634039217799332,
        1.4502174394452325,
        -1.4692361996109276,
        1.0122956734410309,
        -0.4465476574532713,
        0.5438137909109323,
        -0.708851642976185,
        0.7576025308649805,
        -0.7895519085608884,
        -0.4298444764458585,
        -1.1796133640742177,
        1.34694592432953,
        -0.5379805297782753,
        1.007599997426135,
        0.37374368730355895,
        0.8521987819720461,
        -0.8607182365491579,
        -0.2656493871800648,
        1.7039723911732567,
        0.6556337265127321,
        0.4370353281021147,
        1.3632274138464076,
        -0.9322299265485415,
        0.10525999819474059,
        0.4508494680671095,
        0.32379972369075294,
        -0.44726597683896696,
        -0.5919535302991654,
        -1.2851173135279268,
        -0.29144949656411134,
        0.47137458890002915,
        -0.47556241455707965,
        0.5704341619965111,
        -0.2520977454228917,
        0.47483342924697874,
        0.4343941179278908,
        -0.11514303406360574,
        -1.017155662667523,
        1.4559295970394897,
        0.5435131506324633,
        -0.08574299839752476,
        -0.19336183118219452,
        0.7731153024802279,
        -0.6434575454210136,
        0.13851486619039383,
        1.1736189401577668,
        -0.05084995065284775,
        1.037612026073512,
        -1.2749885044185476,
        -0.9812177727273055,
        0.07999552554029105,
        1.4753639829120078,
        0.5860699120457866,
        -0.07368359954360651,
        -1.576530721440148,
        0.13078526527063083,
        0.4777394216288885,
        -1.3639503064603578,
        -0.5520387158407744,
        0.3164680516159946,
        0.41389879221054704,
        0.4326205246758754,
        -0.7864220205924306,
        0.6647824535167483,
        0.6639219934597372,
        -0.4241416206079048,
        1.0107607181144138,
        0.1247144153946165,
        -0.6955073672718982,
        0.5666654279481429,
        0.10578058293219698,
        -1.1309984969589089,
        -0.09889269405406581,
        -0.5502616112168361,
        1.2788763501273526,
        0.49482848020826564,
        1.5201367716589085,
        -0.195255210917735,
        1.3635909009399199,
        0.16788236968402123,
        0.10424171497654561,
        -0.7375623018704176,
        0.014221293198608737,
        1.1949434747998884,
        -0.20495178465944863,
        0.45091781650421425,
        -0.4371786957850606,
        0.34376233560139274,
        0.26857322204073486,
        -0.4262760485571942,
        0.46727345239881235,
        -0.2806385279491663,
        -0.6386307268396533,
        0.1693837058463195,
        2.476898083967697,
        -0.7067519376723168,
        1.0902850544465381,
        -1.5243647377078677,
        0.16993230199981038,
        -0.6503553800011637,
        0.7156146563717003,
        0.4790312297124677,
        0.5453392692571221,
        -1.6542328191873783,
        1.463837320425135,
        -1.0002782698664157,
        -1.1059510394040564,
        1.2544218787849413,
        0.875713489664429,
        -0.3421078351255732,
        -1.5101211394985692,
        -0.5974505138374087,
        -0.33771723943835114,
        -0.8114030966105353,
        -0.22407527302142805,
        0.7615846256084069,
        0.47694110565170755,
        1.1336691965963408,
        0.46925353829722066,
        -0.8834070946380276,
        1.2150545217770419,
        1.3582106699483643,
        -0.5847343044787491,
        -0.15697755441907865,
        -0.22560141733828887,
        -1.1394430801999136,
        0.22352326874548337,
        0.3663106217909439,
        -0.1496654140421026,
        -0.12187163220025157,
        0.25967850785910185,
        0.6577488023459009,
        -0.7302941057605468,
        1.2293081048160237,
        0.4423410517531045,
        0.040824135475593396,
        1.2959397927497713,
        1.2599915766307406,
        -0.9356568831568927,
        0.9113573683629617,
        0.9153567407871168,
        -1.1327335141537922,
        0.7651183580678217,
        -0.5627711248853602,
        0.21556788126417598,
        -0.5468941281866876,
        -0.47420951634633385,
        0.0501281969235982,
        2.223727785384782,
        -0.11579545771157385,
        1.3680995764359578,
        0.3398316933535565,
        -0.3591583023383692,
        0.5794776354386119,
        0.6009293121840361,
        -0.23397986923602276,
        -1.526950277833641,
        0.45470100867067575,
        -0.21148495234983977,
        -0.5933407239441155,
        -1.2267246980281172,
        0.825892913019191,
        0.4278847530058632,
        0.02023105781133147,
        0.4529700855900843,
        0.3282345254196713,
        0.5762261198298376,
        0.3194949454890156,
        0.4856860002211949,
        0.36257065085450296,
        1.2851528907054872,
        -0.2162197040852795,
        0.1395469118771379,
        -0.05038266028103566,
        0.31194922307038125,
        0.19336627655468347,
        -1.0243270104456603,
        -0.787434389291182,
        -0.5245832042479877,
        0.6906676762134308,
        0.18670635315056824,
        1.11727726853077,
        -0.2804248794343998,
        -0.9789754692236622,
        0.4830884182516835,
        0.8606353025182416,
        -0.21084785903544961,
        -0.04903664823846304,
        0.4411462167999765,
        -0.40113309830067845,
        -0.22112124592410176,
        0.5595388545950792,
        0.10622940270852244,
        -0.832720492697126,
        -0.9514621517660837,
        -1.3073631678195443,
        -0.9828236446049667,
        -0.8015161864707928,
        -0.32590700501757597,
        1.077164354660547,
        -0.3402176648798804,
        -0.7979451576451309,
        -0.7689954401512719,
        0.6192035315659813,
        1.2984981043304684,
        -0.935308059543405,
        -0.4555408810415974,
        0.5669781427548413,
        1.4687179698990394,
        -0.5925392339316988,
        0.8825680963161018,
        -0.7677082685848154,
        -0.7846222399824252,
        0.41683220580684166,
        0.2478372468282706,
        0.5190369676982401,
        1.0821366354193647,
        -0.8223718859061565,
        0.6579360711243388,
        -0.2864611725850664,
        0.3582560458151632,
        -1.2726913499337797,
        0.33307925530345284,
        -0.9765310044932506,
        0.2942795326690131,
        0.26417085252594263,
        -0.9595397604786409,
        1.1379191059315672,
        1.6970804170128881,
        -0.4612695235578864,
        0.8305373562429862,
        -0.407663021372109,
        1.3088299011375557,
        0.038398306803203726,
        0.9085990762251954,
        0.44599583585592617,
        0.9773393235941951,
        -0.13618676087128448,
        0.7299898726040014,
        1.0808272457312758,
        0.39279867004174385,
        -0.14273782877758134,
        -1.7770819595169594,
        0.05255684701399761,
        -0.07497255178965165,
        2.9949756062235577,
        0.813494131220806,
