{
    "idx": 702980,
    "fights": [
        {
            "enemy": 5,
            "fitness": 91.12027017401381,
            "player_life": 67.00000000000031,
            "enemy_life": 0,
            "time": 265
        },
        {
            "enemy": 6,
            "fitness": 86.37616819497441,
            "player_life": 18.400000000000233,
            "enemy_life": 0,
            "time": 236
        },
        {
            "enemy": 7,
            "fitness": 90.7517329693055,
            "player_life": 60.40000000000033,
            "enemy_life": 0,
            "time": 198
        },
        {
            "enemy": 8,
            "fitness": 90.01936107665804,
            "player_life": 55.00000000000032,
            "enemy_life": 0,
            "time": 240
        }
    ],
    "weights": [
        -0.056765040172455705,
        0.019949804597320347,
        0.7144057739398963,
        -0.9037760994772646,
        -0.34392857826700274,
        1.4444634045954692,
        -1.3202175650566654,
        1.0230310127093927,
        -0.7897007722634486,
        0.48545528425952456,
        -0.18616732167365435,
        0.43775249114190173,
        -1.1404466686959822,
        0.03154250271404365,
        -0.6720127764594969,
        1.6518050562872584,
        -0.7588181815104956,
        1.1830575647795185,
        0.23537482117766004,
        0.9503108906693571,
        -0.9466837934314896,
        -0.3415759810010799,
        1.732935992670501,
        0.5141013549207177,
        0.6039341221532555,
        2.206866502024146,
        -1.331529264096951,
        0.1274722437434027,
        0.6466596788996276,
        0.42398239667786136,
        -0.24543533304470425,
        -0.5600537213564779,
        -1.4047034655768094,
        -0.195297974400629,
        0.7975673899581193,
        -0.533182561515861,
        0.501731148629492,
        -0.3281927371489339,
        0.13069950726418533,
        0.37907190659361734,
        -0.1833796162762187,
        -1.233078982965795,
        1.4803820495232738,
        0.06848005097012357,
        0.007792355298729575,
        -0.03728507047363757,
        1.0390850802794083,
        -0.5143937269383715,
        0.07703228903543731,
        0.5711966374772142,
        -0.7744416091697442,
        1.2206408062128493,
        -1.1660316727103592,
        -0.8940726259140667,
        -0.1329356256908464,
        1.942225822825144,
        0.50008857534026,
        0.0067748669012146,
        -1.4326849864166655,
        0.27973421823674727,
        0.6064296317704919,
        -0.5293547230848137,
        -0.6768574809106698,
        0.504227496655013,
        1.0845029033611602,
        0.5729594357712395,
        -0.3843809850356002,
        0.6260320700866004,
        0.22079334360072747,
        -0.8985420558311581,
        1.1210464376329226,
        -0.4294735845050898,
        -0.6767014948381692,
        1.042300860973326,
        -0.03333422818752926,
        -1.3698712829170956,
        0.27117028768390605,
        -0.9250347665929893,
        0.9972117857057743,
        0.6442815840111071,
        0.8349073523423678,
        -0.044044871371486494,
        1.2807500221679047,
        0.3082316755388256,
        0.2081631208416547,
        -0.4959914953723549,
        -0.16890008307784027,
        1.2324582562069513,
        0.04607846685556966,
        0.5496236978198411,
        -0.4362739025404644,
        0.5115192834014393,
        0.008127441891405567,
        -0.1552020719974862,
        0.21300826470717216,
        -0.06549622195632679,
        -0.7805606212768669,
        0.17780542934389823,
        2.205606536842406,
        -0.8674562962224761,
        1.065883788915357,
        -1.466534964569927,
        -0.31267996877516474,
        -0.6146283338538615,
        0.14432569700166056,
        0.33681967346670477,
        0.688252054987345,
        -1.7028421766158441,
        1.4765664045492348,
        -0.36226085235632116,
        -0.8818225873941836,
        0.26845088871451617,
        0.9473436317278594,
        -0.4506335043056715,
        -1.7301863589632838,
        -0.45073625997690453,
        -0.45778410987554613,
        -0.7763877046580878,
        -0.19979123662968346,
        0.9490122698570447,
        0.2675080006081539,
        1.1397388513402642,
        0.972174910918502,
        -0.9035628533573612,
        1.0341735776510053,
        0.8008107763316443,
        -0.6419519093085235,
        -0.15184260143596712,
        -0.39023739130465,
        -1.0770472325271006,
        -0.3701204112771193,
        0.2907896489977218,
        0.24139670321770268,
        0.120136581668235,
        -0.06270847811519242,
        -0.018026082171904642,
        -0.756828858659911,
        0.8669518385650873,
        0.5549303487253404,
        0.12068060959159058,
        1.1870284962167161,
        1.0288650422812453,
        -0.6884331061332503,
        0.722657963709446,
        0.5340476925584904,
        -1.159754154529646,
        0.8071600308928019,
        -0.7526898750084572,
        0.20226663173769474,
        -0.6667032129648369,
        -0.46381605962384015,
        0.16623019148939977,
        1.8459950776853564,
        -0.1591625844546014,
        1.3397802678461572,
        0.1425683211650502,
        -0.19034000934677137,
        0.8357467612890223,
        0.6620579797110603,
        -0.4729456513484074,
        -1.301931834613493,
        0.3581160029699033,
        -0.4985513917472655,
        -0.16852577801821456,
        -1.1349051174357452,
        0.5900960820534122,
        0.17087308653323563,
        0.3153336878326064,
        0.4183742945448443,
        -0.2850427571313457,
        0.34977517060992336,
        0.012735030157100605,
        0.535929261222952,
        0.21536847881515414,
        1.1678437737738536,
        0.19228542431983575,
        -0.08759003856382563,
        0.27922091194329046,
        0.4816953224258245,
        0.4768333163646774,
        -0.9076221082538132,
        -1.001471782372508,
        -0.5115397003318639,
        1.2308375606690225,
        0.15612863953637554,
        0.7833396366024676,
        -0.26305373218743894,
        -0.30833830091968173,
        0.48863277284724194,
        0.6844458796552626,
        -0.08445814650032604,
        -0.14995734749656953,
        -0.24034105508048986,
        -0.7155334441460335,
        -0.21814495973674716,
        1.022486733493412,
        -0.0935445137065867,
        -0.7096640025674514,
        -0.9074248941384613,
        -1.1851432431663926,
        -1.1314099801513522,
        -0.9573502755513379,
        -0.5311721435101939,
        0.3673273175009336,
        -0.17016396586408972,
        -0.8100342430229401,
        -0.8886625948741842,
        0.8614863515991628,
        1.2047609683804834,
        -1.022274998318377,
        -0.4240879119374966,
        0.29926965438359415,
        1.328141101455855,
        0.008046111342974296,
        0.8884684622204977,
        -0.9615861363231192,
        -1.4150757324636314,
        1.1476822713760204,
        0.43122058944879144,
        -0.3224160425996053,
        1.1083966463530737,
        -0.6611400225455494,
        1.132763513326091,
        -0.32045754055257114,
        0.2038716113941223,
        -1.2952944910705975,
        -0.0606816703852488,
        0.5270731897351868,
        0.4359281950712205,
        0.3302088425294958,
        -1.254477786767644,
        1.155954696656307,
        1.7051469122439873,
        0.008017795880849582,
        0.9052730823408931,
        -0.2898623754486263,
        1.4561760216742783,
        0.9234156152428552,
        0.04028215864702793,
        0.3533804268473557,
        1.0611466570200843,
        0.2757497074688344,
        0.21947846058797732,
        1.1264155685121298,
        0.27306589820782334,
        -0.043011626754445406,
        -1.6709995498998287,
        -0.009880787507516114,
        0.24382981122117783,
        2.45398274858959,
        0.9491332295435184,
