{
    "idx": 704562,
    "fights": [
        {
            "enemy": 5,
            "fitness": 20.565453481212547,
            "player_life": 0,
            "enemy_life": 70.0,
            "time": 623
        },
        {
            "enemy": 6,
            "fitness": 87.27282822853991,
            "player_life": 26.800000000000253,
            "enemy_life": 0,
            "time": 223
        },
        {
            "enemy": 7,
            "fitness": 89.29946500072774,
            "player_life": 47.2000000000003,
            "enemy_life": 0,
            "time": 226
        },
        {
            "enemy": 8,
            "fitness": 86.33574420258549,
            "player_life": 22.600000000000243,
            "enemy_life": 0,
            "time": 374
        }
    ],
    "weights": [
        0.8785046442469753,
        0.8879269983849691,
        0.8349720448052336,
        -0.730091427980714,
        -1.2334458664485304,
        0.29322304395158344,
        -1.5112390021733846,
        1.415753781676544,
        -0.5521212952277071,
        1.1939842156294298,
        -0.3407473080775443,
        -0.32327810492403475,
        -1.3783069977654634,
        -0.9851303002746705,
        -0.8535390588023669,
        1.4904082486063426,
        1.752021827119545,
        0.6333621616790689,
        0.45977497204242906,
        2.320677068229411,
        -2.1403315110887333,
        0.12295935418260304,
        0.6900396117046421,
        2.289820366624304,
        1.1473609888978464,
        1.6790077447622376,
        -1.755291680290273,
        0.12899230895516764,
        1.2347318227404893,
        0.2067761972102453,
        -0.4083168584976726,
        -0.6231464156207943,
        -1.2794510436263864,
        -0.9538039119339279,
        0.6226970241637068,
        0.08487180825553928,
        0.23108916068517787,
        -0.014062429707712685,
        0.07666209501499222,
        0.25832218780500255,
        -0.4372839067906108,
        -0.57097725725891,
        0.35429212109864144,
        1.1468625789608238,
        0.3082146840488148,
        -0.6639447300067477,
        1.679589092173834,
        -0.17862925371216987,
        0.48207800755412866,
        1.06147217372176,
        -1.0992245568150825,
        1.669250216889372,
        -1.327387285349769,
        -1.5739410249252728,
        -0.7927887386997332,
        1.8879656506213993,
        0.34688812611025066,
        -0.13750459452900385,
        -1.923050751968671,
        0.34311579811106985,
        0.9997136417981426,
        -1.04941370042575,
        -0.45180098343713737,
        0.6716930560004905,
        0.9362679987893331,
        0.09965480300500551,
        -1.4226768780643,
        1.4300889450738565,
        -0.671851642818867,
        0.23547084827679418,
        0.3702492089236233,
        -0.901500560359088,
        -0.33772178852731666,
        0.6625856123469941,
        -0.7143965784871515,
        -1.3262449989055365,
        -0.3959964121685213,
        -0.46022325980051926,
        1.1412547822243169,
        0.39577174319872416,
        0.572230494060062,
        0.12581632636816492,
        0.37207994659244065,
        2.4639945631716995,
        -0.20979874976261284,
        0.06429713153810993,
        -0.5208485139430139,
        0.931780956548188,
        0.30235554382932583,
        -1.6355626629215372,
        -0.49997571367188653,
        -0.49436073984677265,
        -0.23446203345818212,
        -0.9159280588786356,
        1.2859509174298607,
        -0.6042374210616622,
        -1.3764782908545459,
        0.38070981817022,
        2.1681967553117283,
        -0.9164957028942856,
        0.8743782037563196,
        -1.2514011382118388,
        1.2749582056927309,
        -0.7150944063263671,
        0.31248627424322006,
        0.7805405356950543,
        -0.5128266819051974,
        -1.7267564938341748,
        0.5406756937155835,
        -0.8985106455152969,
        0.176795461324037,
        -0.9647775262085856,
        0.6710369896085736,
        0.16747959494347153,
        -1.2121152929063925,
        -0.2743600160347539,
        0.4940956312322013,
        -0.02637283779104957,
        -0.05717757094625099,
        0.4737831563276338,
        0.6519741588354305,
        0.7998240824499746,
        0.33209405251918583,
        -1.3903844750708823,
        1.6526667653074583,
        2.4023128615231713,
        0.7859686191398997,
        -1.4999795620353817,
        -0.19115735438035739,
        0.015027527974360508,
        -0.7574594413066614,
        0.24024005436481283,
        0.26091502136155703,
        0.44296763830783115,
        0.6136875149869775,
        1.0774098071558693,
        0.118387920686936,
        1.7509770164332117,
        0.397498574776932,
        -0.8034638088893769,
        1.291943372579473,
        1.1643206951920035,
        -1.4500634494794398,
        -0.16670777541588877,
        0.033270536297065605,
        -0.7066590420690023,
        0.8912658086123058,
        -1.1302662341396383,
        0.8828886878636143,
        0.6623117873243525,
        -0.26719761579587736,
        1.5029542559445483,
        1.1285316075289236,
        -0.011000770768246234,
        1.5497029560652582,
        1.112448158937761,
        -0.35785780327153527,
        1.764879996593441,
        0.6282811599507411,
        -0.16449171983053895,
        -1.1453404194006207,
        -0.2662433644048411,
        0.27271627871627885,
        -0.3961287604888467,
        0.5215398871846141,
        0.5781272440039987,
        0.30963153607708704,
        0.6883241121577358,
        0.32281252556064455,
        0.44081172914427186,
        -1.6469434229859348,
        0.027514213001589488,
        1.083469597298977,
        0.21919348044854164,
        0.3481027221806158,
        -0.7009695023872871,
        -0.47614881873712567,
        -0.6499979685786337,
        0.5204394071593391,
        -1.2739372673580025,
        -0.29142625319633175,
        -0.7046241133819232,
        -0.7176905220534909,
        0.7927728617138915,
        0.12853252481733532,
        0.8141934398281845,
        0.7220956156037155,
        -0.4422621802688814,
        0.11571030758535303,
        0.8199955142550016,
        -0.08915190840325166,
        -0.14519093230413127,
        0.10217762255991154,
        -0.6099668573732497,
        -0.17406388854719476,
        1.2765927113910949,
        0.34216162803322564,
        -0.41648968510442874,
        -1.1957700423012607,
        -1.86735219836044,
        -0.8321129939332638,
        -0.05775001393031677,
        -0.8422228918018531,
        2.1700424566588956,
        -0.0038716476838870015,
        -1.3975285576717738,
        -1.1821076149749734,
        0.4547460546587766,
        1.2891587467877716,
        -1.5698731939910155,
        -0.4297109094075706,
        0.4538956076181726,
        0.8861387306524459,
        -0.16579091040623128,
        1.6412669595268428,
        -0.8151415896542795,
        -1.6100825659895757,
        -0.12372172355853049,
        1.2171092548854205,
        0.30941726962650457,
        1.3490107412921046,
        -1.139734885825338,
        1.366220552624133,
        0.40445010255788894,
        0.027020767674976853,
        -1.452000077841198,
        0.5590069301765319,
        -0.833947060716737,
        -0.1880277309010577,
        1.2941197329900607,
        -0.8860409492142951,
        1.1415512537069015,
        1.40640582884988,
        -0.07852398674953172,
        0.39982301740380316,
        -0.6538202225574581,
        0.3813175578942435,
        1.3220012922271969,
        0.8002409672150661,
        -0.21702759214332995,
        0.8231552937568775,
        0.17357345444185576,
        0.042839542923775925,
        0.3584955096293187,
        0.9414206442474138,
        0.12925653821603253,
        -0.8297120103476305,
        0.08884297275524744,
        0.9966374344561733,
        0.6224676509249057,
        0.7455591507376549,
