{
    "idx": 704593,
    "fights": [
        {
            "enemy": 5,
            "fitness": 89.95106227384333,
            "player_life": 54.40000000000032,
            "enemy_life": 0,
            "time": 242
        },
        {
            "enemy": 6,
            "fitness": 48.59732261812772,
            "player_life": 0,
            "enemy_life": 40.0,
            "time": 222
        },
        {
            "enemy": 7,
            "fitness": 88.93946500072774,
            "player_life": 43.60000000000029,
            "enemy_life": 0,
            "time": 226
        },
        {
            "enemy": 8,
            "fitness": 86.95935834262663,
            "player_life": 28.000000000000256,
            "enemy_life": 0,
            "time": 344
        }
    ],
    "weights": [
        0.8766637166456279,
        1.0802619339656183,
        1.37741515320362,
        -0.6313995827969952,
        -1.3481486628417612,
        0.24300351755739044,
        -1.6007559309665922,
        1.1966395803718677,
        -0.3777287841932074,
        1.3223653376777347,
        -0.37894489470077597,
        -0.5702652842062208,
        -1.4039639616996122,
        -0.9074679646415139,
        -0.6320795186052828,
        2.4177442864686802,
        1.6867089245618545,
        0.41414391512620896,
        0.37272985984888835,
        2.2509420827191553,
        -1.0105644137546133,
        -0.026480084204616117,
        0.8704693477105373,
        2.3417609643728965,
        0.5795535773454532,
        1.803852085968301,
        -1.3786903410454987,
        -0.029552749406249152,
        1.3206299304689437,
        0.0727303441662201,
        -0.4619443301270603,
        -0.36357803095951885,
        -0.338912497599623,
        -1.25945528411393,
        1.045334467670916,
        -0.5478098359915843,
        0.21830523675333685,
        -0.9737996117564319,
        0.1778918691482496,
        0.5520124338352856,
        -0.20677925303429323,
        -0.6426497023981576,
        0.4300104543518348,
        1.145738487815284,
        0.6279172359482637,
        -0.6317421548842004,
        0.6646801397948842,
        -0.7999762203085066,
        0.22836632487209604,
        1.3686389383746531,
        -1.114172184504725,
        1.6486019720276461,
        -1.73939435076296,
        -1.5057443691463144,
        -0.5982811716417061,
        1.368291086464116,
        0.5943196555701827,
        -0.1031998332374167,
        -1.9534252194021884,
        0.13354737601669892,
        1.0559532599734895,
        -0.6382492085720488,
        -0.8904253326755254,
        0.5824519955061033,
        0.45774013488145765,
        0.5667635795667748,
        -0.9938105310802168,
        1.3693907064049549,
        -0.0990075379041432,
        0.4449556321151948,
        0.4671497910745566,
        -1.0735016820183643,
        -0.3205067804637429,
        0.7848520135385946,
        -0.6275892029214263,
        -1.3561718908292513,
        0.05604049343866353,
        -0.6166843644149061,
        1.6188922867452442,
        -0.21468818967384012,
        0.15222099226191554,
        0.020601722669458616,
        0.8094587091438606,
        2.1248798302114373,
        -0.5372856476229132,
        -0.5110752560099819,
        0.13273695907937766,
        0.8709327131906568,
        0.6757652391437691,
        -1.3453548979654135,
        -0.6366558836894969,
        -0.7505772013558905,
        0.12245198577638651,
        -1.4290965899678747,
        1.1640986465745586,
        -0.45189540074233175,
        -1.3779894973641578,
        -0.105018259973293,
        2.28946448128993,
        -1.216968365481171,
        1.1895312787423464,
        -1.3801267677838711,
        1.3945590682657096,
        -0.41432767982461793,
        0.17041631666188925,
        0.7199115626838296,
        -0.5625513272882662,
        -1.31622297424177,
        0.5732714746213385,
        -0.2591381239296953,
        0.2550751151385437,
        -0.7498746134935087,
        1.1182502281272368,
        0.2292268477605343,
        -1.3287766007444426,
        -0.21320693240391686,
        0.8645852503223135,
        0.049654932131383445,
        -0.07158556472789347,
        0.4259256665027088,
        0.17911567385533098,
        0.24703124818100575,
        0.3217494499848312,
        -1.4864115426792321,
        1.649917121796801,
        2.4916936582734763,
        1.163705155139533,
        -1.6139790171262949,
        -0.4642928271142694,
        -0.198090242183532,
        -0.8481099781333121,
        0.11936391056377123,
        0.30630079038427965,
        0.2774576174935082,
        0.4593716322260729,
        1.065632590078918,
        0.135764068173834,
        2.3270139371003897,
        0.3995749414853787,
        -0.8579553267916039,
        1.7525516658104439,
        1.280043563192615,
        -1.5181668762693021,
        -0.17026836099932458,
        0.14390774322925767,
        -0.5495445250678915,
        1.8042673896822612,
        -1.2665205850387455,
        1.2093379060045812,
        0.7604701463359153,
        -0.022477803841475914,
        1.5626383468705358,
        1.789176129505972,
        0.5847332487342702,
        1.4875102391697115,
        1.259820886920767,
        -0.31038675380787173,
        1.7521944925926647,
        0.627865384696949,
        -0.632360978709529,
        -1.0615386635274342,
        -0.3920629045986687,
        0.5027489280535291,
        -0.4752792411256305,
        0.055443133652708323,
        0.42839806432113425,
        0.2522524776360913,
        0.9663691636701104,
        0.39715656166491026,
        0.2781945113182871,
        -1.1791438649294885,
        0.886599555963477,
        0.6627505379600883,
        0.15391324088602404,
        0.7035895886699086,
        -0.6199483782171418,
        0.24037343509163797,
        -0.5076367733684237,
        0.997903241064492,
        -1.3001232336994037,
        0.10517010985384892,
        -0.5620045236316411,
        -0.6757890877369128,
        0.22038951918729563,
        -0.06808960772237826,
        0.7355861548780008,
        0.4797777141840622,
        -0.9097170138001534,
        -0.14794161666834055,
        0.9597573243460807,
        0.11904191621713775,
        -0.16732532825050292,
        -0.0712270686601173,
        -0.6246349721584352,
        -0.4416406624646759,
        1.2440152422197144,
        0.27536600647388615,
        -0.47156332295191866,
        -1.0574218180738555,
        -1.555502618074527,
        -0.8354588792507744,
        0.21526600967721932,
        -0.871222798013555,
        2.28318595664186,
        -0.9564265262101319,
        -1.2695015062103,
        -1.4592859221107113,
        0.13714359620816266,
        0.7308575430777158,
        -1.3414924342783645,
        -0.5731626688652512,
        0.7543179145988187,
        0.5529995760365913,
        0.4485521059698972,
        1.4181179739404526,
        -0.9574988717271223,
        -1.2731475519634394,
        -0.2256749586312759,
        0.8320093672734741,
        0.4081766183839577,
        1.292811608068849,
        -1.089665776068343,
        1.4360293905312782,
        0.7752620097667683,
        0.2701632347479337,
        -1.0497998242520492,
        0.7479264824490435,
        -0.6840795559627979,
        0.06642121190541926,
        1.8652766445485933,
        -0.5711495060188643,
        0.8135276269406712,
        1.4551335917111254,
        0.00670112754878743,
        0.41009749237940496,
        -0.07112585035839109,
        0.5157069453509677,
        1.6377213724258275,
        0.581082832389973,
        -0.11573376200634898,
        0.9367918052214002,
        0.3762906511903505,
        0.5167893079747382,
        1.033053592237408,
        1.1259976840633417,
        0.11300275181862164,
        -0.9916177799699366,
        1.6340762086168028,
        1.118577729774339,
        0.6134559772794209,
        0.8975600182966675,
        -0.2931661391338485,
