{
    "idx": 714192,
    "fights": [
        {
            "enemy": 5,
            "fitness": 89.5452886203982,
            "player_life": 51.40000000000031,
            "enemy_life": 0,
            "time": 269
        },
        {
            "enemy": 6,
            "fitness": 66.44317193830047,
            "player_life": 0,
            "enemy_life": 20.0,
            "time": 259
        },
        {
            "enemy": 7,
            "fitness": 90.44814186652397,
            "player_life": 58.00000000000033,
            "enemy_life": 0,
            "time": 211
        },
        {
            "enemy": 8,
            "fitness": 88.81968822339262,
            "player_life": 45.4000000000003,
            "enemy_life": 0,
            "time": 305
        }
    ],
    "weights": [
        0.7296317609788158,
        0.6668693941496207,
        1.3019341855194864,
        -1.0999470970563627,
        -1.3837240138095381,
        0.6990078190085823,
        -0.7934381208376727,
        1.7123561382285668,
        -0.156885788070542,
        1.4573896342625066,
        -0.27092581342688793,
        -0.5140421694453174,
        -0.8169177128488316,
        -0.7706964993794625,
        -0.4816121244503021,
        2.404288332317061,
        2.0524876702709327,
        2.011268108398627,
        0.8329490626359859,
        1.9643712226715844,
        -1.2621255163811134,
        0.08707876438496424,
        1.0695151846115143,
        2.3051681819091017,
        0.5252106278457812,
        2.1687827510659106,
        -1.7411900647173115,
        0.28618123891116615,
        3.174546623669058,
        0.19227795936489633,
        -0.4823431362573478,
        -0.8214161244802355,
        -0.09246144469437434,
        -1.1401735786235065,
        0.7099771045909471,
        -0.5665052112313606,
        0.12632098686576185,
        -0.38736274056993714,
        -0.14456827863609542,
        0.3882651471221269,
        -0.48696285933493266,
        -0.6645664089791458,
        0.2511677560289042,
        1.1551926123422889,
        -0.13245763611418995,
        -0.7421187023917364,
        0.7311180941790539,
        -0.0737726191390663,
        0.03220215164738498,
        1.4828568333496193,
        -0.6328850558893502,
        2.1220144221742516,
        -1.8696654543984266,
        -1.0155044114777605,
        -0.9441895301559772,
        1.7144941884134233,
        0.504792293169254,
        -0.28696449937844104,
        -1.372462541497732,
        1.3676490566462065,
        1.2076363570338133,
        -0.7126685313008018,
        -1.3882024960656116,
        0.5447600351555915,
        0.031890353051667125,
        0.7468912770597156,
        -1.8087984709522282,
        1.036291249651051,
        0.22583233824457957,
        -0.5872232553640446,
        0.549973399081445,
        -1.0250406718321952,
        -0.6032049413434166,
        0.4096576208607301,
        -0.11022140890131543,
        -1.0392183338556265,
        -0.5006833820358081,
        0.5149276254209555,
        0.8456984626979378,
        2.3221276229950183,
        0.860390882351582,
        -0.061569387155887674,
        -0.014824816101349062,
        2.8680621428996522,
        -0.11531856562121062,
        -0.4523802926374948,
        -0.5573176862199588,
        0.18185772049926954,
        0.9084956637930874,
        -1.5870265297228834,
        -0.11012981531143713,
        -0.9887155802274293,
        0.396281088252801,
        -0.7184351707407882,
        0.17230345888458293,
        -0.8718286220403497,
        -0.913375569662108,
        0.4081828794710993,
        1.8179417140178922,
        -0.7415082336716265,
        0.9799641258396528,
        -2.447107171526821,
        0.03127524687599545,
        -0.42753196618850176,
        0.23961260960762476,
        1.079254242444386,
        1.011273409264723,
        -0.8422321217567529,
        0.43948306957043537,
        -0.2781219176096015,
        -0.7761404033424246,
        0.26173633450101713,
        0.9783940364262623,
        -0.05363534846772501,
        -1.170702922774795,
        -0.7309490102414223,
        -0.27135680105224047,
        -0.30911866530764986,
        0.2039927886821673,
        0.20243331044378576,
        -0.05790558265962247,
        0.7743448834705274,
        0.8433674054238285,
        0.06435029268421019,
        1.2934209507606567,
        3.907193314362234,
        0.7262499176959782,
        -0.846548324544822,
        0.02185989806660507,
        -0.44905270614910914,
        -1.0142143930772165,
        0.9969332358344669,
        -0.4314437299315769,
        0.0656196766630481,
        0.3922352582978185,
        0.7440365944332368,
        0.4835585212942151,
        2.7299783117912892,
        -0.19454727381873688,
        -1.1020276161479823,
        1.2802878498031434,
        2.012777438147641,
        -1.0438015309043194,
        0.79586085868441,
        -0.5582992829546151,
        -1.0207705528535145,
        1.4769827978030154,
        -1.5595335199871025,
        0.9115779836365461,
        0.53261228722664,
        -0.2972136357041421,
        1.4316125893091793,
        1.0676774706187668,
        0.3252660970957316,
        1.8226121678133684,
        0.6744043974620763,
        -0.21411373047876348,
        1.1875679033764288,
        1.8131872785008596,
        -0.23647195750984623,
        -1.0134663723731292,
        1.825368889222824,
        1.1344621160218757,
        -0.20458434597387493,
        0.0815107283521062,
        -0.13122153545931037,
        0.4033363984652599,
        0.04154172244571658,
        0.4382204326546161,
        0.5103930899171126,
        -0.25548375253797195,
        0.3992732742991558,
        1.0376483508812435,
        -0.30773916950127383,
        0.18979249057998054,
        -0.6922501707993184,
        -1.1255497725355117,
        -0.9979971111831878,
        0.3876519675251847,
        -1.4294826367582156,
        -0.30392597162389606,
        0.4511446918328008,
        0.6995336927466531,
        0.9289123264231834,
        0.8785843262978137,
        0.9617132700597595,
        0.851571661219388,
        -0.16369968269396443,
        -0.03342560528903274,
        1.2312920562744705,
        0.8138884195303706,
        0.08509244963828494,
        -0.3549135484681247,
        -0.6909593543437075,
        -0.552657469657432,
        1.1170190319094269,
        0.42538830693695145,
        -0.6408933511091784,
        -0.4522450589820171,
        -1.6304744921338978,
        -0.6052674785467375,
        0.0074535416743247845,
        -1.0420222272064708,
        1.2558377694934286,
        -0.6693879871915834,
        -1.5545449436839913,
        -1.0071710110004193,
        -0.2829699460515318,
        0.6371055039255101,
        -1.4466777651646316,
        -0.17611883975439047,
        0.7948297930086552,
        0.8141587363603129,
        -0.13867653154300524,
        0.80883261101107,
        -1.0956059624104484,
        -1.318664424974492,
        0.009874934034046948,
        1.3726842419380552,
        -1.180499655358608,
        0.6675891832577583,
        -1.5893951681236962,
        1.744060027999261,
        1.6111058384187154,
        0.3580312242082203,
        -2.1270149545164014,
        0.20522081785829976,
        -1.5426926844871893,
        -0.43529024537503846,
        1.001576982045297,
        -1.3455144552145375,
        1.6594290868503367,
        1.5905332534514651,
        -0.1415766948247203,
        0.7119612506757321,
        -0.44249624186847286,
        0.7162042177044775,
        1.0491153516731968,
        0.08370754207971545,
        -0.8083496571124006,
        0.8179931380731957,
        0.15018490677829,
        0.7924143606874889,
        0.4279214020448492,
        1.6855088224704171,
        1.39143036393894,
        -1.3606818067351194,
        1.131028787391228,
        1.4620656613633047,
        1.452421282586012,
        1.1753555236055186,
        -0.6143974111070739,
