{
    "idx": 701801,
    "fights": [
        {
            "enemy": 5,
            "fitness": 89.1252886203982,
            "player_life": 47.2000000000003,
            "enemy_life": 0,
            "time": 269
        },
        {
            "enemy": 6,
            "fitness": 30.852505523186547,
            "player_life": 0,
            "enemy_life": 60.0,
            "time": 172
        },
        {
            "enemy": 7,
            "fitness": 89.35946500072774,
            "player_life": 47.8000000000003,
            "enemy_life": 0,
            "time": 226
        },
        {
            "enemy": 8,
            "fitness": 86.33574420258549,
            "player_life": 22.600000000000243,
            "enemy_life": 0,
            "time": 374
        }
    ],
    "weights": [
        1.239241133688998,
        0.6428564402833992,
        0.8111972401923534,
        -1.2401182383173401,
        -1.3959207616105767,
        2.80342907692581,
        -1.6059038409947357,
        1.1573618182254124,
        -0.7578960971268266,
        1.3124422765039163,
        -0.3510805099209279,
        -0.8857691512845031,
        -0.7291793613762553,
        -0.41030185726210056,
        -0.7379226786063853,
        2.4378316449684925,
        -0.8343716931659123,
        0.5504094117170293,
        0.5263615035928375,
        2.1939097794038163,
        -1.2996028985498609,
        0.8453436202877653,
        1.7372934353096974,
        0.961824002650612,
        0.4728032390608233,
        1.7801735498808646,
        -1.4182290230023487,
        -0.06512498283447962,
        0.16638735189768145,
        0.4685755292137413,
        -0.9091596047454951,
        -0.6676758560144537,
        -0.5841717804914167,
        -0.6714472762473234,
        0.8530248002759995,
        -0.9113225463859469,
        0.28327327739061847,
        -1.136494811200914,
        0.33799956494464345,
        0.7570118850072006,
        -0.4972705725581861,
        -1.0048111691857702,
        0.43832350847472157,
        0.9126969349088631,
        -2.176796086195582,
        -1.4079321349793412,
        1.4855080196705985,
        0.04069897657777681,
        0.3595349428958002,
        1.154322458587491,
        -0.8010455380266466,
        1.603149610795675,
        -1.5952186287845107,
        -0.7356086937813757,
        -0.25872356395541957,
        1.8711886298715006,
        0.22997992814556134,
        -0.6064571791901919,
        -1.7098782297055486,
        1.490796218812485,
        -0.5677671346185683,
        -1.4972148432393335,
        -1.1382711605810656,
        0.8582271970822016,
        0.9843718194735055,
        1.6260054091947798,
        -0.21589577586993078,
        2.019207983420005,
        0.4796035785061811,
        -0.15872981838205993,
        0.6385248339158334,
        0.16738567890677722,
        -0.5263635445721518,
        -0.27526001370444336,
        -0.375600351587258,
        -2.070562969706066,
        -0.44664854263627884,
        -0.9259798651156267,
        1.2271670886818447,
        -0.16225853173934682,
        -0.17500069168178095,
        0.2742655128768032,
        0.2693881439878891,
        2.2944217476216435,
        -0.2342111623197158,
        -1.1194652776559235,
        -1.147338347217657,
        1.0245538855429341,
        1.5850673912476894,
        -0.5370428830312945,
        -0.3351906351142754,
        -0.2764609783664332,
        0.029032268210721496,
        -0.027948001782317752,
        1.1527322321133637,
        -0.9217049817068415,
        -0.7458218591001499,
        -0.06082356662255853,
        1.5162961522121448,
        -0.735888066700398,
        1.3743173906252868,
        -1.5139282963231682,
        0.8572360629909679,
        -0.8131176720184419,
        0.2999564768386028,
        0.7709570530913972,
        0.3012196519769631,
        -2.252622311724333,
        0.6136744475133797,
        -0.8001470035721675,
        -1.1580554482959082,
        0.16225352435816742,
        0.890274295109965,
        0.2136437401080893,
        -0.9660045954392126,
        -0.6102882136119371,
        -0.14095643548170028,
        -0.4575260945588173,
        0.7080835221980187,
        0.12579523314627658,
        -0.04884709869472618,
        0.36658063240624955,
        0.9876634667245522,
        -1.4162944900982914,
        1.0303764328803995,
        2.4361039550696497,
        0.6586318489600329,
        -0.10723854053565826,
        0.2252134623040715,
        -0.17887924534091795,
        -0.24876263523427894,
        0.3114471248935462,
        0.03723039171615751,
        0.6546865178482107,
        0.7679352952682486,
        1.134329776035358,
        0.6342522320358479,
        1.3912680856524706,
        0.04238047421676089,
        -0.6191382771815496,
        0.9184187248383243,
        0.8666280749201265,
        -0.6815419750052555,
        -0.21730113388364952,
        0.1037878773542447,
        -1.1663797955665407,
        1.679024720764596,
        -0.8777796769095842,
        0.8183608192087669,
        -0.5424913720706025,
        -0.04795946499774279,
        1.2721124858702086,
        1.0710017904177942,
        0.16471007699457324,
        0.9784931866337054,
        0.7440924703950446,
        0.030007750253636105,
        0.37990005275425026,
        0.7021616340988137,
        -0.41974537677665225,
        -1.9041507640134223,
        -0.0719415329472597,
        -0.4312401340932326,
        -1.3251717518180908,
        0.5257172022794869,
        0.48454809444007463,
        0.34848794971681984,
        0.6232926500928996,
        1.0465130880407425,
        1.0755923776093357,
        -0.3536325739930305,
        1.0237275237683974,
        0.6281352524810314,
        1.116500387035876,
        0.5656300413373381,
        0.6772212994759087,
        -0.5419603986261299,
        -0.9670719102393862,
        0.5215460383735167,
        0.46127262596674407,
        -0.27736376791268474,
        -1.0523050466454669,
        -0.5226682322740075,
        0.3223616395850094,
        -0.08588297825388094,
        1.1393681766004888,
        0.7042224291816199,
        -0.7765397398416494,
        0.2273353020228208,
        0.7719153461536663,
        0.7252200558521875,
        -0.052046912786442495,
        -0.32698432815138956,
        -0.26665078355172567,
        -0.06696744832577459,
        0.919839148513873,
        0.22188679674292858,
        -0.31801802907095744,
        -0.15314066838320595,
        -1.3513718696257147,
        -0.8185320489086005,
        -0.3444771071231386,
        -1.2220403879753625,
        1.5144705733254138,
        -0.5397509983853849,
        -1.1783032076778515,
        -0.6745629248162315,
        1.1458748910342214,
        1.2055492843216404,
        -1.945568365543859,
        0.06416753079341364,
        0.4675017415587585,
        0.7523675150226127,
        0.3425139662890807,
        0.931722736206072,
        -0.5389708409334633,
        -2.9382419385265854,
        0.3405051305395703,
        0.6754092404639314,
        0.17681796740979544,
        1.3038722056630607,
        -0.9589397711554867,
        1.7573556878275156,
        0.4549759994319669,
        -0.11726068630214097,
        -1.3155148770825476,
        0.6224286124956566,
        -1.021847342320273,
        0.0388897399698713,
        2.4698693560221363,
        -1.1937592700266313,
        1.2440013680498974,
        1.6148684763311059,
        0.046119879575939285,
        0.25497825363065685,
        -0.2878464381848941,
        1.2639703667945381,
        0.9750539348844862,
        0.4344951998041704,
        -0.5726686509877084,
        0.5093041941298342,
        -0.24481446843305524,
        0.25616476019668416,
        0.9777228165969593,
        0.6793506999817471,
        1.3299188989610364,
        -0.6620434790584256,
        0.36407280451098445,
        1.481462168483495,
        2.18500397179173,
        0.9467214337978522,
        -1.16699097490578,
