{
    "idx": 701807,
    "fights": [
        {
            "enemy": 5,
            "fitness": 74.8220558859494,
            "player_life": 0,
            "enemy_life": 10.0,
            "time": 482
        },
        {
            "enemy": 6,
            "fitness": 85.37165549623893,
            "player_life": 9.400000000000231,
            "enemy_life": 0,
            "time": 262
        },
        {
            "enemy": 7,
            "fitness": 85.65288973525115,
            "player_life": 13.600000000000229,
            "enemy_life": 0,
            "time": 301
        },
        {
            "enemy": 8,
            "fitness": 88.86324619773175,
            "player_life": 45.4000000000003,
            "enemy_life": 0,
            "time": 292
        }
    ],
    "weights": [
        0.9102675275183463,
        0.559625316349553,
        0.8073123342184563,
        -1.235667343449226,
        -1.2495762097720011,
        1.1183068441905006,
        -1.747769644619952,
        1.8187343903845792,
        -0.8387564145175729,
        0.8178204860194551,
        -0.14150039265184144,
        -0.7597871755686492,
        -1.0668555101503676,
        -0.425742873507732,
        -0.6815442287563209,
        2.570016307630369,
        0.3250879878542944,
        0.4874087176306354,
        0.32949536140840985,
        2.1776884064200615,
        -0.9709147631344145,
        0.8419426356075498,
        1.6600936784496765,
        0.780905553311793,
        0.28612829840686554,
        1.6851755800351798,
        -1.387781524359957,
        0.29570553250549947,
        0.7835456056569255,
        0.11452982623831678,
        -0.34399710606105377,
        -0.6661281442972032,
        -0.5826287598227913,
        -0.5901735444783681,
        0.8581947223036378,
        -0.6589818016120406,
        0.15574734998033063,
        -0.9163960309685595,
        0.20730160784336188,
        0.5775976516762227,
        -0.5843467640853781,
        -1.7370622167945569,
        0.6493987167026165,
        0.8215867093150935,
        -0.19821945508801012,
        -0.46676917269563817,
        1.5305114798425556,
        -0.13628330104782968,
        0.4765027091372352,
        1.2667253459275838,
        -0.7523593269930258,
        1.4760756385135594,
        -2.0691834082075644,
        -0.6505307070557681,
        -0.17832144096694447,
        1.9342460944949198,
        0.27944312984216235,
        0.5437824549674146,
        -1.6577319300573987,
        0.7307045259488721,
        -0.45809599767324505,
        -1.5997947300540862,
        -0.9637696858055764,
        0.7792598914382236,
        0.5778113588075998,
        -0.2859795091145809,
        -0.017527442400204096,
        1.9239264562891571,
        0.9748643378995261,
        -0.047777217196144854,
        -0.00941547352538108,
        -0.07571870334966083,
        -0.4286230803801791,
        -0.1135879177673342,
        -0.2681537319756982,
        -1.8028945174700535,
        -0.5064840326682319,
        -0.5508205135015132,
        1.142571608261624,
        -0.07456199929809165,
        -0.24252576447273078,
        0.10816393627658041,
        0.4298127318954708,
        2.419593795602573,
        0.17170406929929788,
        -1.3924776195778619,
        -1.0563922626935014,
        1.2930393301721108,
        0.3112292782043315,
        -0.25049106778597485,
        -0.27333907008628544,
        -0.47039709529888724,
        -0.19486861127572372,
        -0.8627416738169762,
        1.107376999000239,
        -0.8143906519846273,
        -0.8112248104484623,
        -0.06394466440683164,
        1.4874336429337178,
        -0.5097222903788744,
        1.2724941756809856,
        -1.488464262135628,
        0.44221889441186985,
        -0.7333854957928276,
        -0.2044515983658117,
        0.7616979533046143,
        0.31478543563105676,
        -2.4660635379990596,
        1.0207437281048877,
        -0.6321054237481768,
        -1.2930598382708405,
        0.16267392831646046,
        1.0030848161734953,
        0.2612972784152191,
        -1.5149900641739358,
        -0.6563157783301865,
        -0.3974349566951408,
        -0.42245554792867945,
        0.5572307778865541,
        0.5317968843109139,
        0.06938075574823546,
        -0.18964142474099738,
        0.8050811314545895,
        -0.7415198949463973,
        1.017835830050199,
        2.3241129458946035,
        0.3308364288161966,
        -1.5358753159935827,
        0.679181762321376,
        -0.23533375313785737,
        -0.3649552388454356,
        0.3772264762597437,
        -0.6140471569013617,
        0.1309710423524632,
        0.35126298118655486,
        0.9726343732399151,
        0.21255640182299057,
        1.3833796076699891,
        0.7551274143691387,
        -0.6939782948272208,
        0.9694810493130327,
        0.8236898343460419,
        -0.6553109682642411,
        -0.26430730677064507,
        -0.09112853937504503,
        -0.5497793317580746,
        1.6455688181175672,
        -0.8689155032950502,
        1.1605406633972737,
        -0.5653529098752894,
        -0.09218575463098583,
        1.1892750811894546,
        1.2493098222814092,
        0.34291714687784747,
        0.7257393085931391,
        0.6947550386842234,
        -0.13604578625694652,
        0.5363462226662706,
        1.3213657917505448,
        -0.763564186195893,
        -1.7252917857126224,
        -0.15327272451284502,
        -0.5134512186464002,
        -1.4331133866906547,
        -0.09465865810179123,
        0.4615360976594865,
        0.21554182772608882,
        0.5034553046988539,
        0.9016388836224608,
        1.195534137077417,
        -0.4892057580752877,
        1.0202123047913656,
        0.40911292263332205,
        1.5408269795559681,
        0.5317842005231042,
        0.4782596664966935,
        -0.2006376077261932,
        -1.1312720422588876,
        0.5078066440663453,
        0.0366295745395413,
        -0.35523094705752556,
        -1.0210831929671504,
        -0.5859045946907611,
        0.5621741534217014,
        0.34315680222819656,
        0.37798002192132923,
        0.5602339738696542,
        -0.3762792415116461,
        0.13839668282838316,
        0.5279607060117,
        0.6705178010705684,
        -0.22094969332973907,
        -0.3431894928783119,
        -0.19887005211913616,
        -0.1679994099249182,
        1.3241173108865603,
        0.2823874978220863,
        -0.3018922587069088,
        -0.19529538035770028,
        -1.0141253499252865,
        -1.05488637067213,
        -0.5359357367282551,
        -0.31465821603106203,
        1.7462084862533533,
        -0.12411292195127044,
        -1.4675931984641346,
        -1.1182831038591436,
        1.1575214726117717,
        0.8027987201100694,
        -1.9623453348810447,
        -0.07511327998970005,
        0.488202727828426,
        0.5453179929829814,
        0.2900622014157116,
        0.9274194643379194,
        -1.556389756455044,
        -2.6970432914014673,
        0.4057448753225251,
        0.46592209576402355,
        0.15010379981136587,
        1.153067112325417,
        -0.8487908797290039,
        1.565945153708709,
        0.2852934785170493,
        -0.09485298190592034,
        -1.367940067854728,
        0.4803598789224852,
        -0.8731539013824705,
        -0.4289669281979582,
        1.6219460574594318,
        -0.5326519095592155,
        0.8111458616102543,
        1.646896743255432,
        -0.06573367926871523,
        0.19896036943782625,
        -0.612857107401716,
        0.7888452032451452,
        1.0671340664786975,
        0.5235983508096975,
        -0.7578204109303658,
        1.0135266365978504,
        0.19157451848895335,
        0.005375506117661966,
        0.4314373471895466,
        0.8428127127330589,
        0.8037298438260378,
        -0.755206889821361,
        0.20917809500337092,
        1.506924102080518,
        1.7948925558414293,
        1.047783412403916,
