{
    "idx": 714411,
    "fights": [
        {
            "enemy": 5,
            "fitness": 85.53777673454486,
            "player_life": 17.80000000000023,
            "enemy_life": 0,
            "time": 514
        },
        {
            "enemy": 6,
            "fitness": 66.34051778424038,
            "player_life": 0,
            "enemy_life": 20.0,
            "time": 287
        },
        {
            "enemy": 7,
            "fitness": 90.38814186652397,
            "player_life": 57.400000000000325,
            "enemy_life": 0,
            "time": 211
        },
        {
            "enemy": 8,
            "fitness": 87.41788162462296,
            "player_life": 32.200000000000266,
            "enemy_life": 0,
            "time": 331
        }
    ],
    "weights": [
        1.1071836460360482,
        0.5730340883086483,
        1.1469033289741974,
        -1.3423435031129503,
        -1.1692578459625365,
        0.40240061969896307,
        -1.179952326947904,
        1.6812130400997207,
        -0.8209807118734973,
        1.3198807768144873,
        -0.2161941558151949,
        -1.04687078601185,
        -0.6232737757065917,
        -0.7729944210280884,
        -0.5826433295714392,
        2.960058047488731,
        2.1072461140869336,
        1.7707236669868809,
        0.7648655617842508,
        2.119207550684201,
        -1.0697127896295768,
        0.16173121168179697,
        0.9125242204331612,
        2.6023473948702915,
        0.49386425414317225,
        2.343933496317423,
        -1.8628010245622582,
        0.23549236131143403,
        3.082898929271724,
        0.17253585246318978,
        -0.44102071873624127,
        -0.400042085393014,
        -0.07320090521361339,
        -1.0431472767620869,
        0.8041270691680674,
        0.18303993958770062,
        0.6050963222553731,
        0.2728698753404868,
        -0.9418500906438567,
        0.5731171849148142,
        -0.6059457528404587,
        -0.476232543381796,
        0.3502604746437853,
        1.5222454631695188,
        -0.2807208098149399,
        -0.7250457778430622,
        0.6628878623621648,
        -0.07394608603857693,
        0.20173298636303205,
        1.2810086702660801,
        -0.3592382869791556,
        1.9827957834163839,
        -0.9173639913664011,
        -1.0324546432932278,
        -0.7990366969761273,
        1.823993388638514,
        0.5451651048708779,
        -0.3710087904219609,
        -1.779436725645054,
        1.1779562813945241,
        1.0674624803357649,
        -0.2819237337912532,
        -1.0894402527016431,
        0.2262047751076573,
        -0.16162811090797968,
        0.8074680004019119,
        -1.2023047233630464,
        0.5848772820747469,
        0.4709332090857881,
        -0.6019470939911127,
        0.17319559513225194,
        -1.3294033984811344,
        -0.4851252916495003,
        0.37617650008615305,
        0.3768990850712232,
        -1.3177304231111766,
        -0.23953116658045498,
        0.1917020750929917,
        0.9052343716127011,
        2.9605374907150264,
        0.5736071860548525,
        -0.1870922943856076,
        -0.060661826310871754,
        3.0404465202405273,
        -0.05481491393407334,
        0.1216332404288478,
        0.29453838969520263,
        0.19073961666814948,
        0.9028866572877248,
        -1.5307383344249839,
        0.16135188369092962,
        -2.162800694622045,
        0.2591005772781715,
        -1.1359383372478127,
        0.9389505551142616,
        -0.8576667547516257,
        -1.5524320400885232,
        0.5120268955655214,
        2.0265730938930577,
        -0.41270487774422393,
        0.9863177447300371,
        -1.8960809331073294,
        0.09412516767725242,
        -0.36384870300921623,
        0.3145068043734425,
        1.1138788348710338,
        0.6515162229459129,
        -1.3600551025659644,
        0.9269139046138705,
        -0.47530196126473934,
        -1.360532258505971,
        -1.4803332823620616,
        1.3063462908588317,
        0.14867565211244158,
        -1.3941195739566994,
        -0.815038657277018,
        -0.19640434764993586,
        -0.25941380797638647,
        0.1866505690822132,
        -0.4358397038669703,
        -0.025577173949799754,
        0.5138435389852369,
        0.8376436552070866,
        -0.19923445189156572,
        1.5627054646156056,
        3.536575122005581,
        1.0952389622339425,
        -0.6624047635976256,
        -0.32620225588382806,
        -0.4512232702412986,
        -0.26107406985577986,
        1.4982311046196688,
        -0.37329342896938267,
        0.32123655114797195,
        -0.07088275278474415,
        0.690011316051711,
        0.7151709048825922,
        2.401527679548965,
        0.27145481936089194,
        -0.533317750503444,
        0.9170413350185418,
        1.385297770762365,
        -0.927134539104538,
        0.6622039286431931,
        -0.26283342287718786,
        -0.9962797451460551,
        1.1042592214737101,
        -1.4306521331562332,
        1.0243738953726285,
        0.9450883412451808,
        0.42499609465926724,
        1.7489325375389755,
        1.338749766516429,
        0.1569964065913808,
        2.3889498222392382,
        1.1059788493804825,
        -0.2543178605783623,
        1.3320225104997283,
        1.5915097835491105,
        -0.49902306197351454,
        -0.9343757601655845,
        0.4353348976668967,
        1.058789808033802,
        -0.15176390770145598,
        -0.6319771628193188,
        -0.9655411320362614,
        0.3200439674524884,
        0.7975069692621869,
        1.4215483283100794,
        1.278780703136659,
        -1.178352041400099,
        0.5016876221509585,
        0.7518401342014454,
        -0.07031777306180323,
        0.375000539288811,
        -1.2313944626991125,
        -0.9555685390451821,
        -0.7588148457318334,
        0.40393727792572054,
        -1.2486320375742883,
        0.16102041015028973,
        1.5446940369538105,
        0.5980621555479074,
        0.22017246160391926,
        -0.02966663057756841,
        0.8751531970729044,
        1.4046211005885294,
        -0.25222355690098597,
        0.730470477855956,
        1.377934046332944,
        -0.7739748121930405,
        0.08732145542174555,
        -0.45843830087310955,
        -0.7247279956577111,
        -0.25924031157539,
        0.987161514604768,
        0.6084431117215026,
        -0.1520432967789267,
        -0.8143980921826119,
        -1.7182462013730186,
        -0.5325004109533226,
        -0.0322768278997729,
        -0.26283715591592616,
        1.3165688707326315,
        -0.5761176245682945,
        -1.3446703290323745,
        -1.7397167094914139,
        -0.46424110184381484,
        0.435322020829649,
        -1.6414879889765626,
        0.008590955161392147,
        1.0979043694671047,
        0.8308911644935988,
        -0.30543650180368154,
        0.8507331215134948,
        -1.1883462754442309,
        -1.2870939001415713,
        -0.3223033219691303,
        1.0361591714227905,
        -0.8259941865408313,
        0.35246911083848714,
        -1.220472469352513,
        1.274510181432882,
        1.1309010783082116,
        0.2797745375976121,
        -2.119220336624091,
        0.011075361899312797,
        -1.5171703184306193,
        -0.603438585889503,
        1.0571429398193173,
        -1.3681611351844942,
        1.3564542454436794,
        1.8581171583895317,
        -0.21474729531434705,
        0.5825228729552606,
        -0.5558458280594839,
        0.5378081535127912,
        1.5480695359736787,
        0.0673337929428916,
        -1.0209325482628273,
        0.9251731757063935,
        0.08769775258120727,
        0.7118300318084118,
        0.23691331414693245,
        0.8942695408946705,
        1.030734637237676,
        -1.1965053963452172,
        0.6799186179991333,
        1.858658886957312,
        1.4111306516249404,
        1.134647577278915,
        -0.6261809522201464,
