{
    "idx": 703967,
    "fights": [
        {
            "enemy": 5,
            "fitness": 84.32464199847769,
            "player_life": 6.400000000000233,
            "enemy_life": 0,
            "time": 553
        },
        {
            "enemy": 6,
            "fitness": 57.5489615464343,
            "player_life": 0,
            "enemy_life": 30.0,
            "time": 233
        },
        {
            "enemy": 7,
            "fitness": 90.80814186652397,
            "player_life": 61.600000000000335,
            "enemy_life": 0,
            "time": 211
        },
        {
            "enemy": 8,
            "fitness": 86.99788162462296,
            "player_life": 28.000000000000256,
            "enemy_life": 0,
            "time": 331
        }
    ],
    "weights": [
        0.2824547203837481,
        1.3155996700482155,
        1.4733412367584875,
        -1.0029773836743399,
        -0.9093124437954755,
        0.033796661323716636,
        -1.4207718942657603,
        1.207318920411787,
        -0.3690083220198399,
        1.348573651966487,
        0.17528047937528468,
        1.6525370496704097,
        -0.9686790991561752,
        -0.21785422821954303,
        -0.7581403807813919,
        2.461392094926197,
        1.8431850669933767,
        0.6386340969567198,
        -0.05067216420841453,
        2.464883748621311,
        -1.8948525410042076,
        0.3339784418565186,
        1.6343726416515707,
        2.1897532802094313,
        1.0943351388090299,
        2.091150215803361,
        -1.8605832927183203,
        0.48076523345815814,
        1.2257756713735528,
        0.9424448205598919,
        -0.7863178371194874,
        -0.3466565377898741,
        -0.5728568244284739,
        -0.7354827543258482,
        -0.4084829861236475,
        0.11822995037791635,
        0.09683910816342281,
        -1.22906592283023,
        0.00020755263153732217,
        0.12879646726612534,
        -0.2369719593634732,
        -0.660003002063038,
        0.4797196618886721,
        0.840581285001161,
        0.8823707742140895,
        -0.8216646206760155,
        1.1558081723225044,
        -0.40120703655544226,
        1.5443999302612574,
        1.1253060629346383,
        -1.2043871234290833,
        1.9769602745189667,
        -1.7691667461125833,
        -1.2612430353470498,
        -0.8619703216684993,
        0.99836697476901,
        0.7118220856840002,
        0.6182668525154337,
        -2.000097987024346,
        0.9341909260422858,
        1.0172855986225975,
        -1.0451301603663516,
        -0.23658628477569768,
        0.4617309746119495,
        0.5087468291847047,
        0.31560995479192394,
        -1.0866592773189387,
        1.4479447359238717,
        -0.4624857384097256,
        0.6339682427892142,
        0.8394211508319992,
        -0.7443881268453731,
        0.07410601371686676,
        -0.15836703989013118,
        -0.26805693487644033,
        -1.401857672252462,
        -0.40829699375611944,
        -0.37628648160208217,
        0.8026578883572101,
        0.18712520285656917,
        0.8946223030219944,
        -0.09634832848729133,
        0.8361477336839965,
        2.3488994414181366,
        -0.11706784033234571,
        -0.5431320592099811,
        -0.483531835184504,
        0.8467250048462642,
        0.36097269210502003,
        -1.8692644323462844,
        -0.5338983775527772,
        -0.36201657386150965,
        -0.09493341312939943,
        -0.6946793538000761,
        0.523525230753804,
        -0.3783384528019019,
        -0.8763608340691225,
        0.4438576637046072,
        2.2498781218218378,
        -1.0649378805109575,
        0.7217300713144003,
        -1.7057637946848978,
        0.4137902188208092,
        -0.7534348982944391,
        0.30203348211187153,
        0.668018962886649,
        0.17494327781610514,
        -1.3148181037095097,
        1.6211439910122833,
        -0.8487051257987468,
        -0.28345532107861116,
        -1.0492172600308756,
        1.0672944575166021,
        0.30771535400206973,
        -0.7706243829907715,
        0.7288028402143887,
        0.17017826115738985,
        -0.8858049966647382,
        -0.03285207751024477,
        0.25913916751656163,
        0.5143183350537798,
        0.3495064223200728,
        0.20228989956993218,
        -2.217925862637846,
        1.8658686023458702,
        1.8091980856081886,
        0.28112176983508097,
        -0.9817369479021983,
        -0.312298765107469,
        0.29723112225816073,
        -1.7101594819021968,
        1.0760676307705161,
        -0.1351912986345034,
        0.3397801744680275,
        0.21815803311607707,
        0.7680639464180886,
        0.3532047950631702,
        2.0636924299891306,
        0.628170414663674,
        -0.8456453817871173,
        1.2765683665849514,
        1.474419717082401,
        -1.02465788738095,
        -0.04488565388950737,
        0.6041726103536889,
        -0.8710832775547119,
        1.2892377188811037,
        -1.6756703409381504,
        1.5968239176494463,
        0.3340735821172248,
        -0.4323848088440131,
        1.564529260162064,
        1.6605156388519207,
        0.24272104301827596,
        1.26263703917425,
        1.1512241626058977,
        -0.07373084215974496,
        1.9975527940929427,
        0.5824120585259159,
        -0.33926114636951143,
        -0.8498886703888902,
        1.2872826234864545,
        0.030935786229376136,
        -0.4518465776450715,
        1.085892099350661,
        0.19464600751163388,
        -0.0485182972324905,
        0.9149093064952246,
        0.4029382267858913,
        1.1217777262868087,
        -1.8379808266248785,
        0.9408443570326737,
        0.6347512033308581,
        0.8295118462278823,
        0.6309509030359794,
        -0.7637891378186661,
        -0.7312918231359833,
        -0.6254044293757183,
        0.6427383218388331,
        -1.291641449778588,
        -0.2113093140065044,
        0.16666516629943295,
        -0.4908700014853491,
        0.11374873666056512,
        0.3131763618865092,
        0.8327340706314661,
        0.6728273683463059,
        -0.5992113076805654,
        -0.11496214159627743,
        0.9321332918575073,
        0.34580666487810885,
        0.16361514791516818,
        -0.03317485643697021,
        -0.1737410362378359,
        -0.38089271594809604,
        1.1531416166357937,
        -0.15229217514703722,
        0.42797275072335145,
        -0.2441622002676726,
        -2.053576550860579,
        -0.5023721127684746,
        -0.08153204246724015,
        -0.7573218280433016,
        2.1258062604030745,
        -0.7119480688113602,
        -1.314763510853319,
        -1.3247951081275793,
        0.3060162414526111,
        0.8470425765483397,
        -1.8770870497034047,
        -0.2930694298984815,
        0.7367728763109347,
        0.755268866389289,
        -0.1594525908200008,
        1.6909824531390938,
        -0.924796103964376,
        -1.3686247739412747,
        0.10822234045895235,
        0.8915182958142532,
        -0.6902589986338576,
        1.4184053513648798,
        -1.4054652689712603,
        0.7956847419657733,
        0.07610657441201066,
        0.9196744438634449,
        -1.202305728934476,
        0.5569745215851409,
        -1.3741321253026269,
        -0.45335214283248776,
        1.5977552957048633,
        -1.7912670269885709,
        1.8216856855979628,
        1.1168050948999677,
        -0.04340522665048705,
        0.27685091497550773,
        -0.37933038327004265,
        0.39025257431863236,
        1.1067884454182106,
        0.35114870792357916,
        -0.591511136701631,
        0.5494452795870403,
        0.041984758377300764,
        -0.7036108643369474,
        1.017087270935844,
        0.6418129000202512,
        0.43318666983694054,
        -1.2478846865647566,
        1.26465288769518,
        0.7747053491500551,
        0.9722530549146199,
        0.4933007364118849,
        -0.7942258011182642,
