{
    "idx": 703773,
    "fights": [
        {
            "enemy": 5,
            "fitness": 88.25466846406768,
            "player_life": 37.60000000000028,
            "enemy_life": 0,
            "time": 246
        },
        {
            "enemy": 6,
            "fitness": 30.686794020958214,
            "player_life": 0,
            "enemy_life": 60.0,
            "time": 203
        },
        {
            "enemy": 7,
            "fitness": 90.861682633452,
            "player_life": 61.600000000000335,
            "enemy_life": 0,
            "time": 200
        },
        {
            "enemy": 8,
            "fitness": 88.81968822339262,
            "player_life": 45.4000000000003,
            "enemy_life": 0,
            "time": 305
        }
    ],
    "weights": [
        2.3561115377029,
        -0.49089879488873933,
        1.7687482824665066,
        -0.7342092919746246,
        -0.8931028720359964,
        0.6374054746348241,
        -1.1084651717135565,
        1.3492239317846433,
        -0.9909276325186098,
        0.3365109215266964,
        -1.6877523078484706,
        0.6744784455806071,
        -2.3103997187477896,
        -1.2365080641371242,
        -0.4765264740772701,
        2.46886231580124,
        -1.042058310932211,
        2.0963717018059413,
        0.10549091462000076,
        0.24662844814280738,
        -1.1811379194070646,
        0.1723601939774318,
        1.33161037387979,
        0.7146623649360742,
        0.6216200191820201,
        1.3472398216268044,
        -0.4148797244250594,
        0.8002578656590204,
        0.20666096649223914,
        -1.125018541565346,
        -1.4535491556336773,
        -0.38544423835843256,
        -0.9617051253925364,
        -0.24301948756694772,
        0.4093991869588379,
        3.0059044796168473,
        1.6089700645421847,
        -0.9537688654685785,
        0.7615537098377682,
        -0.220236714289183,
        -0.887127047698922,
        -0.958462051256854,
        0.7545190094091525,
        -0.010726003001795686,
        -0.4981322971578496,
        -1.2480266001050404,
        0.3756544359372849,
        -1.0853206247034337,
        -0.03558059686652659,
        0.8527584088785577,
        -0.4365572505719405,
        1.8817246950514115,
        -1.0740542915370832,
        0.2729217991645257,
        -0.7473628747130578,
        2.68875261444247,
        0.890325590767358,
        0.25566932256534125,
        -1.6852350617589336,
        5.401136265114344,
        0.31630496246803197,
        -1.9616577445821453,
        -0.925446687443328,
        0.9438629850684259,
        0.6282448941337784,
        0.1903316718359081,
        -0.29446408576516436,
        1.0581755022312043,
        0.21170582356124806,
        0.07226533439838817,
        1.5330271679801546,
        -0.15051897179527993,
        -1.222372104391881,
        0.6159238063809156,
        -1.0773967867118286,
        0.0537287845909975,
        0.4553775297436202,
        -0.291399812459443,
        1.440873466726832,
        0.33966772079449287,
        1.2109660616477582,
        0.3159012600851012,
        0.9809281526101992,
        0.5092644252048062,
        0.2640227918516871,
        -1.5119776515624934,
        0.6406111836672901,
        0.9844205250535163,
        -0.07929254373145189,
        0.24319691451783904,
        -0.4612398600091714,
        -0.6180488168586731,
        0.3601845800807165,
        -0.10946932543953333,
        1.0539233680260962,
        -0.13528904433930586,
        -0.6229455213281925,
        0.008093192665511742,
        2.126443047384483,
        -0.6961733104521117,
        1.2946778779116763,
        -1.1500584336250643,
        -0.29363975973988427,
        -0.8624170808339333,
        -0.3744057943404568,
        0.33071122769974554,
        2.53382689785892,
        -1.7639060453822255,
        1.5640646980447692,
        0.4293132875213494,
        -1.1740344254213049,
        -0.4899700175907909,
        0.4866385314015925,
        -0.25361020567580256,
        -1.2802796543488055,
        0.1126514962940102,
        0.1485948337214803,
        -0.5024833945240045,
        0.33143352426215383,
        0.94950854176782,
        0.20217793491470804,
        0.7734803507431605,
        0.07263792549429388,
        -0.21485598310818374,
        1.1863101414350283,
        1.7110568466560203,
        1.5920625020476276,
        -1.735260703850615,
        2.026860245329029,
        -0.08790858262060396,
        0.26164194527402396,
        -0.08837179403189052,
        -1.4153854606744478,
        0.28199080604546084,
        -0.6574861211554361,
        0.7201094928597921,
        -0.00675979254494212,
        2.0158548504470777,
        0.571260266092318,
        0.3502398221628129,
        0.9605316826725753,
        0.7853499069484224,
        -0.6433878944981606,
        0.4239445535231749,
        -0.8532102580966071,
        -0.9577211872063267,
        0.2109943131672713,
        -1.7376627219940668,
        0.26069028103250325,
        -0.8689947539843292,
        -0.292095856330751,
        0.7855972693275496,
        1.196954294168821,
        0.235898297009447,
        0.6358094000741004,
        0.27451292292779916,
        0.9449064643007736,
        0.9991282185334791,
        0.9905662221230068,
        -0.7018397378752566,
        -1.1375855053491324,
        0.04757991464393639,
        0.5471470337471609,
        -0.4932308266342107,
        -0.6579124723978396,
        4.666358247363554,
        0.5056423582672297,
        0.43637275221945093,
        1.023879336149798,
        0.584887959854053,
        0.022196097591977854,
        0.38364452774300206,
        0.2704717941385609,
        2.7892485105265385,
        0.305800389153329,
        0.7621820112378606,
        0.0938042238639886,
        0.21843946431656874,
        0.43030043293746,
        -0.5680442805898549,
        -0.8679147478250961,
        -1.1142734066742908,
        -0.26215912442596345,
        1.12742245733191,
        0.06924175824747571,
        2.399167435116992,
        0.03905931650602494,
        0.657433782834975,
        -0.23348974719986787,
        1.5285840363004364,
        0.40734965175889626,
        -0.473079385555417,
        0.43303996350864904,
        -0.2187038354454969,
        -0.4858512617181607,
        0.9909799450965193,
        1.169277602868488,
        0.24215046350715147,
        -1.110927894230675,
        -1.0753169096848951,
        -1.1664519405118445,
        -0.18948068369629395,
        0.33617889175743226,
        0.6895870636318419,
        0.24870845678852432,
        -0.847285640332112,
        -1.4485287557960809,
        1.2213652028689377,
        0.8567573497466413,
        -1.8199077588743662,
        -0.21510733184648137,
        0.3195965538866718,
        0.6725090551623597,
        -0.5793836885737618,
        1.1154409632342592,
        -0.1999844070628004,
        0.1915407381009313,
        0.4104971281080488,
        1.1926712052089157,
        0.09369892950070181,
        0.8900953574408567,
        -1.2534260489547757,
        1.447434634939872,
        -0.26144655368924685,
        0.1892101912537961,
        -1.5915111416059569,
        0.337492826661279,
        0.18119753025784233,
        0.19582315760818703,
        0.61328743349094,
        -1.5508957687978997,
        1.0920934692762694,
        1.5421942845176375,
        0.4005874350160824,
        0.6024531596457225,
        -2.2963101792684193,
        1.6966432075492444,
        0.6898094800641044,
        0.22636642697566692,
        -0.4479514424840342,
        0.8582660706131058,
        -0.17578993745014015,
        0.279853675516175,
        0.6377733726770551,
        0.7639818403592227,
        -0.05009909424932152,
        -1.1108308813623924,
        0.22241850183659198,
        0.8592883562608602,
        2.3841114526788445,
        0.8345638095595406,
        0.435047300921626,
        -0.4155645572677806,
